// This file has been automatically generated
#![allow(dead_code)]

use gba::video::Video3Bitmap;

pub const SCREEN_NOISEBEAT: Video3Bitmap = Video3Bitmap::new_from_u16([
    0x1080, 0x1080, 0x1080, 0x1080, 0x1080, 0x1080, 0x1080, 0x1080, 0x1080, 0x1080, 0x1080, 0x1080,
    0x1080, 0x1080, 0x1080, 0x1080, 0x1080, 0x1080, 0x1080, 0x1080, 0x1080, 0x1080, 0x1080, 0x1080,
    0x1080, 0x1080, 0x1080, 0x1080, 0x1080, 0x1080, 0x1080, 0x1961, 0x1e20, 0x3262, 0x7ffd, 0x7ffd,
    0x7ffd, 0x7ffd, 0x3262, 0x1e20, 0x1961, 0x1961, 0x1961, 0x1080, 0x1080, 0x1080, 0x1080, 0x1080,
    0x1080, 0x1080, 0x1080, 0x28e1, 0x1080, 0x4da1, 0x1080, 0x3161, 0x4da1, 0x6aa2, 0x7742, 0x7742,
    0x7ffd, 0x7ffd, 0x736c, 0x7742, 0x6aa2, 0x6aa2, 0x4da1, 0x3161, 0x28e1, 0x28e1, 0x28e1, 0x28e1,
    0x5262, 0x7742, 0x7742, 0x7742, 0x28e1, 0x1080, 0x1080, 0x1961, 0x1961, 0x1e20, 0x1961, 0x1961,
    0x1080, 0x1080, 0x1080, 0x1080, 0x1080, 0x1080, 0x1080, 0x1080, 0x1080, 0x1080, 0x1080, 0x1080,
    0x1080, 0x1080, 0x1080, 0x1080, 0x1080, 0x1080, 0x1080, 0x1080, 0x1080, 0x1080, 0x1080, 0x1080,
    0x1080, 0x1080, 0x1080, 0x1080, 0x1080, 0x1080, 0x1080, 0x1080, 0x1080, 0x1080, 0x1080, 0x1080,
    0x1080, 0x1080, 0x1080, 0x1080, 0x1080, 0x1080, 0x1080, 0x1080, 0x1080, 0x1080, 0x1080, 0x1080,
    0x1080, 0x1080, 0x1080, 0x1080, 0x1080, 0x1080, 0x1080, 0x1080, 0x1080, 0x1080, 0x1080, 0x1080,
    0x1080, 0x1080, 0x1080, 0x1080, 0x1080, 0x1080, 0x1080, 0x1080, 0x1080, 0x1080, 0x1080, 0x1961,
    0x1080, 0x1961, 0x1e20, 0x1961, 0x1961, 0x1080, 0x1080, 0x1080, 0x28e1, 0x3262, 0x7742, 0x7742,
    0x7742, 0x3161, 0x28e1, 0x28e1, 0x28e1, 0x28e1, 0x4da1, 0x6aa2, 0x7742, 0x7742, 0x7ffd, 0x7ffd,
    0x7bd4, 0x7742, 0x6aa2, 0x28e1, 0x1080, 0x3161, 0x28e1, 0x1080, 0x1080, 0x1080, 0x1080, 0x28e1,
    0x1080, 0x1080, 0x1080, 0x1080, 0x1080, 0x1080, 0x1961, 0x1e20, 0x3262, 0x7ffd, 0x7ffd, 0x7ffd,
    0x7ffd, 0x3262, 0x1e20, 0x1961, 0x1080, 0x1080, 0x1080, 0x1080, 0x1080, 0x1080, 0x1080, 0x1080,
    0x1080, 0x1080, 0x1080, 0x1080, 0x1080, 0x1080, 0x1080, 0x1080, 0x1080, 0x1080, 0x1080, 0x1080,
    0x1080, 0x1080, 0x1080, 0x1080, 0x1080, 0x1080, 0x1080, 0x1080, 0x1080, 0x1080, 0x1080, 0x1080,
    0x1080, 0x1080, 0x1080, 0x1080, 0x1080, 0x1080, 0x1080, 0x1080, 0x1080, 0x1080, 0x1080, 0x1080,
    0x1080, 0x1080, 0x1080, 0x1080, 0x1080, 0x1080, 0x1080, 0x1080, 0x1080, 0x1080, 0x1080, 0x1080,
    0x1080, 0x1080, 0x1080, 0x1080, 0x1080, 0x1080, 0x1961, 0x1e20, 0x3262, 0x3262, 0x7ffd, 0x7ffd,
    0x7ffd, 0x736c, 0x3262, 0x1e20, 0x1961, 0x1961, 0x1080, 0x1080, 0x1080, 0x1080, 0x1080, 0x1080,
    0x1080, 0x1080, 0x1080, 0x1080, 0x28e1, 0x1080, 0x4da1, 0x4da1, 0x28e1, 0x4da1, 0x6aa2, 0x7742,
    0x7bd4, 0x7ffd, 0x7ffd, 0x7742, 0x7742, 0x6aa2, 0x4da1, 0x4da1, 0x28e1, 0x28e1, 0x28e1, 0x28e1,
    0x5262, 0x7742, 0x7742, 0x7742, 0x28e1, 0x1080, 0x1080, 0x1080, 0x1961, 0x1961, 0x1961, 0x1961,
    0x1080, 0x1080, 0x1080, 0x1080, 0x1080, 0x1080, 0x1080, 0x1080, 0x1080, 0x1080, 0x1080, 0x1080,
    0x1080, 0x1080, 0x1080, 0x1080, 0x1080, 0x1080, 0x1080, 0x1080, 0x1080, 0x1080, 0x1080, 0x1080,
    0x1080, 0x1080, 0x1080, 0x1080, 0x1080, 0x1080, 0x1080, 0x1080, 0x1080, 0x1080, 0x1080, 0x1080,
    0x1080, 0x1080, 0x1080, 0x1080, 0x1080, 0x1080, 0x1080, 0x1080, 0x1080, 0x1080, 0x1080, 0x1080,
    0x1080, 0x1080, 0x1080, 0x1080, 0x1080, 0x1080, 0x1080, 0x1080, 0x1080, 0x1080, 0x1080, 0x1080,
    0x1080, 0x1080, 0x1080, 0x1080, 0x1080, 0x1080, 0x1080, 0x1080, 0x1080, 0x1080, 0x1080, 0x1080,
    0x1961, 0x1961, 0x1961, 0x1961, 0x1961, 0x1080, 0x1080, 0x1080, 0x28e1, 0x3262, 0x7742, 0x7742,
    0x5262, 0x28e1, 0x28e1, 0x28e1, 0x3161, 0x4da1, 0x6aa2, 0x6aa2, 0x7742, 0x7ffd, 0x7ffd, 0x7ffd,
    0x7742, 0x6aa2, 0x4da1, 0x4da1, 0x6aa2, 0x1080, 0x28e1, 0x1080, 0x1080, 0x1080, 0x1080, 0x1080,
    0x4da1, 0x1080, 0x1080, 0x1080, 0x1080, 0x1080, 0x1961, 0x1961, 0x1e20, 0x3262, 0x7ffd, 0x7ffd,
    0x7ffd, 0x7ffd, 0x1e20, 0x1e20, 0x1961, 0x1080, 0x1080, 0x1080, 0x1080, 0x1080, 0x1080, 0x1080,
    0x1080, 0x1080, 0x1080, 0x1080, 0x1080, 0x1080, 0x1080, 0x1080, 0x1080, 0x1080, 0x1080, 0x1080,
    0x1080, 0x1080, 0x1080, 0x1080, 0x1080, 0x1080, 0x1080, 0x1080, 0x1080, 0x1080, 0x1080, 0x1080,
    0x1080, 0x1080, 0x1080, 0x1080, 0x1080, 0x1080, 0x1080, 0x1080, 0x1080, 0x1080, 0x1080, 0x1080,
    0x1080, 0x1080, 0x1080, 0x1080, 0x1080, 0x1080, 0x1080, 0x1080, 0x1080, 0x1080, 0x1080, 0x1080,
    0x1080, 0x1080, 0x1080, 0x1080, 0x1080, 0x1961, 0x1e20, 0x1e20, 0x3262, 0x7ffd, 0x7ffd, 0x7ffd,
    0x7ffd, 0x3262, 0x1e20, 0x1e20, 0x1961, 0x1961, 0x1080, 0x1080, 0x1080, 0x1080, 0x1080, 0x1080,
    0x1080, 0x1080, 0x1080, 0x1080, 0x1080, 0x28e1, 0x1080, 0x3161, 0x6aa2, 0x28e1, 0x4da1, 0x6aa2,
    0x7742, 0x7ffd, 0x7ffd, 0x7ffd, 0x7742, 0x7742, 0x6aa2, 0x4da1, 0x4da1, 0x3161, 0x28e1, 0x28e1,
    0x5262, 0x7742, 0x7742, 0x7742, 0x3161, 0x1080, 0x1080, 0x1080, 0x28e1, 0x1961, 0x1e20, 0x1961,
    0x28e1, 0x1080, 0x1080, 0x1080, 0x1080, 0x1080, 0x1080, 0x1080, 0x1080, 0x1080, 0x1080, 0x1080,
    0x1080, 0x1080, 0x1080, 0x1080, 0x1080, 0x1080, 0x1080, 0x1080, 0x1080, 0x1080, 0x1080, 0x1080,
    0x1080, 0x1080, 0x1080, 0x1080, 0x1080, 0x1080, 0x1080, 0x1080, 0x1080, 0x1080, 0x1080, 0x1080,
    0x1080, 0x1080, 0x1080, 0x1080, 0x1080, 0x1080, 0x1080, 0x1080, 0x1080, 0x1080, 0x1080, 0x1080,
    0x1080, 0x1080, 0x1080, 0x1080, 0x1080, 0x1080, 0x1080, 0x1080, 0x1080, 0x1080, 0x1080, 0x1080,
    0x1080, 0x1080, 0x1080, 0x1080, 0x1080, 0x1080, 0x1080, 0x1080, 0x1080, 0x1080, 0x1080, 0x1080,
    0x1961, 0x3262, 0x1961, 0x1961, 0x1080, 0x1080, 0x1080, 0x28e1, 0x3161, 0x3262, 0x7742, 0x7742,
    0x3262, 0x28e1, 0x28e1, 0x4da1, 0x4da1, 0x4da1, 0x6aa2, 0x7742, 0x736c, 0x7ffd, 0x7ffd, 0x7742,
    0x6aa2, 0x6aa2, 0x4da1, 0x4da1, 0x1080, 0x4da1, 0x1080, 0x1080, 0x1080, 0x1080, 0x1080, 0x1080,
    0x1080, 0x1080, 0x1080, 0x1080, 0x1080, 0x1080, 0x1080, 0x1961, 0x1e20, 0x3262, 0x7bd4, 0x7ffd,
    0x7ffd, 0x7ffd, 0x3262, 0x1e20, 0x1e20, 0x1961, 0x1080, 0x1080, 0x1080, 0x1080, 0x1080, 0x1080,
    0x1080, 0x1080, 0x1080, 0x1080, 0x1080, 0x1080, 0x1080, 0x1080, 0x1080, 0x1080, 0x1080, 0x1080,
    0x1080, 0x1080, 0x1080, 0x1080, 0x1080, 0x1080, 0x1080, 0x1080, 0x1080, 0x1080, 0x1080, 0x1080,
    0x1080, 0x1080, 0x1080, 0x1080, 0x1080, 0x1080, 0x1080, 0x1080, 0x1080, 0x1080, 0x1080, 0x1080,
    0x1080, 0x1080, 0x1080, 0x1080, 0x1080, 0x1080, 0x1080, 0x1080, 0x1080, 0x1080, 0x1080, 0x1080,
    0x1080, 0x1080, 0x1080, 0x1080, 0x1961, 0x1961, 0x1e20, 0x3262, 0x7bd4, 0x7ffd, 0x7ffd, 0x7ffd,
    0x56ab, 0x1e20, 0x1e20, 0x1961, 0x1961, 0x1961, 0x1080, 0x1080, 0x1080, 0x1080, 0x1080, 0x1080,
    0x1080, 0x1080, 0x1080, 0x1080, 0x1080, 0x1080, 0x28e1, 0x28e1, 0x28e1, 0x6aa2, 0x4da1, 0x6aa2,
    0x7742, 0x7742, 0x7ffd, 0x7ffd, 0x736c, 0x7742, 0x6aa2, 0x6aa2, 0x4da1, 0x4da1, 0x28e1, 0x3161,
    0x5262, 0x7742, 0x7742, 0x7742, 0x28e1, 0x1080, 0x1080, 0x1080, 0x1080, 0x1e20, 0x1e20, 0x3262,
    0x3161, 0x1080, 0x1080, 0x1080, 0x1080, 0x1080, 0x1080, 0x1080, 0x1080, 0x1080, 0x1080, 0x1080,
    0x1080, 0x1080, 0x1080, 0x1080, 0x1080, 0x1080, 0x1080, 0x1080, 0x1080, 0x1080, 0x1080, 0x1080,
    0x1080, 0x1080, 0x1080, 0x1080, 0x1080, 0x1080, 0x1080, 0x1080, 0x1080, 0x1080, 0x1080, 0x1080,
    0x1080, 0x1080, 0x1080, 0x1080, 0x1080, 0x1080, 0x1080, 0x1080, 0x1080, 0x1080, 0x1080, 0x1080,
    0x1080, 0x1080, 0x1080, 0x1080, 0x1080, 0x1080, 0x1080, 0x1080, 0x1080, 0x1080, 0x1080, 0x1080,
    0x1080, 0x1080, 0x1080, 0x1080, 0x1080, 0x1080, 0x1080, 0x1080, 0x1080, 0x1080, 0x1080, 0x1080,
    0x3262, 0x3262, 0x1e20, 0x1961, 0x1080, 0x1080, 0x1080, 0x1080, 0x3161, 0x5262, 0x7742, 0x7742,
    0x3262, 0x28e1, 0x28e1, 0x4da1, 0x4da1, 0x6aa2, 0x7742, 0x7742, 0x7ffd, 0x7ffd, 0x736c, 0x7742,
    0x6aa2, 0x4da1, 0x4da1, 0x28e1, 0x4da1, 0x1080, 0x28e1, 0x1080, 0x1080, 0x1080, 0x1080, 0x1080,
    0x1080, 0x4da1, 0x1080, 0x1080, 0x1080, 0x1080, 0x1080, 0x1961, 0x1e20, 0x1e20, 0x3262, 0x7ffd,
    0x7ffd, 0x7ffd, 0x7ffd, 0x3262, 0x1e20, 0x1e20, 0x1961, 0x1080, 0x1080, 0x1080, 0x1080, 0x1080,
    0x1080, 0x1080, 0x1080, 0x1080, 0x1080, 0x1080, 0x1080, 0x1080, 0x1080, 0x1080, 0x1080, 0x1080,
    0x1080, 0x1080, 0x1080, 0x1080, 0x1080, 0x1080, 0x1080, 0x1080, 0x1080, 0x1080, 0x1080, 0x1080,
    0x1080, 0x1080, 0x1080, 0x1080, 0x1080, 0x1080, 0x1080, 0x1080, 0x1080, 0x1080, 0x1080, 0x1080,
    0x1080, 0x1080, 0x1080, 0x1080, 0x1080, 0x1080, 0x1080, 0x1080, 0x1080, 0x1080, 0x1080, 0x1080,
    0x1080, 0x1080, 0x1080, 0x1961, 0x1961, 0x1e20, 0x1e20, 0x3262, 0x7ffd, 0x7ffd, 0x7ffd, 0x7ffd,
    0x3262, 0x1e20, 0x1e20, 0x1961, 0x1961, 0x1080, 0x1080, 0x1080, 0x1080, 0x1080, 0x1080, 0x1080,
    0x1080, 0x1080, 0x1080, 0x1080, 0x1080, 0x28e1, 0x28e1, 0x28e1, 0x4da1, 0x1080, 0x4da1, 0x4da1,
    0x6aa2, 0x7742, 0x736c, 0x7ffd, 0x7ffd, 0x7742, 0x7742, 0x6aa2, 0x4da1, 0x4da1, 0x4da1, 0x28e1,
    0x5262, 0x7742, 0x7742, 0x6aa2, 0x3161, 0x28e1, 0x1080, 0x28e1, 0x1080, 0x1e20, 0x5262, 0x3262,
    0x3161, 0x1080, 0x1080, 0x1080, 0x1080, 0x1080, 0x1080, 0x1080, 0x1080, 0x1080, 0x1080, 0x1080,
    0x1080, 0x1080, 0x1080, 0x1080, 0x1080, 0x1080, 0x1080, 0x1080, 0x1080, 0x1080, 0x1080, 0x1080,
    0x1080, 0x1080, 0x1080, 0x1080, 0x1080, 0x1080, 0x1080, 0x1080, 0x1080, 0x1080, 0x1080, 0x1080,
    0x1080, 0x1080, 0x1080, 0x1080, 0x1080, 0x1080, 0x1080, 0x1080, 0x1080, 0x1080, 0x1080, 0x1080,
    0x1080, 0x1080, 0x1080, 0x1080, 0x1080, 0x1080, 0x1080, 0x1080, 0x1080, 0x1080, 0x1080, 0x1080,
    0x1080, 0x1080, 0x1080, 0x1080, 0x1080, 0x1080, 0x1080, 0x1080, 0x1080, 0x1080, 0x1080, 0x1961,
    0x3262, 0x7742, 0x3262, 0x1961, 0x1080, 0x1080, 0x1080, 0x28e1, 0x3262, 0x7742, 0x7742, 0x7742,
    0x3161, 0x28e1, 0x4da1, 0x4da1, 0x6aa2, 0x6aa2, 0x7742, 0x7bd4, 0x7ffd, 0x7ffd, 0x7742, 0x7742,
    0x4da1, 0x28e1, 0x6aa2, 0x4da1, 0x28e1, 0x28e1, 0x1080, 0x1080, 0x1080, 0x1080, 0x1080, 0x1080,
    0x1080, 0x1080, 0x1080, 0x1080, 0x1080, 0x1080, 0x1080, 0x1961, 0x1e20, 0x1e20, 0x1e20, 0x736c,
    0x7ffd, 0x7ffd, 0x7ffd, 0x736c, 0x3262, 0x1e20, 0x1961, 0x1961, 0x1080, 0x1080, 0x1080, 0x1080,
    0x1080, 0x1080, 0x1080, 0x1080, 0x1080, 0x1080, 0x1080, 0x1080, 0x1080, 0x1080, 0x1080, 0x1080,
    0x1080, 0x1080, 0x1080, 0x1080, 0x1080, 0x1080, 0x1080, 0x1080, 0x1080, 0x1080, 0x1080, 0x1080,
    0x1080, 0x1080, 0x1080, 0x1080, 0x1080, 0x1080, 0x1080, 0x1080, 0x1080, 0x1080, 0x1080, 0x1080,
    0x1080, 0x1080, 0x1080, 0x1080, 0x1080, 0x1080, 0x1080, 0x1080, 0x1080, 0x1080, 0x1080, 0x1080,
    0x1080, 0x1080, 0x1080, 0x1961, 0x1e20, 0x1e20, 0x3262, 0x7ffd, 0x7ffd, 0x7ffd, 0x7ffd, 0x3262,
    0x1e20, 0x1e20, 0x1961, 0x1961, 0x1961, 0x1080, 0x1080, 0x1080, 0x1080, 0x1080, 0x1080, 0x1080,
    0x1080, 0x1080, 0x1080, 0x1080, 0x1080, 0x28e1, 0x28e1, 0x28e1, 0x1080, 0x4da1, 0x4da1, 0x4da1,
    0x6aa2, 0x7742, 0x7742, 0x7ffd, 0x7ffd, 0x7ffd, 0x7742, 0x6aa2, 0x6aa2, 0x4da1, 0x4da1, 0x4da1,
    0x5262, 0x7742, 0x7742, 0x5262, 0x28e1, 0x28e1, 0x28e1, 0x1080, 0x1961, 0x5262, 0x7742, 0x5262,
    0x1961, 0x3161, 0x1080, 0x1080, 0x1080, 0x1080, 0x1080, 0x1080, 0x1080, 0x1080, 0x1080, 0x1080,
    0x1080, 0x1080, 0x1080, 0x1080, 0x1080, 0x1080, 0x1080, 0x1080, 0x1080, 0x1080, 0x1080, 0x1080,
    0x1080, 0x1080, 0x1080, 0x1080, 0x1080, 0x1080, 0x1080, 0x1080, 0x1080, 0x1080, 0x1080, 0x1080,
    0x1080, 0x1080, 0x1080, 0x1080, 0x1080, 0x1080, 0x1080, 0x1080, 0x1080, 0x1080, 0x1080, 0x1080,
    0x1080, 0x1080, 0x1080, 0x1080, 0x1080, 0x1080, 0x1080, 0x1080, 0x1080, 0x1080, 0x1080, 0x1080,
    0x1080, 0x1080, 0x1080, 0x1080, 0x1080, 0x1080, 0x1080, 0x1080, 0x1080, 0x1080, 0x1080, 0x1961,
    0x3262, 0x5262, 0x7742, 0x3262, 0x1961, 0x1080, 0x1080, 0x28e1, 0x3262, 0x7742, 0x7742, 0x7742,
    0x3161, 0x3161, 0x4da1, 0x6aa2, 0x6aa2, 0x7742, 0x736c, 0x7ffd, 0x7ffd, 0x7742, 0x7742, 0x4da1,
    0x4da1, 0x6aa2, 0x28e1, 0x28e1, 0x28e1, 0x1080, 0x28e1, 0x1080, 0x1080, 0x1080, 0x1080, 0x1080,
    0x1080, 0x1080, 0x1080, 0x1080, 0x1080, 0x1080, 0x1080, 0x1080, 0x1961, 0x1e20, 0x1e20, 0x1e20,
    0x7ffd, 0x7ffd, 0x7ffd, 0x7ffd, 0x1e20, 0x1e20, 0x1e20, 0x1961, 0x1080, 0x1080, 0x1080, 0x1080,
    0x1080, 0x1080, 0x1080, 0x1080, 0x1080, 0x1080, 0x1080, 0x1080, 0x1080, 0x1080, 0x1080, 0x1080,
    0x1080, 0x1080, 0x1080, 0x1080, 0x1080, 0x1080, 0x1080, 0x1080, 0x1080, 0x1080, 0x1080, 0x1080,
    0x1080, 0x1080, 0x1080, 0x1080, 0x1080, 0x1080, 0x1080, 0x1080, 0x1080, 0x1080, 0x1080, 0x1080,
    0x1080, 0x1080, 0x1080, 0x1080, 0x1080, 0x1080, 0x1080, 0x1080, 0x1080, 0x1080, 0x1080, 0x1080,
    0x1080, 0x1080, 0x1961, 0x1961, 0x1e20, 0x3262, 0x56ab, 0x7ffd, 0x7ffd, 0x7ffd, 0x7bd4, 0x3262,
    0x1e20, 0x1e20, 0x1961, 0x1961, 0x1080, 0x1080, 0x1080, 0x1080, 0x1080, 0x1080, 0x1080, 0x1080,
    0x1080, 0x1080, 0x1080, 0x1080, 0x1080, 0x28e1, 0x28e1, 0x28e1, 0x28e1, 0x28e1, 0x28e1, 0x4da1,
    0x4da1, 0x6aa2, 0x7742, 0x7742, 0x7ffd, 0x7ffd, 0x7bd4, 0x7742, 0x6aa2, 0x6aa2, 0x4da1, 0x4da1,
    0x5262, 0x7742, 0x7742, 0x5262, 0x28e1, 0x28e1, 0x28e1, 0x28e1, 0x3262, 0x7742, 0x7742, 0x3262,
    0x3161, 0x28e1, 0x1080, 0x1080, 0x1080, 0x1080, 0x1080, 0x1080, 0x1080, 0x1080, 0x1080, 0x1080,
    0x1080, 0x1080, 0x1080, 0x1080, 0x1080, 0x1080, 0x1080, 0x1080, 0x1080, 0x1080, 0x1080, 0x1080,
    0x1080, 0x1080, 0x1080, 0x1080, 0x1080, 0x1080, 0x1080, 0x1080, 0x1080, 0x1080, 0x1080, 0x1080,
    0x1080, 0x1080, 0x1080, 0x1080, 0x1080, 0x1080, 0x1080, 0x1080, 0x1080, 0x1080, 0x1080, 0x1080,
    0x1080, 0x1080, 0x1080, 0x1080, 0x1080, 0x1080, 0x1080, 0x1080, 0x1080, 0x1080, 0x1080, 0x1080,
    0x1080, 0x1080, 0x1080, 0x1080, 0x1080, 0x1080, 0x1080, 0x1080, 0x1080, 0x28e1, 0x3161, 0x28e1,
    0x3161, 0x3262, 0x7742, 0x5262, 0x1961, 0x1080, 0x28e1, 0x1080, 0x3262, 0x7742, 0x7742, 0x5262,
    0x4da1, 0x4da1, 0x4da1, 0x6aa2, 0x7742, 0x7742, 0x7ffd, 0x7ffd, 0x736c, 0x7742, 0x6aa2, 0x4da1,
    0x4da1, 0x28e1, 0x4da1, 0x28e1, 0x1080, 0x28e1, 0x1080, 0x1080, 0x1080, 0x1080, 0x1080, 0x1080,
    0x1080, 0x1080, 0x1080, 0x1080, 0x1080, 0x1080, 0x1080, 0x1080, 0x1961, 0x1961, 0x1e20, 0x1e20,
    0x3262, 0x7ffd, 0x7ffd, 0x7ffd, 0x7ffd, 0x3262, 0x1e20, 0x1e20, 0x1961, 0x1080, 0x1080, 0x1080,
    0x1080, 0x1080, 0x1080, 0x1080, 0x1080, 0x1080, 0x1080, 0x1080, 0x1080, 0x1080, 0x1080, 0x1080,
    0x1080, 0x1080, 0x1080, 0x1080, 0x1080, 0x1080, 0x1080, 0x1080, 0x1080, 0x1080, 0x1080, 0x1080,
    0x1080, 0x1080, 0x1080, 0x1080, 0x1080, 0x1080, 0x1080, 0x1080, 0x1080, 0x1080, 0x1080, 0x1080,
    0x1080, 0x1080, 0x1080, 0x1080, 0x1080, 0x1080, 0x1080, 0x1080, 0x1080, 0x1080, 0x1080, 0x1080,
    0x1080, 0x1080, 0x1961, 0x1e20, 0x1e20, 0x1e20, 0x7ffd, 0x7ffd, 0x7ffd, 0x7ffd, 0x1e20, 0x1e20,
    0x1e20, 0x1961, 0x1961, 0x1961, 0x1080, 0x1080, 0x1080, 0x1080, 0x1080, 0x1080, 0x1080, 0x1080,
    0x1080, 0x1080, 0x1080, 0x1080, 0x1080, 0x28e1, 0x28e1, 0x28e1, 0x28e1, 0x28e1, 0x3161, 0x28e1,
    0x6aa2, 0x6aa2, 0x6aa2, 0x7742, 0x736c, 0x7ffd, 0x7ffd, 0x7742, 0x7742, 0x6aa2, 0x4da1, 0x4da1,
    0x4da1, 0x7742, 0x5262, 0x4da1, 0x28e1, 0x28e1, 0x28e1, 0x28e1, 0x3262, 0x3262, 0x3262, 0x1e20,
    0x1961, 0x28e1, 0x28e1, 0x1080, 0x1080, 0x1080, 0x1080, 0x1080, 0x1080, 0x1080, 0x1080, 0x1080,
    0x1080, 0x1080, 0x1080, 0x1080, 0x1080, 0x1080, 0x1080, 0x1080, 0x1080, 0x1080, 0x1080, 0x1080,
    0x1080, 0x1080, 0x1080, 0x1080, 0x1080, 0x1080, 0x1080, 0x1080, 0x1080, 0x1080, 0x1080, 0x1080,
    0x1080, 0x1080, 0x1080, 0x1080, 0x1080, 0x1080, 0x1080, 0x1080, 0x1080, 0x1080, 0x1080, 0x1080,
    0x1080, 0x1080, 0x1080, 0x1080, 0x1080, 0x1080, 0x1080, 0x1080, 0x1080, 0x1080, 0x1080, 0x1080,
    0x1080, 0x1080, 0x1080, 0x1080, 0x1080, 0x1080, 0x1080, 0x1080, 0x1080, 0x1080, 0x28e1, 0x28e1,
    0x1961, 0x1961, 0x3262, 0x3262, 0x1961, 0x28e1, 0x28e1, 0x28e1, 0x3161, 0x5262, 0x6aa2, 0x4da1,
    0x4da1, 0x4da1, 0x6aa2, 0x6aa2, 0x7742, 0x736c, 0x7ffd, 0x7ffd, 0x7742, 0x6aa2, 0x4da1, 0x28e1,
    0x4da1, 0x6aa2, 0x1080, 0x1080, 0x28e1, 0x1080, 0x1080, 0x1080, 0x1080, 0x1080, 0x1080, 0x1080,
    0x1080, 0x1080, 0x1080, 0x1080, 0x1080, 0x1080, 0x1080, 0x1080, 0x1080, 0x1961, 0x1e20, 0x1e20,
    0x3262, 0x7bd4, 0x7ffd, 0x7ffd, 0x7ffd, 0x3262, 0x3262, 0x1e20, 0x1961, 0x1080, 0x1080, 0x1080,
    0x1080, 0x1080, 0x1080, 0x1080, 0x1080, 0x1080, 0x1080, 0x1080, 0x1080, 0x1080, 0x1080, 0x1080,
    0x1080, 0x1080, 0x1080, 0x1080, 0x1080, 0x1080, 0x1080, 0x1080, 0x1080, 0x1080, 0x1080, 0x1080,
    0x1080, 0x1080, 0x1080, 0x1080, 0x1080, 0x1080, 0x1080, 0x1080, 0x1080, 0x1080, 0x1080, 0x1080,
    0x1080, 0x1080, 0x1080, 0x1080, 0x1080, 0x1080, 0x1080, 0x1080, 0x1080, 0x1080, 0x1080, 0x1080,
    0x1080, 0x1961, 0x1e20, 0x1e20, 0x3262, 0x7ffd, 0x7ffd, 0x7ffd, 0x7ffd, 0x736c, 0x1e20, 0x1e20,
    0x1e20, 0x1961, 0x1961, 0x1080, 0x1080, 0x1080, 0x1080, 0x1080, 0x1080, 0x1080, 0x1080, 0x1080,
    0x1080, 0x1080, 0x1080, 0x1080, 0x1080, 0x28e1, 0x28e1, 0x28e1, 0x28e1, 0x28e1, 0x28e1, 0x4da1,
    0x28e1, 0x6aa2, 0x6aa2, 0x6aa2, 0x7742, 0x7bd4, 0x7ffd, 0x7ffd, 0x7742, 0x7742, 0x6aa2, 0x4da1,
    0x4da1, 0x4da1, 0x4da1, 0x4da1, 0x28e1, 0x28e1, 0x28e1, 0x3262, 0x7742, 0x7742, 0x5262, 0x6aa2,
    0x5262, 0x3262, 0x3161, 0x1080, 0x1080, 0x1080, 0x1080, 0x1080, 0x1080, 0x1080, 0x1080, 0x1080,
    0x1080, 0x1080, 0x1080, 0x1080, 0x1080, 0x1080, 0x1080, 0x1080, 0x1080, 0x1080, 0x1080, 0x1080,
    0x1080, 0x1080, 0x1080, 0x1080, 0x1080, 0x1080, 0x1080, 0x1080, 0x1080, 0x1080, 0x1080, 0x1080,
    0x1080, 0x1080, 0x1080, 0x1080, 0x1080, 0x1080, 0x1080, 0x1080, 0x1080, 0x1080, 0x1080, 0x1080,
    0x1080, 0x1080, 0x1080, 0x1080, 0x1080, 0x1080, 0x1080, 0x1080, 0x1080, 0x1080, 0x1080, 0x1080,
    0x1080, 0x1080, 0x1080, 0x1080, 0x1080, 0x1080, 0x1080, 0x1080, 0x1080, 0x1080, 0x28e1, 0x3161,
    0x5262, 0x5262, 0x7742, 0x7742, 0x7742, 0x3161, 0x28e1, 0x28e1, 0x3161, 0x4da1, 0x4da1, 0x4da1,
    0x4da1, 0x4da1, 0x6aa2, 0x7742, 0x7742, 0x7ffd, 0x7ffd, 0x7742, 0x7742, 0x6aa2, 0x28e1, 0x6aa2,
    0x4da1, 0x28e1, 0x28e1, 0x28e1, 0x1080, 0x1080, 0x1080, 0x1080, 0x1080, 0x1080, 0x1080, 0x1080,
    0x1080, 0x1080, 0x1080, 0x1080, 0x1080, 0x1080, 0x1080, 0x1080, 0x1080, 0x1961, 0x1961, 0x1e20,
    0x1e20, 0x3262, 0x7ffd, 0x7ffd, 0x7ffd, 0x7ffd, 0x1e20, 0x1e20, 0x1e20, 0x1961, 0x1080, 0x1080,
    0x1080, 0x1080, 0x1080, 0x1080, 0x1080, 0x1080, 0x1080, 0x1080, 0x1080, 0x1080, 0x1080, 0x1080,
    0x1080, 0x1080, 0x1080, 0x1080, 0x1080, 0x1080, 0x1080, 0x1080, 0x1080, 0x1080, 0x1080, 0x1080,
    0x1080, 0x1080, 0x1080, 0x1080, 0x1080, 0x1080, 0x1080, 0x1080, 0x1080, 0x1080, 0x1080, 0x1080,
    0x1080, 0x1080, 0x1080, 0x1080, 0x1080, 0x1080, 0x1080, 0x1080, 0x1080, 0x1080, 0x1080, 0x1080,
    0x1080, 0x1961, 0x1e20, 0x1e20, 0x1e20, 0x7ffd, 0x7ffd, 0x7ffd, 0x7ffd, 0x3262, 0x1e20, 0x1e20,
    0x1961, 0x1961, 0x1961, 0x1080, 0x1080, 0x1080, 0x1080, 0x1080, 0x1080, 0x1080, 0x1080, 0x1080,
    0x1080, 0x1080, 0x1080, 0x1080, 0x1080, 0x28e1, 0x28e1, 0x28e1, 0x28e1, 0x28e1, 0x28e1, 0x28e1,
    0x4da1, 0x7742, 0x4da1, 0x6aa2, 0x7742, 0x7742, 0x7ffd, 0x7ffd, 0x7742, 0x7742, 0x6aa2, 0x6aa2,
    0x4da1, 0x4da1, 0x4da1, 0x3161, 0x28e1, 0x28e1, 0x3161, 0x5262, 0x7742, 0x7742, 0x3262, 0x5262,
    0x5262, 0x5262, 0x28e1, 0x1080, 0x1080, 0x1080, 0x1080, 0x1080, 0x1080, 0x1080, 0x1080, 0x1080,
    0x1080, 0x1080, 0x1080, 0x1080, 0x1080, 0x1080, 0x1080, 0x1080, 0x1080, 0x1080, 0x1080, 0x1080,
    0x1080, 0x1080, 0x1080, 0x1080, 0x1080, 0x1080, 0x1080, 0x1080, 0x1080, 0x1080, 0x1080, 0x1080,
    0x1080, 0x1080, 0x1080, 0x1080, 0x1080, 0x1080, 0x1080, 0x1080, 0x1080, 0x1080, 0x1080, 0x1080,
    0x1080, 0x1080, 0x1080, 0x1080, 0x1080, 0x1080, 0x1080, 0x1080, 0x1080, 0x1080, 0x1080, 0x1080,
    0x1080, 0x1080, 0x1080, 0x1080, 0x1080, 0x1080, 0x1080, 0x1080, 0x1080, 0x28e1, 0x3161, 0x3161,
    0x4da1, 0x3262, 0x5262, 0x7742, 0x7742, 0x4da1, 0x28e1, 0x28e1, 0x3161, 0x4da1, 0x4da1, 0x4da1,
    0x4da1, 0x4da1, 0x6aa2, 0x7742, 0x736c, 0x7ffd, 0x7ffd, 0x7742, 0x6aa2, 0x6aa2, 0x4da1, 0x28e1,
    0x6aa2, 0x1080, 0x28e1, 0x28e1, 0x1080, 0x1080, 0x1080, 0x1080, 0x1080, 0x1080, 0x1080, 0x1080,
    0x1080, 0x1080, 0x1080, 0x1080, 0x1080, 0x1080, 0x1080, 0x1080, 0x1080, 0x1080, 0x1961, 0x1e20,
    0x1e20, 0x3262, 0x7ffd, 0x7ffd, 0x7ffd, 0x7ffd, 0x3262, 0x1e20, 0x1e20, 0x1961, 0x1080, 0x1080,
    0x1080, 0x1080, 0x1080, 0x1080, 0x1080, 0x1080, 0x1080, 0x1080, 0x1080, 0x1080, 0x1080, 0x1080,
    0x1080, 0x1080, 0x1080, 0x1080, 0x1080, 0x1080, 0x1080, 0x1080, 0x1080, 0x1080, 0x1080, 0x1080,
    0x1080, 0x1080, 0x1080, 0x1080, 0x1080, 0x1080, 0x1080, 0x1080, 0x1080, 0x1080, 0x1080, 0x1080,
    0x1080, 0x1080, 0x1080, 0x1080, 0x1080, 0x1080, 0x1080, 0x1080, 0x1080, 0x1080, 0x1080, 0x1080,
    0x1961, 0x1e20, 0x1e20, 0x1e20, 0x7bd4, 0x7ffd, 0x7ffd, 0x7ffd, 0x736c, 0x3262, 0x1e20, 0x1e20,
    0x1961, 0x1961, 0x1961, 0x1080, 0x1080, 0x1080, 0x1080, 0x1080, 0x1080, 0x1080, 0x1080, 0x1080,
    0x1080, 0x1080, 0x1080, 0x1080, 0x1080, 0x28e1, 0x28e1, 0x28e1, 0x28e1, 0x28e1, 0x28e1, 0x28e1,
    0x4da1, 0x28e1, 0x7742, 0x6aa2, 0x6aa2, 0x7742, 0x736c, 0x7ffd, 0x7ffd, 0x7742, 0x7742, 0x6aa2,
    0x4da1, 0x4da1, 0x4da1, 0x3161, 0x28e1, 0x28e1, 0x5262, 0x7742, 0x7742, 0x3262, 0x1961, 0x3161,
    0x5262, 0x5262, 0x3262, 0x3161, 0x1080, 0x1080, 0x1080, 0x1080, 0x1080, 0x1080, 0x1080, 0x1080,
    0x1080, 0x1080, 0x1080, 0x1080, 0x1080, 0x1080, 0x1080, 0x1080, 0x1080, 0x1080, 0x1080, 0x1080,
    0x1080, 0x1080, 0x1080, 0x1080, 0x1080, 0x1080, 0x1080, 0x1080, 0x1080, 0x1080, 0x1080, 0x1080,
    0x1080, 0x1080, 0x1080, 0x1080, 0x1080, 0x1080, 0x1080, 0x1080, 0x1080, 0x1080, 0x1080, 0x1080,
    0x1080, 0x1080, 0x1080, 0x1080, 0x1080, 0x1080, 0x1080, 0x1080, 0x1080, 0x1080, 0x1080, 0x1080,
    0x1080, 0x1080, 0x1080, 0x1080, 0x1080, 0x1080, 0x1080, 0x1080, 0x1080, 0x28e1, 0x3161, 0x3161,
    0x4da1, 0x1080, 0x1961, 0x7742, 0x7742, 0x7742, 0x3161, 0x28e1, 0x28e1, 0x4da1, 0x4da1, 0x4da1,
    0x4da1, 0x6aa2, 0x7742, 0x7742, 0x7ffd, 0x7ffd, 0x7742, 0x6aa2, 0x6aa2, 0x4da1, 0x6aa2, 0x4da1,
    0x28e1, 0x28e1, 0x28e1, 0x28e1, 0x1080, 0x1080, 0x1080, 0x1080, 0x1080, 0x1080, 0x1080, 0x1080,
    0x1080, 0x1080, 0x1080, 0x1080, 0x1080, 0x1080, 0x1080, 0x1080, 0x1080, 0x1080, 0x1961, 0x1961,
    0x1e20, 0x1e20, 0x1e20, 0x7ffd, 0x7ffd, 0x7ffd, 0x7ffd, 0x3262, 0x1e20, 0x1961, 0x1961, 0x1080,
    0x1080, 0x1080, 0x1080, 0x1080, 0x1080, 0x1080, 0x1080, 0x1080, 0x1080, 0x1080, 0x1080, 0x1080,
    0x1080, 0x1080, 0x1080, 0x1080, 0x1080, 0x1080, 0x1080, 0x1080, 0x1080, 0x1080, 0x1080, 0x1080,
    0x1080, 0x1080, 0x1080, 0x1080, 0x1080, 0x1080, 0x1080, 0x1080, 0x1080, 0x1080, 0x1080, 0x1080,
    0x1080, 0x1080, 0x1080, 0x1080, 0x1080, 0x1080, 0x1080, 0x1080, 0x1080, 0x1080, 0x1080, 0x1080,
    0x1961, 0x1e20, 0x1e20, 0x3262, 0x7ffd, 0x7ffd, 0x7ffd, 0x7ffd, 0x1e20, 0x1e20, 0x1e20, 0x1961,
    0x1961, 0x1961, 0x1080, 0x1080, 0x1080, 0x1080, 0x1080, 0x1080, 0x1080, 0x1080, 0x1080, 0x1080,
    0x1080, 0x1080, 0x1080, 0x1080, 0x1080, 0x1080, 0x28e1, 0x28e1, 0x28e1, 0x28e1, 0x28e1, 0x28e1,
    0x28e1, 0x6aa2, 0x28e1, 0x6aa2, 0x6aa2, 0x7742, 0x7742, 0x7ffd, 0x7ffd, 0x7bd4, 0x7742, 0x6aa2,
    0x6aa2, 0x4da1, 0x4da1, 0x4da1, 0x28e1, 0x3161, 0x7742, 0x7742, 0x5262, 0x3262, 0x28e1, 0x28e1,
    0x5262, 0x5262, 0x5262, 0x28e1, 0x1080, 0x1080, 0x1080, 0x1080, 0x1080, 0x1080, 0x1080, 0x1080,
    0x1080, 0x1080, 0x1080, 0x1080, 0x1080, 0x1080, 0x1080, 0x1080, 0x1080, 0x1080, 0x1080, 0x1080,
    0x1080, 0x1080, 0x1080, 0x1080, 0x1080, 0x1080, 0x1080, 0x1080, 0x1080, 0x1080, 0x1080, 0x1080,
    0x28e1, 0x1080, 0x1080, 0x1080, 0x1080, 0x1080, 0x1080, 0x1080, 0x1080, 0x1080, 0x1080, 0x1080,
    0x1080, 0x1080, 0x1080, 0x1080, 0x1080, 0x1080, 0x1080, 0x1080, 0x1080, 0x1080, 0x1080, 0x1080,
    0x1080, 0x1080, 0x1080, 0x1080, 0x1080, 0x1080, 0x1080, 0x1080, 0x1080, 0x28e1, 0x3161, 0x28e1,
    0x5262, 0x28e1, 0x3161, 0x3262, 0x7742, 0x7742, 0x5262, 0x28e1, 0x28e1, 0x4da1, 0x4da1, 0x4da1,
    0x6aa2, 0x7742, 0x7742, 0x7ffd, 0x7ffd, 0x736c, 0x7742, 0x6aa2, 0x4da1, 0x6aa2, 0x28e1, 0x28e1,
    0x28e1, 0x28e1, 0x28e1, 0x1080, 0x1080, 0x1080, 0x1080, 0x1080, 0x1080, 0x1080, 0x1080, 0x1080,
    0x1080, 0x1080, 0x1080, 0x1080, 0x1080, 0x1080, 0x1080, 0x1080, 0x1080, 0x1080, 0x1080, 0x1961,
    0x1e20, 0x1e20, 0x3262, 0x7bd4, 0x7ffd, 0x7ffd, 0x7ffd, 0x56ab, 0x1e20, 0x1e20, 0x1961, 0x1961,
    0x1080, 0x1080, 0x1080, 0x1080, 0x1080, 0x1080, 0x1080, 0x1080, 0x1080, 0x1080, 0x1080, 0x1080,
    0x1080, 0x1080, 0x1080, 0x1080, 0x1080, 0x1080, 0x1080, 0x1080, 0x1080, 0x1080, 0x1080, 0x1080,
    0x1080, 0x1080, 0x1080, 0x1080, 0x1080, 0x1080, 0x1080, 0x1080, 0x1080, 0x1080, 0x1080, 0x1080,
    0x1080, 0x1080, 0x1080, 0x1080, 0x1080, 0x1080, 0x1080, 0x1080, 0x1080, 0x1080, 0x1080, 0x1961,
    0x1961, 0x1e20, 0x3262, 0x7ffd, 0x7ffd, 0x7ffd, 0x7ffd, 0x3262, 0x1e20, 0x1e20, 0x1961, 0x1961,
    0x1080, 0x1080, 0x1080, 0x1080, 0x1080, 0x1080, 0x1080, 0x1080, 0x1080, 0x1080, 0x1080, 0x1080,
    0x1080, 0x1080, 0x1080, 0x1080, 0x1080, 0x1080, 0x28e1, 0x28e1, 0x28e1, 0x28e1, 0x28e1, 0x28e1,
    0x28e1, 0x28e1, 0x4da1, 0x6aa2, 0x6aa2, 0x6aa2, 0x7742, 0x7742, 0x7ffd, 0x7ffd, 0x7742, 0x7742,
    0x6aa2, 0x6aa2, 0x4da1, 0x4da1, 0x3161, 0x3161, 0x7742, 0x7742, 0x3262, 0x3161, 0x28e1, 0x28e1,
    0x3161, 0x5262, 0x5262, 0x3161, 0x28e1, 0x1080, 0x1080, 0x1080, 0x1080, 0x1080, 0x1080, 0x1080,
    0x1080, 0x1080, 0x1080, 0x1080, 0x1080, 0x1080, 0x1080, 0x1080, 0x1080, 0x1080, 0x1080, 0x1080,
    0x1080, 0x1080, 0x1080, 0x1080, 0x1080, 0x1080, 0x1080, 0x1080, 0x1080, 0x1080, 0x1080, 0x1080,
    0x28e1, 0x1080, 0x1080, 0x1080, 0x1080, 0x1080, 0x1080, 0x1080, 0x1080, 0x1080, 0x1080, 0x1080,
    0x1080, 0x1080, 0x1080, 0x1080, 0x1080, 0x1080, 0x1080, 0x1080, 0x1080, 0x1080, 0x1080, 0x1080,
    0x1080, 0x1080, 0x1080, 0x1080, 0x1080, 0x1080, 0x1080, 0x1080, 0x28e1, 0x3161, 0x3161, 0x5262,
    0x28e1, 0x28e1, 0x3161, 0x1961, 0x5262, 0x7742, 0x7742, 0x3161, 0x4da1, 0x4da1, 0x4da1, 0x4da1,
    0x6aa2, 0x7742, 0x736c, 0x7ffd, 0x7ffd, 0x7742, 0x6aa2, 0x4da1, 0x6aa2, 0x28e1, 0x4da1, 0x28e1,
    0x28e1, 0x28e1, 0x28e1, 0x28e1, 0x1080, 0x1080, 0x1080, 0x1080, 0x1080, 0x1080, 0x1080, 0x1080,
    0x1080, 0x1080, 0x1080, 0x1080, 0x1080, 0x1080, 0x1080, 0x1080, 0x1080, 0x1080, 0x1080, 0x1080,
    0x1961, 0x1e20, 0x1e20, 0x3262, 0x7ffd, 0x7ffd, 0x7ffd, 0x7ffd, 0x3262, 0x1e20, 0x1961, 0x1961,
    0x1961, 0x1080, 0x1080, 0x1080, 0x1080, 0x1080, 0x1080, 0x1080, 0x1080, 0x1080, 0x1080, 0x1080,
    0x1080, 0x1080, 0x1080, 0x1080, 0x1080, 0x1080, 0x1080, 0x1080, 0x1080, 0x1080, 0x1080, 0x1080,
    0x1080, 0x1080, 0x1080, 0x1080, 0x1080, 0x1080, 0x1080, 0x1080, 0x1080, 0x1080, 0x1080, 0x1080,
    0x1080, 0x1080, 0x1080, 0x1080, 0x1080, 0x1080, 0x1080, 0x1080, 0x1080, 0x1080, 0x1961, 0x1961,
    0x1e20, 0x1e20, 0x3262, 0x7ffd, 0x7ffd, 0x7ffd, 0x7ffd, 0x3262, 0x1e20, 0x1e20, 0x1961, 0x1961,
    0x1080, 0x1080, 0x1080, 0x1080, 0x1080, 0x1080, 0x1080, 0x1080, 0x1080, 0x1080, 0x1080, 0x1080,
    0x1080, 0x1080, 0x1080, 0x1080, 0x1080, 0x1080, 0x28e1, 0x28e1, 0x28e1, 0x28e1, 0x28e1, 0x28e1,
    0x28e1, 0x28e1, 0x4da1, 0x4da1, 0x6aa2, 0x6aa2, 0x6aa2, 0x7742, 0x736c, 0x7ffd, 0x7ffd, 0x7742,
    0x7742, 0x6aa2, 0x6aa2, 0x4da1, 0x28e1, 0x7742, 0x7742, 0x5262, 0x5262, 0x4da1, 0x3161, 0x28e1,
    0x28e1, 0x7742, 0x3262, 0x4da1, 0x28e1, 0x1080, 0x1080, 0x1080, 0x1080, 0x1080, 0x1080, 0x1080,
    0x1080, 0x1080, 0x1080, 0x1080, 0x1080, 0x1080, 0x1080, 0x1080, 0x1080, 0x1080, 0x1080, 0x1080,
    0x1080, 0x1080, 0x1080, 0x1080, 0x1080, 0x1080, 0x1080, 0x1080, 0x1080, 0x1080, 0x1080, 0x1080,
    0x28e1, 0x1080, 0x1080, 0x1080, 0x1080, 0x1080, 0x1080, 0x1080, 0x1080, 0x1080, 0x1080, 0x1080,
    0x1080, 0x1080, 0x1080, 0x1080, 0x1080, 0x1080, 0x1080, 0x1080, 0x1080, 0x1080, 0x1080, 0x1080,
    0x1080, 0x1080, 0x1080, 0x1080, 0x1080, 0x1080, 0x1080, 0x1080, 0x28e1, 0x28e1, 0x3161, 0x4da1,
    0x28e1, 0x28e1, 0x28e1, 0x3161, 0x3262, 0x7742, 0x7742, 0x5262, 0x3161, 0x4da1, 0x6aa2, 0x6aa2,
    0x7742, 0x7742, 0x7ffd, 0x7ffd, 0x7742, 0x7742, 0x6aa2, 0x4da1, 0x4da1, 0x6aa2, 0x28e1, 0x28e1,
    0x28e1, 0x28e1, 0x28e1, 0x1080, 0x1080, 0x1080, 0x1080, 0x1080, 0x1080, 0x1080, 0x1080, 0x1080,
    0x1080, 0x1080, 0x1080, 0x1080, 0x1080, 0x1080, 0x1080, 0x1080, 0x1080, 0x1080, 0x1080, 0x1080,
    0x1961, 0x1961, 0x1e20, 0x3262, 0x56ab, 0x7ffd, 0x7ffd, 0x7ffd, 0x7bd4, 0x3262, 0x1e20, 0x1961,
    0x1961, 0x1080, 0x1080, 0x1080, 0x1080, 0x1080, 0x1080, 0x1080, 0x1080, 0x1080, 0x1080, 0x1080,
    0x1080, 0x1080, 0x1080, 0x1080, 0x1080, 0x1080, 0x1080, 0x1080, 0x1080, 0x1080, 0x1080, 0x1080,
    0x1080, 0x1080, 0x1080, 0x1080, 0x1080, 0x1080, 0x1080, 0x1080, 0x1080, 0x1080, 0x1080, 0x1080,
    0x1080, 0x1080, 0x1080, 0x1080, 0x1080, 0x1080, 0x1080, 0x1080, 0x1080, 0x1080, 0x1961, 0x1e20,
    0x1e20, 0x1e20, 0x7ffd, 0x7ffd, 0x7ffd, 0x7ffd, 0x3262, 0x1e20, 0x1e20, 0x1961, 0x1961, 0x1080,
    0x1080, 0x1080, 0x1080, 0x1080, 0x1080, 0x1080, 0x1080, 0x1080, 0x1080, 0x1080, 0x1080, 0x1080,
    0x1080, 0x1080, 0x1080, 0x1080, 0x1080, 0x1080, 0x28e1, 0x28e1, 0x28e1, 0x28e1, 0x28e1, 0x28e1,
    0x28e1, 0x28e1, 0x4da1, 0x4da1, 0x28e1, 0x6aa2, 0x6aa2, 0x7742, 0x7742, 0x7ffd, 0x7ffd, 0x7bd4,
    0x7742, 0x6aa2, 0x6aa2, 0x4da1, 0x6aa2, 0x7742, 0x7742, 0x5262, 0x6aa2, 0x4da1, 0x3161, 0x28e1,
    0x28e1, 0x4da1, 0x5262, 0x4da1, 0x3161, 0x28e1, 0x28e1, 0x1080, 0x1080, 0x1080, 0x1080, 0x1080,
    0x1080, 0x1080, 0x1080, 0x1080, 0x1080, 0x1080, 0x1080, 0x1080, 0x1080, 0x1080, 0x1080, 0x1080,
    0x1080, 0x1080, 0x1080, 0x1080, 0x1080, 0x1080, 0x1080, 0x1080, 0x1080, 0x1080, 0x1080, 0x1080,
    0x28e1, 0x1080, 0x1080, 0x1080, 0x1080, 0x1080, 0x1080, 0x1080, 0x1080, 0x1080, 0x1080, 0x1080,
    0x1080, 0x1080, 0x1080, 0x1080, 0x1080, 0x1080, 0x1080, 0x1080, 0x1080, 0x1080, 0x1080, 0x1080,
    0x1080, 0x1080, 0x1080, 0x1080, 0x1080, 0x1080, 0x1080, 0x28e1, 0x28e1, 0x28e1, 0x4da1, 0x28e1,
    0x28e1, 0x28e1, 0x3161, 0x4da1, 0x4da1, 0x7742, 0x7742, 0x7742, 0x4da1, 0x4da1, 0x6aa2, 0x7742,
    0x7742, 0x7bd4, 0x7ffd, 0x736c, 0x7742, 0x6aa2, 0x4da1, 0x6aa2, 0x4da1, 0x28e1, 0x28e1, 0x28e1,
    0x28e1, 0x28e1, 0x28e1, 0x1080, 0x1080, 0x1080, 0x1080, 0x1080, 0x1080, 0x1080, 0x1080, 0x1080,
    0x1080, 0x1080, 0x1080, 0x1080, 0x1080, 0x1080, 0x1080, 0x1080, 0x1080, 0x1080, 0x1080, 0x1080,
    0x1080, 0x1961, 0x1e20, 0x1e20, 0x3262, 0x7ffd, 0x7ffd, 0x7ffd, 0x7ffd, 0x3262, 0x1e20, 0x1e20,
    0x1961, 0x1961, 0x1080, 0x1080, 0x1080, 0x1080, 0x1080, 0x1080, 0x1080, 0x1080, 0x1080, 0x1080,
    0x1080, 0x1080, 0x1080, 0x1080, 0x1080, 0x1080, 0x1080, 0x1080, 0x1080, 0x1080, 0x1080, 0x1080,
    0x1080, 0x1080, 0x1080, 0x1080, 0x1080, 0x1080, 0x1080, 0x1080, 0x1080, 0x1080, 0x1080, 0x1080,
    0x1080, 0x1080, 0x1080, 0x1080, 0x1080, 0x1080, 0x1080, 0x1080, 0x1080, 0x1961, 0x1961, 0x1e20,
    0x1e20, 0x736c, 0x7ffd, 0x7ffd, 0x7ffd, 0x7bd4, 0x3262, 0x1e20, 0x1e20, 0x1961, 0x1961, 0x1080,
    0x1080, 0x1080, 0x1080, 0x1080, 0x1080, 0x1080, 0x1080, 0x1080, 0x1080, 0x1080, 0x1080, 0x1080,
    0x1080, 0x1080, 0x1080, 0x1080, 0x1080, 0x1080, 0x1080, 0x1080, 0x1080, 0x28e1, 0x28e1, 0x28e1,
    0x28e1, 0x28e1, 0x28e1, 0x4da1, 0x6aa2, 0x4da1, 0x6aa2, 0x6aa2, 0x7742, 0x7742, 0x7ffd, 0x7ffd,
    0x7742, 0x7742, 0x6aa2, 0x6aa2, 0x6aa2, 0x736c, 0x7742, 0x6aa2, 0x4da1, 0x4da1, 0x28e1, 0x4da1,
    0x28e1, 0x28e1, 0x28e1, 0x28e1, 0x28e1, 0x28e1, 0x28e1, 0x28e1, 0x28e1, 0x28e1, 0x28e1, 0x28e1,
    0x28e1, 0x28e1, 0x28e1, 0x28e1, 0x28e1, 0x28e1, 0x28e1, 0x1080, 0x1080, 0x1080, 0x1080, 0x1080,
    0x1080, 0x1080, 0x1080, 0x1080, 0x1080, 0x1080, 0x1080, 0x1080, 0x1080, 0x1080, 0x1080, 0x1080,
    0x28e1, 0x1080, 0x1080, 0x1080, 0x1080, 0x1080, 0x1080, 0x1080, 0x1080, 0x1080, 0x1080, 0x1080,
    0x1080, 0x1080, 0x1080, 0x1080, 0x1080, 0x1080, 0x1080, 0x1080, 0x1080, 0x1080, 0x1080, 0x1080,
    0x1080, 0x1080, 0x1080, 0x1080, 0x1080, 0x1080, 0x1080, 0x1080, 0x28e1, 0x28e1, 0x28e1, 0x28e1,
    0x28e1, 0x28e1, 0x3161, 0x4da1, 0x4da1, 0x5262, 0x7742, 0x736c, 0x4da1, 0x6aa2, 0x6aa2, 0x7742,
    0x736c, 0x7ffd, 0x7ffd, 0x7742, 0x6aa2, 0x4da1, 0x6aa2, 0x28e1, 0x28e1, 0x28e1, 0x28e1, 0x28e1,
    0x28e1, 0x28e1, 0x28e1, 0x1080, 0x1080, 0x1080, 0x1080, 0x1080, 0x1080, 0x1080, 0x1080, 0x1080,
    0x1080, 0x1080, 0x1080, 0x1080, 0x1080, 0x1080, 0x1080, 0x1080, 0x1080, 0x1080, 0x1080, 0x1080,
    0x1080, 0x1961, 0x1961, 0x1e20, 0x1e20, 0x3262, 0x7ffd, 0x7ffd, 0x7ffd, 0x7ffd, 0x3262, 0x1e20,
    0x1e20, 0x1961, 0x1080, 0x1080, 0x1080, 0x1080, 0x1080, 0x1080, 0x1080, 0x1080, 0x1080, 0x1080,
    0x1080, 0x1080, 0x1080, 0x1080, 0x1080, 0x1080, 0x1080, 0x1080, 0x1080, 0x1080, 0x1080, 0x1080,
    0x1080, 0x1080, 0x1080, 0x1080, 0x1080, 0x1080, 0x1080, 0x1080, 0x1080, 0x1080, 0x1080, 0x1080,
    0x1080, 0x1080, 0x1080, 0x1080, 0x1080, 0x1080, 0x1080, 0x1080, 0x1080, 0x1961, 0x1e20, 0x1e20,
    0x1e20, 0x7ffd, 0x7ffd, 0x7ffd, 0x7ffd, 0x3262, 0x1e20, 0x1e20, 0x1961, 0x1961, 0x1080, 0x1080,
    0x1080, 0x1080, 0x1080, 0x1080, 0x1080, 0x1080, 0x1080, 0x1080, 0x1080, 0x1080, 0x1080, 0x1080,
    0x1080, 0x1080, 0x1080, 0x1080, 0x1080, 0x1080, 0x1080, 0x1080, 0x28e1, 0x28e1, 0x28e1, 0x28e1,
    0x28e1, 0x28e1, 0x28e1, 0x4da1, 0x28e1, 0x6aa2, 0x4da1, 0x4da1, 0x6aa2, 0x7742, 0x7742, 0x7ffd,
    0x7ffd, 0x7742, 0x6aa2, 0x6aa2, 0x6aa2, 0x4da1, 0x4da1, 0x4da1, 0x4da1, 0x4da1, 0x28e1, 0x3161,
    0x28e1, 0x28e1, 0x28e1, 0x28e1, 0x28e1, 0x28e1, 0x28e1, 0x28e1, 0x28e1, 0x28e1, 0x28e1, 0x28e1,
    0x28e1, 0x28e1, 0x28e1, 0x28e1, 0x28e1, 0x28e1, 0x28e1, 0x28e1, 0x28e1, 0x28e1, 0x28e1, 0x1080,
    0x1080, 0x1080, 0x1080, 0x1080, 0x1080, 0x1080, 0x1080, 0x1080, 0x1080, 0x1080, 0x1080, 0x1080,
    0x28e1, 0x1080, 0x1080, 0x1080, 0x1080, 0x1080, 0x1080, 0x1080, 0x1080, 0x1080, 0x1080, 0x1080,
    0x1080, 0x1080, 0x1080, 0x28e1, 0x28e1, 0x28e1, 0x28e1, 0x28e1, 0x28e1, 0x28e1, 0x28e1, 0x28e1,
    0x28e1, 0x28e1, 0x28e1, 0x28e1, 0x28e1, 0x28e1, 0x28e1, 0x28e1, 0x28e1, 0x28e1, 0x28e1, 0x28e1,
    0x28e1, 0x28e1, 0x28e1, 0x4da1, 0x3161, 0x3161, 0x4da1, 0x4da1, 0x4da1, 0x6aa2, 0x7742, 0x7742,
    0x7ffd, 0x7ffd, 0x7742, 0x6aa2, 0x4da1, 0x4da1, 0x28e1, 0x4da1, 0x28e1, 0x28e1, 0x28e1, 0x28e1,
    0x28e1, 0x28e1, 0x28e1, 0x1080, 0x1080, 0x1080, 0x1080, 0x1080, 0x1080, 0x1080, 0x1080, 0x1080,
    0x1080, 0x1080, 0x1080, 0x1080, 0x1080, 0x1080, 0x1080, 0x1080, 0x1080, 0x1080, 0x1080, 0x1080,
    0x1080, 0x1961, 0x1961, 0x1961, 0x1e20, 0x3262, 0x736c, 0x7ffd, 0x7ffd, 0x7ffd, 0x56ab, 0x1e20,
    0x1e20, 0x1961, 0x1961, 0x1080, 0x1080, 0x1080, 0x1080, 0x1080, 0x1080, 0x1080, 0x1080, 0x1080,
    0x1080, 0x1080, 0x1080, 0x1080, 0x1080, 0x1080, 0x1080, 0x1080, 0x1080, 0x1080, 0x1080, 0x1080,
    0x1080, 0x1080, 0x1080, 0x1080, 0x1080, 0x1080, 0x1080, 0x1080, 0x1080, 0x1080, 0x1080, 0x1080,
    0x1080, 0x1080, 0x1080, 0x1080, 0x1080, 0x1080, 0x1080, 0x1080, 0x1961, 0x1e20, 0x1e20, 0x3262,
    0x7bd4, 0x7ffd, 0x7ffd, 0x7ffd, 0x56ab, 0x3262, 0x1e20, 0x1961, 0x1961, 0x1961, 0x1080, 0x1080,
    0x1080, 0x1080, 0x1080, 0x1080, 0x1080, 0x1080, 0x1080, 0x1080, 0x1080, 0x1080, 0x1080, 0x1080,
    0x1080, 0x1080, 0x1080, 0x1080, 0x1080, 0x1080, 0x1080, 0x1080, 0x28e1, 0x28e1, 0x28e1, 0x28e1,
    0x28e1, 0x28e1, 0x28e1, 0x28e1, 0x28e1, 0x4da1, 0x6aa2, 0x6aa2, 0x6aa2, 0x6aa2, 0x7742, 0x7bd4,
    0x7ffd, 0x736c, 0x7742, 0x6aa2, 0x6aa2, 0x4da1, 0x4da1, 0x4da1, 0x4da1, 0x4da1, 0x4da1, 0x4da1,
    0x4da1, 0x4da1, 0x4da1, 0x28e1, 0x28e1, 0x28e1, 0x28e1, 0x28e1, 0x28e1, 0x28e1, 0x28e1, 0x28e1,
    0x28e1, 0x28e1, 0x28e1, 0x28e1, 0x28e1, 0x28e1, 0x28e1, 0x28e1, 0x28e1, 0x28e1, 0x28e1, 0x28e1,
    0x28e1, 0x28e1, 0x28e1, 0x28e1, 0x28e1, 0x28e1, 0x28e1, 0x28e1, 0x28e1, 0x28e1, 0x28e1, 0x28e1,
    0x28e1, 0x28e1, 0x28e1, 0x28e1, 0x28e1, 0x28e1, 0x28e1, 0x28e1, 0x28e1, 0x28e1, 0x28e1, 0x28e1,
    0x28e1, 0x28e1, 0x28e1, 0x28e1, 0x28e1, 0x28e1, 0x28e1, 0x28e1, 0x28e1, 0x28e1, 0x28e1, 0x28e1,
    0x28e1, 0x28e1, 0x28e1, 0x28e1, 0x28e1, 0x28e1, 0x28e1, 0x28e1, 0x28e1, 0x28e1, 0x28e1, 0x28e1,
    0x28e1, 0x4da1, 0x4da1, 0x4da1, 0x4da1, 0x4da1, 0x4da1, 0x4da1, 0x6aa2, 0x7742, 0x7742, 0x7bd4,
    0x7ffd, 0x736c, 0x7742, 0x6aa2, 0x4da1, 0x4da1, 0x6aa2, 0x28e1, 0x28e1, 0x28e1, 0x28e1, 0x28e1,
    0x28e1, 0x28e1, 0x28e1, 0x1080, 0x1080, 0x1080, 0x1080, 0x1080, 0x1080, 0x1080, 0x1080, 0x1080,
    0x1080, 0x1080, 0x1080, 0x1080, 0x1080, 0x1080, 0x1080, 0x1080, 0x1080, 0x1080, 0x1080, 0x1080,
    0x1080, 0x1080, 0x1961, 0x1961, 0x1e20, 0x1e20, 0x3262, 0x7ffd, 0x7ffd, 0x7ffd, 0x7ffd, 0x3262,
    0x1e20, 0x1e20, 0x1961, 0x1961, 0x1080, 0x1080, 0x1080, 0x1080, 0x1080, 0x1080, 0x1080, 0x1080,
    0x1080, 0x1080, 0x1080, 0x1080, 0x1080, 0x1080, 0x1080, 0x1080, 0x1080, 0x1080, 0x1080, 0x1080,
    0x1080, 0x1080, 0x1080, 0x1080, 0x1080, 0x1080, 0x1080, 0x1080, 0x1080, 0x1080, 0x1080, 0x1080,
    0x1080, 0x1080, 0x1080, 0x1080, 0x1080, 0x1080, 0x1080, 0x1080, 0x1961, 0x1e20, 0x1e20, 0x3262,
    0x7ffd, 0x7ffd, 0x7ffd, 0x7ffd, 0x3262, 0x1e20, 0x1e20, 0x1961, 0x1961, 0x1080, 0x1080, 0x1080,
    0x1080, 0x1080, 0x1080, 0x1080, 0x1080, 0x1080, 0x1080, 0x1080, 0x1080, 0x1080, 0x1080, 0x1080,
    0x1080, 0x1080, 0x1080, 0x1080, 0x1080, 0x1080, 0x1080, 0x1080, 0x28e1, 0x28e1, 0x28e1, 0x28e1,
    0x28e1, 0x28e1, 0x28e1, 0x4da1, 0x4da1, 0x28e1, 0x4da1, 0x4da1, 0x6aa2, 0x6aa2, 0x6aa2, 0x7742,
    0x7ffd, 0x7ffd, 0x7742, 0x7742, 0x6aa2, 0x6aa2, 0x6aa2, 0x4da1, 0x4da1, 0x4da1, 0x4da1, 0x4da1,
    0x4da1, 0x4da1, 0x4da1, 0x4da1, 0x4da1, 0x4da1, 0x4da1, 0x4da1, 0x4da1, 0x4da1, 0x4da1, 0x3161,
    0x3161, 0x3161, 0x3161, 0x3161, 0x3161, 0x3161, 0x28e1, 0x28e1, 0x28e1, 0x28e1, 0x28e1, 0x28e1,
    0x28e1, 0x28e1, 0x28e1, 0x28e1, 0x28e1, 0x28e1, 0x28e1, 0x28e1, 0x28e1, 0x28e1, 0x28e1, 0x28e1,
    0x28e1, 0x28e1, 0x28e1, 0x28e1, 0x28e1, 0x28e1, 0x28e1, 0x28e1, 0x28e1, 0x28e1, 0x28e1, 0x28e1,
    0x28e1, 0x28e1, 0x28e1, 0x28e1, 0x28e1, 0x28e1, 0x28e1, 0x28e1, 0x28e1, 0x28e1, 0x28e1, 0x28e1,
    0x28e1, 0x28e1, 0x28e1, 0x28e1, 0x28e1, 0x28e1, 0x28e1, 0x3161, 0x3161, 0x4da1, 0x4da1, 0x4da1,
    0x4da1, 0x4da1, 0x4da1, 0x4da1, 0x4da1, 0x4da1, 0x4da1, 0x6aa2, 0x6aa2, 0x7742, 0x736c, 0x7ffd,
    0x7ffd, 0x7742, 0x6aa2, 0x4da1, 0x6aa2, 0x6aa2, 0x28e1, 0x28e1, 0x28e1, 0x28e1, 0x28e1, 0x28e1,
    0x28e1, 0x28e1, 0x28e1, 0x1080, 0x1080, 0x1080, 0x1080, 0x1080, 0x1080, 0x1080, 0x1080, 0x1080,
    0x1080, 0x1080, 0x1080, 0x1080, 0x1080, 0x1080, 0x1080, 0x1080, 0x1080, 0x1080, 0x1080, 0x1080,
    0x1080, 0x1080, 0x1961, 0x1961, 0x1961, 0x1e20, 0x1e20, 0x736c, 0x7ffd, 0x7ffd, 0x7ffd, 0x7bd4,
    0x3262, 0x1e20, 0x1e20, 0x1961, 0x1080, 0x1080, 0x1080, 0x1080, 0x1080, 0x1080, 0x1080, 0x1080,
    0x1080, 0x1080, 0x1080, 0x1080, 0x1080, 0x1080, 0x1080, 0x1080, 0x1080, 0x1080, 0x1080, 0x1080,
    0x1080, 0x1080, 0x1080, 0x1080, 0x1080, 0x1080, 0x1080, 0x1080, 0x1080, 0x1080, 0x1080, 0x1080,
    0x1080, 0x1080, 0x1080, 0x1080, 0x1080, 0x1080, 0x1080, 0x1961, 0x1e20, 0x1e20, 0x3262, 0x7ffd,
    0x7ffd, 0x7ffd, 0x7ffd, 0x3262, 0x1e20, 0x1e20, 0x1961, 0x1961, 0x1080, 0x1080, 0x1080, 0x1080,
    0x1080, 0x1080, 0x1080, 0x1080, 0x1080, 0x1080, 0x1080, 0x1080, 0x1080, 0x1080, 0x1080, 0x1080,
    0x1080, 0x1080, 0x1080, 0x1080, 0x1080, 0x1080, 0x1080, 0x1080, 0x28e1, 0x28e1, 0x28e1, 0x28e1,
    0x28e1, 0x28e1, 0x28e1, 0x28e1, 0x28e1, 0x4da1, 0x4da1, 0x6aa2, 0x4da1, 0x6aa2, 0x6aa2, 0x7742,
    0x7742, 0x7ffd, 0x7ffd, 0x7742, 0x7742, 0x6aa2, 0x6aa2, 0x6aa2, 0x6aa2, 0x6aa2, 0x6aa2, 0x6aa2,
    0x4da1, 0x4da1, 0x4da1, 0x4da1, 0x4da1, 0x4da1, 0x4da1, 0x4da1, 0x4da1, 0x4da1, 0x4da1, 0x4da1,
    0x4da1, 0x4da1, 0x4da1, 0x4da1, 0x4da1, 0x4da1, 0x4da1, 0x4da1, 0x4da1, 0x4da1, 0x4da1, 0x4da1,
    0x4da1, 0x4da1, 0x4da1, 0x4da1, 0x4da1, 0x4da1, 0x4da1, 0x4da1, 0x4da1, 0x4da1, 0x4da1, 0x4da1,
    0x4da1, 0x4da1, 0x4da1, 0x4da1, 0x4da1, 0x4da1, 0x4da1, 0x4da1, 0x4da1, 0x4da1, 0x4da1, 0x4da1,
    0x4da1, 0x4da1, 0x4da1, 0x4da1, 0x4da1, 0x4da1, 0x4da1, 0x4da1, 0x4da1, 0x4da1, 0x4da1, 0x4da1,
    0x4da1, 0x4da1, 0x4da1, 0x4da1, 0x4da1, 0x4da1, 0x4da1, 0x4da1, 0x4da1, 0x4da1, 0x4da1, 0x4da1,
    0x4da1, 0x4da1, 0x4da1, 0x4da1, 0x6aa2, 0x6aa2, 0x6aa2, 0x6aa2, 0x7742, 0x7742, 0x7ffd, 0x7ffd,
    0x7742, 0x7742, 0x6aa2, 0x6aa2, 0x4da1, 0x4da1, 0x4da1, 0x28e1, 0x28e1, 0x28e1, 0x28e1, 0x28e1,
    0x28e1, 0x28e1, 0x1080, 0x1080, 0x1080, 0x1080, 0x1080, 0x1080, 0x1080, 0x1080, 0x1080, 0x1080,
    0x1080, 0x1080, 0x1080, 0x1080, 0x1080, 0x1080, 0x1080, 0x1080, 0x1080, 0x1080, 0x1080, 0x1080,
    0x1080, 0x1080, 0x1080, 0x1961, 0x1961, 0x1e20, 0x1e20, 0x1e20, 0x7ffd, 0x7ffd, 0x7ffd, 0x7ffd,
    0x3262, 0x3262, 0x1e20, 0x1961, 0x1961, 0x1080, 0x1080, 0x1080, 0x1080, 0x1080, 0x1080, 0x1080,
    0x1080, 0x1080, 0x1080, 0x1080, 0x1080, 0x1080, 0x1080, 0x1080, 0x1080, 0x1080, 0x1080, 0x1080,
    0x1080, 0x1080, 0x1080, 0x1080, 0x1080, 0x1080, 0x1080, 0x1080, 0x1080, 0x1080, 0x1080, 0x1080,
    0x1080, 0x1080, 0x1080, 0x1080, 0x1080, 0x1080, 0x1961, 0x1e20, 0x1e20, 0x1e20, 0x736c, 0x7ffd,
    0x7ffd, 0x7ffd, 0x7ffd, 0x3262, 0x1e20, 0x1e20, 0x1961, 0x1961, 0x1080, 0x1080, 0x1080, 0x1080,
    0x1080, 0x1080, 0x1080, 0x1080, 0x1080, 0x1080, 0x1080, 0x1080, 0x1080, 0x1080, 0x1080, 0x1080,
    0x1080, 0x1080, 0x1080, 0x1080, 0x1080, 0x1080, 0x1080, 0x1080, 0x28e1, 0x28e1, 0x28e1, 0x28e1,
    0x28e1, 0x28e1, 0x28e1, 0x28e1, 0x4da1, 0x4da1, 0x4da1, 0x4da1, 0x6aa2, 0x6aa2, 0x6aa2, 0x6aa2,
    0x7742, 0x736c, 0x7ffd, 0x736c, 0x7742, 0x7742, 0x7742, 0x7742, 0x7742, 0x7742, 0x7742, 0x7742,
    0x6aa2, 0x7742, 0x6aa2, 0x6aa2, 0x6aa2, 0x6aa2, 0x6aa2, 0x6aa2, 0x6aa2, 0x6aa2, 0x6aa2, 0x6aa2,
    0x6aa2, 0x6aa2, 0x6aa2, 0x6aa2, 0x6aa2, 0x6aa2, 0x6aa2, 0x6aa2, 0x6aa2, 0x6aa2, 0x6aa2, 0x6aa2,
    0x6aa2, 0x6aa2, 0x6aa2, 0x6aa2, 0x6aa2, 0x6aa2, 0x6aa2, 0x6aa2, 0x6aa2, 0x6aa2, 0x6aa2, 0x6aa2,
    0x6aa2, 0x6aa2, 0x6aa2, 0x6aa2, 0x6aa2, 0x6aa2, 0x6aa2, 0x6aa2, 0x6aa2, 0x6aa2, 0x6aa2, 0x6aa2,
    0x6aa2, 0x6aa2, 0x6aa2, 0x6aa2, 0x5262, 0x5262, 0x5262, 0x6aa2, 0x6aa2, 0x6aa2, 0x6aa2, 0x6aa2,
    0x6aa2, 0x6aa2, 0x6aa2, 0x6aa2, 0x6aa2, 0x6aa2, 0x6aa2, 0x6aa2, 0x6aa2, 0x6aa2, 0x6aa2, 0x6aa2,
    0x6aa2, 0x6aa2, 0x6aa2, 0x7742, 0x7742, 0x7742, 0x6aa2, 0x7742, 0x7742, 0x7bd4, 0x7ffd, 0x7742,
    0x7742, 0x6aa2, 0x6aa2, 0x4da1, 0x6aa2, 0x4da1, 0x4da1, 0x4da1, 0x28e1, 0x28e1, 0x28e1, 0x28e1,
    0x28e1, 0x28e1, 0x28e1, 0x1080, 0x1080, 0x1080, 0x1080, 0x1080, 0x1080, 0x1080, 0x1080, 0x1080,
    0x1080, 0x1080, 0x1080, 0x1080, 0x1080, 0x1080, 0x1080, 0x1080, 0x1080, 0x1080, 0x1080, 0x1080,
    0x1080, 0x1080, 0x1080, 0x1080, 0x1961, 0x1961, 0x1e20, 0x1e20, 0x3262, 0x7ffd, 0x7ffd, 0x7ffd,
    0x7ffd, 0x3262, 0x1e20, 0x1e20, 0x1961, 0x1080, 0x1080, 0x1080, 0x1080, 0x1080, 0x1080, 0x1080,
    0x1080, 0x1080, 0x1080, 0x1080, 0x1080, 0x1080, 0x1080, 0x1080, 0x1080, 0x1080, 0x1080, 0x1080,
    0x1080, 0x1080, 0x1080, 0x1080, 0x1080, 0x1080, 0x1080, 0x1080, 0x1080, 0x1080, 0x1080, 0x1080,
    0x1080, 0x1080, 0x1080, 0x1080, 0x1080, 0x1961, 0x1961, 0x1e20, 0x1e20, 0x3262, 0x7ffd, 0x7ffd,
    0x7ffd, 0x7ffd, 0x3262, 0x1e20, 0x1e20, 0x1961, 0x1961, 0x1961, 0x1080, 0x1080, 0x1080, 0x1080,
    0x1080, 0x1080, 0x1080, 0x1080, 0x1080, 0x1080, 0x1080, 0x1080, 0x1080, 0x1080, 0x1080, 0x1080,
    0x1080, 0x1080, 0x1080, 0x1080, 0x1080, 0x1080, 0x1080, 0x1080, 0x28e1, 0x28e1, 0x28e1, 0x28e1,
    0x28e1, 0x28e1, 0x28e1, 0x28e1, 0x4da1, 0x4da1, 0x4da1, 0x4da1, 0x4da1, 0x6aa2, 0x6aa2, 0x6aa2,
    0x7742, 0x7742, 0x7ffd, 0x7ffd, 0x736c, 0x7742, 0x736c, 0x7742, 0x7742, 0x7742, 0x7742, 0x7742,
    0x7742, 0x7742, 0x7742, 0x7742, 0x7742, 0x7742, 0x7742, 0x7742, 0x7742, 0x7742, 0x7742, 0x7742,
    0x7742, 0x7742, 0x7742, 0x7742, 0x7742, 0x7742, 0x7742, 0x7742, 0x7742, 0x7742, 0x7742, 0x7742,
    0x7742, 0x7742, 0x7742, 0x7742, 0x7742, 0x7742, 0x7742, 0x7742, 0x7742, 0x7742, 0x7742, 0x7742,
    0x7742, 0x7742, 0x7742, 0x7742, 0x7742, 0x7742, 0x7742, 0x7742, 0x7742, 0x7742, 0x7742, 0x7742,
    0x7742, 0x7742, 0x7742, 0x7742, 0x7742, 0x7742, 0x7742, 0x7742, 0x7742, 0x7742, 0x7742, 0x7742,
    0x7742, 0x7742, 0x7742, 0x7742, 0x7742, 0x7742, 0x7742, 0x7742, 0x7742, 0x7742, 0x7742, 0x7742,
    0x7742, 0x7742, 0x7742, 0x7742, 0x7742, 0x7742, 0x7742, 0x7742, 0x7742, 0x7ffd, 0x7ffd, 0x7742,
    0x7742, 0x6aa2, 0x6aa2, 0x6aa2, 0x4da1, 0x4da1, 0x4da1, 0x4da1, 0x28e1, 0x28e1, 0x28e1, 0x28e1,
    0x28e1, 0x28e1, 0x28e1, 0x1080, 0x1080, 0x1080, 0x1080, 0x1080, 0x1080, 0x1080, 0x1080, 0x1080,
    0x1080, 0x1080, 0x1080, 0x1080, 0x1080, 0x1080, 0x1080, 0x1080, 0x1080, 0x1080, 0x1080, 0x1080,
    0x1080, 0x1080, 0x1080, 0x1080, 0x1080, 0x1961, 0x1e20, 0x1e20, 0x3262, 0x7bd4, 0x7ffd, 0x7ffd,
    0x7ffd, 0x736c, 0x3262, 0x1e20, 0x1961, 0x1961, 0x1080, 0x1080, 0x1080, 0x1080, 0x1080, 0x1080,
    0x1080, 0x1080, 0x1080, 0x1080, 0x1080, 0x1080, 0x1080, 0x1080, 0x1080, 0x1080, 0x1080, 0x1080,
    0x1080, 0x1080, 0x1080, 0x1080, 0x1080, 0x1080, 0x1080, 0x1080, 0x1080, 0x1080, 0x1080, 0x1080,
    0x1080, 0x1080, 0x1080, 0x1080, 0x1080, 0x1961, 0x1e20, 0x1e20, 0x3262, 0x7ffd, 0x7ffd, 0x7ffd,
    0x7ffd, 0x736c, 0x3262, 0x1e20, 0x1e20, 0x1961, 0x1961, 0x1080, 0x1080, 0x1080, 0x1080, 0x1080,
    0x1080, 0x1080, 0x1080, 0x1080, 0x1080, 0x1080, 0x1080, 0x1080, 0x1080, 0x1080, 0x1080, 0x1080,
    0x1080, 0x1080, 0x1080, 0x1080, 0x1080, 0x1080, 0x1080, 0x1080, 0x28e1, 0x28e1, 0x28e1, 0x28e1,
    0x28e1, 0x28e1, 0x28e1, 0x4da1, 0x4da1, 0x4da1, 0x4da1, 0x4da1, 0x6aa2, 0x6aa2, 0x6aa2, 0x7742,
    0x7742, 0x736c, 0x736c, 0x7ffd, 0x7ffd, 0x7ffd, 0x7ffd, 0x7ffd, 0x7ffd, 0x7ffd, 0x7ffd, 0x7ffd,
    0x7ffd, 0x7ffd, 0x7ffd, 0x7ffd, 0x7ffd, 0x7ffd, 0x7ffd, 0x7ffd, 0x7ffd, 0x7ffd, 0x7ffd, 0x7ffd,
    0x7ffd, 0x7ffd, 0x7ffd, 0x7ffd, 0x7ffd, 0x7ffd, 0x7ffd, 0x7ffd, 0x7ffd, 0x7ffd, 0x7ffd, 0x7ffd,
    0x7ffd, 0x7ffd, 0x7ffd, 0x7ffd, 0x7ffd, 0x7ffd, 0x7ffd, 0x7ffd, 0x7ffd, 0x7ffd, 0x7ffd, 0x7ffd,
    0x7ffd, 0x7ffd, 0x7ffd, 0x7ffd, 0x7ffd, 0x7ffd, 0x7ffd, 0x7ffd, 0x7ffd, 0x7ffd, 0x7ffd, 0x7ffd,
    0x7ffd, 0x7ffd, 0x7ffd, 0x7ffd, 0x7ffd, 0x7ffd, 0x7ffd, 0x7ffd, 0x7ffd, 0x7ffd, 0x7ffd, 0x7ffd,
    0x7ffd, 0x7ffd, 0x7ffd, 0x7ffd, 0x7ffd, 0x7ffd, 0x7ffd, 0x7ffd, 0x7ffd, 0x7ffd, 0x7ffd, 0x7ffd,
    0x7ffd, 0x7ffd, 0x7ffd, 0x7ffd, 0x7ffd, 0x7ffd, 0x7ffd, 0x7ffd, 0x7ffd, 0x7ffd, 0x736c, 0x736c,
    0x7742, 0x6aa2, 0x6aa2, 0x6aa2, 0x4da1, 0x4da1, 0x4da1, 0x28e1, 0x4da1, 0x28e1, 0x28e1, 0x28e1,
    0x28e1, 0x28e1, 0x28e1, 0x1080, 0x1080, 0x1080, 0x1080, 0x1080, 0x1080, 0x1080, 0x1080, 0x1080,
    0x1080, 0x1080, 0x1080, 0x1080, 0x1080, 0x1080, 0x1080, 0x1080, 0x1080, 0x1080, 0x1080, 0x1080,
    0x1080, 0x1080, 0x1080, 0x1080, 0x1080, 0x1961, 0x1961, 0x1e20, 0x1e20, 0x1e20, 0x7ffd, 0x7ffd,
    0x7ffd, 0x7ffd, 0x1e20, 0x1e20, 0x1e20, 0x1961, 0x1080, 0x1080, 0x1080, 0x1080, 0x1080, 0x1080,
    0x1080, 0x1080, 0x1080, 0x1080, 0x1080, 0x1080, 0x1080, 0x1080, 0x1080, 0x1080, 0x1080, 0x1080,
    0x1080, 0x1080, 0x1080, 0x1080, 0x1080, 0x1080, 0x1080, 0x1080, 0x1080, 0x1080, 0x1080, 0x1080,
    0x1080, 0x1080, 0x1080, 0x1961, 0x1961, 0x1961, 0x1e20, 0x1e20, 0x3262, 0x7ffd, 0x7ffd, 0x7ffd,
    0x7ffd, 0x3262, 0x1e20, 0x1e20, 0x1961, 0x1961, 0x1961, 0x1080, 0x1080, 0x1080, 0x1080, 0x1080,
    0x1080, 0x1080, 0x1080, 0x1080, 0x1080, 0x1080, 0x1080, 0x1080, 0x1080, 0x1080, 0x1080, 0x1080,
    0x1080, 0x1080, 0x1080, 0x1080, 0x1080, 0x1080, 0x1080, 0x1080, 0x28e1, 0x28e1, 0x28e1, 0x28e1,
    0x28e1, 0x28e1, 0x28e1, 0x4da1, 0x4da1, 0x4da1, 0x4da1, 0x4da1, 0x4da1, 0x6aa2, 0x7742, 0x7742,
    0x736c, 0x7ffd, 0x7bd4, 0x736c, 0x7ffd, 0x7ffd, 0x7742, 0x7742, 0x7742, 0x7742, 0x7742, 0x7742,
    0x7742, 0x7742, 0x7742, 0x7742, 0x7742, 0x7742, 0x7742, 0x7742, 0x7742, 0x7742, 0x7742, 0x6aa2,
    0x6aa2, 0x7742, 0x7742, 0x6aa2, 0x6aa2, 0x6aa2, 0x6aa2, 0x6aa2, 0x6aa2, 0x6aa2, 0x6aa2, 0x6aa2,
    0x6aa2, 0x6aa2, 0x6aa2, 0x6aa2, 0x6aa2, 0x6aa2, 0x6aa2, 0x6aa2, 0x6aa2, 0x6aa2, 0x6aa2, 0x6aa2,
    0x7742, 0x6aa2, 0x6aa2, 0x6aa2, 0x6aa2, 0x6aa2, 0x6aa2, 0x6aa2, 0x6aa2, 0x6aa2, 0x6aa2, 0x6aa2,
    0x6aa2, 0x6aa2, 0x6aa2, 0x6aa2, 0x6aa2, 0x6aa2, 0x6aa2, 0x6aa2, 0x6aa2, 0x6aa2, 0x6aa2, 0x6aa2,
    0x6aa2, 0x6aa2, 0x6aa2, 0x7742, 0x7742, 0x7742, 0x7742, 0x7742, 0x7742, 0x7742, 0x7742, 0x7742,
    0x7742, 0x7742, 0x7742, 0x7742, 0x7742, 0x7742, 0x7742, 0x7ffd, 0x7ffd, 0x7742, 0x7bd4, 0x7ffd,
    0x7742, 0x7742, 0x6aa2, 0x6aa2, 0x6aa2, 0x4da1, 0x4da1, 0x28e1, 0x3161, 0x28e1, 0x28e1, 0x28e1,
    0x28e1, 0x28e1, 0x28e1, 0x1080, 0x1080, 0x1080, 0x1080, 0x1080, 0x1080, 0x1080, 0x1080, 0x1080,
    0x1080, 0x1080, 0x1080, 0x1080, 0x1080, 0x1080, 0x1080, 0x1080, 0x1080, 0x1080, 0x1080, 0x1080,
    0x1080, 0x1080, 0x1080, 0x1080, 0x1080, 0x1961, 0x1961, 0x1e20, 0x1e20, 0x3262, 0x736c, 0x7ffd,
    0x7ffd, 0x7ffd, 0x736c, 0x1e20, 0x1e20, 0x1961, 0x1961, 0x1080, 0x1080, 0x1080, 0x1080, 0x1080,
    0x1080, 0x1080, 0x1080, 0x1080, 0x1080, 0x1080, 0x1080, 0x1080, 0x1080, 0x1080, 0x1080, 0x1080,
    0x1080, 0x1080, 0x1080, 0x1080, 0x1080, 0x1080, 0x1080, 0x1080, 0x1080, 0x1080, 0x1080, 0x1080,
    0x1080, 0x1080, 0x1080, 0x1080, 0x1961, 0x1e20, 0x1e20, 0x3262, 0x7ffd, 0x7ffd, 0x7ffd, 0x7ffd,
    0x3262, 0x3262, 0x1e20, 0x1961, 0x1961, 0x1961, 0x1080, 0x1080, 0x1080, 0x1080, 0x1080, 0x1080,
    0x1080, 0x1080, 0x1080, 0x1080, 0x1080, 0x1080, 0x1080, 0x1080, 0x1080, 0x1080, 0x1080, 0x1080,
    0x1080, 0x1080, 0x1080, 0x1080, 0x1080, 0x1080, 0x28e1, 0x28e1, 0x28e1, 0x28e1, 0x28e1, 0x28e1,
    0x28e1, 0x28e1, 0x28e1, 0x28e1, 0x4da1, 0x4da1, 0x4da1, 0x4da1, 0x6aa2, 0x6aa2, 0x7742, 0x7742,
    0x7ffd, 0x7ffd, 0x7742, 0x7742, 0x7bd4, 0x7ffd, 0x736c, 0x7742, 0x7742, 0x7742, 0x6aa2, 0x6aa2,
    0x7742, 0x7742, 0x7742, 0x6aa2, 0x6aa2, 0x6aa2, 0x6aa2, 0x7742, 0x7742, 0x7742, 0x5262, 0x4da1,
    0x4da1, 0x4da1, 0x4da1, 0x4da1, 0x4da1, 0x4da1, 0x4da1, 0x4da1, 0x4da1, 0x4da1, 0x4da1, 0x4da1,
    0x4da1, 0x4da1, 0x4da1, 0x4da1, 0x4da1, 0x4da1, 0x4da1, 0x4da1, 0x4da1, 0x4da1, 0x4da1, 0x4da1,
    0x6aa2, 0x4da1, 0x4da1, 0x4da1, 0x4da1, 0x4da1, 0x4da1, 0x4da1, 0x4da1, 0x4da1, 0x4da1, 0x4da1,
    0x4da1, 0x4da1, 0x4da1, 0x4da1, 0x4da1, 0x4da1, 0x4da1, 0x4da1, 0x4da1, 0x4da1, 0x4da1, 0x4da1,
    0x4da1, 0x4da1, 0x4da1, 0x6aa2, 0x6aa2, 0x6aa2, 0x5262, 0x6aa2, 0x6aa2, 0x6aa2, 0x6aa2, 0x7742,
    0x7742, 0x7742, 0x6aa2, 0x7742, 0x7742, 0x7742, 0x736c, 0x7ffd, 0x7bd4, 0x7742, 0x7742, 0x7ffd,
    0x7ffd, 0x7742, 0x7742, 0x6aa2, 0x6aa2, 0x4da1, 0x4da1, 0x4da1, 0x4da1, 0x28e1, 0x28e1, 0x28e1,
    0x28e1, 0x28e1, 0x28e1, 0x28e1, 0x1080, 0x1080, 0x1080, 0x1080, 0x1080, 0x1080, 0x1080, 0x1080,
    0x1080, 0x1080, 0x1080, 0x1080, 0x1080, 0x1080, 0x1080, 0x1080, 0x1080, 0x1080, 0x1080, 0x1080,
    0x1080, 0x1080, 0x1080, 0x1080, 0x1080, 0x1080, 0x1080, 0x1961, 0x1e20, 0x1e20, 0x3262, 0x7ffd,
    0x7ffd, 0x7ffd, 0x7ffd, 0x3262, 0x1e20, 0x1e20, 0x1e20, 0x1961, 0x1080, 0x1080, 0x1080, 0x1080,
    0x1080, 0x1080, 0x1080, 0x1080, 0x1080, 0x1080, 0x1080, 0x1080, 0x1080, 0x1080, 0x1080, 0x1080,
    0x1080, 0x1080, 0x1080, 0x1080, 0x1080, 0x1080, 0x1080, 0x1080, 0x1080, 0x1080, 0x1080, 0x1080,
    0x1080, 0x1080, 0x1080, 0x1961, 0x1e20, 0x1e20, 0x1e20, 0x736c, 0x7ffd, 0x7ffd, 0x7ffd, 0x7ffd,
    0x3262, 0x1e20, 0x1e20, 0x1961, 0x1961, 0x1961, 0x1080, 0x1080, 0x1080, 0x1080, 0x1080, 0x1080,
    0x1080, 0x1080, 0x1080, 0x1080, 0x1080, 0x1080, 0x1080, 0x1080, 0x1080, 0x1080, 0x1080, 0x1080,
    0x1080, 0x1080, 0x1080, 0x1080, 0x1080, 0x1080, 0x28e1, 0x28e1, 0x28e1, 0x28e1, 0x28e1, 0x28e1,
    0x28e1, 0x28e1, 0x28e1, 0x3161, 0x4da1, 0x4da1, 0x4da1, 0x4da1, 0x6aa2, 0x7742, 0x7742, 0x7bd4,
    0x7ffd, 0x736c, 0x7742, 0x7742, 0x7742, 0x7ffd, 0x7ffd, 0x7742, 0x7742, 0x6aa2, 0x6aa2, 0x6aa2,
    0x7742, 0x7742, 0x6aa2, 0x4da1, 0x4da1, 0x4da1, 0x4da1, 0x5262, 0x5262, 0x5262, 0x4da1, 0x3161,
    0x4da1, 0x4da1, 0x4da1, 0x4da1, 0x4da1, 0x4da1, 0x3161, 0x3161, 0x3161, 0x3161, 0x3161, 0x3161,
    0x3161, 0x3161, 0x3161, 0x3161, 0x3161, 0x3161, 0x3161, 0x3161, 0x3161, 0x3161, 0x3161, 0x28e1,
    0x5262, 0x3161, 0x3161, 0x3161, 0x3161, 0x3161, 0x3161, 0x3161, 0x3161, 0x3161, 0x3161, 0x3161,
    0x3161, 0x28e1, 0x4da1, 0x3161, 0x3161, 0x3161, 0x3161, 0x3161, 0x3161, 0x3161, 0x3161, 0x3161,
    0x3161, 0x3161, 0x4da1, 0x5262, 0x5262, 0x5262, 0x4da1, 0x4da1, 0x4da1, 0x5262, 0x6aa2, 0x7742,
    0x7742, 0x6aa2, 0x6aa2, 0x6aa2, 0x7742, 0x7742, 0x7ffd, 0x7ffd, 0x7742, 0x7742, 0x7742, 0x7bd4,
    0x7ffd, 0x7742, 0x7742, 0x6aa2, 0x6aa2, 0x4da1, 0x4da1, 0x4da1, 0x28e1, 0x4da1, 0x28e1, 0x28e1,
    0x28e1, 0x28e1, 0x28e1, 0x28e1, 0x1080, 0x1080, 0x1080, 0x1080, 0x1080, 0x1080, 0x1080, 0x1080,
    0x1080, 0x1080, 0x1080, 0x1080, 0x1080, 0x1080, 0x1080, 0x1080, 0x1080, 0x1080, 0x1080, 0x1080,
    0x1080, 0x1080, 0x1080, 0x1080, 0x1080, 0x1080, 0x1080, 0x1961, 0x1961, 0x1e20, 0x1e20, 0x3262,
    0x7ffd, 0x7ffd, 0x7ffd, 0x7ffd, 0x3262, 0x1e20, 0x1e20, 0x1961, 0x1961, 0x1080, 0x1080, 0x1080,
    0x1080, 0x1080, 0x1080, 0x1080, 0x1080, 0x1080, 0x1080, 0x1080, 0x1080, 0x1080, 0x1080, 0x1080,
    0x1080, 0x1080, 0x1080, 0x1080, 0x1080, 0x1080, 0x1080, 0x1080, 0x1080, 0x1080, 0x1080, 0x1080,
    0x1080, 0x1080, 0x1961, 0x1961, 0x1e20, 0x3262, 0x1e20, 0x7ffd, 0x7ffd, 0x7ffd, 0x7ffd, 0x3262,
    0x1e20, 0x1e20, 0x1e20, 0x1961, 0x1080, 0x1080, 0x1080, 0x1080, 0x1080, 0x1080, 0x1080, 0x1080,
    0x1080, 0x1080, 0x1080, 0x1080, 0x1080, 0x1080, 0x1080, 0x1080, 0x1080, 0x1080, 0x1080, 0x1080,
    0x1080, 0x1080, 0x1080, 0x1080, 0x1080, 0x28e1, 0x28e1, 0x28e1, 0x28e1, 0x28e1, 0x28e1, 0x28e1,
    0x28e1, 0x28e1, 0x3161, 0x4da1, 0x4da1, 0x4da1, 0x4da1, 0x6aa2, 0x6aa2, 0x7742, 0x7742, 0x7ffd,
    0x7ffd, 0x7742, 0x7742, 0x7742, 0x7742, 0x7742, 0x7ffd, 0x7bd4, 0x7742, 0x6aa2, 0x6aa2, 0x6aa2,
    0x7742, 0x7742, 0x7742, 0x4da1, 0x4da1, 0x4da1, 0x4da1, 0x4da1, 0x5262, 0x5262, 0x5262, 0x3161,
    0x28e1, 0x3161, 0x28e1, 0x3161, 0x3161, 0x3161, 0x28e1, 0x28e1, 0x28e1, 0x28e1, 0x3161, 0x28e1,
    0x28e1, 0x28e1, 0x28e1, 0x28e1, 0x28e1, 0x28e1, 0x28e1, 0x28e1, 0x28e1, 0x28e1, 0x28e1, 0x28e1,
    0x4da1, 0x28e1, 0x28e1, 0x28e1, 0x28e1, 0x28e1, 0x28e1, 0x28e1, 0x28e1, 0x28e1, 0x28e1, 0x28e1,
    0x28e1, 0x28e1, 0x3161, 0x28e1, 0x28e1, 0x28e1, 0x28e1, 0x28e1, 0x28e1, 0x28e1, 0x28e1, 0x28e1,
    0x28e1, 0x28e1, 0x5262, 0x4da1, 0x5262, 0x3161, 0x3161, 0x4da1, 0x4da1, 0x4da1, 0x7742, 0x7742,
    0x6aa2, 0x6aa2, 0x6aa2, 0x6aa2, 0x7742, 0x7ffd, 0x7ffd, 0x7742, 0x7742, 0x6aa2, 0x7742, 0x7742,
    0x7ffd, 0x7ffd, 0x7742, 0x7742, 0x6aa2, 0x4da1, 0x6aa2, 0x4da1, 0x4da1, 0x4da1, 0x4da1, 0x28e1,
    0x28e1, 0x28e1, 0x28e1, 0x28e1, 0x28e1, 0x1080, 0x1080, 0x1080, 0x1080, 0x1080, 0x1080, 0x1080,
    0x1080, 0x1080, 0x1080, 0x1080, 0x1080, 0x1080, 0x1080, 0x1080, 0x1080, 0x1080, 0x1080, 0x1080,
    0x1080, 0x1080, 0x1080, 0x1080, 0x1080, 0x1080, 0x1080, 0x1961, 0x1961, 0x1e20, 0x1e20, 0x3262,
    0x7ffd, 0x7ffd, 0x7ffd, 0x7ffd, 0x3262, 0x1e20, 0x1e20, 0x1961, 0x1961, 0x1080, 0x1080, 0x1080,
    0x1080, 0x1080, 0x1080, 0x1080, 0x1080, 0x1080, 0x1080, 0x1080, 0x1080, 0x1080, 0x1080, 0x1080,
    0x1080, 0x1080, 0x1080, 0x1080, 0x1080, 0x1080, 0x1080, 0x1080, 0x1080, 0x1080, 0x1080, 0x1080,
    0x1080, 0x1080, 0x1961, 0x1e20, 0x1e20, 0x1e20, 0x7ffd, 0x7ffd, 0x7ffd, 0x7ffd, 0x736c, 0x3262,
    0x1e20, 0x1e20, 0x1961, 0x1961, 0x1080, 0x1080, 0x1080, 0x1080, 0x1080, 0x1080, 0x1080, 0x1080,
    0x1080, 0x1080, 0x1080, 0x1080, 0x1080, 0x1080, 0x1080, 0x1080, 0x1080, 0x1080, 0x1080, 0x1080,
    0x1080, 0x1080, 0x1080, 0x1080, 0x1080, 0x28e1, 0x28e1, 0x28e1, 0x28e1, 0x28e1, 0x28e1, 0x28e1,
    0x28e1, 0x28e1, 0x4da1, 0x4da1, 0x4da1, 0x4da1, 0x6aa2, 0x6aa2, 0x6aa2, 0x7742, 0x7bd4, 0x7ffd,
    0x7742, 0x7742, 0x6aa2, 0x7742, 0x7742, 0x7742, 0x7bd4, 0x7ffd, 0x736c, 0x7742, 0x6aa2, 0x6aa2,
    0x6aa2, 0x7742, 0x7742, 0x4da1, 0x4da1, 0x4da1, 0x4da1, 0x28e1, 0x4da1, 0x5262, 0x5262, 0x3161,
    0x28e1, 0x28e1, 0x28e1, 0x28e1, 0x28e1, 0x28e1, 0x28e1, 0x28e1, 0x1080, 0x28e1, 0x28e1, 0x28e1,
    0x28e1, 0x28e1, 0x28e1, 0x28e1, 0x28e1, 0x28e1, 0x28e1, 0x28e1, 0x28e1, 0x28e1, 0x28e1, 0x1080,
    0x4da1, 0x28e1, 0x28e1, 0x28e1, 0x28e1, 0x28e1, 0x28e1, 0x28e1, 0x28e1, 0x28e1, 0x1080, 0x1080,
    0x1080, 0x1080, 0x28e1, 0x1080, 0x1080, 0x28e1, 0x28e1, 0x28e1, 0x28e1, 0x28e1, 0x28e1, 0x28e1,
    0x28e1, 0x3161, 0x4da1, 0x4da1, 0x3161, 0x28e1, 0x28e1, 0x28e1, 0x4da1, 0x4da1, 0x7742, 0x7742,
    0x6aa2, 0x6aa2, 0x6aa2, 0x7742, 0x736c, 0x7ffd, 0x736c, 0x7742, 0x6aa2, 0x7742, 0x7742, 0x7742,
    0x736c, 0x7ffd, 0x7bd4, 0x7742, 0x6aa2, 0x6aa2, 0x6aa2, 0x4da1, 0x4da1, 0x4da1, 0x4da1, 0x28e1,
    0x28e1, 0x28e1, 0x28e1, 0x28e1, 0x28e1, 0x1080, 0x1080, 0x1080, 0x1080, 0x1080, 0x1080, 0x1080,
    0x1080, 0x1080, 0x1080, 0x1080, 0x1080, 0x1080, 0x1080, 0x1080, 0x1080, 0x1080, 0x1080, 0x1080,
    0x1080, 0x1080, 0x1080, 0x1080, 0x1080, 0x1080, 0x1080, 0x1080, 0x1961, 0x1961, 0x1e20, 0x1e20,
    0x1e20, 0x7ffd, 0x7ffd, 0x7ffd, 0x7ffd, 0x3262, 0x1e20, 0x1e20, 0x1961, 0x1961, 0x1080, 0x1080,
    0x1080, 0x1080, 0x1080, 0x1080, 0x1080, 0x1080, 0x1080, 0x1080, 0x1080, 0x1080, 0x1080, 0x1080,
    0x1080, 0x1080, 0x1080, 0x1080, 0x1080, 0x1080, 0x1080, 0x1080, 0x1080, 0x1080, 0x1080, 0x1080,
    0x1080, 0x1961, 0x1961, 0x1e20, 0x1e20, 0x3262, 0x7ffd, 0x7ffd, 0x7ffd, 0x7ffd, 0x1e20, 0x1e20,
    0x1e20, 0x1961, 0x1961, 0x1080, 0x1080, 0x1080, 0x1080, 0x1080, 0x1080, 0x1080, 0x1080, 0x1080,
    0x1080, 0x1080, 0x1080, 0x1080, 0x1080, 0x1080, 0x1080, 0x1080, 0x1080, 0x1080, 0x1080, 0x1080,
    0x1080, 0x1080, 0x1080, 0x1080, 0x1080, 0x1080, 0x28e1, 0x28e1, 0x28e1, 0x28e1, 0x28e1, 0x28e1,
    0x28e1, 0x4da1, 0x4da1, 0x4da1, 0x4da1, 0x4da1, 0x6aa2, 0x6aa2, 0x7742, 0x7742, 0x7ffd, 0x7bd4,
    0x7742, 0x7742, 0x6aa2, 0x4da1, 0x7742, 0x7742, 0x7742, 0x7ffd, 0x7ffd, 0x7742, 0x6aa2, 0x6aa2,
    0x6aa2, 0x7742, 0x7742, 0x4da1, 0x4da1, 0x4da1, 0x28e1, 0x28e1, 0x3161, 0x5262, 0x5262, 0x5262,
    0x28e1, 0x28e1, 0x28e1, 0x1080, 0x28e1, 0x28e1, 0x28e1, 0x1080, 0x28e1, 0x1080, 0x28e1, 0x1080,
    0x1080, 0x1080, 0x1080, 0x1080, 0x1080, 0x1080, 0x1080, 0x1080, 0x1080, 0x1080, 0x1080, 0x1080,
    0x4da1, 0x28e1, 0x1080, 0x1080, 0x1080, 0x1080, 0x1080, 0x1080, 0x1080, 0x1080, 0x1080, 0x1080,
    0x1080, 0x1080, 0x1080, 0x1080, 0x1080, 0x1080, 0x1080, 0x1080, 0x1080, 0x1080, 0x28e1, 0x28e1,
    0x1080, 0x4da1, 0x4da1, 0x3262, 0x1961, 0x28e1, 0x28e1, 0x28e1, 0x4da1, 0x4da1, 0x7742, 0x6aa2,
    0x6aa2, 0x6aa2, 0x7742, 0x7742, 0x7ffd, 0x7bd4, 0x7742, 0x6aa2, 0x7742, 0x4da1, 0x6aa2, 0x7742,
    0x7742, 0x7ffd, 0x7ffd, 0x7742, 0x7742, 0x6aa2, 0x6aa2, 0x4da1, 0x4da1, 0x4da1, 0x4da1, 0x4da1,
    0x28e1, 0x28e1, 0x28e1, 0x28e1, 0x28e1, 0x28e1, 0x28e1, 0x1080, 0x1080, 0x1080, 0x1080, 0x1080,
    0x1080, 0x1080, 0x1080, 0x1080, 0x1080, 0x1080, 0x1080, 0x1080, 0x1080, 0x1080, 0x1080, 0x1080,
    0x1080, 0x1080, 0x1080, 0x1080, 0x1080, 0x1080, 0x1080, 0x1080, 0x1080, 0x1961, 0x1961, 0x1e20,
    0x3262, 0x56ab, 0x7ffd, 0x7ffd, 0x7ffd, 0x7bd4, 0x3262, 0x1e20, 0x1961, 0x1961, 0x1961, 0x1080,
    0x1080, 0x1080, 0x1080, 0x1080, 0x1080, 0x1080, 0x1080, 0x1080, 0x1080, 0x1080, 0x1080, 0x1080,
    0x56ab, 0x3262, 0x1080, 0x1080, 0x1080, 0x1080, 0x1080, 0x1080, 0x1080, 0x1080, 0x1080, 0x1080,
    0x1961, 0x1961, 0x1e20, 0x1e20, 0x1e20, 0x7ffd, 0x7ffd, 0x7ffd, 0x7ffd, 0x56ab, 0x3262, 0x1e20,
    0x1e20, 0x1961, 0x1961, 0x1080, 0x1080, 0x1080, 0x1080, 0x1080, 0x1080, 0x1080, 0x1080, 0x1080,
    0x1080, 0x1080, 0x1080, 0x1080, 0x1080, 0x1080, 0x1080, 0x1080, 0x1080, 0x1080, 0x1080, 0x1080,
    0x1080, 0x1080, 0x1080, 0x1080, 0x1080, 0x28e1, 0x28e1, 0x28e1, 0x28e1, 0x28e1, 0x28e1, 0x28e1,
    0x4da1, 0x4da1, 0x4da1, 0x4da1, 0x4da1, 0x6aa2, 0x6aa2, 0x7742, 0x7742, 0x7ffd, 0x7ffd, 0x7742,
    0x7742, 0x6aa2, 0x6aa2, 0x7742, 0x4da1, 0x6aa2, 0x7742, 0x7742, 0x7ffd, 0x7ffd, 0x7742, 0x6aa2,
    0x6aa2, 0x7742, 0x7742, 0x4da1, 0x4da1, 0x4da1, 0x28e1, 0x28e1, 0x3262, 0x7742, 0x7742, 0x4da1,
    0x28e1, 0x1080, 0x1080, 0x1080, 0x1080, 0x1080, 0x1080, 0x1080, 0x1080, 0x1080, 0x1080, 0x1080,
    0x1080, 0x1080, 0x1080, 0x1080, 0x1080, 0x1080, 0x1080, 0x1080, 0x1080, 0x1080, 0x1080, 0x1080,
    0x4da1, 0x1080, 0x1080, 0x1080, 0x1080, 0x1080, 0x1080, 0x1080, 0x1080, 0x1080, 0x1080, 0x1080,
    0x1080, 0x1080, 0x1080, 0x1080, 0x1080, 0x1080, 0x1080, 0x1080, 0x1080, 0x1080, 0x1080, 0x1080,
    0x28e1, 0x4da1, 0x7742, 0x5262, 0x1961, 0x3161, 0x28e1, 0x4da1, 0x4da1, 0x4da1, 0x7742, 0x6aa2,
    0x6aa2, 0x6aa2, 0x7742, 0x7ffd, 0x7ffd, 0x7742, 0x7742, 0x6aa2, 0x4da1, 0x7742, 0x6aa2, 0x6aa2,
    0x7742, 0x7742, 0x7ffd, 0x7bd4, 0x7742, 0x6aa2, 0x6aa2, 0x6aa2, 0x4da1, 0x4da1, 0x4da1, 0x28e1,
    0x28e1, 0x28e1, 0x28e1, 0x28e1, 0x28e1, 0x28e1, 0x28e1, 0x1080, 0x1080, 0x1080, 0x1080, 0x1080,
    0x1080, 0x1080, 0x1080, 0x1080, 0x1080, 0x1080, 0x1080, 0x1080, 0x1080, 0x1080, 0x1080, 0x1080,
    0x1080, 0x1080, 0x1080, 0x1080, 0x1080, 0x1080, 0x1080, 0x1080, 0x1080, 0x1961, 0x1961, 0x1e20,
    0x1e20, 0x1e20, 0x7ffd, 0x7ffd, 0x7ffd, 0x7ffd, 0x3262, 0x1e20, 0x1e20, 0x1961, 0x1961, 0x1080,
    0x1080, 0x1080, 0x1080, 0x1080, 0x1080, 0x1080, 0x1080, 0x1080, 0x1080, 0x1080, 0x1080, 0x1080,
    0x1080, 0x1080, 0x1080, 0x1080, 0x1080, 0x1080, 0x1080, 0x1080, 0x1080, 0x1080, 0x1080, 0x1080,
    0x1961, 0x1e20, 0x1e20, 0x3262, 0x736c, 0x7ffd, 0x7ffd, 0x7ffd, 0x7ffd, 0x3262, 0x1e20, 0x1e20,
    0x1961, 0x1961, 0x1080, 0x1080, 0x1080, 0x1080, 0x1080, 0x1080, 0x1080, 0x1080, 0x1080, 0x1080,
    0x1080, 0x1080, 0x1080, 0x1080, 0x1080, 0x1080, 0x1080, 0x1080, 0x1080, 0x1080, 0x1080, 0x1080,
    0x1080, 0x1080, 0x1080, 0x1080, 0x1080, 0x28e1, 0x28e1, 0x28e1, 0x28e1, 0x28e1, 0x28e1, 0x28e1,
    0x4da1, 0x4da1, 0x4da1, 0x4da1, 0x6aa2, 0x6aa2, 0x6aa2, 0x7742, 0x7742, 0x7ffd, 0x7bd4, 0x7742,
    0x7742, 0x6aa2, 0x6aa2, 0x6aa2, 0x7742, 0x6aa2, 0x6aa2, 0x7742, 0x736c, 0x7ffd, 0x736c, 0x7742,
    0x6aa2, 0x6aa2, 0x6aa2, 0x4da1, 0x4da1, 0x28e1, 0x28e1, 0x28e1, 0x5262, 0x7742, 0x6aa2, 0x4da1,
    0x4da1, 0x28e1, 0x1080, 0x1080, 0x1080, 0x1080, 0x1080, 0x1080, 0x1080, 0x1080, 0x1080, 0x28e1,
    0x1080, 0x1080, 0x1080, 0x1080, 0x1080, 0x1080, 0x1080, 0x1080, 0x1080, 0x1080, 0x1080, 0x1080,
    0x3161, 0x1080, 0x1080, 0x1080, 0x1080, 0x1080, 0x1080, 0x1080, 0x1080, 0x1080, 0x1080, 0x1080,
    0x1080, 0x28e1, 0x1080, 0x1080, 0x1080, 0x1080, 0x1080, 0x1080, 0x1080, 0x1080, 0x1080, 0x28e1,
    0x4da1, 0x4da1, 0x7742, 0x7742, 0x3262, 0x28e1, 0x28e1, 0x28e1, 0x3161, 0x4da1, 0x4da1, 0x4da1,
    0x6aa2, 0x7742, 0x736c, 0x7ffd, 0x7742, 0x7742, 0x4da1, 0x6aa2, 0x6aa2, 0x6aa2, 0x6aa2, 0x6aa2,
    0x7742, 0x7742, 0x7ffd, 0x7ffd, 0x7742, 0x7742, 0x6aa2, 0x6aa2, 0x6aa2, 0x4da1, 0x4da1, 0x4da1,
    0x4da1, 0x28e1, 0x28e1, 0x28e1, 0x28e1, 0x28e1, 0x28e1, 0x28e1, 0x1080, 0x1080, 0x1080, 0x1080,
    0x1080, 0x1080, 0x1080, 0x1080, 0x1080, 0x1080, 0x1080, 0x1080, 0x1080, 0x1080, 0x1080, 0x1080,
    0x1080, 0x1080, 0x1080, 0x1080, 0x1080, 0x1080, 0x1080, 0x1080, 0x1080, 0x1080, 0x1961, 0x1e20,
    0x1e20, 0x3262, 0x3262, 0x7ffd, 0x7ffd, 0x7ffd, 0x7ffd, 0x3262, 0x1e20, 0x1e20, 0x1961, 0x1961,
    0x1080, 0x1080, 0x1080, 0x1080, 0x1080, 0x1080, 0x1080, 0x1080, 0x1080, 0x1080, 0x1080, 0x3262,
    0x1080, 0x1080, 0x1080, 0x1080, 0x1080, 0x1080, 0x1080, 0x1080, 0x1080, 0x1080, 0x1080, 0x1961,
    0x1961, 0x1e20, 0x1e20, 0x3262, 0x7ffd, 0x7ffd, 0x7ffd, 0x7ffd, 0x3262, 0x1e20, 0x1e20, 0x1961,
    0x1961, 0x1080, 0x1080, 0x1080, 0x1080, 0x1080, 0x1080, 0x1080, 0x1080, 0x1080, 0x1080, 0x1080,
    0x1080, 0x1080, 0x1080, 0x1080, 0x1080, 0x1080, 0x1080, 0x1080, 0x1080, 0x1080, 0x1080, 0x1080,
    0x1080, 0x1080, 0x1080, 0x1080, 0x28e1, 0x28e1, 0x28e1, 0x28e1, 0x28e1, 0x28e1, 0x28e1, 0x4da1,
    0x4da1, 0x4da1, 0x4da1, 0x4da1, 0x6aa2, 0x6aa2, 0x7742, 0x7742, 0x7ffd, 0x7ffd, 0x7742, 0x7742,
    0x6aa2, 0x6aa2, 0x6aa2, 0x6aa2, 0x4da1, 0x6aa2, 0x7742, 0x6aa2, 0x7742, 0x7bd4, 0x7ffd, 0x7742,
    0x7742, 0x6aa2, 0x7742, 0x4da1, 0x4da1, 0x28e1, 0x28e1, 0x3161, 0x7742, 0x7742, 0x5262, 0x5262,
    0x4da1, 0x28e1, 0x1080, 0x1080, 0x1080, 0x1080, 0x1080, 0x1080, 0x1080, 0x1080, 0x1080, 0x28e1,
    0x1080, 0x1080, 0x1080, 0x1080, 0x1080, 0x1080, 0x1080, 0x1080, 0x1080, 0x1080, 0x1080, 0x1080,
    0x3161, 0x1080, 0x1080, 0x1080, 0x1080, 0x1080, 0x1080, 0x1080, 0x1080, 0x1080, 0x1080, 0x1080,
    0x1080, 0x1080, 0x1080, 0x1080, 0x1080, 0x1080, 0x1080, 0x1080, 0x1080, 0x1080, 0x1080, 0x1080,
    0x4da1, 0x5262, 0x5262, 0x7742, 0x7742, 0x3161, 0x3161, 0x28e1, 0x4da1, 0x4da1, 0x4da1, 0x6aa2,
    0x7742, 0x7742, 0x7ffd, 0x7ffd, 0x7742, 0x6aa2, 0x7742, 0x4da1, 0x4da1, 0x6aa2, 0x6aa2, 0x6aa2,
    0x6aa2, 0x7742, 0x7742, 0x7ffd, 0x7ffd, 0x7742, 0x7742, 0x6aa2, 0x6aa2, 0x4da1, 0x4da1, 0x4da1,
    0x28e1, 0x28e1, 0x28e1, 0x28e1, 0x28e1, 0x28e1, 0x28e1, 0x28e1, 0x1080, 0x1080, 0x1080, 0x1080,
    0x1080, 0x1080, 0x1080, 0x1080, 0x1080, 0x1080, 0x1080, 0x1080, 0x1080, 0x1080, 0x1080, 0x1080,
    0x1080, 0x1080, 0x1080, 0x1080, 0x1080, 0x1080, 0x1080, 0x1080, 0x1080, 0x1080, 0x1961, 0x1961,
    0x1e20, 0x1e20, 0x1e20, 0x7bd4, 0x7ffd, 0x7ffd, 0x7ffd, 0x3262, 0x1e20, 0x1e20, 0x1e20, 0x1961,
    0x1080, 0x1080, 0x1080, 0x1080, 0x1080, 0x1080, 0x1080, 0x1080, 0x1080, 0x1080, 0x1080, 0x1080,
    0x1080, 0x1080, 0x1080, 0x1080, 0x1080, 0x1080, 0x1080, 0x1080, 0x1080, 0x1080, 0x1080, 0x1961,
    0x1e20, 0x1e20, 0x3262, 0x7bd4, 0x7ffd, 0x7ffd, 0x7ffd, 0x736c, 0x3262, 0x1e20, 0x1e20, 0x1961,
    0x1961, 0x1080, 0x1080, 0x1080, 0x1080, 0x1080, 0x1080, 0x1080, 0x1080, 0x1080, 0x1080, 0x1080,
    0x1080, 0x1080, 0x1080, 0x1080, 0x1080, 0x1080, 0x1080, 0x1080, 0x1080, 0x1080, 0x1080, 0x1080,
    0x1080, 0x1080, 0x1080, 0x28e1, 0x28e1, 0x28e1, 0x28e1, 0x28e1, 0x28e1, 0x28e1, 0x28e1, 0x4da1,
    0x4da1, 0x4da1, 0x4da1, 0x6aa2, 0x6aa2, 0x6aa2, 0x7742, 0x7bd4, 0x7ffd, 0x736c, 0x7742, 0x7742,
    0x6aa2, 0x6aa2, 0x6aa2, 0x4da1, 0x4da1, 0x6aa2, 0x4da1, 0x7742, 0x6aa2, 0x7742, 0x7ffd, 0x7ffd,
    0x7742, 0x6aa2, 0x6aa2, 0x4da1, 0x4da1, 0x28e1, 0x28e1, 0x7742, 0x7742, 0x6aa2, 0x6aa2, 0x6aa2,
    0x4da1, 0x4da1, 0x1080, 0x1080, 0x1080, 0x1080, 0x1080, 0x1080, 0x1080, 0x1080, 0x1080, 0x1080,
    0x1080, 0x1080, 0x1080, 0x1080, 0x1080, 0x1080, 0x1080, 0x1080, 0x1080, 0x1080, 0x1080, 0x1080,
    0x3161, 0x1080, 0x1080, 0x1080, 0x1080, 0x1080, 0x1080, 0x1080, 0x1080, 0x1080, 0x1080, 0x1080,
    0x1080, 0x1080, 0x1080, 0x1080, 0x1080, 0x1080, 0x1080, 0x1080, 0x1080, 0x1080, 0x1080, 0x3161,
    0x4da1, 0x6aa2, 0x6aa2, 0x7742, 0x7742, 0x3262, 0x28e1, 0x28e1, 0x3161, 0x4da1, 0x4da1, 0x6aa2,
    0x7742, 0x7bd4, 0x7ffd, 0x7742, 0x6aa2, 0x7742, 0x4da1, 0x4da1, 0x4da1, 0x4da1, 0x6aa2, 0x6aa2,
    0x6aa2, 0x7742, 0x7742, 0x7bd4, 0x7ffd, 0x7742, 0x7742, 0x6aa2, 0x6aa2, 0x6aa2, 0x4da1, 0x4da1,
    0x4da1, 0x4da1, 0x28e1, 0x28e1, 0x28e1, 0x28e1, 0x28e1, 0x28e1, 0x1080, 0x1080, 0x1080, 0x1080,
    0x1080, 0x1080, 0x1080, 0x1080, 0x1080, 0x1080, 0x1080, 0x1080, 0x1080, 0x1080, 0x1080, 0x1080,
    0x1080, 0x1080, 0x1080, 0x1080, 0x1080, 0x1080, 0x1080, 0x1080, 0x1080, 0x1080, 0x1080, 0x1961,
    0x1961, 0x1e20, 0x1e20, 0x1e20, 0x7ffd, 0x7ffd, 0x7ffd, 0x7ffd, 0x3262, 0x1e20, 0x1e20, 0x1961,
    0x1961, 0x1080, 0x1080, 0x1080, 0x1080, 0x1080, 0x1080, 0x1080, 0x1080, 0x1080, 0x1080, 0x1080,
    0x1080, 0x1080, 0x1080, 0x1080, 0x1080, 0x1080, 0x1080, 0x1080, 0x1080, 0x1080, 0x1961, 0x1961,
    0x1e20, 0x3262, 0x3262, 0x7ffd, 0x7ffd, 0x7ffd, 0x7ffd, 0x3262, 0x1e20, 0x1e20, 0x1961, 0x1961,
    0x1961, 0x1080, 0x1080, 0x1080, 0x1080, 0x1080, 0x1080, 0x1080, 0x1080, 0x1080, 0x1080, 0x1080,
    0x1080, 0x1080, 0x1080, 0x1080, 0x1080, 0x1080, 0x1080, 0x1080, 0x1080, 0x1080, 0x1080, 0x1080,
    0x1080, 0x1080, 0x1080, 0x28e1, 0x28e1, 0x28e1, 0x28e1, 0x28e1, 0x28e1, 0x28e1, 0x4da1, 0x4da1,
    0x4da1, 0x4da1, 0x6aa2, 0x6aa2, 0x6aa2, 0x7742, 0x7742, 0x7ffd, 0x7ffd, 0x7742, 0x7742, 0x6aa2,
    0x6aa2, 0x6aa2, 0x4da1, 0x4da1, 0x4da1, 0x4da1, 0x6aa2, 0x4da1, 0x6aa2, 0x7742, 0x7742, 0x7ffd,
    0x7bd4, 0x6aa2, 0x6aa2, 0x6aa2, 0x4da1, 0x4da1, 0x3161, 0x7742, 0x7742, 0x5262, 0x7742, 0x6aa2,
    0x4da1, 0x4da1, 0x28e1, 0x1080, 0x1080, 0x1080, 0x1080, 0x1080, 0x1080, 0x1080, 0x1080, 0x1080,
    0x1080, 0x1080, 0x1080, 0x1080, 0x1080, 0x1080, 0x1080, 0x1080, 0x1080, 0x1080, 0x1080, 0x1080,
    0x3161, 0x1080, 0x1080, 0x1080, 0x1080, 0x1080, 0x1080, 0x1080, 0x1080, 0x1080, 0x1080, 0x1080,
    0x1080, 0x1080, 0x1080, 0x1080, 0x1080, 0x1080, 0x1080, 0x1080, 0x1080, 0x1080, 0x1080, 0x3161,
    0x4da1, 0x6aa2, 0x7742, 0x5262, 0x7742, 0x7742, 0x3161, 0x28e1, 0x4da1, 0x4da1, 0x6aa2, 0x6aa2,
    0x736c, 0x7ffd, 0x7742, 0x6aa2, 0x6aa2, 0x4da1, 0x6aa2, 0x4da1, 0x4da1, 0x4da1, 0x4da1, 0x6aa2,
    0x6aa2, 0x6aa2, 0x7742, 0x7742, 0x7ffd, 0x7ffd, 0x7742, 0x7742, 0x6aa2, 0x6aa2, 0x4da1, 0x4da1,
    0x4da1, 0x4da1, 0x4da1, 0x28e1, 0x28e1, 0x28e1, 0x28e1, 0x28e1, 0x28e1, 0x28e1, 0x28e1, 0x1080,
    0x1080, 0x1080, 0x1080, 0x1080, 0x1080, 0x1080, 0x1080, 0x1080, 0x1080, 0x1080, 0x1080, 0x1080,
    0x1080, 0x1080, 0x1080, 0x1080, 0x1080, 0x1080, 0x1080, 0x1080, 0x1080, 0x1080, 0x1080, 0x1961,
    0x1961, 0x1e20, 0x1e20, 0x3262, 0x736c, 0x7ffd, 0x7ffd, 0x7ffd, 0x7bd4, 0x3262, 0x1e20, 0x1961,
    0x1961, 0x1080, 0x1080, 0x1080, 0x1080, 0x1080, 0x1080, 0x1080, 0x1080, 0x1080, 0x1080, 0x1080,
    0x1080, 0x1080, 0x1080, 0x1080, 0x1080, 0x1080, 0x1080, 0x1080, 0x1080, 0x1961, 0x1961, 0x1e20,
    0x1e20, 0x3262, 0x7ffd, 0x7ffd, 0x7ffd, 0x7ffd, 0x736c, 0x3262, 0x1e20, 0x1961, 0x1961, 0x1961,
    0x1080, 0x1080, 0x1080, 0x1080, 0x1080, 0x1080, 0x1080, 0x1080, 0x1080, 0x1080, 0x1080, 0x1080,
    0x1080, 0x1080, 0x1080, 0x1080, 0x1080, 0x1080, 0x1080, 0x1080, 0x1080, 0x1080, 0x1080, 0x1080,
    0x1080, 0x1080, 0x28e1, 0x28e1, 0x28e1, 0x28e1, 0x28e1, 0x28e1, 0x28e1, 0x28e1, 0x4da1, 0x4da1,
    0x4da1, 0x4da1, 0x6aa2, 0x6aa2, 0x6aa2, 0x7742, 0x7bd4, 0x7ffd, 0x7742, 0x7742, 0x6aa2, 0x6aa2,
    0x6aa2, 0x6aa2, 0x4da1, 0x4da1, 0x4da1, 0x28e1, 0x4da1, 0x7742, 0x6aa2, 0x4da1, 0x7742, 0x736c,
    0x7ffd, 0x7742, 0x6aa2, 0x4da1, 0x4da1, 0x3161, 0x5262, 0x7742, 0x3262, 0x7742, 0x7742, 0x4da1,
    0x4da1, 0x4da1, 0x28e1, 0x1080, 0x1080, 0x1080, 0x1080, 0x1080, 0x1080, 0x1080, 0x1080, 0x1080,
    0x1080, 0x1080, 0x1080, 0x1080, 0x1080, 0x1080, 0x1080, 0x1080, 0x1080, 0x1080, 0x1080, 0x1080,
    0x3161, 0x1080, 0x1080, 0x1080, 0x1080, 0x1080, 0x1080, 0x1080, 0x1080, 0x1080, 0x1080, 0x1080,
    0x1080, 0x1080, 0x1080, 0x1080, 0x1080, 0x1080, 0x1080, 0x1080, 0x1080, 0x1080, 0x1080, 0x3161,
    0x4da1, 0x4da1, 0x7742, 0x7742, 0x3262, 0x7742, 0x3262, 0x3161, 0x4da1, 0x6aa2, 0x6aa2, 0x7742,
    0x7ffd, 0x7bd4, 0x7742, 0x5262, 0x6aa2, 0x6aa2, 0x4da1, 0x4da1, 0x4da1, 0x4da1, 0x4da1, 0x6aa2,
    0x6aa2, 0x6aa2, 0x7742, 0x7742, 0x736c, 0x7ffd, 0x736c, 0x7742, 0x6aa2, 0x6aa2, 0x6aa2, 0x4da1,
    0x4da1, 0x4da1, 0x4da1, 0x28e1, 0x28e1, 0x28e1, 0x28e1, 0x28e1, 0x28e1, 0x28e1, 0x28e1, 0x1080,
    0x1080, 0x1080, 0x1080, 0x1080, 0x1080, 0x1080, 0x1080, 0x1080, 0x1080, 0x1080, 0x1080, 0x1080,
    0x1080, 0x1080, 0x1080, 0x1080, 0x1080, 0x1080, 0x1080, 0x1080, 0x1080, 0x1080, 0x1080, 0x1080,
    0x1961, 0x1961, 0x1e20, 0x1e20, 0x3262, 0x7ffd, 0x7ffd, 0x7ffd, 0x7ffd, 0x3262, 0x1e20, 0x1e20,
    0x1961, 0x1961, 0x1080, 0x1080, 0x1080, 0x1080, 0x1080, 0x1080, 0x1080, 0x1080, 0x1080, 0x1080,
    0x1080, 0x1080, 0x1080, 0x1080, 0x1080, 0x1080, 0x1080, 0x1080, 0x1080, 0x1961, 0x1e20, 0x1e20,
    0x1e20, 0x736c, 0x7ffd, 0x7ffd, 0x7ffd, 0x7ffd, 0x3262, 0x1e20, 0x1e20, 0x1961, 0x1961, 0x1080,
    0x1080, 0x1080, 0x1080, 0x1080, 0x1080, 0x1080, 0x1080, 0x1080, 0x1080, 0x1080, 0x1080, 0x1080,
    0x1080, 0x1080, 0x1080, 0x1080, 0x1080, 0x1080, 0x1080, 0x1080, 0x1080, 0x1080, 0x1080, 0x1080,
    0x1080, 0x28e1, 0x28e1, 0x28e1, 0x28e1, 0x28e1, 0x28e1, 0x28e1, 0x28e1, 0x4da1, 0x4da1, 0x4da1,
    0x4da1, 0x6aa2, 0x6aa2, 0x6aa2, 0x7742, 0x7742, 0x7ffd, 0x7bd4, 0x7742, 0x7742, 0x6aa2, 0x6aa2,
    0x6aa2, 0x4da1, 0x4da1, 0x4da1, 0x28e1, 0x6aa2, 0x4da1, 0x28e1, 0x7742, 0x7742, 0x6aa2, 0x7742,
    0x7ffd, 0x7ffd, 0x7742, 0x6aa2, 0x4da1, 0x3161, 0x7742, 0x7742, 0x5262, 0x7742, 0x6aa2, 0x4da1,
    0x4da1, 0x4da1, 0x28e1, 0x1080, 0x1080, 0x1080, 0x1080, 0x1080, 0x1080, 0x1080, 0x1080, 0x1080,
    0x1080, 0x1080, 0x1080, 0x1080, 0x1080, 0x1080, 0x1080, 0x1080, 0x1080, 0x1080, 0x1080, 0x1080,
    0x3161, 0x1080, 0x1080, 0x1080, 0x1080, 0x1080, 0x1080, 0x1080, 0x1080, 0x1080, 0x1080, 0x1080,
    0x1080, 0x1080, 0x1080, 0x1080, 0x1080, 0x1080, 0x1080, 0x1080, 0x1080, 0x1080, 0x28e1, 0x3161,
    0x4da1, 0x4da1, 0x6aa2, 0x7742, 0x3262, 0x7742, 0x6aa2, 0x3161, 0x4da1, 0x6aa2, 0x7742, 0x7bd4,
    0x7ffd, 0x7742, 0x5262, 0x6aa2, 0x6aa2, 0x4da1, 0x4da1, 0x4da1, 0x4da1, 0x4da1, 0x4da1, 0x4da1,
    0x4da1, 0x6aa2, 0x6aa2, 0x7742, 0x7742, 0x7ffd, 0x7ffd, 0x7742, 0x7742, 0x6aa2, 0x6aa2, 0x6aa2,
    0x4da1, 0x4da1, 0x4da1, 0x4da1, 0x28e1, 0x28e1, 0x28e1, 0x28e1, 0x28e1, 0x28e1, 0x28e1, 0x1080,
    0x1080, 0x1080, 0x1080, 0x1080, 0x1080, 0x1080, 0x1080, 0x1080, 0x1080, 0x1080, 0x1080, 0x1080,
    0x1080, 0x1080, 0x1080, 0x1080, 0x1080, 0x1080, 0x1080, 0x1080, 0x1080, 0x1080, 0x1080, 0x1080,
    0x1961, 0x1961, 0x1961, 0x1e20, 0x1e20, 0x3262, 0x7ffd, 0x7ffd, 0x7ffd, 0x7ffd, 0x3262, 0x1e20,
    0x1e20, 0x1961, 0x1961, 0x1080, 0x1080, 0x1080, 0x1080, 0x1080, 0x1080, 0x1080, 0x1080, 0x1080,
    0x1080, 0x1080, 0x1080, 0x1080, 0x1080, 0x1080, 0x1080, 0x1080, 0x1080, 0x1961, 0x1e20, 0x1e20,
    0x3262, 0x7ffd, 0x7ffd, 0x7ffd, 0x7ffd, 0x3262, 0x3262, 0x1e20, 0x1e20, 0x1961, 0x1961, 0x1080,
    0x1080, 0x1080, 0x1080, 0x1080, 0x1080, 0x1080, 0x1080, 0x1080, 0x1080, 0x1080, 0x1080, 0x1080,
    0x1080, 0x1080, 0x1080, 0x1080, 0x1080, 0x1080, 0x1080, 0x1080, 0x1080, 0x1080, 0x1080, 0x1080,
    0x28e1, 0x28e1, 0x28e1, 0x28e1, 0x28e1, 0x28e1, 0x28e1, 0x28e1, 0x28e1, 0x4da1, 0x4da1, 0x4da1,
    0x6aa2, 0x6aa2, 0x6aa2, 0x7742, 0x7742, 0x7ffd, 0x7ffd, 0x7742, 0x7742, 0x6aa2, 0x6aa2, 0x6aa2,
    0x4da1, 0x4da1, 0x4da1, 0x4da1, 0x4da1, 0x4da1, 0x4da1, 0x4da1, 0x28e1, 0x4da1, 0x7742, 0x7742,
    0x7742, 0x7ffd, 0x736c, 0x7742, 0x6aa2, 0x4da1, 0x736c, 0x3161, 0x7742, 0x7742, 0x4da1, 0x4da1,
    0x4da1, 0x28e1, 0x28e1, 0x1080, 0x1080, 0x1080, 0x1080, 0x1080, 0x1080, 0x1080, 0x1080, 0x1080,
    0x1080, 0x1080, 0x1080, 0x1080, 0x1080, 0x1080, 0x1080, 0x1080, 0x1080, 0x1080, 0x1080, 0x1080,
    0x4da1, 0x1080, 0x1080, 0x1080, 0x1080, 0x1080, 0x1080, 0x1080, 0x1080, 0x1080, 0x1080, 0x1080,
    0x1080, 0x1080, 0x1080, 0x1080, 0x1080, 0x1080, 0x1080, 0x1080, 0x1080, 0x1080, 0x28e1, 0x28e1,
    0x4da1, 0x4da1, 0x4da1, 0x7742, 0x7742, 0x3262, 0x7742, 0x28e1, 0x4da1, 0x7742, 0x7bd4, 0x7ffd,
    0x7742, 0x6aa2, 0x6aa2, 0x4da1, 0x4da1, 0x3161, 0x4da1, 0x4da1, 0x4da1, 0x4da1, 0x4da1, 0x4da1,
    0x4da1, 0x6aa2, 0x6aa2, 0x7742, 0x7742, 0x7742, 0x7ffd, 0x7bd4, 0x7742, 0x7742, 0x6aa2, 0x6aa2,
    0x4da1, 0x4da1, 0x4da1, 0x28e1, 0x4da1, 0x28e1, 0x28e1, 0x28e1, 0x28e1, 0x28e1, 0x28e1, 0x1080,
    0x1080, 0x1080, 0x1080, 0x1080, 0x1080, 0x1080, 0x1080, 0x1080, 0x1080, 0x1080, 0x1080, 0x1080,
    0x1080, 0x1080, 0x1080, 0x1080, 0x1080, 0x1080, 0x1080, 0x1080, 0x1080, 0x1080, 0x1080, 0x1080,
    0x1080, 0x1080, 0x1961, 0x1961, 0x1e20, 0x3262, 0x7bd4, 0x7ffd, 0x7ffd, 0x7ffd, 0x56ab, 0x3262,
    0x1e20, 0x1961, 0x1961, 0x1080, 0x1080, 0x1080, 0x1080, 0x1080, 0x1080, 0x1080, 0x1080, 0x1080,
    0x1080, 0x1080, 0x1080, 0x1080, 0x1080, 0x1080, 0x1080, 0x1080, 0x1961, 0x1961, 0x1e20, 0x3262,
    0x7bd4, 0x7ffd, 0x7ffd, 0x7ffd, 0x7bd4, 0x3262, 0x1e20, 0x1e20, 0x1961, 0x1961, 0x1080, 0x1080,
    0x1080, 0x1080, 0x1080, 0x1080, 0x1080, 0x1080, 0x1080, 0x1080, 0x1080, 0x1080, 0x1080, 0x1080,
    0x1080, 0x1080, 0x1080, 0x1080, 0x1080, 0x1080, 0x1080, 0x1080, 0x1080, 0x1080, 0x1080, 0x28e1,
    0x28e1, 0x28e1, 0x28e1, 0x28e1, 0x28e1, 0x28e1, 0x28e1, 0x28e1, 0x4da1, 0x4da1, 0x4da1, 0x4da1,
    0x6aa2, 0x6aa2, 0x6aa2, 0x7742, 0x7742, 0x7ffd, 0x7bd4, 0x7742, 0x7742, 0x6aa2, 0x6aa2, 0x6aa2,
    0x4da1, 0x4da1, 0x4da1, 0x4da1, 0x4da1, 0x4da1, 0x4da1, 0x4da1, 0x4da1, 0x3161, 0x28e1, 0x6aa2,
    0x7742, 0x7742, 0x7ffd, 0x7742, 0x6aa2, 0x4da1, 0x7742, 0x5262, 0x6aa2, 0x3161, 0x28e1, 0x28e1,
    0x28e1, 0x28e1, 0x1080, 0x1080, 0x1080, 0x1080, 0x1080, 0x1080, 0x1080, 0x1080, 0x1080, 0x1080,
    0x1080, 0x1080, 0x1080, 0x1080, 0x1080, 0x1080, 0x1080, 0x1080, 0x1080, 0x1080, 0x1080, 0x1080,
    0x3161, 0x1080, 0x1080, 0x1080, 0x1080, 0x1080, 0x1080, 0x1080, 0x1080, 0x1080, 0x1080, 0x1080,
    0x1080, 0x1080, 0x1080, 0x1080, 0x1080, 0x1080, 0x1080, 0x1080, 0x1080, 0x1080, 0x1080, 0x1080,
    0x1080, 0x28e1, 0x28e1, 0x3161, 0x6aa2, 0x5262, 0x7742, 0x4da1, 0x6aa2, 0x7742, 0x7ffd, 0x736c,
    0x6aa2, 0x6aa2, 0x28e1, 0x4da1, 0x3161, 0x28e1, 0x28e1, 0x28e1, 0x4da1, 0x4da1, 0x4da1, 0x4da1,
    0x4da1, 0x4da1, 0x6aa2, 0x6aa2, 0x6aa2, 0x7742, 0x7ffd, 0x7ffd, 0x7742, 0x7742, 0x6aa2, 0x6aa2,
    0x6aa2, 0x4da1, 0x4da1, 0x4da1, 0x4da1, 0x3161, 0x28e1, 0x28e1, 0x28e1, 0x28e1, 0x28e1, 0x1080,
    0x1080, 0x1080, 0x1080, 0x1080, 0x1080, 0x1080, 0x1080, 0x1080, 0x1080, 0x1080, 0x1080, 0x1080,
    0x1080, 0x1080, 0x1080, 0x1080, 0x1080, 0x1080, 0x1080, 0x1080, 0x1080, 0x1080, 0x1080, 0x1080,
    0x1080, 0x1080, 0x1961, 0x1e20, 0x1e20, 0x1e20, 0x3262, 0x7ffd, 0x7ffd, 0x7ffd, 0x7ffd, 0x3262,
    0x1e20, 0x1e20, 0x1961, 0x1961, 0x1080, 0x1080, 0x1080, 0x1080, 0x1080, 0x1080, 0x1080, 0x1080,
    0x1080, 0x1080, 0x1080, 0x1080, 0x1080, 0x1080, 0x1080, 0x1961, 0x1961, 0x1e20, 0x1e20, 0x3262,
    0x7ffd, 0x7ffd, 0x7ffd, 0x7ffd, 0x1e20, 0x3262, 0x1e20, 0x1961, 0x1961, 0x1961, 0x1080, 0x1080,
    0x1080, 0x1080, 0x1080, 0x1080, 0x1080, 0x1080, 0x1080, 0x1080, 0x1080, 0x1080, 0x1080, 0x1080,
    0x1080, 0x1080, 0x1080, 0x1080, 0x1080, 0x1080, 0x1080, 0x1080, 0x1080, 0x1080, 0x1080, 0x28e1,
    0x28e1, 0x28e1, 0x28e1, 0x28e1, 0x28e1, 0x28e1, 0x28e1, 0x28e1, 0x4da1, 0x4da1, 0x4da1, 0x6aa2,
    0x6aa2, 0x6aa2, 0x7742, 0x7742, 0x7ffd, 0x7ffd, 0x7742, 0x7742, 0x6aa2, 0x6aa2, 0x6aa2, 0x4da1,
    0x4da1, 0x4da1, 0x4da1, 0x4da1, 0x4da1, 0x28e1, 0x4da1, 0x28e1, 0x4da1, 0x3161, 0x7742, 0x6aa2,
    0x6aa2, 0x7742, 0x7bd4, 0x7ffd, 0x7742, 0x5262, 0x4da1, 0x3161, 0x3161, 0x28e1, 0x28e1, 0x28e1,
    0x28e1, 0x28e1, 0x28e1, 0x28e1, 0x28e1, 0x1080, 0x1080, 0x1080, 0x1080, 0x1080, 0x1080, 0x1080,
    0x1080, 0x1080, 0x1080, 0x1080, 0x1080, 0x1080, 0x1080, 0x1080, 0x1080, 0x1080, 0x1080, 0x1080,
    0x28e1, 0x1080, 0x1080, 0x1080, 0x1080, 0x1080, 0x1080, 0x1080, 0x1080, 0x1080, 0x1080, 0x1080,
    0x1080, 0x1080, 0x1080, 0x1080, 0x1080, 0x1080, 0x1080, 0x1080, 0x1080, 0x1080, 0x1080, 0x28e1,
    0x28e1, 0x28e1, 0x28e1, 0x28e1, 0x28e1, 0x28e1, 0x3161, 0x4da1, 0x6aa2, 0x7ffd, 0x7bd4, 0x6aa2,
    0x4da1, 0x6aa2, 0x6aa2, 0x3161, 0x28e1, 0x28e1, 0x28e1, 0x28e1, 0x28e1, 0x4da1, 0x4da1, 0x4da1,
    0x4da1, 0x4da1, 0x6aa2, 0x6aa2, 0x7742, 0x7742, 0x7742, 0x7ffd, 0x7ffd, 0x7742, 0x7742, 0x6aa2,
    0x6aa2, 0x4da1, 0x4da1, 0x4da1, 0x28e1, 0x4da1, 0x28e1, 0x28e1, 0x28e1, 0x28e1, 0x28e1, 0x28e1,
    0x1080, 0x1080, 0x1080, 0x1080, 0x1080, 0x1080, 0x1080, 0x1080, 0x1080, 0x1080, 0x1080, 0x1080,
    0x1080, 0x1080, 0x1080, 0x1080, 0x1080, 0x1080, 0x1080, 0x1080, 0x1080, 0x1080, 0x1080, 0x1080,
    0x1080, 0x1080, 0x1961, 0x1961, 0x1e20, 0x1e20, 0x3262, 0x736c, 0x7ffd, 0x7ffd, 0x7ffd, 0x736c,
    0x3262, 0x1e20, 0x1e20, 0x1961, 0x1080, 0x1080, 0x1080, 0x1080, 0x1080, 0x1080, 0x1080, 0x1080,
    0x1080, 0x1080, 0x1080, 0x1080, 0x1080, 0x1080, 0x1961, 0x1961, 0x1e20, 0x1e20, 0x3262, 0x7ffd,
    0x7ffd, 0x7ffd, 0x7ffd, 0x736c, 0x3262, 0x1e20, 0x1e20, 0x1961, 0x1961, 0x1080, 0x1080, 0x1080,
    0x1080, 0x1080, 0x1080, 0x1080, 0x1080, 0x1080, 0x1080, 0x1080, 0x1080, 0x1080, 0x1080, 0x1080,
    0x1080, 0x1080, 0x1080, 0x1080, 0x1080, 0x1080, 0x1080, 0x1080, 0x1080, 0x1080, 0x28e1, 0x28e1,
    0x28e1, 0x28e1, 0x28e1, 0x28e1, 0x28e1, 0x28e1, 0x28e1, 0x4da1, 0x4da1, 0x4da1, 0x4da1, 0x6aa2,
    0x6aa2, 0x7742, 0x7742, 0x736c, 0x7ffd, 0x7bd4, 0x7742, 0x7742, 0x6aa2, 0x6aa2, 0x4da1, 0x4da1,
    0x4da1, 0x4da1, 0x4da1, 0x3161, 0x28e1, 0x28e1, 0x28e1, 0x28e1, 0x28e1, 0x4da1, 0x3161, 0x6aa2,
    0x6aa2, 0x6aa2, 0x7742, 0x7ffd, 0x736c, 0x6aa2, 0x4da1, 0x4da1, 0x3161, 0x3161, 0x3161, 0x3161,
    0x28e1, 0x28e1, 0x28e1, 0x28e1, 0x28e1, 0x28e1, 0x1961, 0x28e1, 0x28e1, 0x28e1, 0x28e1, 0x28e1,
    0x28e1, 0x28e1, 0x28e1, 0x1080, 0x1080, 0x28e1, 0x28e1, 0x28e1, 0x1080, 0x1080, 0x1080, 0x1080,
    0x1080, 0x1080, 0x1080, 0x1080, 0x1080, 0x1080, 0x1080, 0x1080, 0x1080, 0x1080, 0x28e1, 0x28e1,
    0x28e1, 0x28e1, 0x28e1, 0x28e1, 0x1961, 0x1961, 0x28e1, 0x28e1, 0x28e1, 0x28e1, 0x28e1, 0x28e1,
    0x28e1, 0x1961, 0x1961, 0x28e1, 0x28e1, 0x3161, 0x4da1, 0x6aa2, 0x736c, 0x7ffd, 0x7742, 0x4da1,
    0x5262, 0x5262, 0x4da1, 0x28e1, 0x28e1, 0x28e1, 0x28e1, 0x28e1, 0x28e1, 0x28e1, 0x4da1, 0x4da1,
    0x4da1, 0x4da1, 0x4da1, 0x6aa2, 0x6aa2, 0x7742, 0x7742, 0x7ffd, 0x7ffd, 0x736c, 0x7742, 0x6aa2,
    0x6aa2, 0x6aa2, 0x4da1, 0x4da1, 0x4da1, 0x4da1, 0x3161, 0x28e1, 0x28e1, 0x28e1, 0x28e1, 0x28e1,
    0x28e1, 0x1080, 0x1080, 0x1080, 0x1080, 0x1080, 0x1080, 0x1080, 0x1080, 0x1080, 0x1080, 0x1080,
    0x1080, 0x1080, 0x1080, 0x1080, 0x1080, 0x1080, 0x1080, 0x1080, 0x1080, 0x1080, 0x1080, 0x1080,
    0x1080, 0x1080, 0x1080, 0x1961, 0x1961, 0x1e20, 0x1e20, 0x1e20, 0x7ffd, 0x7ffd, 0x7ffd, 0x7ffd,
    0x3262, 0x1e20, 0x1e20, 0x1961, 0x1961, 0x1080, 0x1080, 0x1080, 0x1080, 0x1080, 0x1080, 0x1080,
    0x1080, 0x1080, 0x1080, 0x1080, 0x1080, 0x1080, 0x1961, 0x1e20, 0x1e20, 0x3262, 0x5262, 0x7ffd,
    0x7ffd, 0x7ffd, 0x7ffd, 0x3262, 0x1e20, 0x1e20, 0x1e20, 0x1961, 0x1961, 0x1080, 0x1080, 0x1080,
    0x1080, 0x1080, 0x1080, 0x1080, 0x1080, 0x1080, 0x1080, 0x1080, 0x1080, 0x1080, 0x1080, 0x1080,
    0x1080, 0x1080, 0x1080, 0x1080, 0x1080, 0x1080, 0x1080, 0x1080, 0x1080, 0x28e1, 0x28e1, 0x28e1,
    0x28e1, 0x28e1, 0x28e1, 0x28e1, 0x28e1, 0x28e1, 0x28e1, 0x4da1, 0x4da1, 0x4da1, 0x6aa2, 0x6aa2,
    0x7742, 0x7742, 0x7742, 0x7ffd, 0x7ffd, 0x7742, 0x7742, 0x6aa2, 0x6aa2, 0x6aa2, 0x4da1, 0x4da1,
    0x4da1, 0x4da1, 0x3161, 0x28e1, 0x28e1, 0x28e1, 0x28e1, 0x28e1, 0x28e1, 0x28e1, 0x28e1, 0x3161,
    0x3161, 0x4da1, 0x6aa2, 0x7742, 0x7ffd, 0x7742, 0x6aa2, 0x5262, 0x4da1, 0x3262, 0x4da1, 0x4da1,
    0x3262, 0x3262, 0x3262, 0x3161, 0x1e20, 0x3262, 0x3262, 0x1e20, 0x1e20, 0x1e20, 0x1e20, 0x1e20,
    0x1e20, 0x1e20, 0x1e20, 0x1e20, 0x1e20, 0x1e20, 0x1e20, 0x1961, 0x1961, 0x1e20, 0x1e20, 0x1e20,
    0x1e20, 0x1e20, 0x1e20, 0x1e20, 0x1e20, 0x1961, 0x1961, 0x1e20, 0x1961, 0x1e20, 0x1e20, 0x1961,
    0x1e20, 0x1e20, 0x1e20, 0x1961, 0x1e20, 0x1e20, 0x3262, 0x1961, 0x1e20, 0x1e20, 0x1e20, 0x3262,
    0x3161, 0x3262, 0x3262, 0x3161, 0x4da1, 0x5262, 0x5262, 0x7742, 0x7ffd, 0x7742, 0x5262, 0x4da1,
    0x28e1, 0x3161, 0x3161, 0x28e1, 0x28e1, 0x28e1, 0x28e1, 0x28e1, 0x28e1, 0x28e1, 0x28e1, 0x3161,
    0x4da1, 0x4da1, 0x4da1, 0x4da1, 0x6aa2, 0x6aa2, 0x7742, 0x7742, 0x7ffd, 0x7ffd, 0x7742, 0x7742,
    0x6aa2, 0x6aa2, 0x6aa2, 0x4da1, 0x4da1, 0x4da1, 0x4da1, 0x28e1, 0x28e1, 0x28e1, 0x28e1, 0x28e1,
    0x28e1, 0x28e1, 0x1080, 0x1080, 0x1080, 0x1080, 0x1080, 0x1080, 0x1080, 0x1080, 0x1080, 0x1080,
    0x1080, 0x1080, 0x1080, 0x1080, 0x1080, 0x1080, 0x1080, 0x1080, 0x1080, 0x1080, 0x1080, 0x1080,
    0x1080, 0x1080, 0x1961, 0x1961, 0x1961, 0x1e20, 0x1e20, 0x3262, 0x3262, 0x7ffd, 0x7ffd, 0x7ffd,
    0x7ffd, 0x3262, 0x1e20, 0x1e20, 0x1961, 0x1961, 0x1080, 0x1080, 0x1080, 0x1080, 0x1080, 0x1080,
    0x1080, 0x1080, 0x1080, 0x1080, 0x1080, 0x1961, 0x1961, 0x1e20, 0x1e20, 0x1e20, 0x7ffd, 0x7ffd,
    0x7ffd, 0x7ffd, 0x3262, 0x3262, 0x1e20, 0x1e20, 0x1961, 0x1961, 0x1961, 0x1961, 0x1080, 0x1080,
    0x3262, 0x3161, 0x1080, 0x1080, 0x1080, 0x1080, 0x1080, 0x1080, 0x1080, 0x1080, 0x1080, 0x1080,
    0x1080, 0x1080, 0x1080, 0x1080, 0x1080, 0x1080, 0x1080, 0x1080, 0x1080, 0x28e1, 0x28e1, 0x28e1,
    0x28e1, 0x28e1, 0x28e1, 0x28e1, 0x28e1, 0x28e1, 0x4da1, 0x4da1, 0x4da1, 0x4da1, 0x6aa2, 0x6aa2,
    0x7742, 0x7742, 0x7bd4, 0x7ffd, 0x7742, 0x7742, 0x7742, 0x6aa2, 0x6aa2, 0x4da1, 0x4da1, 0x4da1,
    0x4da1, 0x4da1, 0x28e1, 0x28e1, 0x28e1, 0x28e1, 0x28e1, 0x28e1, 0x28e1, 0x28e1, 0x28e1, 0x28e1,
    0x28e1, 0x4da1, 0x4da1, 0x6aa2, 0x736c, 0x7ffd, 0x7bd4, 0x7bd4, 0x7bd4, 0x7bd4, 0x7bd4, 0x7ffd,
    0x7ffd, 0x7ffd, 0x7ffd, 0x7ffd, 0x7ffd, 0x7ffd, 0x7ffd, 0x7ffd, 0x7ffd, 0x7ffd, 0x7ffd, 0x7ffd,
    0x7ffd, 0x7ffd, 0x7ffd, 0x7ffd, 0x7ffd, 0x7ffd, 0x7ffd, 0x7ffd, 0x7ffd, 0x7ffd, 0x7ffd, 0x7ffd,
    0x7ffd, 0x7ffd, 0x7ffd, 0x7ffd, 0x7ffd, 0x7ffd, 0x7ffd, 0x7ffd, 0x7ffd, 0x7ffd, 0x7ffd, 0x7ffd,
    0x7ffd, 0x7ffd, 0x7ffd, 0x7ffd, 0x7ffd, 0x7ffd, 0x7ffd, 0x7ffd, 0x7ffd, 0x7ffd, 0x7ffd, 0x7ffd,
    0x7ffd, 0x7bd4, 0x7bd4, 0x7ffd, 0x7ffd, 0x7bd4, 0x7bd4, 0x7ffd, 0x736c, 0x5262, 0x3161, 0x3161,
    0x28e1, 0x3161, 0x1080, 0x28e1, 0x28e1, 0x28e1, 0x28e1, 0x28e1, 0x28e1, 0x28e1, 0x28e1, 0x3161,
    0x4da1, 0x4da1, 0x4da1, 0x4da1, 0x6aa2, 0x6aa2, 0x7742, 0x7742, 0x736c, 0x7ffd, 0x736c, 0x7742,
    0x7742, 0x6aa2, 0x6aa2, 0x4da1, 0x4da1, 0x4da1, 0x4da1, 0x4da1, 0x28e1, 0x28e1, 0x28e1, 0x28e1,
    0x28e1, 0x28e1, 0x1080, 0x1080, 0x1080, 0x1080, 0x1080, 0x1080, 0x1080, 0x1080, 0x1080, 0x1080,
    0x1080, 0x1080, 0x1080, 0x1080, 0x1080, 0x1080, 0x1080, 0x1080, 0x1080, 0x1080, 0x1080, 0x1080,
    0x1080, 0x1080, 0x1080, 0x1961, 0x1961, 0x1e20, 0x1e20, 0x1e20, 0x3262, 0x7bd4, 0x7ffd, 0x7ffd,
    0x7ffd, 0x3262, 0x1e20, 0x1e20, 0x1e20, 0x1961, 0x1080, 0x1080, 0x1080, 0x1080, 0x1080, 0x1080,
    0x1080, 0x1080, 0x1080, 0x1080, 0x1961, 0x1961, 0x1e20, 0x1e20, 0x3262, 0x7bd4, 0x7ffd, 0x7ffd,
    0x7ffd, 0x7bd4, 0x3262, 0x1e20, 0x1e20, 0x1e20, 0x1961, 0x1961, 0x1961, 0x1961, 0x1080, 0x1961,
    0x1080, 0x3161, 0x1961, 0x1080, 0x1080, 0x1080, 0x1080, 0x1080, 0x1080, 0x1080, 0x1080, 0x1080,
    0x1080, 0x1080, 0x1080, 0x1080, 0x1080, 0x1080, 0x1080, 0x1080, 0x28e1, 0x28e1, 0x28e1, 0x28e1,
    0x28e1, 0x28e1, 0x28e1, 0x28e1, 0x28e1, 0x4da1, 0x4da1, 0x4da1, 0x4da1, 0x6aa2, 0x6aa2, 0x6aa2,
    0x7742, 0x7742, 0x7ffd, 0x7ffd, 0x7742, 0x7742, 0x6aa2, 0x6aa2, 0x6aa2, 0x4da1, 0x4da1, 0x4da1,
    0x4da1, 0x28e1, 0x28e1, 0x28e1, 0x28e1, 0x28e1, 0x28e1, 0x28e1, 0x28e1, 0x28e1, 0x3161, 0x28e1,
    0x28e1, 0x3161, 0x4da1, 0x5262, 0x6aa2, 0x7ffd, 0x7bd4, 0x6aa2, 0x6aa2, 0x5262, 0x7742, 0x6aa2,
    0x5262, 0x5262, 0x5262, 0x5262, 0x3262, 0x5262, 0x3161, 0x3161, 0x3262, 0x3262, 0x3262, 0x3262,
    0x3262, 0x3262, 0x3262, 0x1e20, 0x3262, 0x3262, 0x1e20, 0x1961, 0x1961, 0x1961, 0x1e20, 0x1961,
    0x3161, 0x3161, 0x3161, 0x3262, 0x3262, 0x3161, 0x3161, 0x1961, 0x1e20, 0x1e20, 0x1e20, 0x1961,
    0x3161, 0x3161, 0x3161, 0x1e20, 0x3161, 0x3262, 0x3262, 0x3262, 0x3262, 0x3262, 0x5262, 0x5262,
    0x5262, 0x7742, 0x6aa2, 0x5262, 0x5262, 0x5262, 0x736c, 0x7ffd, 0x7742, 0x5262, 0x4da1, 0x3161,
    0x28e1, 0x28e1, 0x3161, 0x28e1, 0x28e1, 0x28e1, 0x28e1, 0x28e1, 0x28e1, 0x28e1, 0x28e1, 0x28e1,
    0x3161, 0x4da1, 0x4da1, 0x4da1, 0x6aa2, 0x6aa2, 0x6aa2, 0x7742, 0x7742, 0x7ffd, 0x7ffd, 0x7742,
    0x7742, 0x6aa2, 0x6aa2, 0x4da1, 0x4da1, 0x4da1, 0x4da1, 0x4da1, 0x28e1, 0x28e1, 0x28e1, 0x28e1,
    0x28e1, 0x28e1, 0x28e1, 0x1080, 0x1080, 0x1080, 0x1080, 0x1080, 0x1080, 0x1080, 0x1080, 0x1080,
    0x1080, 0x1080, 0x1080, 0x1080, 0x1080, 0x1080, 0x1080, 0x1080, 0x1080, 0x1080, 0x1080, 0x1080,
    0x1961, 0x1080, 0x1961, 0x1961, 0x1961, 0x1e20, 0x1e20, 0x1e20, 0x3262, 0x3262, 0x7ffd, 0x7ffd,
    0x7ffd, 0x7ffd, 0x3262, 0x1e20, 0x1e20, 0x1961, 0x1961, 0x1080, 0x1080, 0x1080, 0x1080, 0x1080,
    0x1080, 0x1080, 0x1080, 0x1080, 0x1961, 0x1e20, 0x1e20, 0x3262, 0x3262, 0x7ffd, 0x7ffd, 0x7ffd,
    0x7ffd, 0x3262, 0x3262, 0x1e20, 0x1e20, 0x1e20, 0x1961, 0x1961, 0x1961, 0x1961, 0x1961, 0x56ab,
    0x1080, 0x1080, 0x1080, 0x3161, 0x3161, 0x1080, 0x1080, 0x1080, 0x1080, 0x1080, 0x1080, 0x1080,
    0x1080, 0x1080, 0x1080, 0x1080, 0x1080, 0x1080, 0x1080, 0x1080, 0x28e1, 0x28e1, 0x28e1, 0x28e1,
    0x28e1, 0x28e1, 0x28e1, 0x28e1, 0x4da1, 0x4da1, 0x4da1, 0x4da1, 0x6aa2, 0x6aa2, 0x6aa2, 0x7742,
    0x7742, 0x7ffd, 0x7ffd, 0x7742, 0x7742, 0x7742, 0x6aa2, 0x6aa2, 0x4da1, 0x4da1, 0x4da1, 0x4da1,
    0x3161, 0x28e1, 0x28e1, 0x28e1, 0x28e1, 0x28e1, 0x28e1, 0x28e1, 0x28e1, 0x28e1, 0x28e1, 0x28e1,
    0x28e1, 0x28e1, 0x4da1, 0x3262, 0x7ffd, 0x7742, 0x7ffd, 0x7742, 0x6aa2, 0x5262, 0x6aa2, 0x6aa2,
    0x5262, 0x3161, 0x4da1, 0x3161, 0x6aa2, 0x5262, 0x3161, 0x28e1, 0x28e1, 0x28e1, 0x1961, 0x1961,
    0x1961, 0x1961, 0x3161, 0x1080, 0x1961, 0x1961, 0x1080, 0x1080, 0x1080, 0x1080, 0x1080, 0x1080,
    0x28e1, 0x1080, 0x1961, 0x1961, 0x1961, 0x1961, 0x28e1, 0x1961, 0x1961, 0x1961, 0x1961, 0x1961,
    0x1961, 0x1961, 0x1961, 0x1961, 0x28e1, 0x28e1, 0x3161, 0x5262, 0x5262, 0x3262, 0x3161, 0x3161,
    0x5262, 0x7742, 0x6aa2, 0x4da1, 0x5262, 0x7742, 0x7ffd, 0x7742, 0x7ffd, 0x5262, 0x3161, 0x28e1,
    0x28e1, 0x28e1, 0x28e1, 0x28e1, 0x28e1, 0x28e1, 0x28e1, 0x28e1, 0x28e1, 0x28e1, 0x28e1, 0x28e1,
    0x28e1, 0x4da1, 0x4da1, 0x4da1, 0x4da1, 0x6aa2, 0x6aa2, 0x6aa2, 0x7742, 0x7742, 0x7ffd, 0x7bd4,
    0x7742, 0x7742, 0x6aa2, 0x6aa2, 0x4da1, 0x4da1, 0x4da1, 0x28e1, 0x4da1, 0x28e1, 0x28e1, 0x28e1,
    0x28e1, 0x28e1, 0x28e1, 0x1080, 0x1080, 0x1080, 0x1080, 0x1080, 0x1080, 0x1080, 0x1080, 0x1080,
    0x1080, 0x1080, 0x1080, 0x1080, 0x1080, 0x1080, 0x1080, 0x1080, 0x1080, 0x1080, 0x1080, 0x1080,
    0x1080, 0x1961, 0x1961, 0x1961, 0x1961, 0x1e20, 0x1e20, 0x1e20, 0x3262, 0x3262, 0x736c, 0x7ffd,
    0x7ffd, 0x7ffd, 0x736c, 0x3262, 0x1e20, 0x1e20, 0x1961, 0x1080, 0x1080, 0x1080, 0x1080, 0x1080,
    0x1080, 0x1080, 0x1080, 0x1961, 0x1961, 0x1e20, 0x1e20, 0x3262, 0x7ffd, 0x7ffd, 0x7ffd, 0x7ffd,
    0x736c, 0x3262, 0x1e20, 0x1e20, 0x1e20, 0x1e20, 0x1e20, 0x1961, 0x1961, 0x1961, 0x3262, 0x1080,
    0x1080, 0x1080, 0x1080, 0x1080, 0x1080, 0x3161, 0x28e1, 0x1080, 0x1080, 0x1080, 0x1080, 0x1080,
    0x1080, 0x1080, 0x1080, 0x1080, 0x1080, 0x1080, 0x1080, 0x28e1, 0x28e1, 0x28e1, 0x28e1, 0x28e1,
    0x28e1, 0x28e1, 0x28e1, 0x4da1, 0x4da1, 0x4da1, 0x4da1, 0x6aa2, 0x6aa2, 0x6aa2, 0x6aa2, 0x7742,
    0x7742, 0x7ffd, 0x7bd4, 0x7742, 0x7742, 0x6aa2, 0x6aa2, 0x6aa2, 0x4da1, 0x4da1, 0x4da1, 0x4da1,
    0x28e1, 0x28e1, 0x28e1, 0x28e1, 0x28e1, 0x28e1, 0x28e1, 0x1080, 0x1080, 0x3161, 0x1080, 0x28e1,
    0x1080, 0x3161, 0x5262, 0x736c, 0x7742, 0x6aa2, 0x736c, 0x7ffd, 0x7742, 0x6aa2, 0x5262, 0x6aa2,
    0x4da1, 0x3161, 0x28e1, 0x5262, 0x7742, 0x4da1, 0x4da1, 0x28e1, 0x28e1, 0x28e1, 0x1080, 0x1080,
    0x1080, 0x1080, 0x1080, 0x1080, 0x1080, 0x1080, 0x1080, 0x1080, 0x1080, 0x1080, 0x1080, 0x1080,
    0x28e1, 0x1080, 0x1080, 0x1080, 0x1080, 0x1080, 0x1080, 0x1080, 0x1080, 0x1080, 0x1080, 0x1080,
    0x1080, 0x1080, 0x1080, 0x1080, 0x1080, 0x1080, 0x3161, 0x5262, 0x7742, 0x5262, 0x3161, 0x28e1,
    0x4da1, 0x7742, 0x4da1, 0x4da1, 0x6aa2, 0x7ffd, 0x7742, 0x5262, 0x736c, 0x7742, 0x3161, 0x3161,
    0x28e1, 0x28e1, 0x1080, 0x3161, 0x28e1, 0x28e1, 0x28e1, 0x28e1, 0x28e1, 0x28e1, 0x28e1, 0x28e1,
    0x28e1, 0x28e1, 0x4da1, 0x4da1, 0x4da1, 0x4da1, 0x6aa2, 0x6aa2, 0x7742, 0x7742, 0x7bd4, 0x7ffd,
    0x7742, 0x7742, 0x7742, 0x6aa2, 0x6aa2, 0x4da1, 0x4da1, 0x4da1, 0x28e1, 0x4da1, 0x28e1, 0x28e1,
    0x28e1, 0x28e1, 0x28e1, 0x28e1, 0x1080, 0x1080, 0x1080, 0x1080, 0x1080, 0x1080, 0x1080, 0x1080,
    0x1080, 0x1080, 0x1080, 0x1080, 0x1080, 0x1080, 0x28e1, 0x1080, 0x1080, 0x1080, 0x1080, 0x1080,
    0x1080, 0x1961, 0x1961, 0x1961, 0x1961, 0x1e20, 0x1e20, 0x1e20, 0x1e20, 0x3262, 0x5262, 0x7ffd,
    0x7ffd, 0x7ffd, 0x7ffd, 0x3262, 0x1e20, 0x1e20, 0x1e20, 0x1961, 0x1080, 0x1080, 0x1080, 0x1080,
    0x1080, 0x1080, 0x1080, 0x1961, 0x1e20, 0x1e20, 0x3262, 0x7742, 0x7ffd, 0x7ffd, 0x7ffd, 0x7ffd,
    0x3262, 0x3262, 0x3262, 0x1e20, 0x1e20, 0x1e20, 0x1e20, 0x1e20, 0x1961, 0x1961, 0x3262, 0x1080,
    0x1080, 0x1080, 0x1080, 0x1080, 0x1080, 0x1080, 0x28e1, 0x3161, 0x3161, 0x1080, 0x1080, 0x1080,
    0x1080, 0x1080, 0x1080, 0x1080, 0x1080, 0x1080, 0x1080, 0x28e1, 0x28e1, 0x28e1, 0x28e1, 0x28e1,
    0x28e1, 0x28e1, 0x28e1, 0x4da1, 0x4da1, 0x4da1, 0x4da1, 0x4da1, 0x6aa2, 0x6aa2, 0x7742, 0x7742,
    0x7ffd, 0x7ffd, 0x7742, 0x7742, 0x6aa2, 0x6aa2, 0x6aa2, 0x4da1, 0x4da1, 0x4da1, 0x4da1, 0x3161,
    0x28e1, 0x28e1, 0x28e1, 0x28e1, 0x28e1, 0x28e1, 0x28e1, 0x28e1, 0x3161, 0x1080, 0x28e1, 0x28e1,
    0x1961, 0x1961, 0x3262, 0x7ffd, 0x3161, 0x6aa2, 0x7742, 0x7bd4, 0x7ffd, 0x6aa2, 0x4da1, 0x4da1,
    0x4da1, 0x4da1, 0x4da1, 0x7742, 0x7742, 0x4da1, 0x3161, 0x28e1, 0x1080, 0x28e1, 0x1080, 0x1080,
    0x1080, 0x1080, 0x1080, 0x1080, 0x1080, 0x1080, 0x1080, 0x1080, 0x1080, 0x1080, 0x1080, 0x1080,
    0x28e1, 0x1080, 0x1080, 0x1080, 0x1080, 0x1080, 0x1080, 0x1080, 0x1080, 0x1080, 0x1080, 0x1080,
    0x1080, 0x1080, 0x1080, 0x1080, 0x1080, 0x28e1, 0x3161, 0x4da1, 0x7742, 0x7742, 0x3161, 0x3161,
    0x4da1, 0x4da1, 0x4da1, 0x6aa2, 0x736c, 0x7bd4, 0x5262, 0x5262, 0x5262, 0x7ffd, 0x3262, 0x1961,
    0x1961, 0x1080, 0x1080, 0x1080, 0x28e1, 0x1080, 0x1080, 0x28e1, 0x28e1, 0x28e1, 0x28e1, 0x28e1,
    0x28e1, 0x28e1, 0x4da1, 0x4da1, 0x4da1, 0x4da1, 0x6aa2, 0x6aa2, 0x6aa2, 0x7742, 0x7742, 0x7ffd,
    0x7ffd, 0x7742, 0x7742, 0x6aa2, 0x6aa2, 0x4da1, 0x4da1, 0x4da1, 0x4da1, 0x4da1, 0x28e1, 0x28e1,
    0x28e1, 0x28e1, 0x28e1, 0x28e1, 0x28e1, 0x1080, 0x1080, 0x1080, 0x1080, 0x1080, 0x1080, 0x1080,
    0x1080, 0x1080, 0x1080, 0x1080, 0x28e1, 0x1080, 0x1080, 0x1080, 0x1080, 0x1080, 0x1080, 0x1080,
    0x1080, 0x1080, 0x1961, 0x1961, 0x1961, 0x1e20, 0x3262, 0x1e20, 0x1e20, 0x3262, 0x3262, 0x6aca,
    0x7ffd, 0x7ffd, 0x7ffd, 0x7bd4, 0x3262, 0x1e20, 0x1e20, 0x1961, 0x1080, 0x1080, 0x1080, 0x1080,
    0x1080, 0x1080, 0x1961, 0x1961, 0x1e20, 0x3262, 0x3262, 0x7ffd, 0x7ffd, 0x7ffd, 0x7ffd, 0x7742,
    0x3262, 0x3262, 0x1e20, 0x1e20, 0x1e20, 0x1e20, 0x1e20, 0x1e20, 0x1e20, 0x6aca, 0x1080, 0x1080,
    0x1080, 0x1080, 0x1080, 0x1080, 0x1080, 0x28e1, 0x1080, 0x1080, 0x1080, 0x3161, 0x3161, 0x1080,
    0x1080, 0x1080, 0x1080, 0x1080, 0x1080, 0x1080, 0x28e1, 0x28e1, 0x28e1, 0x28e1, 0x28e1, 0x28e1,
    0x28e1, 0x28e1, 0x28e1, 0x4da1, 0x4da1, 0x4da1, 0x4da1, 0x6aa2, 0x6aa2, 0x7742, 0x7742, 0x7bd4,
    0x7ffd, 0x736c, 0x7742, 0x7742, 0x6aa2, 0x6aa2, 0x6aa2, 0x4da1, 0x4da1, 0x4da1, 0x4da1, 0x28e1,
    0x28e1, 0x28e1, 0x28e1, 0x28e1, 0x28e1, 0x28e1, 0x28e1, 0x1080, 0x28e1, 0x28e1, 0x1080, 0x1961,
    0x1961, 0x3262, 0x736c, 0x5262, 0x3262, 0x4da1, 0x4da1, 0x7742, 0x7ffd, 0x7742, 0x6aa2, 0x4da1,
    0x4da1, 0x4da1, 0x6aa2, 0x7742, 0x5262, 0x4da1, 0x3161, 0x28e1, 0x1080, 0x1080, 0x1080, 0x1080,
    0x1080, 0x1080, 0x1080, 0x1080, 0x1080, 0x1080, 0x1080, 0x1080, 0x1080, 0x1080, 0x1080, 0x1080,
    0x28e1, 0x1080, 0x1080, 0x1080, 0x1080, 0x1080, 0x1080, 0x1080, 0x1080, 0x1080, 0x1080, 0x1080,
    0x1080, 0x1080, 0x1080, 0x1080, 0x1080, 0x28e1, 0x4da1, 0x4da1, 0x5262, 0x7742, 0x7742, 0x3161,
    0x5262, 0x4da1, 0x5262, 0x7742, 0x7ffd, 0x7742, 0x5262, 0x4da1, 0x5262, 0x736c, 0x736c, 0x1e20,
    0x1961, 0x28e1, 0x28e1, 0x1080, 0x28e1, 0x28e1, 0x28e1, 0x28e1, 0x28e1, 0x28e1, 0x28e1, 0x28e1,
    0x28e1, 0x28e1, 0x3161, 0x4da1, 0x4da1, 0x4da1, 0x4da1, 0x6aa2, 0x6aa2, 0x7742, 0x7742, 0x7bd4,
    0x7ffd, 0x736c, 0x7742, 0x6aa2, 0x6aa2, 0x6aa2, 0x4da1, 0x4da1, 0x4da1, 0x4da1, 0x4da1, 0x28e1,
    0x28e1, 0x28e1, 0x28e1, 0x28e1, 0x28e1, 0x28e1, 0x1080, 0x1080, 0x1080, 0x1080, 0x1080, 0x1080,
    0x1080, 0x1080, 0x28e1, 0x1080, 0x1080, 0x1080, 0x1080, 0x1080, 0x1080, 0x1080, 0x1080, 0x1080,
    0x1080, 0x1080, 0x1080, 0x1961, 0x1e20, 0x1e20, 0x1e20, 0x3262, 0x3262, 0x3262, 0x3262, 0x3262,
    0x7ffd, 0x7ffd, 0x7ffd, 0x7ffd, 0x3262, 0x3262, 0x1e20, 0x1e20, 0x1961, 0x1080, 0x1080, 0x1080,
    0x1080, 0x1080, 0x1961, 0x1e20, 0x1e20, 0x3262, 0x736c, 0x7ffd, 0x7ffd, 0x7ffd, 0x7ffd, 0x3262,
    0x3262, 0x3262, 0x1e20, 0x1e20, 0x1e20, 0x1e20, 0x1e20, 0x1e20, 0x1e20, 0x1961, 0x1080, 0x1080,
    0x1080, 0x1080, 0x1080, 0x1080, 0x1080, 0x28e1, 0x1080, 0x1080, 0x1080, 0x1080, 0x1080, 0x4da1,
    0x3161, 0x1080, 0x1080, 0x1080, 0x1080, 0x1080, 0x28e1, 0x28e1, 0x28e1, 0x28e1, 0x28e1, 0x28e1,
    0x28e1, 0x28e1, 0x4da1, 0x4da1, 0x4da1, 0x4da1, 0x6aa2, 0x6aa2, 0x6aa2, 0x7742, 0x7742, 0x7ffd,
    0x7ffd, 0x7742, 0x7742, 0x6aa2, 0x6aa2, 0x6aa2, 0x4da1, 0x4da1, 0x4da1, 0x4da1, 0x4da1, 0x28e1,
    0x28e1, 0x28e1, 0x28e1, 0x28e1, 0x28e1, 0x28e1, 0x28e1, 0x28e1, 0x1080, 0x1080, 0x28e1, 0x1961,
    0x3161, 0x3262, 0x7ffd, 0x3262, 0x3161, 0x4da1, 0x6aa2, 0x6aa2, 0x7742, 0x7ffd, 0x7742, 0x6aa2,
    0x4da1, 0x4da1, 0x7742, 0x7742, 0x4da1, 0x4da1, 0x3161, 0x3161, 0x1080, 0x1080, 0x1080, 0x1080,
    0x1080, 0x1080, 0x1080, 0x1080, 0x1080, 0x1080, 0x1080, 0x1080, 0x1080, 0x1080, 0x1080, 0x1080,
    0x28e1, 0x1080, 0x1080, 0x1080, 0x1080, 0x1080, 0x1080, 0x1080, 0x1080, 0x1080, 0x1080, 0x1080,
    0x1080, 0x1080, 0x1080, 0x1080, 0x1080, 0x28e1, 0x3161, 0x4da1, 0x7742, 0x7742, 0x7742, 0x4da1,
    0x4da1, 0x4da1, 0x6aa2, 0x7ffd, 0x7742, 0x6aa2, 0x5262, 0x4da1, 0x1961, 0x3262, 0x7ffd, 0x3262,
    0x1e20, 0x1961, 0x28e1, 0x1080, 0x1080, 0x28e1, 0x1080, 0x28e1, 0x28e1, 0x28e1, 0x28e1, 0x28e1,
    0x28e1, 0x28e1, 0x3161, 0x4da1, 0x4da1, 0x4da1, 0x4da1, 0x4da1, 0x6aa2, 0x6aa2, 0x7742, 0x7742,
    0x7ffd, 0x7ffd, 0x7742, 0x7742, 0x6aa2, 0x6aa2, 0x6aa2, 0x4da1, 0x4da1, 0x4da1, 0x4da1, 0x28e1,
    0x28e1, 0x28e1, 0x28e1, 0x28e1, 0x28e1, 0x28e1, 0x28e1, 0x1080, 0x1080, 0x1080, 0x1080, 0x1080,
    0x3161, 0x1080, 0x1080, 0x1080, 0x1080, 0x1080, 0x1080, 0x1080, 0x1080, 0x1080, 0x1080, 0x1080,
    0x1080, 0x1080, 0x1080, 0x1961, 0x1e20, 0x1e20, 0x1e20, 0x3262, 0x3262, 0x3262, 0x3262, 0x3262,
    0x3262, 0x7ffd, 0x7ffd, 0x7ffd, 0x7ffd, 0x3262, 0x3262, 0x1e20, 0x1961, 0x1080, 0x1080, 0x1080,
    0x1080, 0x1961, 0x1961, 0x1e20, 0x1e20, 0x3262, 0x7ffd, 0x7ffd, 0x7ffd, 0x7ffd, 0x3262, 0x3262,
    0x3262, 0x3262, 0x1e20, 0x3262, 0x1e20, 0x3262, 0x1e20, 0x1e20, 0x5262, 0x1080, 0x1080, 0x1080,
    0x1080, 0x1080, 0x1080, 0x1080, 0x28e1, 0x1080, 0x1080, 0x1080, 0x1080, 0x1080, 0x1080, 0x1080,
    0x1080, 0x4da1, 0x4da1, 0x1080, 0x28e1, 0x1080, 0x28e1, 0x28e1, 0x28e1, 0x28e1, 0x28e1, 0x28e1,
    0x28e1, 0x4da1, 0x4da1, 0x4da1, 0x4da1, 0x4da1, 0x6aa2, 0x6aa2, 0x7742, 0x7742, 0x7ffd, 0x7ffd,
    0x736c, 0x7742, 0x7742, 0x6aa2, 0x6aa2, 0x6aa2, 0x4da1, 0x4da1, 0x4da1, 0x3161, 0x28e1, 0x28e1,
    0x28e1, 0x28e1, 0x28e1, 0x28e1, 0x28e1, 0x28e1, 0x1080, 0x1080, 0x1080, 0x1080, 0x1080, 0x1961,
    0x3262, 0x7ffd, 0x3262, 0x3262, 0x3161, 0x3161, 0x4da1, 0x6aa2, 0x6aa2, 0x736c, 0x7ffd, 0x7742,
    0x6aa2, 0x4da1, 0x7742, 0x6aa2, 0x4da1, 0x4da1, 0x4da1, 0x3161, 0x28e1, 0x1080, 0x1080, 0x1080,
    0x1080, 0x1080, 0x1080, 0x1080, 0x1080, 0x1080, 0x1080, 0x1080, 0x1080, 0x1080, 0x1080, 0x1080,
    0x28e1, 0x1080, 0x1080, 0x1080, 0x1080, 0x1080, 0x1080, 0x1080, 0x1080, 0x1080, 0x1080, 0x1080,
    0x1080, 0x1080, 0x1080, 0x1080, 0x1080, 0x28e1, 0x3161, 0x4da1, 0x7742, 0x7742, 0x7742, 0x6aa2,
    0x4da1, 0x5262, 0x736c, 0x7bd4, 0x6aa2, 0x5262, 0x5262, 0x28e1, 0x28e1, 0x3262, 0x5262, 0x7bd4,
    0x3262, 0x1961, 0x1080, 0x1080, 0x1080, 0x28e1, 0x1080, 0x1080, 0x28e1, 0x28e1, 0x28e1, 0x28e1,
    0x28e1, 0x28e1, 0x28e1, 0x4da1, 0x4da1, 0x4da1, 0x4da1, 0x4da1, 0x6aa2, 0x6aa2, 0x7742, 0x7742,
    0x736c, 0x7ffd, 0x736c, 0x7742, 0x6aa2, 0x6aa2, 0x4da1, 0x4da1, 0x4da1, 0x4da1, 0x28e1, 0x4da1,
    0x28e1, 0x28e1, 0x28e1, 0x28e1, 0x28e1, 0x28e1, 0x28e1, 0x1080, 0x1080, 0x1080, 0x3161, 0x1080,
    0x1080, 0x1080, 0x1080, 0x1080, 0x1080, 0x1080, 0x1080, 0x1080, 0x1080, 0x1080, 0x1080, 0x1080,
    0x1080, 0x1080, 0x1080, 0x1080, 0x1961, 0x1e20, 0x3262, 0x3262, 0x3262, 0x3262, 0x3262, 0x3262,
    0x3262, 0x736c, 0x7ffd, 0x7ffd, 0x7ffd, 0x736c, 0x3262, 0x1e20, 0x1e20, 0x1961, 0x1080, 0x1080,
    0x1961, 0x1961, 0x1e20, 0x1e20, 0x3262, 0x7ffd, 0x7ffd, 0x7ffd, 0x7ffd, 0x7bd4, 0x3262, 0x3262,
    0x3262, 0x3262, 0x3262, 0x3262, 0x1e20, 0x3262, 0x1e20, 0x3262, 0x1080, 0x1080, 0x1080, 0x1080,
    0x1080, 0x1080, 0x1080, 0x1080, 0x1080, 0x1080, 0x1080, 0x1080, 0x1080, 0x1080, 0x1080, 0x1080,
    0x1080, 0x1080, 0x1080, 0x4da1, 0x4da1, 0x1080, 0x28e1, 0x28e1, 0x28e1, 0x28e1, 0x28e1, 0x28e1,
    0x28e1, 0x4da1, 0x4da1, 0x4da1, 0x4da1, 0x6aa2, 0x6aa2, 0x6aa2, 0x7742, 0x7742, 0x7ffd, 0x7ffd,
    0x7742, 0x7742, 0x6aa2, 0x6aa2, 0x6aa2, 0x4da1, 0x4da1, 0x4da1, 0x4da1, 0x3161, 0x28e1, 0x28e1,
    0x28e1, 0x28e1, 0x28e1, 0x28e1, 0x28e1, 0x28e1, 0x4da1, 0x1080, 0x28e1, 0x1080, 0x1961, 0x1961,
    0x3262, 0x7ffd, 0x3262, 0x1961, 0x28e1, 0x28e1, 0x3161, 0x5262, 0x6aa2, 0x6aa2, 0x7ffd, 0x736c,
    0x6aa2, 0x6aa2, 0x3161, 0x28e1, 0x28e1, 0x28e1, 0x28e1, 0x1080, 0x1080, 0x1080, 0x1080, 0x1080,
    0x1080, 0x1080, 0x1080, 0x1080, 0x1080, 0x1080, 0x1080, 0x1080, 0x1080, 0x1080, 0x1080, 0x1080,
    0x1080, 0x1080, 0x1080, 0x1080, 0x1080, 0x1080, 0x1080, 0x1080, 0x1080, 0x1080, 0x1080, 0x1080,
    0x1080, 0x1080, 0x1080, 0x1080, 0x1080, 0x28e1, 0x28e1, 0x1080, 0x28e1, 0x3161, 0x4da1, 0x7742,
    0x4da1, 0x7742, 0x7ffd, 0x6aa2, 0x6aa2, 0x6aa2, 0x28e1, 0x28e1, 0x3161, 0x1961, 0x3262, 0x7ffd,
    0x3262, 0x1e20, 0x1961, 0x28e1, 0x1080, 0x1080, 0x3161, 0x1080, 0x28e1, 0x28e1, 0x28e1, 0x28e1,
    0x28e1, 0x28e1, 0x28e1, 0x3161, 0x4da1, 0x4da1, 0x4da1, 0x4da1, 0x4da1, 0x6aa2, 0x6aa2, 0x7742,
    0x7742, 0x7ffd, 0x7ffd, 0x7742, 0x7742, 0x6aa2, 0x6aa2, 0x4da1, 0x4da1, 0x4da1, 0x4da1, 0x28e1,
    0x28e1, 0x28e1, 0x28e1, 0x1080, 0x28e1, 0x28e1, 0x1080, 0x1080, 0x4da1, 0x28e1, 0x1080, 0x1080,
    0x1080, 0x1080, 0x1080, 0x1080, 0x1080, 0x1080, 0x1080, 0x1080, 0x1080, 0x1080, 0x1080, 0x1080,
    0x1080, 0x1080, 0x1080, 0x1080, 0x1961, 0x1e20, 0x1e20, 0x3262, 0x3262, 0x3262, 0x3262, 0x3262,
    0x3262, 0x3262, 0x7ffd, 0x7ffd, 0x7ffd, 0x7ffd, 0x3262, 0x1e20, 0x1e20, 0x1961, 0x1961, 0x1080,
    0x1961, 0x1e20, 0x1e20, 0x3262, 0x56ab, 0x7ffd, 0x7ffd, 0x7ffd, 0x7ffd, 0x7742, 0x3262, 0x3262,
    0x3262, 0x3262, 0x3262, 0x3262, 0x3262, 0x3262, 0x1e20, 0x3262, 0x1080, 0x1080, 0x1080, 0x1080,
    0x1080, 0x1080, 0x1080, 0x28e1, 0x1080, 0x1080, 0x1080, 0x1080, 0x1080, 0x1080, 0x1080, 0x1080,
    0x1080, 0x1080, 0x1080, 0x1080, 0x1080, 0x4da1, 0x4da1, 0x28e1, 0x28e1, 0x28e1, 0x28e1, 0x28e1,
    0x4da1, 0x4da1, 0x4da1, 0x4da1, 0x6aa2, 0x6aa2, 0x6aa2, 0x7742, 0x7742, 0x7ffd, 0x7ffd, 0x7742,
    0x7742, 0x7742, 0x6aa2, 0x6aa2, 0x6aa2, 0x4da1, 0x4da1, 0x4da1, 0x4da1, 0x28e1, 0x28e1, 0x28e1,
    0x28e1, 0x28e1, 0x28e1, 0x28e1, 0x1080, 0x28e1, 0x1080, 0x1080, 0x28e1, 0x1080, 0x1961, 0x1e20,
    0x7ffd, 0x3262, 0x1961, 0x28e1, 0x28e1, 0x28e1, 0x28e1, 0x3161, 0x5262, 0x6aa2, 0x7742, 0x7ffd,
    0x7742, 0x4da1, 0x4da1, 0x28e1, 0x28e1, 0x28e1, 0x28e1, 0x28e1, 0x1080, 0x1080, 0x1080, 0x1080,
    0x1080, 0x1080, 0x1080, 0x1080, 0x1080, 0x1080, 0x1080, 0x1080, 0x1080, 0x1080, 0x1080, 0x1080,
    0x1080, 0x1080, 0x1080, 0x1080, 0x1080, 0x1080, 0x1080, 0x1080, 0x1080, 0x1080, 0x1080, 0x1080,
    0x1080, 0x1080, 0x1080, 0x1080, 0x28e1, 0x28e1, 0x28e1, 0x28e1, 0x28e1, 0x3161, 0x3161, 0x4da1,
    0x6aa2, 0x7ffd, 0x7742, 0x6aa2, 0x4da1, 0x28e1, 0x28e1, 0x3161, 0x28e1, 0x28e1, 0x1e20, 0x3262,
    0x7ffd, 0x1e20, 0x1080, 0x1080, 0x1080, 0x1080, 0x1080, 0x1080, 0x28e1, 0x28e1, 0x28e1, 0x28e1,
    0x28e1, 0x28e1, 0x28e1, 0x28e1, 0x3161, 0x4da1, 0x4da1, 0x4da1, 0x4da1, 0x6aa2, 0x6aa2, 0x7742,
    0x7742, 0x7742, 0x7ffd, 0x7ffd, 0x7742, 0x7742, 0x6aa2, 0x6aa2, 0x4da1, 0x4da1, 0x4da1, 0x4da1,
    0x4da1, 0x28e1, 0x28e1, 0x28e1, 0x28e1, 0x28e1, 0x4da1, 0x28e1, 0x1080, 0x1080, 0x1080, 0x1080,
    0x1080, 0x1080, 0x1080, 0x1080, 0x1080, 0x1080, 0x1080, 0x1080, 0x1080, 0x1080, 0x1080, 0x1080,
    0x1080, 0x1080, 0x1080, 0x1080, 0x1080, 0x1961, 0x1e20, 0x3262, 0x3262, 0x3262, 0x3262, 0x3262,
    0x3262, 0x3262, 0x56ab, 0x7ffd, 0x7ffd, 0x7ffd, 0x7ffd, 0x3262, 0x1e20, 0x1e20, 0x1961, 0x1961,
    0x1961, 0x1e20, 0x3262, 0x3262, 0x7ffd, 0x7ffd, 0x7ffd, 0x7ffd, 0x5262, 0x3262, 0x3262, 0x3262,
    0x3262, 0x3262, 0x3262, 0x3262, 0x3262, 0x1e20, 0x3262, 0x1080, 0x1080, 0x1080, 0x1080, 0x1080,
    0x1080, 0x1080, 0x1080, 0x1080, 0x1080, 0x1080, 0x1080, 0x1080, 0x1080, 0x1080, 0x1080, 0x28e1,
    0x1080, 0x1080, 0x1080, 0x1080, 0x1080, 0x28e1, 0x28e1, 0x6aa2, 0x4da1, 0x28e1, 0x28e1, 0x4da1,
    0x4da1, 0x4da1, 0x4da1, 0x4da1, 0x6aa2, 0x6aa2, 0x7742, 0x7742, 0x736c, 0x7ffd, 0x7bd4, 0x7742,
    0x7742, 0x6aa2, 0x6aa2, 0x6aa2, 0x4da1, 0x4da1, 0x4da1, 0x4da1, 0x4da1, 0x28e1, 0x28e1, 0x28e1,
    0x28e1, 0x28e1, 0x28e1, 0x28e1, 0x28e1, 0x3161, 0x1080, 0x1080, 0x1080, 0x1961, 0x1e20, 0x736c,
    0x7bd4, 0x3262, 0x1961, 0x28e1, 0x28e1, 0x28e1, 0x28e1, 0x28e1, 0x3161, 0x5262, 0x4da1, 0x736c,
    0x7ffd, 0x6aa2, 0x4da1, 0x4da1, 0x3161, 0x3161, 0x28e1, 0x28e1, 0x28e1, 0x28e1, 0x28e1, 0x3161,
    0x28e1, 0x28e1, 0x28e1, 0x28e1, 0x28e1, 0x28e1, 0x28e1, 0x28e1, 0x28e1, 0x28e1, 0x28e1, 0x28e1,
    0x28e1, 0x28e1, 0x28e1, 0x28e1, 0x28e1, 0x28e1, 0x28e1, 0x28e1, 0x28e1, 0x28e1, 0x28e1, 0x28e1,
    0x28e1, 0x28e1, 0x28e1, 0x28e1, 0x3161, 0x28e1, 0x3161, 0x3161, 0x3161, 0x4da1, 0x4da1, 0x6aa2,
    0x7bd4, 0x736c, 0x4da1, 0x4da1, 0x4da1, 0x3161, 0x28e1, 0x3161, 0x28e1, 0x28e1, 0x1961, 0x3262,
    0x7bd4, 0x56ab, 0x1e20, 0x1961, 0x1080, 0x1080, 0x1080, 0x3161, 0x1080, 0x28e1, 0x28e1, 0x28e1,
    0x28e1, 0x28e1, 0x28e1, 0x28e1, 0x28e1, 0x4da1, 0x4da1, 0x4da1, 0x4da1, 0x4da1, 0x6aa2, 0x6aa2,
    0x7742, 0x7742, 0x7ffd, 0x7ffd, 0x7742, 0x7742, 0x6aa2, 0x6aa2, 0x6aa2, 0x4da1, 0x4da1, 0x4da1,
    0x4da1, 0x4da1, 0x28e1, 0x28e1, 0x6aa2, 0x4da1, 0x1080, 0x1080, 0x28e1, 0x1080, 0x1080, 0x1080,
    0x1080, 0x1080, 0x1080, 0x1080, 0x1080, 0x1080, 0x1080, 0x1080, 0x1080, 0x1080, 0x1080, 0x1080,
    0x1080, 0x1080, 0x1080, 0x1080, 0x1080, 0x1080, 0x1961, 0x3161, 0x3161, 0x3161, 0x1e20, 0x1e20,
    0x1e20, 0x3262, 0x3262, 0x7ffd, 0x7ffd, 0x7ffd, 0x7ffd, 0x3262, 0x3262, 0x1e20, 0x1e20, 0x1961,
    0x1e20, 0x1e20, 0x3262, 0x7bd4, 0x7ffd, 0x7ffd, 0x7ffd, 0x7bd4, 0x3262, 0x3262, 0x3262, 0x1e20,
    0x3262, 0x1e20, 0x1e20, 0x1e20, 0x1e20, 0x1e20, 0x1961, 0x1080, 0x1080, 0x1080, 0x1080, 0x1080,
    0x1080, 0x1080, 0x28e1, 0x1080, 0x1080, 0x1080, 0x1080, 0x1080, 0x1080, 0x1080, 0x1080, 0x1080,
    0x1080, 0x1080, 0x1080, 0x1080, 0x28e1, 0x28e1, 0x28e1, 0x28e1, 0x28e1, 0x6aa2, 0x6aa2, 0x3161,
    0x4da1, 0x4da1, 0x4da1, 0x6aa2, 0x6aa2, 0x6aa2, 0x7742, 0x7742, 0x7ffd, 0x7ffd, 0x7742, 0x7742,
    0x6aa2, 0x6aa2, 0x6aa2, 0x4da1, 0x4da1, 0x4da1, 0x4da1, 0x4da1, 0x28e1, 0x28e1, 0x28e1, 0x28e1,
    0x28e1, 0x28e1, 0x28e1, 0x1080, 0x28e1, 0x1080, 0x28e1, 0x28e1, 0x28e1, 0x1080, 0x3262, 0x7ffd,
    0x1e20, 0x1e20, 0x28e1, 0x28e1, 0x28e1, 0x28e1, 0x28e1, 0x28e1, 0x4da1, 0x4da1, 0x6aa2, 0x6aa2,
    0x7bd4, 0x736c, 0x736c, 0x7bd4, 0x7bd4, 0x7bd4, 0x7bd4, 0x7bd4, 0x7bd4, 0x7bd4, 0x7bd4, 0x7bd4,
    0x7bd4, 0x7bd4, 0x7bd4, 0x7bd4, 0x7bd4, 0x7bd4, 0x7bd4, 0x7bd4, 0x7bd4, 0x7bd4, 0x7bd4, 0x7ffd,
    0x7ffd, 0x7bd4, 0x7bd4, 0x7ffd, 0x7ffd, 0x7ffd, 0x7ffd, 0x7ffd, 0x7ffd, 0x7bd4, 0x7bd4, 0x7ffd,
    0x7bd4, 0x7bd4, 0x7bd4, 0x7bd4, 0x7bd4, 0x7bd4, 0x7bd4, 0x7bd4, 0x736c, 0x7bd4, 0x7bd4, 0x7742,
    0x7ffd, 0x6aa2, 0x4da1, 0x4da1, 0x28e1, 0x28e1, 0x28e1, 0x28e1, 0x28e1, 0x28e1, 0x1961, 0x1e20,
    0x3262, 0x7ffd, 0x1e20, 0x1961, 0x1080, 0x1080, 0x1080, 0x1080, 0x1080, 0x28e1, 0x1080, 0x28e1,
    0x28e1, 0x28e1, 0x28e1, 0x28e1, 0x28e1, 0x28e1, 0x4da1, 0x4da1, 0x4da1, 0x4da1, 0x6aa2, 0x6aa2,
    0x7742, 0x7742, 0x7742, 0x7ffd, 0x7ffd, 0x7742, 0x7742, 0x6aa2, 0x6aa2, 0x6aa2, 0x4da1, 0x4da1,
    0x28e1, 0x4da1, 0x6aa2, 0x4da1, 0x28e1, 0x28e1, 0x28e1, 0x28e1, 0x1080, 0x1080, 0x1080, 0x1080,
    0x1080, 0x1080, 0x1080, 0x1080, 0x1080, 0x1080, 0x1080, 0x1080, 0x1080, 0x1080, 0x1080, 0x1080,
    0x1080, 0x1080, 0x1080, 0x1080, 0x1080, 0x1080, 0x1080, 0x1961, 0x3161, 0x3161, 0x1e20, 0x1e20,
    0x1e20, 0x1e20, 0x3262, 0x3262, 0x7ffd, 0x7ffd, 0x7ffd, 0x7ffd, 0x3262, 0x1e20, 0x1e20, 0x1961,
    0x1e20, 0x3262, 0x3262, 0x7ffd, 0x7ffd, 0x7ffd, 0x7ffd, 0x3262, 0x3262, 0x3262, 0x1e20, 0x1e20,
    0x1e20, 0x1e20, 0x1e20, 0x1e20, 0x3262, 0x3262, 0x1080, 0x1080, 0x1080, 0x1080, 0x1080, 0x1080,
    0x1080, 0x1080, 0x1080, 0x1080, 0x1080, 0x1080, 0x1080, 0x1080, 0x1080, 0x1080, 0x1080, 0x1080,
    0x1080, 0x1080, 0x1080, 0x28e1, 0x28e1, 0x28e1, 0x28e1, 0x28e1, 0x28e1, 0x28e1, 0x4da1, 0x4da1,
    0x7742, 0x4da1, 0x6aa2, 0x6aa2, 0x6aa2, 0x7742, 0x7742, 0x736c, 0x7ffd, 0x736c, 0x7742, 0x6aa2,
    0x6aa2, 0x6aa2, 0x6aa2, 0x4da1, 0x4da1, 0x4da1, 0x4da1, 0x28e1, 0x28e1, 0x28e1, 0x28e1, 0x28e1,
    0x28e1, 0x28e1, 0x28e1, 0x1080, 0x3161, 0x28e1, 0x1080, 0x1080, 0x1080, 0x3262, 0x736c, 0x6aca,
    0x1e20, 0x1961, 0x28e1, 0x28e1, 0x28e1, 0x28e1, 0x28e1, 0x28e1, 0x28e1, 0x3161, 0x4da1, 0x6aa2,
    0x7742, 0x7ffd, 0x6aa2, 0x6aa2, 0x6aa2, 0x4da1, 0x4da1, 0x4da1, 0x4da1, 0x7742, 0x3161, 0x28e1,
    0x28e1, 0x28e1, 0x1961, 0x28e1, 0x28e1, 0x28e1, 0x28e1, 0x28e1, 0x28e1, 0x28e1, 0x28e1, 0x1080,
    0x28e1, 0x28e1, 0x28e1, 0x28e1, 0x28e1, 0x28e1, 0x28e1, 0x1080, 0x1080, 0x28e1, 0x28e1, 0x28e1,
    0x28e1, 0x28e1, 0x3161, 0x7742, 0x5262, 0x5262, 0x4da1, 0x6aa2, 0x7742, 0x5262, 0x7742, 0x7ffd,
    0x6aa2, 0x4da1, 0x4da1, 0x3161, 0x28e1, 0x28e1, 0x28e1, 0x28e1, 0x28e1, 0x28e1, 0x28e1, 0x1961,
    0x1e20, 0x736c, 0x736c, 0x1e20, 0x1961, 0x1080, 0x1080, 0x1080, 0x4da1, 0x1080, 0x28e1, 0x28e1,
    0x28e1, 0x28e1, 0x28e1, 0x28e1, 0x28e1, 0x28e1, 0x3161, 0x4da1, 0x4da1, 0x4da1, 0x6aa2, 0x6aa2,
    0x6aa2, 0x7742, 0x7742, 0x7bd4, 0x7ffd, 0x736c, 0x7742, 0x6aa2, 0x6aa2, 0x6aa2, 0x4da1, 0x4da1,
    0x7742, 0x4da1, 0x4da1, 0x28e1, 0x28e1, 0x28e1, 0x28e1, 0x28e1, 0x1080, 0x1080, 0x1080, 0x1080,
    0x1080, 0x1080, 0x1080, 0x1080, 0x1080, 0x1080, 0x1080, 0x1080, 0x1080, 0x1080, 0x1080, 0x1080,
    0x1080, 0x1080, 0x1080, 0x1080, 0x1080, 0x1080, 0x1080, 0x1961, 0x1961, 0x1961, 0x1961, 0x1961,
    0x1e20, 0x1e20, 0x1e20, 0x3262, 0x7bd4, 0x7ffd, 0x7ffd, 0x7ffd, 0x56ab, 0x3262, 0x1e20, 0x1961,
    0x1e20, 0x3262, 0x7ffd, 0x7ffd, 0x7ffd, 0x7ffd, 0x7bd4, 0x3262, 0x3262, 0x1e20, 0x1e20, 0x1e20,
    0x1e20, 0x1961, 0x1961, 0x1e20, 0x3262, 0x1080, 0x1080, 0x1080, 0x1080, 0x1080, 0x1080, 0x1080,
    0x1080, 0x1080, 0x1080, 0x1080, 0x1080, 0x1080, 0x1080, 0x1080, 0x1080, 0x1080, 0x1080, 0x1080,
    0x1080, 0x28e1, 0x28e1, 0x28e1, 0x28e1, 0x28e1, 0x28e1, 0x28e1, 0x28e1, 0x28e1, 0x4da1, 0x4da1,
    0x4da1, 0x4da1, 0x6aa2, 0x6aa2, 0x6aa2, 0x7742, 0x7742, 0x7ffd, 0x7ffd, 0x7742, 0x7742, 0x6aa2,
    0x6aa2, 0x6aa2, 0x4da1, 0x4da1, 0x4da1, 0x4da1, 0x4da1, 0x28e1, 0x28e1, 0x28e1, 0x28e1, 0x28e1,
    0x28e1, 0x28e1, 0x1080, 0x3161, 0x1080, 0x1080, 0x1080, 0x1961, 0x1961, 0x1e20, 0x7ffd, 0x3262,
    0x1961, 0x1961, 0x28e1, 0x28e1, 0x28e1, 0x28e1, 0x28e1, 0x28e1, 0x3161, 0x4da1, 0x3161, 0x4da1,
    0x6aa2, 0x736c, 0x7bd4, 0x6aa2, 0x6aa2, 0x4da1, 0x4da1, 0x3161, 0x7742, 0x7742, 0x4da1, 0x1080,
    0x1080, 0x1080, 0x1080, 0x1080, 0x1080, 0x1080, 0x1080, 0x1080, 0x1080, 0x1080, 0x1080, 0x1080,
    0x28e1, 0x1080, 0x1080, 0x1080, 0x1080, 0x1080, 0x1080, 0x1080, 0x1080, 0x1080, 0x1080, 0x1080,
    0x1080, 0x1080, 0x4da1, 0x7742, 0x7742, 0x3161, 0x4da1, 0x7742, 0x4da1, 0x6aa2, 0x736c, 0x7bd4,
    0x5262, 0x4da1, 0x28e1, 0x4da1, 0x28e1, 0x28e1, 0x28e1, 0x28e1, 0x28e1, 0x28e1, 0x28e1, 0x28e1,
    0x3161, 0x1e20, 0x7ffd, 0x3262, 0x1961, 0x1080, 0x1080, 0x1080, 0x1080, 0x28e1, 0x1080, 0x28e1,
    0x28e1, 0x28e1, 0x28e1, 0x28e1, 0x28e1, 0x28e1, 0x28e1, 0x3161, 0x4da1, 0x4da1, 0x4da1, 0x4da1,
    0x6aa2, 0x6aa2, 0x7742, 0x7742, 0x7ffd, 0x7ffd, 0x7742, 0x7742, 0x6aa2, 0x6aa2, 0x6aa2, 0x6aa2,
    0x4da1, 0x4da1, 0x4da1, 0x28e1, 0x28e1, 0x28e1, 0x28e1, 0x28e1, 0x28e1, 0x1080, 0x1080, 0x1080,
    0x1080, 0x1080, 0x1080, 0x1080, 0x1080, 0x1080, 0x1080, 0x1080, 0x1080, 0x1080, 0x1080, 0x1080,
    0x1080, 0x1080, 0x1080, 0x1080, 0x1080, 0x1080, 0x1080, 0x1080, 0x1961, 0x1961, 0x1961, 0x1961,
    0x1961, 0x1e20, 0x1e20, 0x1e20, 0x3262, 0x7ffd, 0x7ffd, 0x7ffd, 0x7ffd, 0x3262, 0x1e20, 0x1e20,
    0x1e20, 0x736c, 0x7ffd, 0x7ffd, 0x7ffd, 0x7ffd, 0x3262, 0x3262, 0x1e20, 0x1e20, 0x1e20, 0x1e20,
    0x1e20, 0x1961, 0x1961, 0x1961, 0x1e20, 0x1080, 0x1080, 0x1080, 0x1080, 0x1080, 0x1080, 0x1080,
    0x1080, 0x1080, 0x1080, 0x1080, 0x1080, 0x1080, 0x1080, 0x1080, 0x1080, 0x1080, 0x1080, 0x1080,
    0x1080, 0x28e1, 0x28e1, 0x28e1, 0x28e1, 0x28e1, 0x28e1, 0x28e1, 0x28e1, 0x4da1, 0x4da1, 0x4da1,
    0x4da1, 0x6aa2, 0x6aa2, 0x6aa2, 0x7742, 0x7742, 0x7bd4, 0x7ffd, 0x7742, 0x7742, 0x6aa2, 0x6aa2,
    0x6aa2, 0x6aa2, 0x4da1, 0x4da1, 0x4da1, 0x4da1, 0x28e1, 0x28e1, 0x28e1, 0x28e1, 0x28e1, 0x28e1,
    0x28e1, 0x1080, 0x28e1, 0x28e1, 0x1080, 0x1080, 0x28e1, 0x1961, 0x3262, 0x7ffd, 0x3262, 0x1e20,
    0x1961, 0x1080, 0x28e1, 0x28e1, 0x28e1, 0x28e1, 0x28e1, 0x28e1, 0x28e1, 0x28e1, 0x28e1, 0x4da1,
    0x7742, 0x736c, 0x7bd4, 0x736c, 0x6aa2, 0x4da1, 0x4da1, 0x5262, 0x7742, 0x5262, 0x4da1, 0x1080,
    0x1080, 0x1080, 0x1080, 0x1080, 0x1080, 0x1080, 0x1080, 0x1080, 0x1080, 0x1080, 0x1080, 0x1080,
    0x28e1, 0x1080, 0x1080, 0x1080, 0x1080, 0x1080, 0x1080, 0x1080, 0x1080, 0x1080, 0x1080, 0x1080,
    0x1080, 0x28e1, 0x5262, 0x7742, 0x7742, 0x5262, 0x3161, 0x6aa2, 0x4da1, 0x7742, 0x7bd4, 0x736c,
    0x7742, 0x4da1, 0x4da1, 0x28e1, 0x28e1, 0x28e1, 0x28e1, 0x28e1, 0x28e1, 0x28e1, 0x28e1, 0x1080,
    0x1961, 0x1e20, 0x6aca, 0x736c, 0x1961, 0x1961, 0x1080, 0x1080, 0x1080, 0x3161, 0x28e1, 0x28e1,
    0x28e1, 0x28e1, 0x28e1, 0x28e1, 0x28e1, 0x28e1, 0x28e1, 0x28e1, 0x3161, 0x4da1, 0x4da1, 0x4da1,
    0x6aa2, 0x6aa2, 0x7742, 0x7742, 0x736c, 0x7ffd, 0x7bd4, 0x7742, 0x6aa2, 0x6aa2, 0x6aa2, 0x6aa2,
    0x4da1, 0x4da1, 0x28e1, 0x4da1, 0x28e1, 0x28e1, 0x28e1, 0x28e1, 0x28e1, 0x28e1, 0x1080, 0x1080,
    0x1080, 0x1080, 0x1080, 0x1080, 0x1080, 0x1080, 0x1080, 0x1080, 0x1080, 0x1080, 0x1080, 0x1080,
    0x1080, 0x1080, 0x1080, 0x1080, 0x1080, 0x1080, 0x1080, 0x1080, 0x1080, 0x1961, 0x1961, 0x1961,
    0x1961, 0x1961, 0x1e20, 0x1e20, 0x3262, 0x5262, 0x7ffd, 0x7ffd, 0x7ffd, 0x7bd4, 0x1e20, 0x1e20,
    0x3262, 0x7ffd, 0x7ffd, 0x7ffd, 0x7ffd, 0x3262, 0x3262, 0x1e20, 0x1e20, 0x1961, 0x1961, 0x1961,
    0x1961, 0x1961, 0x1961, 0x1961, 0x1080, 0x1080, 0x1080, 0x1080, 0x1080, 0x1080, 0x1080, 0x1080,
    0x1080, 0x1080, 0x1080, 0x1080, 0x1080, 0x1080, 0x1080, 0x1080, 0x1080, 0x1080, 0x1080, 0x1080,
    0x1080, 0x28e1, 0x28e1, 0x28e1, 0x28e1, 0x28e1, 0x28e1, 0x28e1, 0x28e1, 0x4da1, 0x4da1, 0x4da1,
    0x4da1, 0x6aa2, 0x6aa2, 0x6aa2, 0x7742, 0x7742, 0x7ffd, 0x7bd4, 0x7742, 0x7742, 0x6aa2, 0x6aa2,
    0x6aa2, 0x4da1, 0x4da1, 0x4da1, 0x4da1, 0x4da1, 0x28e1, 0x28e1, 0x28e1, 0x28e1, 0x28e1, 0x28e1,
    0x28e1, 0x1080, 0x4da1, 0x1080, 0x1080, 0x1080, 0x1961, 0x1961, 0x3262, 0x7ffd, 0x3262, 0x1961,
    0x1961, 0x1080, 0x28e1, 0x1080, 0x28e1, 0x28e1, 0x28e1, 0x1080, 0x3161, 0x4da1, 0x4da1, 0x6aa2,
    0x7bd4, 0x6aa2, 0x5262, 0x7ffd, 0x7742, 0x4da1, 0x4da1, 0x7742, 0x5262, 0x3161, 0x28e1, 0x28e1,
    0x1080, 0x1080, 0x1080, 0x1080, 0x1080, 0x1080, 0x1080, 0x1080, 0x1080, 0x1080, 0x1080, 0x1080,
    0x1080, 0x1080, 0x1080, 0x1080, 0x1080, 0x1080, 0x1080, 0x1080, 0x1080, 0x1080, 0x1080, 0x1080,
    0x1080, 0x28e1, 0x28e1, 0x4da1, 0x6aa2, 0x736c, 0x4da1, 0x4da1, 0x6aa2, 0x7ffd, 0x6aa2, 0x6aa2,
    0x7ffd, 0x5262, 0x4da1, 0x28e1, 0x3161, 0x1080, 0x28e1, 0x28e1, 0x28e1, 0x28e1, 0x28e1, 0x1080,
    0x1961, 0x1961, 0x3262, 0x7ffd, 0x3262, 0x1961, 0x1080, 0x1080, 0x1080, 0x1080, 0x3161, 0x28e1,
    0x1080, 0x28e1, 0x1080, 0x28e1, 0x28e1, 0x28e1, 0x28e1, 0x28e1, 0x3161, 0x4da1, 0x4da1, 0x4da1,
    0x4da1, 0x6aa2, 0x6aa2, 0x7742, 0x7742, 0x7ffd, 0x7ffd, 0x7742, 0x7742, 0x7742, 0x6aa2, 0x6aa2,
    0x4da1, 0x4da1, 0x4da1, 0x28e1, 0x4da1, 0x28e1, 0x28e1, 0x28e1, 0x28e1, 0x28e1, 0x28e1, 0x1080,
    0x1080, 0x1080, 0x1080, 0x1080, 0x1080, 0x1080, 0x1080, 0x1080, 0x1080, 0x1080, 0x1080, 0x1080,
    0x1080, 0x1080, 0x1080, 0x1080, 0x1080, 0x1080, 0x1080, 0x1080, 0x1080, 0x1080, 0x1080, 0x1080,
    0x1961, 0x1961, 0x1961, 0x1e20, 0x1e20, 0x3262, 0x7ffd, 0x7ffd, 0x7ffd, 0x7ffd, 0x3262, 0x3262,
    0x736c, 0x7ffd, 0x7ffd, 0x7ffd, 0x7ffd, 0x3262, 0x1e20, 0x1e20, 0x1961, 0x1961, 0x1961, 0x1961,
    0x1961, 0x1961, 0x1961, 0x1080, 0x1080, 0x1080, 0x1080, 0x1080, 0x1080, 0x1080, 0x1080, 0x1080,
    0x1080, 0x1080, 0x1080, 0x1080, 0x1080, 0x1080, 0x1080, 0x1080, 0x1080, 0x1080, 0x1080, 0x1080,
    0x28e1, 0x28e1, 0x28e1, 0x28e1, 0x28e1, 0x28e1, 0x28e1, 0x28e1, 0x4da1, 0x4da1, 0x4da1, 0x4da1,
    0x4da1, 0x6aa2, 0x6aa2, 0x7742, 0x7742, 0x7ffd, 0x7ffd, 0x7742, 0x7742, 0x6aa2, 0x6aa2, 0x6aa2,
    0x6aa2, 0x4da1, 0x4da1, 0x4da1, 0x4da1, 0x3161, 0x28e1, 0x28e1, 0x28e1, 0x28e1, 0x28e1, 0x28e1,
    0x28e1, 0x28e1, 0x1080, 0x1080, 0x1080, 0x1080, 0x1961, 0x1e20, 0x7ffd, 0x1e20, 0x1961, 0x1961,
    0x28e1, 0x28e1, 0x1080, 0x28e1, 0x28e1, 0x28e1, 0x28e1, 0x3161, 0x28e1, 0x28e1, 0x5262, 0x7742,
    0x736c, 0x6aa2, 0x7742, 0x7742, 0x7ffd, 0x4da1, 0x28e1, 0x28e1, 0x28e1, 0x28e1, 0x28e1, 0x28e1,
    0x28e1, 0x1080, 0x1080, 0x1080, 0x1080, 0x1080, 0x1080, 0x1080, 0x1080, 0x1080, 0x1080, 0x1080,
    0x1080, 0x1080, 0x1080, 0x1080, 0x1080, 0x1080, 0x1080, 0x1080, 0x1080, 0x1080, 0x1080, 0x1080,
    0x1080, 0x1080, 0x28e1, 0x28e1, 0x28e1, 0x28e1, 0x28e1, 0x4da1, 0x7ffd, 0x7742, 0x6aa2, 0x6aa2,
    0x7742, 0x7742, 0x3161, 0x3161, 0x28e1, 0x3161, 0x28e1, 0x28e1, 0x28e1, 0x28e1, 0x28e1, 0x1080,
    0x1080, 0x1961, 0x1e20, 0x3262, 0x7bd4, 0x3262, 0x1961, 0x1961, 0x1080, 0x1080, 0x28e1, 0x1080,
    0x1080, 0x1080, 0x28e1, 0x28e1, 0x28e1, 0x28e1, 0x28e1, 0x28e1, 0x28e1, 0x4da1, 0x4da1, 0x4da1,
    0x4da1, 0x6aa2, 0x6aa2, 0x6aa2, 0x7742, 0x7742, 0x7ffd, 0x7bd4, 0x7742, 0x6aa2, 0x6aa2, 0x6aa2,
    0x4da1, 0x4da1, 0x4da1, 0x4da1, 0x4da1, 0x28e1, 0x28e1, 0x28e1, 0x28e1, 0x28e1, 0x28e1, 0x1080,
    0x1080, 0x1080, 0x1080, 0x1080, 0x1080, 0x1080, 0x1080, 0x1080, 0x1080, 0x1080, 0x1080, 0x1080,
    0x1080, 0x1080, 0x1080, 0x1080, 0x1080, 0x1080, 0x1080, 0x1080, 0x1080, 0x1080, 0x1080, 0x1080,
    0x1961, 0x1961, 0x1961, 0x1961, 0x1e20, 0x3262, 0x3262, 0x7ffd, 0x7ffd, 0x7ffd, 0x7ffd, 0x3262,
    0x7ffd, 0x7ffd, 0x7ffd, 0x7ffd, 0x3262, 0x1e20, 0x1e20, 0x1e20, 0x1961, 0x1961, 0x1961, 0x1961,
    0x1080, 0x1080, 0x1080, 0x1080, 0x1080, 0x1080, 0x1080, 0x1080, 0x1080, 0x1080, 0x1080, 0x1080,
    0x1080, 0x1080, 0x1080, 0x1080, 0x1080, 0x1080, 0x1080, 0x1080, 0x1080, 0x1080, 0x1080, 0x1080,
    0x28e1, 0x28e1, 0x28e1, 0x28e1, 0x28e1, 0x28e1, 0x28e1, 0x28e1, 0x4da1, 0x4da1, 0x4da1, 0x6aa2,
    0x6aa2, 0x6aa2, 0x7742, 0x7742, 0x736c, 0x7ffd, 0x7bd4, 0x7742, 0x7742, 0x7742, 0x7742, 0x4da1,
    0x4da1, 0x4da1, 0x4da1, 0x4da1, 0x3161, 0x28e1, 0x28e1, 0x28e1, 0x28e1, 0x28e1, 0x28e1, 0x28e1,
    0x1080, 0x4da1, 0x1080, 0x1080, 0x1080, 0x1961, 0x1961, 0x3262, 0x7bd4, 0x3262, 0x1961, 0x1961,
    0x1080, 0x28e1, 0x1080, 0x28e1, 0x28e1, 0x1080, 0x28e1, 0x28e1, 0x3161, 0x4da1, 0x4da1, 0x7bd4,
    0x5262, 0x4da1, 0x4da1, 0x6aa2, 0x736c, 0x736c, 0x4da1, 0x28e1, 0x28e1, 0x28e1, 0x28e1, 0x28e1,
    0x1080, 0x1080, 0x1080, 0x1080, 0x1080, 0x1080, 0x1080, 0x1080, 0x1080, 0x1080, 0x1080, 0x1080,
    0x1080, 0x1080, 0x1080, 0x1080, 0x1080, 0x1080, 0x1080, 0x1080, 0x1080, 0x1080, 0x1080, 0x28e1,
    0x28e1, 0x1080, 0x28e1, 0x28e1, 0x1080, 0x28e1, 0x3161, 0x736c, 0x736c, 0x6aa2, 0x4da1, 0x4da1,
    0x5262, 0x7ffd, 0x4da1, 0x3161, 0x28e1, 0x28e1, 0x28e1, 0x1080, 0x1080, 0x28e1, 0x28e1, 0x1080,
    0x1080, 0x1961, 0x1961, 0x1e20, 0x7ffd, 0x3262, 0x1e20, 0x1080, 0x1080, 0x1080, 0x1080, 0x4da1,
    0x1080, 0x1080, 0x28e1, 0x28e1, 0x28e1, 0x28e1, 0x28e1, 0x28e1, 0x28e1, 0x28e1, 0x4da1, 0x4da1,
    0x4da1, 0x6aa2, 0x6aa2, 0x6aa2, 0x7742, 0x7742, 0x7ffd, 0x7ffd, 0x7742, 0x7742, 0x6aa2, 0x6aa2,
    0x6aa2, 0x4da1, 0x4da1, 0x4da1, 0x28e1, 0x4da1, 0x28e1, 0x28e1, 0x28e1, 0x28e1, 0x28e1, 0x1080,
    0x1080, 0x1080, 0x1080, 0x1080, 0x1080, 0x1080, 0x1080, 0x1080, 0x1080, 0x1080, 0x1080, 0x1080,
    0x1080, 0x1080, 0x1080, 0x1080, 0x1080, 0x1080, 0x1080, 0x1080, 0x1080, 0x1080, 0x1080, 0x1080,
    0x1080, 0x1961, 0x1961, 0x1961, 0x1e20, 0x1e20, 0x3262, 0x7bd4, 0x7ffd, 0x7ffd, 0x7ffd, 0x56ab,
    0x7ffd, 0x7ffd, 0x7ffd, 0x7bd4, 0x3262, 0x1e20, 0x1e20, 0x1961, 0x1961, 0x1961, 0x1080, 0x1080,
    0x1080, 0x1080, 0x1080, 0x1080, 0x1080, 0x1080, 0x1080, 0x1080, 0x1080, 0x1080, 0x1080, 0x1080,
    0x1080, 0x1080, 0x1080, 0x1080, 0x1080, 0x1080, 0x1080, 0x1080, 0x1080, 0x1080, 0x1080, 0x28e1,
    0x28e1, 0x28e1, 0x28e1, 0x28e1, 0x28e1, 0x28e1, 0x28e1, 0x4da1, 0x4da1, 0x4da1, 0x4da1, 0x6aa2,
    0x6aa2, 0x6aa2, 0x7742, 0x7742, 0x7ffd, 0x7ffd, 0x7742, 0x7742, 0x6aa2, 0x6aa2, 0x6aa2, 0x6aa2,
    0x6aa2, 0x4da1, 0x4da1, 0x28e1, 0x28e1, 0x28e1, 0x28e1, 0x28e1, 0x28e1, 0x28e1, 0x28e1, 0x1080,
    0x28e1, 0x1080, 0x1080, 0x1080, 0x1080, 0x1961, 0x3262, 0x7ffd, 0x1e20, 0x1961, 0x1961, 0x1080,
    0x1080, 0x28e1, 0x1080, 0x1080, 0x28e1, 0x28e1, 0x28e1, 0x28e1, 0x3161, 0x4da1, 0x7742, 0x7742,
    0x4da1, 0x4da1, 0x4da1, 0x5262, 0x4da1, 0x7bd4, 0x7742, 0x6aa2, 0x6aa2, 0x6aa2, 0x6aa2, 0x5262,
    0x5262, 0x28e1, 0x28e1, 0x3161, 0x28e1, 0x28e1, 0x28e1, 0x28e1, 0x28e1, 0x28e1, 0x28e1, 0x3161,
    0x3161, 0x3161, 0x3161, 0x3161, 0x3161, 0x3161, 0x4da1, 0x3161, 0x3161, 0x3161, 0x4da1, 0x4da1,
    0x6aa2, 0x7742, 0x7742, 0x7742, 0x7742, 0x7742, 0x7742, 0x7bd4, 0x4da1, 0x4da1, 0x4da1, 0x4da1,
    0x5262, 0x7742, 0x7742, 0x4da1, 0x28e1, 0x28e1, 0x28e1, 0x1080, 0x1080, 0x1080, 0x1080, 0x28e1,
    0x1080, 0x1080, 0x1961, 0x1961, 0x3262, 0x7bd4, 0x3262, 0x1961, 0x1080, 0x1080, 0x28e1, 0x28e1,
    0x28e1, 0x1080, 0x1080, 0x28e1, 0x28e1, 0x28e1, 0x28e1, 0x28e1, 0x28e1, 0x28e1, 0x4da1, 0x4da1,
    0x4da1, 0x6aa2, 0x6aa2, 0x6aa2, 0x6aa2, 0x7742, 0x7742, 0x7ffd, 0x7ffd, 0x7742, 0x7742, 0x6aa2,
    0x6aa2, 0x6aa2, 0x4da1, 0x4da1, 0x4da1, 0x4da1, 0x4da1, 0x28e1, 0x28e1, 0x28e1, 0x28e1, 0x28e1,
    0x1080, 0x1080, 0x1080, 0x1080, 0x1080, 0x1080, 0x1080, 0x1080, 0x1080, 0x1080, 0x1080, 0x1080,
    0x1080, 0x1080, 0x1080, 0x1080, 0x1080, 0x1080, 0x1080, 0x1080, 0x1080, 0x1080, 0x1080, 0x1080,
    0x1080, 0x1080, 0x1961, 0x1961, 0x1961, 0x1e20, 0x1e20, 0x1e20, 0x7ffd, 0x7ffd, 0x7ffd, 0x7ffd,
    0x7ffd, 0x7ffd, 0x7ffd, 0x3262, 0x1e20, 0x1e20, 0x1961, 0x1961, 0x1961, 0x1080, 0x1080, 0x1080,
    0x1080, 0x1080, 0x1080, 0x1080, 0x1080, 0x1080, 0x1080, 0x1080, 0x1080, 0x1080, 0x1080, 0x1080,
    0x1080, 0x1080, 0x1080, 0x1080, 0x1080, 0x1080, 0x1080, 0x1080, 0x1080, 0x1080, 0x1080, 0x28e1,
    0x28e1, 0x28e1, 0x28e1, 0x28e1, 0x28e1, 0x28e1, 0x4da1, 0x4da1, 0x4da1, 0x4da1, 0x6aa2, 0x6aa2,
    0x6aa2, 0x6aa2, 0x7742, 0x7bd4, 0x7ffd, 0x736c, 0x7742, 0x7742, 0x6aa2, 0x6aa2, 0x6aa2, 0x4da1,
    0x4da1, 0x6aa2, 0x6aa2, 0x28e1, 0x28e1, 0x28e1, 0x28e1, 0x28e1, 0x1080, 0x28e1, 0x28e1, 0x1080,
    0x28e1, 0x1080, 0x1080, 0x1080, 0x1961, 0x1e20, 0x736c, 0x7742, 0x1e20, 0x1961, 0x1080, 0x1080,
    0x1080, 0x1080, 0x1080, 0x28e1, 0x1080, 0x28e1, 0x28e1, 0x3161, 0x4da1, 0x5262, 0x7ffd, 0x5262,
    0x4da1, 0x3161, 0x28e1, 0x28e1, 0x4da1, 0x6aa2, 0x7ffd, 0x4da1, 0x3161, 0x5262, 0x6aa2, 0x7742,
    0x6aa2, 0x1080, 0x1080, 0x1080, 0x1080, 0x1080, 0x1080, 0x1080, 0x1080, 0x1080, 0x1080, 0x1080,
    0x1080, 0x1080, 0x1080, 0x1080, 0x1080, 0x1080, 0x1080, 0x1080, 0x1080, 0x1080, 0x1080, 0x28e1,
    0x7742, 0x7742, 0x6aa2, 0x5262, 0x4da1, 0x4da1, 0x7ffd, 0x5262, 0x4da1, 0x3161, 0x3161, 0x3161,
    0x3161, 0x4da1, 0x7bd4, 0x4da1, 0x3161, 0x28e1, 0x28e1, 0x28e1, 0x1080, 0x1080, 0x28e1, 0x1080,
    0x28e1, 0x1080, 0x1080, 0x1961, 0x1e20, 0x736c, 0x5262, 0x1961, 0x1961, 0x1080, 0x1080, 0x1080,
    0x4da1, 0x1080, 0x1080, 0x1080, 0x28e1, 0x28e1, 0x28e1, 0x28e1, 0x28e1, 0x28e1, 0x4da1, 0x4da1,
    0x4da1, 0x4da1, 0x4da1, 0x6aa2, 0x6aa2, 0x7742, 0x7742, 0x7bd4, 0x7ffd, 0x7742, 0x7742, 0x6aa2,
    0x6aa2, 0x6aa2, 0x4da1, 0x4da1, 0x4da1, 0x4da1, 0x4da1, 0x28e1, 0x28e1, 0x28e1, 0x28e1, 0x28e1,
    0x28e1, 0x1080, 0x1080, 0x1080, 0x1080, 0x1080, 0x1080, 0x1080, 0x1080, 0x1080, 0x1080, 0x1080,
    0x1080, 0x1080, 0x1080, 0x1080, 0x1080, 0x1080, 0x1080, 0x1080, 0x1080, 0x1080, 0x1080, 0x1080,
    0x1080, 0x1080, 0x1080, 0x1961, 0x1961, 0x1e20, 0x1e20, 0x3262, 0x56ab, 0x7ffd, 0x7ffd, 0x7ffd,
    0x7ffd, 0x7ffd, 0x56ab, 0x3262, 0x1e20, 0x1e20, 0x1961, 0x1961, 0x1961, 0x1080, 0x1080, 0x1080,
    0x1080, 0x1080, 0x1080, 0x1080, 0x1080, 0x1080, 0x1080, 0x1080, 0x1080, 0x1080, 0x1080, 0x1080,
    0x1080, 0x1080, 0x1080, 0x1080, 0x1080, 0x1080, 0x1080, 0x1080, 0x1080, 0x1080, 0x28e1, 0x28e1,
    0x28e1, 0x28e1, 0x28e1, 0x28e1, 0x28e1, 0x28e1, 0x4da1, 0x4da1, 0x4da1, 0x4da1, 0x6aa2, 0x6aa2,
    0x6aa2, 0x7742, 0x7742, 0x7ffd, 0x7ffd, 0x7742, 0x7742, 0x6aa2, 0x6aa2, 0x6aa2, 0x4da1, 0x4da1,
    0x4da1, 0x4da1, 0x3161, 0x6aa2, 0x6aa2, 0x28e1, 0x28e1, 0x28e1, 0x1080, 0x28e1, 0x1080, 0x3161,
    0x1080, 0x1080, 0x1080, 0x1080, 0x1961, 0x1e20, 0x7ffd, 0x1e20, 0x1961, 0x1961, 0x1080, 0x28e1,
    0x28e1, 0x1080, 0x1080, 0x1080, 0x1080, 0x28e1, 0x3161, 0x28e1, 0x4da1, 0x736c, 0x7742, 0x4da1,
    0x4da1, 0x28e1, 0x28e1, 0x28e1, 0x3161, 0x4da1, 0x7742, 0x7bd4, 0x4da1, 0x3161, 0x4da1, 0x28e1,
    0x1080, 0x1080, 0x28e1, 0x1080, 0x1080, 0x1080, 0x1080, 0x1080, 0x1080, 0x1080, 0x1080, 0x1080,
    0x1080, 0x1080, 0x1080, 0x1080, 0x1080, 0x1080, 0x1080, 0x1080, 0x1080, 0x1080, 0x1080, 0x28e1,
    0x28e1, 0x28e1, 0x5262, 0x4da1, 0x3161, 0x736c, 0x7742, 0x6aa2, 0x28e1, 0x28e1, 0x28e1, 0x3161,
    0x4da1, 0x4da1, 0x7742, 0x736c, 0x4da1, 0x4da1, 0x28e1, 0x4da1, 0x28e1, 0x28e1, 0x28e1, 0x28e1,
    0x28e1, 0x1080, 0x28e1, 0x1961, 0x1961, 0x1e20, 0x7ffd, 0x1e20, 0x1961, 0x28e1, 0x1080, 0x1080,
    0x1080, 0x28e1, 0x1080, 0x1080, 0x28e1, 0x28e1, 0x1080, 0x28e1, 0x4da1, 0x4da1, 0x28e1, 0x28e1,
    0x4da1, 0x4da1, 0x4da1, 0x6aa2, 0x6aa2, 0x6aa2, 0x7742, 0x7742, 0x7ffd, 0x7ffd, 0x7742, 0x7742,
    0x6aa2, 0x6aa2, 0x6aa2, 0x4da1, 0x4da1, 0x4da1, 0x4da1, 0x4da1, 0x28e1, 0x28e1, 0x28e1, 0x28e1,
    0x28e1, 0x28e1, 0x1080, 0x1080, 0x1080, 0x1080, 0x1080, 0x1080, 0x1080, 0x1080, 0x1080, 0x1080,
    0x1080, 0x1080, 0x1080, 0x1080, 0x1080, 0x1080, 0x1080, 0x1080, 0x1080, 0x1080, 0x1080, 0x1080,
    0x1080, 0x1080, 0x1080, 0x1961, 0x1961, 0x1961, 0x1e20, 0x1e20, 0x3262, 0x7ffd, 0x7ffd, 0x7ffd,
    0x7ffd, 0x7ffd, 0x3262, 0x1e20, 0x1e20, 0x1961, 0x1961, 0x1080, 0x1080, 0x1080, 0x1080, 0x1080,
    0x1080, 0x1080, 0x1080, 0x1080, 0x1080, 0x1080, 0x1080, 0x1080, 0x1080, 0x1080, 0x1080, 0x1080,
    0x1080, 0x1080, 0x1080, 0x1080, 0x1080, 0x1080, 0x1080, 0x1080, 0x1080, 0x1080, 0x28e1, 0x28e1,
    0x28e1, 0x28e1, 0x28e1, 0x28e1, 0x28e1, 0x4da1, 0x4da1, 0x4da1, 0x4da1, 0x6aa2, 0x6aa2, 0x6aa2,
    0x7742, 0x7742, 0x7bd4, 0x7ffd, 0x7742, 0x7742, 0x7742, 0x6aa2, 0x6aa2, 0x6aa2, 0x4da1, 0x4da1,
    0x4da1, 0x28e1, 0x4da1, 0x28e1, 0x28e1, 0x4da1, 0x6aa2, 0x28e1, 0x1080, 0x28e1, 0x1080, 0x28e1,
    0x1080, 0x1080, 0x1961, 0x1961, 0x1e20, 0x7bd4, 0x6aca, 0x1e20, 0x1961, 0x1080, 0x1080, 0x28e1,
    0x1080, 0x1080, 0x1080, 0x1080, 0x28e1, 0x28e1, 0x28e1, 0x4da1, 0x6aa2, 0x7bd4, 0x4da1, 0x4da1,
    0x28e1, 0x28e1, 0x28e1, 0x28e1, 0x28e1, 0x3161, 0x7742, 0x7bd4, 0x6aa2, 0x4da1, 0x28e1, 0x28e1,
    0x28e1, 0x1080, 0x1080, 0x1080, 0x1080, 0x1080, 0x1080, 0x1080, 0x1080, 0x1080, 0x1080, 0x1080,
    0x1080, 0x1080, 0x1080, 0x1080, 0x1080, 0x1080, 0x1080, 0x1080, 0x1080, 0x1080, 0x1080, 0x1080,
    0x28e1, 0x28e1, 0x28e1, 0x28e1, 0x4da1, 0x7ffd, 0x5262, 0x7bd4, 0x3161, 0x3161, 0x28e1, 0x28e1,
    0x28e1, 0x4da1, 0x5262, 0x7bd4, 0x5262, 0x3161, 0x3161, 0x28e1, 0x28e1, 0x1080, 0x1080, 0x28e1,
    0x1080, 0x28e1, 0x28e1, 0x28e1, 0x1961, 0x1e20, 0x736c, 0x736c, 0x1e20, 0x1080, 0x1080, 0x1080,
    0x1080, 0x3161, 0x1080, 0x1080, 0x28e1, 0x1080, 0x5262, 0x4da1, 0x28e1, 0x28e1, 0x28e1, 0x28e1,
    0x4da1, 0x4da1, 0x4da1, 0x4da1, 0x6aa2, 0x6aa2, 0x7742, 0x7742, 0x736c, 0x7ffd, 0x736c, 0x7742,
    0x6aa2, 0x6aa2, 0x6aa2, 0x6aa2, 0x4da1, 0x4da1, 0x4da1, 0x4da1, 0x28e1, 0x28e1, 0x28e1, 0x28e1,
    0x28e1, 0x28e1, 0x28e1, 0x1080, 0x1080, 0x1080, 0x1080, 0x1080, 0x1080, 0x1080, 0x1080, 0x1080,
    0x1080, 0x1080, 0x1080, 0x1080, 0x1080, 0x1080, 0x1080, 0x1080, 0x1080, 0x1080, 0x1080, 0x1080,
    0x1080, 0x1080, 0x1080, 0x1961, 0x1961, 0x1961, 0x1e20, 0x1e20, 0x3262, 0x3262, 0x7ffd, 0x7ffd,
    0x7ffd, 0x3262, 0x1e20, 0x1e20, 0x1e20, 0x1961, 0x1080, 0x1080, 0x1080, 0x1080, 0x1080, 0x1080,
    0x1080, 0x1080, 0x1080, 0x1080, 0x1080, 0x1080, 0x1080, 0x1080, 0x1080, 0x1080, 0x1080, 0x1080,
    0x1080, 0x1080, 0x1080, 0x1080, 0x1080, 0x1080, 0x1080, 0x1080, 0x1080, 0x1080, 0x28e1, 0x28e1,
    0x28e1, 0x28e1, 0x28e1, 0x28e1, 0x4da1, 0x4da1, 0x4da1, 0x4da1, 0x6aa2, 0x6aa2, 0x6aa2, 0x6aa2,
    0x7742, 0x736c, 0x7ffd, 0x7bd4, 0x7742, 0x7742, 0x6aa2, 0x6aa2, 0x6aa2, 0x4da1, 0x4da1, 0x4da1,
    0x4da1, 0x28e1, 0x28e1, 0x28e1, 0x28e1, 0x28e1, 0x28e1, 0x4da1, 0x6aa2, 0x1080, 0x28e1, 0x1080,
    0x1080, 0x1080, 0x1961, 0x1961, 0x3262, 0x7ffd, 0x1e20, 0x1961, 0x1080, 0x1080, 0x28e1, 0x1080,
    0x28e1, 0x28e1, 0x28e1, 0x1080, 0x3161, 0x28e1, 0x4da1, 0x4da1, 0x736c, 0x7742, 0x4da1, 0x3161,
    0x28e1, 0x28e1, 0x28e1, 0x28e1, 0x28e1, 0x7742, 0x28e1, 0x5262, 0x7ffd, 0x7742, 0x736c, 0x736c,
    0x736c, 0x736c, 0x736c, 0x736c, 0x736c, 0x736c, 0x736c, 0x6aca, 0x736c, 0x736c, 0x736c, 0x6aca,
    0x736c, 0x736c, 0x736c, 0x736c, 0x736c, 0x736c, 0x736c, 0x736c, 0x736c, 0x736c, 0x736c, 0x7bd4,
    0x736c, 0x736c, 0x736c, 0x7742, 0x7ffd, 0x4da1, 0x3161, 0x4da1, 0x6aa2, 0x28e1, 0x28e1, 0x28e1,
    0x28e1, 0x3161, 0x4da1, 0x6aa2, 0x736c, 0x4da1, 0x28e1, 0x28e1, 0x3161, 0x28e1, 0x28e1, 0x28e1,
    0x1080, 0x28e1, 0x28e1, 0x28e1, 0x28e1, 0x1961, 0x1e20, 0x7ffd, 0x3262, 0x1e20, 0x28e1, 0x1080,
    0x1080, 0x1080, 0x28e1, 0x1080, 0x4da1, 0x4da1, 0x1080, 0x28e1, 0x28e1, 0x28e1, 0x28e1, 0x28e1,
    0x4da1, 0x4da1, 0x4da1, 0x4da1, 0x6aa2, 0x6aa2, 0x6aa2, 0x7742, 0x7742, 0x7ffd, 0x7ffd, 0x7742,
    0x7742, 0x6aa2, 0x6aa2, 0x6aa2, 0x4da1, 0x4da1, 0x4da1, 0x28e1, 0x4da1, 0x28e1, 0x28e1, 0x28e1,
    0x28e1, 0x28e1, 0x28e1, 0x1080, 0x1080, 0x1080, 0x1080, 0x1080, 0x1080, 0x1080, 0x1080, 0x1080,
    0x1080, 0x1080, 0x1080, 0x1080, 0x1080, 0x1080, 0x1080, 0x1080, 0x1080, 0x1080, 0x1080, 0x1080,
    0x1080, 0x1080, 0x1080, 0x1080, 0x1961, 0x1961, 0x1961, 0x1e20, 0x1e20, 0x3262, 0x7ffd, 0x7ffd,
    0x736c, 0x3262, 0x1e20, 0x1e20, 0x1961, 0x1961, 0x1080, 0x1080, 0x1080, 0x1080, 0x1080, 0x1080,
    0x1080, 0x1080, 0x1080, 0x1080, 0x1080, 0x1080, 0x1080, 0x1080, 0x1080, 0x1080, 0x1080, 0x1080,
    0x1080, 0x1080, 0x1080, 0x1080, 0x1080, 0x1080, 0x1080, 0x1080, 0x1080, 0x28e1, 0x28e1, 0x28e1,
    0x28e1, 0x28e1, 0x28e1, 0x4da1, 0x4da1, 0x4da1, 0x4da1, 0x4da1, 0x6aa2, 0x6aa2, 0x6aa2, 0x7742,
    0x7742, 0x7ffd, 0x7ffd, 0x7742, 0x7742, 0x6aa2, 0x6aa2, 0x6aa2, 0x6aa2, 0x4da1, 0x4da1, 0x4da1,
    0x4da1, 0x28e1, 0x28e1, 0x28e1, 0x28e1, 0x28e1, 0x28e1, 0x1080, 0x1080, 0x4da1, 0x1080, 0x1080,
    0x1080, 0x1080, 0x1080, 0x1e20, 0x7ffd, 0x3262, 0x1961, 0x1961, 0x1080, 0x1080, 0x28e1, 0x1080,
    0x1080, 0x1080, 0x28e1, 0x3161, 0x28e1, 0x3161, 0x4da1, 0x6aa2, 0x736c, 0x6aa2, 0x4da1, 0x28e1,
    0x28e1, 0x28e1, 0x28e1, 0x28e1, 0x3161, 0x4da1, 0x28e1, 0x5262, 0x6aa2, 0x7bd4, 0x3161, 0x3161,
    0x28e1, 0x28e1, 0x1080, 0x1080, 0x1080, 0x1080, 0x1080, 0x1080, 0x1080, 0x1080, 0x1080, 0x1080,
    0x1080, 0x1080, 0x1080, 0x1080, 0x1080, 0x1080, 0x1080, 0x1080, 0x1080, 0x1080, 0x28e1, 0x28e1,
    0x4da1, 0x3161, 0x28e1, 0x736c, 0x6aa2, 0x4da1, 0x3161, 0x3161, 0x7bd4, 0x28e1, 0x28e1, 0x28e1,
    0x28e1, 0x28e1, 0x4da1, 0x4da1, 0x736c, 0x6aa2, 0x3161, 0x28e1, 0x28e1, 0x28e1, 0x28e1, 0x1080,
    0x1080, 0x1080, 0x28e1, 0x1080, 0x1080, 0x1961, 0x1e20, 0x5262, 0x7bd4, 0x3262, 0x1961, 0x1080,
    0x1080, 0x1080, 0x28e1, 0x5262, 0x1080, 0x1080, 0x28e1, 0x28e1, 0x28e1, 0x28e1, 0x28e1, 0x28e1,
    0x28e1, 0x4da1, 0x4da1, 0x4da1, 0x4da1, 0x6aa2, 0x6aa2, 0x7742, 0x7742, 0x7742, 0x7ffd, 0x7bd4,
    0x7742, 0x6aa2, 0x6aa2, 0x6aa2, 0x4da1, 0x4da1, 0x4da1, 0x4da1, 0x4da1, 0x28e1, 0x28e1, 0x28e1,
    0x28e1, 0x28e1, 0x28e1, 0x1080, 0x1080, 0x1080, 0x1080, 0x1080, 0x1080, 0x1080, 0x1080, 0x1080,
    0x1080, 0x1080, 0x1080, 0x1080, 0x1080, 0x1080, 0x1080, 0x1080, 0x1080, 0x1080, 0x1080, 0x1080,
    0x1080, 0x1080, 0x1080, 0x1080, 0x1080, 0x1080, 0x1961, 0x1961, 0x1e20, 0x1e20, 0x3262, 0x7ffd,
    0x3262, 0x1e20, 0x1e20, 0x1e20, 0x1961, 0x1961, 0x1080, 0x1080, 0x1080, 0x1080, 0x1080, 0x1080,
    0x1080, 0x1080, 0x1080, 0x1080, 0x1080, 0x1080, 0x1080, 0x1080, 0x1080, 0x1080, 0x1080, 0x1080,
    0x1080, 0x1080, 0x1080, 0x1080, 0x1080, 0x1080, 0x1080, 0x1080, 0x1080, 0x28e1, 0x28e1, 0x28e1,
    0x28e1, 0x28e1, 0x28e1, 0x4da1, 0x4da1, 0x4da1, 0x4da1, 0x6aa2, 0x6aa2, 0x6aa2, 0x7742, 0x7742,
    0x736c, 0x7ffd, 0x7bd4, 0x7742, 0x7742, 0x6aa2, 0x6aa2, 0x6aa2, 0x4da1, 0x4da1, 0x4da1, 0x4da1,
    0x3161, 0x28e1, 0x28e1, 0x28e1, 0x28e1, 0x28e1, 0x28e1, 0x28e1, 0x1080, 0x3161, 0x1080, 0x28e1,
    0x1080, 0x1080, 0x1e20, 0x3262, 0x7bd4, 0x3262, 0x1961, 0x1080, 0x1080, 0x1080, 0x1080, 0x1080,
    0x1080, 0x28e1, 0x1080, 0x3161, 0x28e1, 0x28e1, 0x5262, 0x7bd4, 0x6aa2, 0x3161, 0x28e1, 0x28e1,
    0x28e1, 0x28e1, 0x28e1, 0x28e1, 0x7bd4, 0x3161, 0x28e1, 0x28e1, 0x4da1, 0x7bd4, 0x6aa2, 0x3161,
    0x28e1, 0x28e1, 0x1080, 0x1080, 0x1080, 0x1080, 0x1080, 0x1080, 0x1080, 0x1080, 0x1080, 0x1080,
    0x1080, 0x1080, 0x1080, 0x1080, 0x1080, 0x1080, 0x1080, 0x1080, 0x1080, 0x1080, 0x1080, 0x28e1,
    0x28e1, 0x28e1, 0x3161, 0x7bd4, 0x736c, 0x28e1, 0x3161, 0x28e1, 0x3161, 0x736c, 0x28e1, 0x28e1,
    0x28e1, 0x28e1, 0x3161, 0x4da1, 0x6aa2, 0x7bd4, 0x4da1, 0x28e1, 0x28e1, 0x3161, 0x1080, 0x28e1,
    0x28e1, 0x1080, 0x1080, 0x1080, 0x1080, 0x1961, 0x1961, 0x3262, 0x7ffd, 0x3262, 0x1961, 0x1961,
    0x1080, 0x3161, 0x1080, 0x28e1, 0x1080, 0x28e1, 0x1080, 0x28e1, 0x28e1, 0x28e1, 0x28e1, 0x28e1,
    0x28e1, 0x3161, 0x4da1, 0x4da1, 0x4da1, 0x4da1, 0x6aa2, 0x6aa2, 0x7742, 0x7742, 0x7ffd, 0x7ffd,
    0x7742, 0x7742, 0x6aa2, 0x6aa2, 0x6aa2, 0x4da1, 0x4da1, 0x4da1, 0x4da1, 0x6aa2, 0x28e1, 0x28e1,
    0x28e1, 0x28e1, 0x28e1, 0x1080, 0x1080, 0x1080, 0x1080, 0x1080, 0x1080, 0x1080, 0x1080, 0x1080,
    0x1080, 0x1080, 0x1080, 0x1080, 0x1080, 0x1080, 0x1080, 0x1080, 0x1080, 0x1080, 0x1080, 0x1080,
    0x1080, 0x1080, 0x1080, 0x1080, 0x1080, 0x1080, 0x1961, 0x1961, 0x1e20, 0x1e20, 0x3262, 0x736c,
    0x3262, 0x1e20, 0x1e20, 0x1961, 0x1961, 0x1080, 0x1080, 0x1080, 0x1080, 0x1080, 0x1080, 0x1080,
    0x1080, 0x1080, 0x1080, 0x1080, 0x1080, 0x1080, 0x1080, 0x1080, 0x1080, 0x1080, 0x1080, 0x1080,
    0x1080, 0x1080, 0x1080, 0x1080, 0x1080, 0x1080, 0x1080, 0x28e1, 0x28e1, 0x28e1, 0x28e1, 0x28e1,
    0x28e1, 0x28e1, 0x28e1, 0x4da1, 0x4da1, 0x4da1, 0x4da1, 0x6aa2, 0x6aa2, 0x6aa2, 0x7742, 0x7742,
    0x7ffd, 0x7ffd, 0x7742, 0x7742, 0x6aa2, 0x6aa2, 0x6aa2, 0x4da1, 0x4da1, 0x4da1, 0x4da1, 0x4da1,
    0x28e1, 0x28e1, 0x28e1, 0x28e1, 0x28e1, 0x28e1, 0x28e1, 0x1080, 0x28e1, 0x1080, 0x1080, 0x1080,
    0x28e1, 0x1961, 0x1961, 0x7ffd, 0x3262, 0x1961, 0x1961, 0x1080, 0x1080, 0x1080, 0x1080, 0x1080,
    0x1080, 0x1080, 0x3161, 0x28e1, 0x3161, 0x4da1, 0x7742, 0x736c, 0x5262, 0x4da1, 0x3161, 0x28e1,
    0x28e1, 0x1080, 0x28e1, 0x4da1, 0x3161, 0x28e1, 0x28e1, 0x28e1, 0x28e1, 0x7742, 0x7ffd, 0x4da1,
    0x4da1, 0x3161, 0x3161, 0x3161, 0x28e1, 0x28e1, 0x28e1, 0x28e1, 0x28e1, 0x28e1, 0x28e1, 0x28e1,
    0x28e1, 0x28e1, 0x28e1, 0x28e1, 0x28e1, 0x28e1, 0x28e1, 0x28e1, 0x28e1, 0x3161, 0x3161, 0x28e1,
    0x3161, 0x4da1, 0x7ffd, 0x4da1, 0x4da1, 0x3161, 0x28e1, 0x28e1, 0x28e1, 0x736c, 0x3161, 0x28e1,
    0x28e1, 0x28e1, 0x28e1, 0x3161, 0x5262, 0x736c, 0x6aa2, 0x3161, 0x28e1, 0x28e1, 0x4da1, 0x1080,
    0x1080, 0x1080, 0x1080, 0x28e1, 0x1080, 0x28e1, 0x1961, 0x1961, 0x3262, 0x7ffd, 0x1e20, 0x1961,
    0x1080, 0x1080, 0x1080, 0x1080, 0x28e1, 0x28e1, 0x28e1, 0x28e1, 0x28e1, 0x28e1, 0x28e1, 0x28e1,
    0x28e1, 0x3161, 0x4da1, 0x4da1, 0x4da1, 0x4da1, 0x6aa2, 0x6aa2, 0x6aa2, 0x7742, 0x7742, 0x7ffd,
    0x7bd4, 0x7742, 0x7742, 0x6aa2, 0x6aa2, 0x4da1, 0x4da1, 0x4da1, 0x4da1, 0x28e1, 0x4da1, 0x28e1,
    0x28e1, 0x28e1, 0x28e1, 0x1080, 0x1080, 0x1080, 0x1080, 0x1080, 0x1080, 0x1080, 0x1080, 0x1080,
    0x1080, 0x1080, 0x1080, 0x1080, 0x1080, 0x1080, 0x1080, 0x1080, 0x1080, 0x1080, 0x1080, 0x1080,
    0x1080, 0x1080, 0x1080, 0x1080, 0x1080, 0x1080, 0x1080, 0x1961, 0x1961, 0x1e20, 0x1e20, 0x3262,
    0x1e20, 0x1e20, 0x1e20, 0x1961, 0x1080, 0x1080, 0x1080, 0x1080, 0x1080, 0x1080, 0x1080, 0x1080,
    0x1080, 0x1080, 0x1080, 0x1080, 0x1080, 0x1080, 0x1080, 0x1080, 0x1080, 0x1080, 0x1080, 0x1080,
    0x1080, 0x1080, 0x1080, 0x1080, 0x1080, 0x1080, 0x1080, 0x28e1, 0x28e1, 0x28e1, 0x28e1, 0x28e1,
    0x28e1, 0x28e1, 0x4da1, 0x4da1, 0x4da1, 0x4da1, 0x6aa2, 0x6aa2, 0x6aa2, 0x7742, 0x7742, 0x7bd4,
    0x7ffd, 0x7bd4, 0x7742, 0x7742, 0x6aa2, 0x6aa2, 0x6aa2, 0x4da1, 0x4da1, 0x4da1, 0x4da1, 0x3161,
    0x28e1, 0x28e1, 0x28e1, 0x28e1, 0x28e1, 0x28e1, 0x28e1, 0x28e1, 0x28e1, 0x1080, 0x1080, 0x1080,
    0x1080, 0x1e20, 0x736c, 0x736c, 0x3262, 0x1961, 0x1961, 0x1080, 0x1080, 0x1080, 0x1080, 0x1080,
    0x1080, 0x28e1, 0x28e1, 0x28e1, 0x28e1, 0x4da1, 0x7bd4, 0x5262, 0x4da1, 0x28e1, 0x28e1, 0x28e1,
    0x28e1, 0x28e1, 0x1961, 0x7bd4, 0x28e1, 0x28e1, 0x28e1, 0x1080, 0x3161, 0x4da1, 0x6aa2, 0x7bd4,
    0x28e1, 0x28e1, 0x28e1, 0x1080, 0x1080, 0x1080, 0x1080, 0x1080, 0x1080, 0x1080, 0x1080, 0x1080,
    0x1080, 0x1080, 0x1080, 0x1080, 0x1080, 0x1080, 0x1080, 0x1080, 0x1080, 0x1080, 0x1080, 0x28e1,
    0x4da1, 0x7742, 0x6aa2, 0x4da1, 0x28e1, 0x736c, 0x28e1, 0x28e1, 0x28e1, 0x28e1, 0x736c, 0x28e1,
    0x28e1, 0x28e1, 0x28e1, 0x3161, 0x4da1, 0x6aa2, 0x7bd4, 0x4da1, 0x3161, 0x28e1, 0x28e1, 0x28e1,
    0x1080, 0x1080, 0x1080, 0x28e1, 0x28e1, 0x1080, 0x1080, 0x1961, 0x3262, 0x7bd4, 0x5262, 0x1e20,
    0x1961, 0x1080, 0x1080, 0x1080, 0x28e1, 0x1080, 0x28e1, 0x28e1, 0x28e1, 0x28e1, 0x28e1, 0x28e1,
    0x28e1, 0x28e1, 0x3161, 0x4da1, 0x4da1, 0x4da1, 0x4da1, 0x6aa2, 0x6aa2, 0x7742, 0x7742, 0x7bd4,
    0x7ffd, 0x7742, 0x7742, 0x6aa2, 0x6aa2, 0x6aa2, 0x4da1, 0x4da1, 0x4da1, 0x4da1, 0x4da1, 0x28e1,
    0x28e1, 0x28e1, 0x28e1, 0x28e1, 0x1080, 0x1080, 0x1080, 0x1080, 0x1080, 0x1080, 0x1080, 0x1080,
    0x1080, 0x1080, 0x1080, 0x1080, 0x1080, 0x1080, 0x1080, 0x1080, 0x1080, 0x1080, 0x1080, 0x1080,
    0x1080, 0x1080, 0x1080, 0x1080, 0x1080, 0x1080, 0x1080, 0x1961, 0x1961, 0x1e20, 0x1e20, 0x3262,
    0x1e20, 0x1e20, 0x1961, 0x1961, 0x1080, 0x1080, 0x1080, 0x1080, 0x1080, 0x1080, 0x1080, 0x1080,
    0x1080, 0x1080, 0x1080, 0x1080, 0x1080, 0x1080, 0x1080, 0x1080, 0x1080, 0x1080, 0x1080, 0x1080,
    0x1080, 0x1080, 0x1080, 0x1080, 0x1080, 0x1080, 0x1080, 0x28e1, 0x28e1, 0x28e1, 0x28e1, 0x28e1,
    0x28e1, 0x4da1, 0x4da1, 0x4da1, 0x4da1, 0x4da1, 0x6aa2, 0x6aa2, 0x6aa2, 0x7742, 0x7742, 0x7ffd,
    0x7ffd, 0x7742, 0x7742, 0x6aa2, 0x6aa2, 0x6aa2, 0x6aa2, 0x4da1, 0x4da1, 0x4da1, 0x4da1, 0x28e1,
    0x28e1, 0x28e1, 0x28e1, 0x28e1, 0x28e1, 0x28e1, 0x28e1, 0x3161, 0x1080, 0x1080, 0x1080, 0x1080,
    0x1961, 0x3262, 0x7ffd, 0x1e20, 0x1961, 0x1961, 0x4da1, 0x1080, 0x1080, 0x1080, 0x1080, 0x28e1,
    0x28e1, 0x4da1, 0x1080, 0x28e1, 0x3161, 0x7742, 0x7742, 0x4da1, 0x3161, 0x28e1, 0x28e1, 0x28e1,
    0x28e1, 0x28e1, 0x5262, 0x1961, 0x1080, 0x1080, 0x28e1, 0x28e1, 0x736c, 0x28e1, 0x3161, 0x736c,
    0x6aa2, 0x4da1, 0x3161, 0x3161, 0x28e1, 0x28e1, 0x28e1, 0x28e1, 0x28e1, 0x28e1, 0x28e1, 0x28e1,
    0x28e1, 0x28e1, 0x28e1, 0x28e1, 0x28e1, 0x28e1, 0x28e1, 0x28e1, 0x28e1, 0x4da1, 0x4da1, 0x4da1,
    0x4da1, 0x7bd4, 0x7ffd, 0x4da1, 0x28e1, 0x3161, 0x4da1, 0x28e1, 0x1080, 0x28e1, 0x7742, 0x28e1,
    0x28e1, 0x28e1, 0x28e1, 0x28e1, 0x3161, 0x5262, 0x7742, 0x7742, 0x3161, 0x3161, 0x28e1, 0x4da1,
    0x28e1, 0x28e1, 0x1080, 0x1080, 0x1080, 0x28e1, 0x3161, 0x1961, 0x1961, 0x3262, 0x7ffd, 0x1e20,
    0x1961, 0x1080, 0x1080, 0x1080, 0x1080, 0x28e1, 0x28e1, 0x28e1, 0x28e1, 0x28e1, 0x28e1, 0x28e1,
    0x28e1, 0x28e1, 0x28e1, 0x4da1, 0x4da1, 0x4da1, 0x4da1, 0x6aa2, 0x6aa2, 0x7742, 0x7742, 0x7742,
    0x7ffd, 0x7ffd, 0x7742, 0x7742, 0x6aa2, 0x6aa2, 0x6aa2, 0x4da1, 0x4da1, 0x4da1, 0x4da1, 0x4da1,
    0x28e1, 0x28e1, 0x28e1, 0x28e1, 0x28e1, 0x1080, 0x1080, 0x1080, 0x1080, 0x1080, 0x1080, 0x1080,
    0x1080, 0x1080, 0x1080, 0x1080, 0x1080, 0x1080, 0x1080, 0x1080, 0x1080, 0x1080, 0x1080, 0x1080,
    0x1080, 0x1080, 0x1080, 0x1080, 0x1080, 0x1080, 0x1080, 0x1080, 0x1961, 0x1961, 0x1e20, 0x1e20,
    0x1e20, 0x1961, 0x1961, 0x1080, 0x1080, 0x1080, 0x1080, 0x1080, 0x1080, 0x1080, 0x1080, 0x1080,
    0x1080, 0x1080, 0x1080, 0x1080, 0x1080, 0x1080, 0x1080, 0x1080, 0x1080, 0x1080, 0x1080, 0x1080,
    0x1080, 0x1080, 0x1080, 0x1080, 0x1080, 0x28e1, 0x28e1, 0x28e1, 0x28e1, 0x28e1, 0x28e1, 0x28e1,
    0x4da1, 0x4da1, 0x4da1, 0x4da1, 0x4da1, 0x6aa2, 0x6aa2, 0x6aa2, 0x7742, 0x7742, 0x7ffd, 0x7ffd,
    0x7742, 0x7742, 0x6aa2, 0x6aa2, 0x6aa2, 0x6aa2, 0x4da1, 0x4da1, 0x4da1, 0x4da1, 0x4da1, 0x28e1,
    0x28e1, 0x28e1, 0x28e1, 0x28e1, 0x1080, 0x1080, 0x1080, 0x28e1, 0x1080, 0x1080, 0x1080, 0x1961,
    0x1e20, 0x736c, 0x7742, 0x1961, 0x1080, 0x1080, 0x1080, 0x28e1, 0x4da1, 0x1080, 0x1080, 0x1080,
    0x1080, 0x1080, 0x28e1, 0x3161, 0x5262, 0x7bd4, 0x6aa2, 0x4da1, 0x28e1, 0x28e1, 0x28e1, 0x28e1,
    0x1080, 0x1080, 0x7bd4, 0x1080, 0x1080, 0x1080, 0x28e1, 0x28e1, 0x3161, 0x3161, 0x3161, 0x736c,
    0x7ffd, 0x28e1, 0x28e1, 0x1080, 0x1080, 0x1080, 0x1080, 0x1080, 0x1080, 0x1080, 0x1080, 0x1080,
    0x1080, 0x1080, 0x1080, 0x1080, 0x1080, 0x1080, 0x1080, 0x1080, 0x1080, 0x1080, 0x28e1, 0x28e1,
    0x7bd4, 0x4da1, 0x6aa2, 0x7742, 0x4da1, 0x28e1, 0x736c, 0x28e1, 0x28e1, 0x28e1, 0x28e1, 0x7bd4,
    0x28e1, 0x28e1, 0x28e1, 0x28e1, 0x28e1, 0x4da1, 0x5262, 0x7bd4, 0x4da1, 0x3161, 0x28e1, 0x28e1,
    0x1080, 0x28e1, 0x1080, 0x1080, 0x3161, 0x28e1, 0x1080, 0x1080, 0x1961, 0x1961, 0x736c, 0x7742,
    0x1e20, 0x1961, 0x1080, 0x1080, 0x28e1, 0x3161, 0x1080, 0x1080, 0x28e1, 0x28e1, 0x28e1, 0x28e1,
    0x28e1, 0x28e1, 0x28e1, 0x3161, 0x4da1, 0x4da1, 0x4da1, 0x6aa2, 0x6aa2, 0x6aa2, 0x7742, 0x7742,
    0x7bd4, 0x7ffd, 0x736c, 0x7742, 0x7742, 0x6aa2, 0x6aa2, 0x4da1, 0x4da1, 0x4da1, 0x4da1, 0x4da1,
    0x28e1, 0x28e1, 0x28e1, 0x28e1, 0x28e1, 0x28e1, 0x1080, 0x1080, 0x1080, 0x1080, 0x1080, 0x1080,
    0x1080, 0x1080, 0x1080, 0x1080, 0x1080, 0x1080, 0x1080, 0x1080, 0x1080, 0x1080, 0x1080, 0x1080,
    0x1080, 0x1080, 0x1080, 0x1080, 0x1080, 0x1080, 0x1080, 0x1080, 0x1961, 0x1961, 0x1961, 0x1e20,
    0x1961, 0x1961, 0x1961, 0x1080, 0x1080, 0x1080, 0x1080, 0x1080, 0x1080, 0x1080, 0x1080, 0x1080,
    0x1080, 0x1080, 0x1080, 0x1080, 0x1080, 0x1080, 0x1080, 0x1080, 0x1080, 0x1080, 0x1080, 0x1080,
    0x1080, 0x1080, 0x1080, 0x1080, 0x28e1, 0x28e1, 0x28e1, 0x28e1, 0x28e1, 0x28e1, 0x28e1, 0x28e1,
    0x4da1, 0x4da1, 0x4da1, 0x4da1, 0x6aa2, 0x6aa2, 0x6aa2, 0x7742, 0x7742, 0x7742, 0x7ffd, 0x7bd4,
    0x7742, 0x7742, 0x6aa2, 0x6aa2, 0x6aa2, 0x6aa2, 0x4da1, 0x4da1, 0x4da1, 0x4da1, 0x3161, 0x28e1,
    0x28e1, 0x28e1, 0x28e1, 0x28e1, 0x28e1, 0x1080, 0x3161, 0x1080, 0x1080, 0x1080, 0x1080, 0x1961,
    0x3262, 0x7ffd, 0x1e20, 0x1961, 0x1080, 0x1080, 0x1080, 0x1080, 0x1080, 0x28e1, 0x4da1, 0x1080,
    0x4da1, 0x28e1, 0x28e1, 0x3161, 0x7742, 0x7742, 0x4da1, 0x3161, 0x28e1, 0x28e1, 0x1080, 0x1080,
    0x1080, 0x736c, 0x28e1, 0x28e1, 0x1080, 0x1080, 0x1080, 0x736c, 0x28e1, 0x28e1, 0x4da1, 0x6aa2,
    0x4da1, 0x7bd4, 0x4da1, 0x4da1, 0x3161, 0x3161, 0x28e1, 0x28e1, 0x28e1, 0x28e1, 0x28e1, 0x28e1,
    0x28e1, 0x28e1, 0x28e1, 0x28e1, 0x28e1, 0x28e1, 0x28e1, 0x3161, 0x4da1, 0x4da1, 0x4da1, 0x7bd4,
    0x6aa2, 0x3161, 0x4da1, 0x7bd4, 0x4da1, 0x3161, 0x28e1, 0x4da1, 0x28e1, 0x28e1, 0x3161, 0x6aa2,
    0x4da1, 0x28e1, 0x28e1, 0x28e1, 0x28e1, 0x3161, 0x4da1, 0x7742, 0x736c, 0x4da1, 0x3161, 0x28e1,
    0x4da1, 0x1080, 0x28e1, 0x28e1, 0x1080, 0x1080, 0x1080, 0x1080, 0x1961, 0x3262, 0x3262, 0x7ffd,
    0x1e20, 0x1961, 0x1080, 0x1080, 0x1080, 0x1080, 0x28e1, 0x1080, 0x28e1, 0x28e1, 0x28e1, 0x28e1,
    0x28e1, 0x28e1, 0x28e1, 0x3161, 0x4da1, 0x4da1, 0x4da1, 0x4da1, 0x4da1, 0x6aa2, 0x6aa2, 0x7742,
    0x7742, 0x7ffd, 0x7ffd, 0x7742, 0x7742, 0x6aa2, 0x6aa2, 0x4da1, 0x4da1, 0x4da1, 0x4da1, 0x28e1,
    0x4da1, 0x28e1, 0x28e1, 0x28e1, 0x28e1, 0x28e1, 0x28e1, 0x1080, 0x1080, 0x1080, 0x1080, 0x1080,
    0x1080, 0x1080, 0x1080, 0x1080, 0x1080, 0x1080, 0x1080, 0x1080, 0x1080, 0x1080, 0x1080, 0x1080,
    0x1080, 0x1080, 0x1080, 0x1080, 0x1080, 0x1080, 0x1080, 0x1080, 0x1080, 0x1961, 0x1961, 0x1e20,
    0x1961, 0x1961, 0x1080, 0x1080, 0x1080, 0x1080, 0x1080, 0x1080, 0x1080, 0x1080, 0x1080, 0x1080,
    0x1080, 0x1080, 0x1080, 0x1080, 0x1080, 0x1080, 0x1080, 0x1080, 0x1080, 0x1080, 0x1080, 0x1080,
    0x1080, 0x1080, 0x1080, 0x1080, 0x28e1, 0x28e1, 0x28e1, 0x28e1, 0x28e1, 0x28e1, 0x28e1, 0x4da1,
    0x4da1, 0x4da1, 0x4da1, 0x4da1, 0x6aa2, 0x6aa2, 0x6aa2, 0x7742, 0x7742, 0x7ffd, 0x7ffd, 0x7742,
    0x7742, 0x7742, 0x6aa2, 0x6aa2, 0x6aa2, 0x6aa2, 0x4da1, 0x4da1, 0x4da1, 0x3161, 0x28e1, 0x28e1,
    0x28e1, 0x28e1, 0x28e1, 0x28e1, 0x1080, 0x28e1, 0x28e1, 0x1080, 0x1080, 0x1080, 0x1961, 0x1e20,
    0x7bd4, 0x3262, 0x1e20, 0x1961, 0x1080, 0x28e1, 0x1080, 0x1080, 0x1080, 0x1080, 0x1080, 0x4da1,
    0x3161, 0x28e1, 0x4da1, 0x6aa2, 0x7bd4, 0x5262, 0x28e1, 0x28e1, 0x28e1, 0x1080, 0x1080, 0x1080,
    0x1961, 0x6aa2, 0x3161, 0x1080, 0x1080, 0x1080, 0x4da1, 0x3161, 0x28e1, 0x28e1, 0x7bd4, 0x28e1,
    0x28e1, 0x736c, 0x6aa2, 0x4da1, 0x3161, 0x3161, 0x3161, 0x3161, 0x3161, 0x3161, 0x3161, 0x3161,
    0x3161, 0x3161, 0x3161, 0x28e1, 0x3161, 0x3161, 0x3161, 0x4da1, 0x4da1, 0x4da1, 0x6aa2, 0x736c,
    0x736c, 0x4da1, 0x28e1, 0x4da1, 0x7742, 0x28e1, 0x28e1, 0x6aca, 0x28e1, 0x28e1, 0x28e1, 0x3161,
    0x7bd4, 0x28e1, 0x28e1, 0x28e1, 0x28e1, 0x28e1, 0x4da1, 0x6aa2, 0x7bd4, 0x5262, 0x4da1, 0x1080,
    0x4da1, 0x28e1, 0x1080, 0x28e1, 0x1080, 0x1080, 0x28e1, 0x1080, 0x1961, 0x1961, 0x1e20, 0x736c,
    0x736c, 0x1e20, 0x1961, 0x1080, 0x28e1, 0x1080, 0x28e1, 0x1080, 0x28e1, 0x28e1, 0x28e1, 0x28e1,
    0x28e1, 0x28e1, 0x28e1, 0x28e1, 0x4da1, 0x4da1, 0x4da1, 0x4da1, 0x4da1, 0x6aa2, 0x6aa2, 0x7742,
    0x7742, 0x736c, 0x7ffd, 0x7bd4, 0x7742, 0x7742, 0x6aa2, 0x6aa2, 0x4da1, 0x4da1, 0x4da1, 0x4da1,
    0x4da1, 0x28e1, 0x28e1, 0x28e1, 0x28e1, 0x28e1, 0x28e1, 0x1080, 0x1080, 0x1080, 0x1080, 0x1080,
    0x1080, 0x1080, 0x1080, 0x1080, 0x1080, 0x1080, 0x1080, 0x1080, 0x1080, 0x1080, 0x1080, 0x1080,
    0x1080, 0x1080, 0x1080, 0x1080, 0x1080, 0x1080, 0x1080, 0x1080, 0x1080, 0x1080, 0x1961, 0x1961,
    0x1961, 0x1080, 0x1080, 0x1080, 0x1080, 0x1080, 0x1080, 0x1080, 0x1080, 0x1080, 0x1080, 0x1080,
    0x1080, 0x1080, 0x1080, 0x1080, 0x1080, 0x1080, 0x1080, 0x1080, 0x1080, 0x1080, 0x1080, 0x1080,
    0x1080, 0x1080, 0x28e1, 0x28e1, 0x28e1, 0x28e1, 0x28e1, 0x28e1, 0x28e1, 0x28e1, 0x28e1, 0x4da1,
    0x4da1, 0x4da1, 0x4da1, 0x6aa2, 0x6aa2, 0x6aa2, 0x7742, 0x7742, 0x7bd4, 0x7ffd, 0x736c, 0x7742,
    0x7742, 0x6aa2, 0x6aa2, 0x6aa2, 0x4da1, 0x4da1, 0x4da1, 0x4da1, 0x4da1, 0x28e1, 0x28e1, 0x28e1,
    0x28e1, 0x28e1, 0x28e1, 0x1080, 0x1080, 0x4da1, 0x1080, 0x1080, 0x28e1, 0x1080, 0x1961, 0x3262,
    0x7bd4, 0x3262, 0x1e20, 0x1080, 0x1080, 0x1080, 0x28e1, 0x1080, 0x1080, 0x1080, 0x1080, 0x4da1,
    0x1080, 0x28e1, 0x4da1, 0x736c, 0x7742, 0x4da1, 0x3161, 0x28e1, 0x1080, 0x28e1, 0x1080, 0x28e1,
    0x736c, 0x3161, 0x1080, 0x1080, 0x28e1, 0x1080, 0x736c, 0x28e1, 0x28e1, 0x4da1, 0x4da1, 0x28e1,
    0x3161, 0x28e1, 0x7ffd, 0x28e1, 0x28e1, 0x1080, 0x1080, 0x1080, 0x1080, 0x1080, 0x1080, 0x1080,
    0x1080, 0x1080, 0x1080, 0x1080, 0x1080, 0x1080, 0x1080, 0x1080, 0x1080, 0x28e1, 0x7ffd, 0x28e1,
    0x4da1, 0x4da1, 0x28e1, 0x4da1, 0x7bd4, 0x3161, 0x28e1, 0x28e1, 0x6aa2, 0x28e1, 0x28e1, 0x28e1,
    0x5262, 0x5262, 0x28e1, 0x28e1, 0x1080, 0x28e1, 0x3161, 0x4da1, 0x6aa2, 0x7bd4, 0x4da1, 0x3161,
    0x28e1, 0x28e1, 0x1080, 0x1080, 0x1080, 0x1080, 0x28e1, 0x1080, 0x28e1, 0x1961, 0x3262, 0x5262,
    0x7ffd, 0x3262, 0x1961, 0x1080, 0x1080, 0x1080, 0x1080, 0x4da1, 0x1080, 0x28e1, 0x28e1, 0x28e1,
    0x28e1, 0x28e1, 0x28e1, 0x28e1, 0x3161, 0x4da1, 0x4da1, 0x4da1, 0x4da1, 0x4da1, 0x6aa2, 0x7742,
    0x7742, 0x7742, 0x7ffd, 0x7ffd, 0x7742, 0x7742, 0x6aa2, 0x6aa2, 0x6aa2, 0x4da1, 0x4da1, 0x4da1,
    0x28e1, 0x4da1, 0x28e1, 0x28e1, 0x28e1, 0x28e1, 0x28e1, 0x28e1, 0x1080, 0x1080, 0x1080, 0x1080,
    0x1080, 0x1080, 0x1080, 0x1080, 0x1080, 0x1080, 0x1080, 0x1080, 0x1080, 0x1080, 0x1080, 0x1080,
    0x1080, 0x1080, 0x1080, 0x1080, 0x1080, 0x1080, 0x1080, 0x1080, 0x1080, 0x1080, 0x1961, 0x1961,
    0x1961, 0x1080, 0x1080, 0x1080, 0x1080, 0x1080, 0x1080, 0x1080, 0x1080, 0x1080, 0x1080, 0x1080,
    0x1080, 0x1080, 0x1080, 0x1080, 0x1080, 0x1080, 0x1080, 0x1080, 0x1080, 0x1080, 0x1080, 0x1080,
    0x1080, 0x1080, 0x28e1, 0x28e1, 0x28e1, 0x28e1, 0x28e1, 0x28e1, 0x28e1, 0x28e1, 0x28e1, 0x4da1,
    0x4da1, 0x4da1, 0x6aa2, 0x6aa2, 0x6aa2, 0x6aa2, 0x7742, 0x7742, 0x7ffd, 0x7ffd, 0x7742, 0x7742,
    0x6aa2, 0x6aa2, 0x6aa2, 0x6aa2, 0x4da1, 0x4da1, 0x4da1, 0x4da1, 0x4da1, 0x28e1, 0x28e1, 0x28e1,
    0x28e1, 0x28e1, 0x28e1, 0x28e1, 0x28e1, 0x1080, 0x1080, 0x1080, 0x1080, 0x1961, 0x1e20, 0x7ffd,
    0x3262, 0x5262, 0x5262, 0x3262, 0x1961, 0x28e1, 0x1080, 0x1080, 0x1080, 0x28e1, 0x28e1, 0x1080,
    0x28e1, 0x4da1, 0x5262, 0x736c, 0x7742, 0x28e1, 0x28e1, 0x28e1, 0x28e1, 0x1080, 0x28e1, 0x3161,
    0x5262, 0x1080, 0x1080, 0x1080, 0x1080, 0x4da1, 0x1961, 0x28e1, 0x28e1, 0x7bd4, 0x28e1, 0x1080,
    0x5262, 0x28e1, 0x6aa2, 0x7bd4, 0x7742, 0x6aa2, 0x5262, 0x6aa2, 0x6aa2, 0x5262, 0x5262, 0x5262,
    0x5262, 0x5262, 0x5262, 0x6aa2, 0x6aa2, 0x6aa2, 0x6aca, 0x736c, 0x736c, 0x7bd4, 0x4da1, 0x7742,
    0x28e1, 0x736c, 0x28e1, 0x28e1, 0x5262, 0x736c, 0x4da1, 0x28e1, 0x7742, 0x1080, 0x1080, 0x28e1,
    0x28e1, 0x7bd4, 0x28e1, 0x28e1, 0x28e1, 0x28e1, 0x28e1, 0x4da1, 0x6aa2, 0x736c, 0x5262, 0x4da1,
    0x28e1, 0x1080, 0x4da1, 0x1080, 0x1080, 0x1080, 0x1080, 0x28e1, 0x1961, 0x5262, 0x7742, 0x7742,
    0x7742, 0x7bd4, 0x1e20, 0x1961, 0x28e1, 0x1080, 0x1080, 0x28e1, 0x1080, 0x1080, 0x1080, 0x28e1,
    0x28e1, 0x28e1, 0x28e1, 0x28e1, 0x28e1, 0x3161, 0x4da1, 0x4da1, 0x4da1, 0x4da1, 0x6aa2, 0x6aa2,
    0x7742, 0x7742, 0x736c, 0x7ffd, 0x7ffd, 0x7742, 0x6aa2, 0x6aa2, 0x6aa2, 0x4da1, 0x4da1, 0x4da1,
    0x4da1, 0x28e1, 0x4da1, 0x28e1, 0x28e1, 0x28e1, 0x28e1, 0x28e1, 0x28e1, 0x1080, 0x1080, 0x1080,
    0x1080, 0x1080, 0x1080, 0x1080, 0x1080, 0x1080, 0x1080, 0x1080, 0x1080, 0x1080, 0x1080, 0x1080,
    0x1080, 0x1080, 0x1080, 0x1080, 0x1080, 0x1080, 0x1080, 0x1080, 0x1080, 0x1080, 0x1080, 0x1961,
    0x1961, 0x1961, 0x1961, 0x1080, 0x1080, 0x1080, 0x1080, 0x1080, 0x1080, 0x1080, 0x1080, 0x1080,
    0x1080, 0x1080, 0x1080, 0x1080, 0x1080, 0x1080, 0x1080, 0x1080, 0x1080, 0x1080, 0x1080, 0x1080,
    0x1080, 0x1080, 0x28e1, 0x28e1, 0x28e1, 0x28e1, 0x28e1, 0x28e1, 0x28e1, 0x28e1, 0x4da1, 0x4da1,
    0x4da1, 0x4da1, 0x6aa2, 0x6aa2, 0x6aa2, 0x7742, 0x7742, 0x7bd4, 0x7ffd, 0x736c, 0x7742, 0x7742,
    0x6aa2, 0x6aa2, 0x6aa2, 0x4da1, 0x4da1, 0x4da1, 0x4da1, 0x4da1, 0x4da1, 0x28e1, 0x28e1, 0x28e1,
    0x28e1, 0x28e1, 0x28e1, 0x1080, 0x3161, 0x1080, 0x28e1, 0x1080, 0x1961, 0x1961, 0x5262, 0x7bd4,
    0x5262, 0x3262, 0x5262, 0x7742, 0x7742, 0x1080, 0x1080, 0x1080, 0x1080, 0x1080, 0x28e1, 0x28e1,
    0x28e1, 0x4da1, 0x7bd4, 0x5262, 0x3161, 0x3161, 0x5262, 0x28e1, 0x1080, 0x1080, 0x1080, 0x7bd4,
    0x1080, 0x28e1, 0x1080, 0x1080, 0x28e1, 0x5262, 0x1080, 0x1080, 0x6aa2, 0x4da1, 0x28e1, 0x3161,
    0x1080, 0x28e1, 0x28e1, 0x736c, 0x6aa2, 0x4da1, 0x4da1, 0x28e1, 0x28e1, 0x28e1, 0x28e1, 0x28e1,
    0x28e1, 0x28e1, 0x28e1, 0x28e1, 0x28e1, 0x28e1, 0x28e1, 0x3161, 0x3161, 0x7bd4, 0x4da1, 0x7742,
    0x28e1, 0x28e1, 0x6aa2, 0x28e1, 0x28e1, 0x736c, 0x4da1, 0x28e1, 0x28e1, 0x736c, 0x28e1, 0x28e1,
    0x28e1, 0x4da1, 0x7742, 0x28e1, 0x28e1, 0x28e1, 0x3161, 0x3161, 0x4da1, 0x5262, 0x7bd4, 0x4da1,
    0x3161, 0x28e1, 0x28e1, 0x1080, 0x1080, 0x1080, 0x1080, 0x28e1, 0x7742, 0x7742, 0x7742, 0x7742,
    0x5262, 0x7ffd, 0x3262, 0x1961, 0x1961, 0x1080, 0x1080, 0x1080, 0x4da1, 0x1080, 0x28e1, 0x28e1,
    0x28e1, 0x28e1, 0x28e1, 0x28e1, 0x28e1, 0x3161, 0x4da1, 0x4da1, 0x4da1, 0x4da1, 0x6aa2, 0x6aa2,
    0x6aa2, 0x7742, 0x7742, 0x7bd4, 0x7ffd, 0x736c, 0x7742, 0x6aa2, 0x6aa2, 0x6aa2, 0x4da1, 0x4da1,
    0x4da1, 0x4da1, 0x4da1, 0x28e1, 0x28e1, 0x28e1, 0x28e1, 0x28e1, 0x28e1, 0x28e1, 0x1080, 0x1080,
    0x1080, 0x1080, 0x1080, 0x1080, 0x1080, 0x1080, 0x1080, 0x1080, 0x1080, 0x1080, 0x1080, 0x1080,
    0x1080, 0x1080, 0x1080, 0x1080, 0x1080, 0x1080, 0x1080, 0x1080, 0x1080, 0x1080, 0x1080, 0x1961,
    0x1961, 0x1961, 0x1961, 0x1080, 0x1080, 0x1961, 0x1961, 0x28e1, 0x1080, 0x1080, 0x1080, 0x1080,
    0x1080, 0x1080, 0x1080, 0x1080, 0x1080, 0x1080, 0x1080, 0x1080, 0x1080, 0x1080, 0x1080, 0x1080,
    0x1080, 0x1080, 0x28e1, 0x28e1, 0x28e1, 0x28e1, 0x28e1, 0x28e1, 0x28e1, 0x4da1, 0x4da1, 0x4da1,
    0x4da1, 0x6aa2, 0x6aa2, 0x6aa2, 0x6aa2, 0x7742, 0x7742, 0x7ffd, 0x7ffd, 0x7742, 0x7742, 0x7742,
    0x6aa2, 0x6aa2, 0x6aa2, 0x4da1, 0x4da1, 0x4da1, 0x4da1, 0x4da1, 0x4da1, 0x3161, 0x28e1, 0x28e1,
    0x28e1, 0x28e1, 0x28e1, 0x3161, 0x1080, 0x1080, 0x1080, 0x1080, 0x1961, 0x3262, 0x7ffd, 0x3262,
    0x1961, 0x1961, 0x1e20, 0x3262, 0x4da1, 0x1080, 0x1080, 0x1080, 0x1080, 0x3161, 0x28e1, 0x28e1,
    0x4da1, 0x7742, 0x736c, 0x4da1, 0x3161, 0x28e1, 0x28e1, 0x3161, 0x1080, 0x1080, 0x5262, 0x1e20,
    0x1080, 0x1080, 0x28e1, 0x1080, 0x56ab, 0x3161, 0x28e1, 0x3161, 0x7bd4, 0x28e1, 0x1080, 0x5262,
    0x1080, 0x5262, 0x1080, 0x4da1, 0x7ffd, 0x3161, 0x1080, 0x28e1, 0x28e1, 0x1080, 0x1080, 0x1080,
    0x1080, 0x28e1, 0x28e1, 0x28e1, 0x28e1, 0x28e1, 0x28e1, 0x28e1, 0x736c, 0x28e1, 0x6aa2, 0x28e1,
    0x7742, 0x28e1, 0x736c, 0x28e1, 0x4da1, 0x4da1, 0x7bd4, 0x28e1, 0x28e1, 0x5262, 0x28e1, 0x1080,
    0x28e1, 0x3161, 0x7bd4, 0x28e1, 0x28e1, 0x28e1, 0x28e1, 0x28e1, 0x3161, 0x5262, 0x736c, 0x7742,
    0x3161, 0x28e1, 0x1080, 0x3161, 0x1080, 0x1080, 0x1080, 0x1080, 0x5262, 0x5262, 0x3161, 0x3161,
    0x3262, 0x3262, 0x7ffd, 0x1e20, 0x1961, 0x1961, 0x1080, 0x1080, 0x1080, 0x28e1, 0x1080, 0x28e1,
    0x28e1, 0x28e1, 0x28e1, 0x28e1, 0x3161, 0x4da1, 0x4da1, 0x4da1, 0x4da1, 0x4da1, 0x6aa2, 0x6aa2,
    0x6aa2, 0x7742, 0x7742, 0x7742, 0x7ffd, 0x7ffd, 0x7742, 0x7742, 0x6aa2, 0x6aa2, 0x6aa2, 0x4da1,
    0x4da1, 0x4da1, 0x28e1, 0x4da1, 0x28e1, 0x28e1, 0x28e1, 0x28e1, 0x28e1, 0x28e1, 0x1080, 0x1080,
    0x1080, 0x1080, 0x1080, 0x1080, 0x1080, 0x1080, 0x1080, 0x1080, 0x1080, 0x1080, 0x1080, 0x1080,
    0x1080, 0x1080, 0x1080, 0x1080, 0x1080, 0x1080, 0x1080, 0x1961, 0x1961, 0x1961, 0x1e20, 0x1e20,
    0x1961, 0x1961, 0x1961, 0x1961, 0x1961, 0x1961, 0x1080, 0x1080, 0x1080, 0x1080, 0x1080, 0x1080,
    0x1080, 0x1080, 0x1080, 0x28e1, 0x28e1, 0x28e1, 0x28e1, 0x28e1, 0x28e1, 0x1080, 0x1080, 0x1080,
    0x1080, 0x1080, 0x28e1, 0x28e1, 0x28e1, 0x28e1, 0x28e1, 0x28e1, 0x4da1, 0x4da1, 0x4da1, 0x4da1,
    0x4da1, 0x6aa2, 0x6aa2, 0x6aa2, 0x7742, 0x7742, 0x7ffd, 0x7ffd, 0x7742, 0x7742, 0x7742, 0x7742,
    0x6aa2, 0x6aa2, 0x6aa2, 0x4da1, 0x4da1, 0x4da1, 0x4da1, 0x4da1, 0x4da1, 0x4da1, 0x3161, 0x3161,
    0x3161, 0x28e1, 0x28e1, 0x1080, 0x1080, 0x1080, 0x1080, 0x1961, 0x3262, 0x736c, 0x6aca, 0x3161,
    0x1961, 0x1080, 0x1080, 0x28e1, 0x1080, 0x1080, 0x1080, 0x1080, 0x1080, 0x28e1, 0x28e1, 0x3161,
    0x4da1, 0x7ffd, 0x5262, 0x3161, 0x28e1, 0x28e1, 0x28e1, 0x1080, 0x1080, 0x1080, 0x7bd4, 0x1961,
    0x1080, 0x1080, 0x1080, 0x3161, 0x56ab, 0x1080, 0x28e1, 0x6aa2, 0x28e1, 0x1080, 0x3161, 0x1080,
    0x1080, 0x1080, 0x6aa2, 0x4da1, 0x4da1, 0x7ffd, 0x6aa2, 0x4da1, 0x4da1, 0x4da1, 0x4da1, 0x4da1,
    0x4da1, 0x4da1, 0x4da1, 0x4da1, 0x4da1, 0x4da1, 0x5262, 0x7742, 0x7742, 0x7742, 0x4da1, 0x3161,
    0x6aa2, 0x28e1, 0x28e1, 0x736c, 0x28e1, 0x28e1, 0x736c, 0x4da1, 0x4da1, 0x28e1, 0x736c, 0x28e1,
    0x28e1, 0x4da1, 0x4da1, 0x736c, 0x1080, 0x1080, 0x28e1, 0x28e1, 0x3161, 0x4da1, 0x6aa2, 0x7ffd,
    0x5262, 0x28e1, 0x28e1, 0x28e1, 0x1080, 0x1080, 0x1080, 0x1080, 0x28e1, 0x28e1, 0x28e1, 0x3161,
    0x1961, 0x3262, 0x7bd4, 0x3262, 0x1e20, 0x1080, 0x28e1, 0x1080, 0x1080, 0x4da1, 0x28e1, 0x28e1,
    0x3161, 0x3161, 0x4da1, 0x4da1, 0x4da1, 0x4da1, 0x4da1, 0x4da1, 0x5262, 0x6aa2, 0x6aa2, 0x6aa2,
    0x6aa2, 0x7742, 0x7742, 0x7742, 0x7bd4, 0x7ffd, 0x736c, 0x7742, 0x6aa2, 0x6aa2, 0x4da1, 0x4da1,
    0x4da1, 0x4da1, 0x4da1, 0x4da1, 0x28e1, 0x28e1, 0x28e1, 0x28e1, 0x28e1, 0x28e1, 0x1080, 0x1080,
    0x1080, 0x1080, 0x1080, 0x1080, 0x1080, 0x1080, 0x1080, 0x1080, 0x1080, 0x1080, 0x1080, 0x28e1,
    0x28e1, 0x28e1, 0x28e1, 0x28e1, 0x1961, 0x1961, 0x1961, 0x1961, 0x3262, 0x1961, 0x1961, 0x1e20,
    0x1961, 0x1080, 0x1080, 0x1961, 0x1961, 0x1961, 0x1080, 0x28e1, 0x1080, 0x1080, 0x1080, 0x1080,
    0x1080, 0x1080, 0x1080, 0x1080, 0x1080, 0x1080, 0x1080, 0x1080, 0x1080, 0x1080, 0x1080, 0x28e1,
    0x28e1, 0x3161, 0x4da1, 0x4da1, 0x4da1, 0x28e1, 0x28e1, 0x28e1, 0x4da1, 0x4da1, 0x4da1, 0x4da1,
    0x6aa2, 0x6aa2, 0x6aa2, 0x7742, 0x7742, 0x736c, 0x7ffd, 0x7bd4, 0x7742, 0x7742, 0x7742, 0x7742,
    0x6aa2, 0x6aa2, 0x6aa2, 0x6aa2, 0x5262, 0x5262, 0x5262, 0x5262, 0x5262, 0x4da1, 0x4da1, 0x4da1,
    0x4da1, 0x3161, 0x5262, 0x1080, 0x1080, 0x1080, 0x1080, 0x1961, 0x1e20, 0x7ffd, 0x3262, 0x1961,
    0x1961, 0x1080, 0x1080, 0x28e1, 0x1080, 0x1080, 0x1080, 0x1080, 0x4da1, 0x28e1, 0x28e1, 0x4da1,
    0x7742, 0x7742, 0x5262, 0x3161, 0x28e1, 0x28e1, 0x1080, 0x1080, 0x28e1, 0x6aca, 0x1080, 0x1080,
    0x1080, 0x1080, 0x1080, 0x5262, 0x1080, 0x1080, 0x28e1, 0x736c, 0x1080, 0x1080, 0x5262, 0x1080,
    0x4da1, 0x28e1, 0x1080, 0x6aa2, 0x736c, 0x736c, 0x7742, 0x4da1, 0x4da1, 0x3161, 0x4da1, 0x3161,
    0x3161, 0x3161, 0x4da1, 0x4da1, 0x4da1, 0x4da1, 0x4da1, 0x7ffd, 0x6aa2, 0x4da1, 0x3161, 0x736c,
    0x1080, 0x736c, 0x28e1, 0x6aa2, 0x28e1, 0x28e1, 0x4da1, 0x7bd4, 0x28e1, 0x28e1, 0x4da1, 0x28e1,
    0x28e1, 0x28e1, 0x3161, 0x7bd4, 0x3161, 0x28e1, 0x28e1, 0x28e1, 0x28e1, 0x3161, 0x4da1, 0x7742,
    0x7742, 0x4da1, 0x3161, 0x28e1, 0x4da1, 0x28e1, 0x1080, 0x28e1, 0x1080, 0x28e1, 0x28e1, 0x28e1,
    0x3161, 0x1e20, 0x5262, 0x7ffd, 0x1e20, 0x3161, 0x1080, 0x1080, 0x1080, 0x1080, 0x5262, 0x4da1,
    0x4da1, 0x5262, 0x5262, 0x5262, 0x5262, 0x5262, 0x6aa2, 0x6aa2, 0x6aa2, 0x6aa2, 0x6aa2, 0x7742,
    0x7742, 0x7742, 0x7742, 0x7742, 0x7742, 0x7ffd, 0x7ffd, 0x7742, 0x7742, 0x6aa2, 0x6aa2, 0x6aa2,
    0x4da1, 0x4da1, 0x4da1, 0x28e1, 0x6aa2, 0x4da1, 0x28e1, 0x28e1, 0x28e1, 0x1080, 0x1080, 0x1080,
    0x1080, 0x1080, 0x28e1, 0x28e1, 0x28e1, 0x28e1, 0x28e1, 0x1080, 0x1080, 0x1080, 0x1080, 0x1080,
    0x1080, 0x1080, 0x1080, 0x1080, 0x1961, 0x1961, 0x1e20, 0x1e20, 0x3262, 0x1961, 0x1e20, 0x1961,
    0x1080, 0x1961, 0x1080, 0x1080, 0x1961, 0x1961, 0x28e1, 0x28e1, 0x28e1, 0x1080, 0x1080, 0x1080,
    0x1080, 0x1080, 0x1080, 0x1080, 0x1080, 0x1080, 0x1080, 0x1080, 0x1080, 0x1080, 0x1080, 0x28e1,
    0x28e1, 0x28e1, 0x28e1, 0x28e1, 0x28e1, 0x28e1, 0x28e1, 0x4da1, 0x4da1, 0x4da1, 0x4da1, 0x4da1,
    0x6aa2, 0x6aa2, 0x6aa2, 0x7742, 0x7742, 0x7ffd, 0x7ffd, 0x7742, 0x7742, 0x7742, 0x7742, 0x7742,
    0x6aa2, 0x6aa2, 0x6aa2, 0x6aa2, 0x6aa2, 0x5262, 0x5262, 0x5262, 0x5262, 0x5262, 0x5262, 0x5262,
    0x5262, 0x5262, 0x1080, 0x1080, 0x1080, 0x1080, 0x1961, 0x1961, 0x7bd4, 0x5262, 0x1e20, 0x1961,
    0x28e1, 0x1080, 0x1080, 0x1080, 0x1080, 0x1080, 0x1080, 0x28e1, 0x28e1, 0x28e1, 0x3161, 0x4da1,
    0x7bd4, 0x4da1, 0x3161, 0x28e1, 0x28e1, 0x1080, 0x1080, 0x1080, 0x1080, 0x736c, 0x28e1, 0x1080,
    0x1080, 0x28e1, 0x5262, 0x736c, 0x1080, 0x28e1, 0x736c, 0x28e1, 0x28e1, 0x5262, 0x1080, 0x3161,
    0x1080, 0x6aa2, 0x3161, 0x7742, 0x28e1, 0x5262, 0x7bd4, 0x4da1, 0x4da1, 0x3161, 0x3161, 0x28e1,
    0x28e1, 0x28e1, 0x28e1, 0x3161, 0x4da1, 0x4da1, 0x736c, 0x7742, 0x6aa2, 0x7742, 0x736c, 0x4da1,
    0x3161, 0x4da1, 0x28e1, 0x28e1, 0x7bd4, 0x28e1, 0x3161, 0x7742, 0x6aa2, 0x4da1, 0x3161, 0x736c,
    0x1080, 0x28e1, 0x28e1, 0x3161, 0x7bd4, 0x3161, 0x28e1, 0x28e1, 0x28e1, 0x3161, 0x4da1, 0x5262,
    0x7ffd, 0x4da1, 0x3161, 0x28e1, 0x28e1, 0x28e1, 0x1080, 0x28e1, 0x1080, 0x28e1, 0x28e1, 0x28e1,
    0x28e1, 0x3161, 0x3262, 0x736c, 0x736c, 0x1961, 0x1961, 0x1080, 0x1080, 0x1080, 0x5262, 0x5262,
    0x6aa2, 0x7742, 0x7742, 0x7742, 0x7742, 0x7742, 0x7742, 0x6aa2, 0x6aa2, 0x6aa2, 0x6aa2, 0x7742,
    0x7742, 0x7742, 0x7742, 0x7742, 0x7742, 0x7742, 0x7ffd, 0x7bd4, 0x7742, 0x7742, 0x6aa2, 0x6aa2,
    0x6aa2, 0x4da1, 0x4da1, 0x4da1, 0x28e1, 0x28e1, 0x4da1, 0x4da1, 0x4da1, 0x4da1, 0x4da1, 0x28e1,
    0x28e1, 0x1080, 0x1080, 0x1080, 0x1080, 0x1080, 0x1080, 0x1080, 0x1080, 0x1080, 0x1080, 0x1080,
    0x1080, 0x1080, 0x1961, 0x1961, 0x1961, 0x1961, 0x1e20, 0x1e20, 0x1e20, 0x3262, 0x1961, 0x1961,
    0x1080, 0x1080, 0x1080, 0x1080, 0x1080, 0x28e1, 0x28e1, 0x28e1, 0x28e1, 0x28e1, 0x1080, 0x1080,
    0x1080, 0x1080, 0x1080, 0x1080, 0x1080, 0x1080, 0x1080, 0x1080, 0x1080, 0x1080, 0x1080, 0x1080,
    0x1080, 0x28e1, 0x28e1, 0x28e1, 0x28e1, 0x28e1, 0x28e1, 0x28e1, 0x4da1, 0x4da1, 0x4da1, 0x6aa2,
    0x6aa2, 0x6aa2, 0x7742, 0x7742, 0x7bd4, 0x7ffd, 0x736c, 0x7742, 0x7742, 0x7742, 0x7742, 0x6aa2,
    0x6aa2, 0x6aa2, 0x6aa2, 0x5262, 0x5262, 0x5262, 0x5262, 0x5262, 0x5262, 0x5262, 0x5262, 0x5262,
    0x5262, 0x5262, 0x1080, 0x1080, 0x1080, 0x1080, 0x1961, 0x5262, 0x7ffd, 0x3262, 0x1961, 0x1080,
    0x1080, 0x1080, 0x1080, 0x1080, 0x1080, 0x1080, 0x1080, 0x3161, 0x1080, 0x3161, 0x4da1, 0x7742,
    0x7742, 0x4da1, 0x3161, 0x28e1, 0x28e1, 0x1080, 0x1080, 0x1080, 0x7bd4, 0x3161, 0x1080, 0x1080,
    0x1080, 0x1080, 0x3262, 0x28e1, 0x28e1, 0x3161, 0x7742, 0x1080, 0x1080, 0x3161, 0x1080, 0x3161,
    0x1080, 0x1080, 0x4da1, 0x6aa2, 0x7742, 0x7742, 0x7742, 0x736c, 0x4da1, 0x4da1, 0x4da1, 0x4da1,
    0x4da1, 0x4da1, 0x4da1, 0x4da1, 0x4da1, 0x6aa2, 0x7742, 0x7742, 0x7742, 0x7742, 0x3161, 0x4da1,
    0x736c, 0x28e1, 0x736c, 0x28e1, 0x3161, 0x4da1, 0x3161, 0x4da1, 0x7bd4, 0x4da1, 0x28e1, 0x4da1,
    0x4da1, 0x1080, 0x28e1, 0x3161, 0x736c, 0x3161, 0x28e1, 0x28e1, 0x28e1, 0x28e1, 0x3161, 0x4da1,
    0x7742, 0x736c, 0x4da1, 0x28e1, 0x28e1, 0x4da1, 0x28e1, 0x28e1, 0x1080, 0x1080, 0x1080, 0x1080,
    0x28e1, 0x28e1, 0x1e20, 0x3262, 0x7ffd, 0x3262, 0x1961, 0x28e1, 0x1080, 0x1080, 0x1080, 0x7742,
    0x7742, 0x7742, 0x7742, 0x7742, 0x7742, 0x7742, 0x7742, 0x6aa2, 0x6aa2, 0x6aa2, 0x6aa2, 0x6aa2,
    0x6aa2, 0x7742, 0x7742, 0x7742, 0x7742, 0x7742, 0x7ffd, 0x7ffd, 0x7742, 0x7742, 0x6aa2, 0x6aa2,
    0x6aa2, 0x4da1, 0x4da1, 0x4da1, 0x4da1, 0x4da1, 0x28e1, 0x28e1, 0x28e1, 0x28e1, 0x28e1, 0x28e1,
    0x28e1, 0x1080, 0x1080, 0x1080, 0x1080, 0x1080, 0x1080, 0x1080, 0x1080, 0x1080, 0x1080, 0x1080,
    0x28e1, 0x1961, 0x3161, 0x1961, 0x3161, 0x1e20, 0x3262, 0x1e20, 0x1e20, 0x3262, 0x1e20, 0x1961,
    0x1080, 0x1080, 0x1080, 0x1080, 0x1080, 0x1080, 0x28e1, 0x28e1, 0x28e1, 0x28e1, 0x28e1, 0x28e1,
    0x1080, 0x1080, 0x1080, 0x1080, 0x1080, 0x1080, 0x1080, 0x1080, 0x1080, 0x1080, 0x1080, 0x28e1,
    0x28e1, 0x28e1, 0x28e1, 0x28e1, 0x28e1, 0x28e1, 0x28e1, 0x28e1, 0x4da1, 0x4da1, 0x4da1, 0x6aa2,
    0x6aa2, 0x6aa2, 0x7742, 0x7742, 0x7ffd, 0x7ffd, 0x7742, 0x7742, 0x6aa2, 0x6aa2, 0x6aa2, 0x6aa2,
    0x4da1, 0x4da1, 0x4da1, 0x4da1, 0x4da1, 0x4da1, 0x4da1, 0x4da1, 0x4da1, 0x5262, 0x5262, 0x5262,
    0x5262, 0x1080, 0x1080, 0x1080, 0x1080, 0x1961, 0x1e20, 0x7ffd, 0x3262, 0x3262, 0x1961, 0x1080,
    0x1080, 0x1080, 0x1080, 0x1080, 0x28e1, 0x1080, 0x1080, 0x1080, 0x28e1, 0x3161, 0x6aa2, 0x7bd4,
    0x4da1, 0x3161, 0x3161, 0x28e1, 0x28e1, 0x28e1, 0x1080, 0x1961, 0x5262, 0x28e1, 0x1080, 0x1080,
    0x1080, 0x7742, 0x5262, 0x28e1, 0x28e1, 0x736c, 0x28e1, 0x1080, 0x4da1, 0x1080, 0x56ab, 0x1080,
    0x4da1, 0x28e1, 0x736c, 0x6aa2, 0x4da1, 0x6aa2, 0x7742, 0x7742, 0x5262, 0x4da1, 0x4da1, 0x28e1,
    0x3161, 0x3161, 0x3161, 0x4da1, 0x4da1, 0x736c, 0x7742, 0x6aa2, 0x6aa2, 0x5262, 0x6aa2, 0x736c,
    0x3161, 0x4da1, 0x3161, 0x4da1, 0x28e1, 0x7bd4, 0x3161, 0x3161, 0x5262, 0x7742, 0x28e1, 0x28e1,
    0x736c, 0x28e1, 0x28e1, 0x28e1, 0x3161, 0x7bd4, 0x28e1, 0x28e1, 0x28e1, 0x28e1, 0x4da1, 0x3161,
    0x5262, 0x7bd4, 0x6aa2, 0x3161, 0x28e1, 0x28e1, 0x28e1, 0x1080, 0x1080, 0x28e1, 0x1080, 0x1080,
    0x28e1, 0x28e1, 0x1961, 0x3262, 0x5262, 0x7bd4, 0x3262, 0x1961, 0x1080, 0x1080, 0x1080, 0x3161,
    0x7742, 0x7742, 0x7742, 0x7742, 0x6aa2, 0x6aa2, 0x6aa2, 0x6aa2, 0x5262, 0x4da1, 0x4da1, 0x4da1,
    0x6aa2, 0x6aa2, 0x6aa2, 0x6aa2, 0x7742, 0x7742, 0x7742, 0x7ffd, 0x7ffd, 0x7742, 0x7742, 0x6aa2,
    0x6aa2, 0x4da1, 0x4da1, 0x4da1, 0x4da1, 0x28e1, 0x4da1, 0x28e1, 0x28e1, 0x28e1, 0x28e1, 0x28e1,
    0x1080, 0x1080, 0x1080, 0x1080, 0x1080, 0x1080, 0x1080, 0x1080, 0x1080, 0x1080, 0x28e1, 0x28e1,
    0x3161, 0x3161, 0x3161, 0x3161, 0x3161, 0x1e20, 0x1e20, 0x1e20, 0x1e20, 0x1961, 0x3262, 0x1080,
    0x1080, 0x1080, 0x1080, 0x1080, 0x1080, 0x1080, 0x1080, 0x1080, 0x1080, 0x28e1, 0x28e1, 0x28e1,
    0x1080, 0x1080, 0x1080, 0x1080, 0x1080, 0x1080, 0x1080, 0x1080, 0x1080, 0x1080, 0x1080, 0x28e1,
    0x28e1, 0x28e1, 0x28e1, 0x28e1, 0x28e1, 0x28e1, 0x4da1, 0x4da1, 0x4da1, 0x4da1, 0x4da1, 0x6aa2,
    0x6aa2, 0x7742, 0x7742, 0x7ffd, 0x7ffd, 0x736c, 0x7742, 0x7742, 0x6aa2, 0x6aa2, 0x4da1, 0x4da1,
    0x4da1, 0x4da1, 0x4da1, 0x4da1, 0x3161, 0x3161, 0x28e1, 0x28e1, 0x28e1, 0x28e1, 0x28e1, 0x28e1,
    0x3161, 0x1080, 0x1080, 0x1080, 0x1961, 0x1961, 0x7742, 0x7bd4, 0x1e20, 0x1961, 0x1080, 0x1080,
    0x1080, 0x1080, 0x1080, 0x1080, 0x1080, 0x1080, 0x4da1, 0x28e1, 0x3161, 0x4da1, 0x736c, 0x6aa2,
    0x4da1, 0x28e1, 0x28e1, 0x28e1, 0x28e1, 0x1080, 0x1080, 0x7bd4, 0x1961, 0x1080, 0x1080, 0x1080,
    0x1961, 0x5262, 0x1080, 0x28e1, 0x4da1, 0x7742, 0x28e1, 0x1080, 0x3161, 0x1080, 0x1080, 0x4da1,
    0x1080, 0x5262, 0x3161, 0x7742, 0x7742, 0x6aa2, 0x7742, 0x7742, 0x7bd4, 0x3161, 0x28e1, 0x28e1,
    0x28e1, 0x28e1, 0x28e1, 0x3161, 0x7742, 0x7742, 0x7742, 0x7742, 0x7742, 0x7742, 0x736c, 0x4da1,
    0x4da1, 0x736c, 0x1080, 0x7742, 0x28e1, 0x28e1, 0x5262, 0x28e1, 0x3161, 0x7bd4, 0x4da1, 0x28e1,
    0x28e1, 0x4da1, 0x28e1, 0x28e1, 0x3161, 0x7742, 0x4da1, 0x28e1, 0x28e1, 0x28e1, 0x28e1, 0x4da1,
    0x4da1, 0x6aa2, 0x7bd4, 0x4da1, 0x4da1, 0x28e1, 0x4da1, 0x1080, 0x1080, 0x1080, 0x28e1, 0x1080,
    0x1080, 0x28e1, 0x28e1, 0x1961, 0x3262, 0x7ffd, 0x3262, 0x1e20, 0x1080, 0x1080, 0x1080, 0x1080,
    0x7742, 0x6aa2, 0x4da1, 0x3161, 0x3161, 0x3161, 0x3161, 0x4da1, 0x4da1, 0x4da1, 0x4da1, 0x4da1,
    0x4da1, 0x4da1, 0x6aa2, 0x6aa2, 0x6aa2, 0x7742, 0x7742, 0x7bd4, 0x7ffd, 0x7742, 0x7742, 0x6aa2,
    0x6aa2, 0x4da1, 0x4da1, 0x4da1, 0x4da1, 0x4da1, 0x28e1, 0x28e1, 0x28e1, 0x1080, 0x28e1, 0x28e1,
    0x28e1, 0x1080, 0x1080, 0x1080, 0x1080, 0x1080, 0x28e1, 0x1080, 0x1080, 0x28e1, 0x28e1, 0x3161,
    0x3161, 0x3161, 0x3161, 0x1961, 0x1961, 0x1e20, 0x1e20, 0x1e20, 0x1961, 0x1961, 0x1961, 0x1e20,
    0x1080, 0x1080, 0x1080, 0x1080, 0x1080, 0x1080, 0x1080, 0x1080, 0x1080, 0x1080, 0x1080, 0x28e1,
    0x28e1, 0x28e1, 0x1080, 0x1080, 0x1080, 0x1080, 0x1080, 0x1080, 0x1080, 0x1080, 0x28e1, 0x28e1,
    0x28e1, 0x28e1, 0x28e1, 0x28e1, 0x28e1, 0x28e1, 0x4da1, 0x4da1, 0x4da1, 0x6aa2, 0x6aa2, 0x6aa2,
    0x6aa2, 0x7742, 0x736c, 0x7ffd, 0x7bd4, 0x7742, 0x7742, 0x6aa2, 0x6aa2, 0x6aa2, 0x4da1, 0x4da1,
    0x4da1, 0x4da1, 0x4da1, 0x3161, 0x3161, 0x3161, 0x28e1, 0x28e1, 0x28e1, 0x28e1, 0x1080, 0x3161,
    0x1080, 0x1080, 0x1080, 0x1080, 0x1961, 0x1e20, 0x7ffd, 0x1e20, 0x3262, 0x1080, 0x28e1, 0x1080,
    0x1080, 0x1080, 0x1080, 0x1080, 0x1080, 0x28e1, 0x1080, 0x28e1, 0x3161, 0x6aa2, 0x7bd4, 0x4da1,
    0x3161, 0x28e1, 0x28e1, 0x28e1, 0x1080, 0x28e1, 0x3161, 0x5262, 0x1080, 0x1080, 0x1080, 0x1080,
    0x5262, 0x5262, 0x28e1, 0x28e1, 0x7bd4, 0x28e1, 0x28e1, 0x5262, 0x1080, 0x5262, 0x1080, 0x28e1,
    0x1080, 0x7742, 0x7742, 0x28e1, 0x4da1, 0x5262, 0x7742, 0x7742, 0x7742, 0x4da1, 0x28e1, 0x28e1,
    0x28e1, 0x28e1, 0x28e1, 0x28e1, 0x7742, 0x7742, 0x7742, 0x7742, 0x7742, 0x6aa2, 0x4da1, 0x7742,
    0x736c, 0x28e1, 0x7742, 0x28e1, 0x736c, 0x1080, 0x736c, 0x28e1, 0x3161, 0x5262, 0x736c, 0x3161,
    0x3161, 0x736c, 0x1080, 0x28e1, 0x1080, 0x3161, 0x7bd4, 0x28e1, 0x28e1, 0x28e1, 0x28e1, 0x28e1,
    0x3161, 0x5262, 0x7bd4, 0x6aa2, 0x3161, 0x28e1, 0x1080, 0x3161, 0x1080, 0x1080, 0x28e1, 0x1080,
    0x28e1, 0x1080, 0x28e1, 0x1961, 0x1e20, 0x5262, 0x7ffd, 0x1e20, 0x1961, 0x1080, 0x1080, 0x1080,
    0x1080, 0x28e1, 0x4da1, 0x3161, 0x3161, 0x3161, 0x3161, 0x4da1, 0x4da1, 0x4da1, 0x4da1, 0x4da1,
    0x4da1, 0x4da1, 0x4da1, 0x6aa2, 0x6aa2, 0x6aa2, 0x7742, 0x7742, 0x7ffd, 0x7ffd, 0x7742, 0x7742,
    0x6aa2, 0x6aa2, 0x6aa2, 0x4da1, 0x4da1, 0x4da1, 0x28e1, 0x4da1, 0x28e1, 0x28e1, 0x28e1, 0x28e1,
    0x28e1, 0x1080, 0x1080, 0x1080, 0x1080, 0x1080, 0x28e1, 0x28e1, 0x28e1, 0x28e1, 0x3161, 0x3161,
    0x3161, 0x3161, 0x3161, 0x1961, 0x1961, 0x1961, 0x1961, 0x1961, 0x1961, 0x1961, 0x1080, 0x3262,
    0x1080, 0x1080, 0x1080, 0x1080, 0x1080, 0x1080, 0x1080, 0x1080, 0x1080, 0x1080, 0x1080, 0x1080,
    0x1080, 0x28e1, 0x28e1, 0x28e1, 0x28e1, 0x28e1, 0x1080, 0x1080, 0x28e1, 0x28e1, 0x28e1, 0x28e1,
    0x28e1, 0x28e1, 0x28e1, 0x28e1, 0x28e1, 0x4da1, 0x4da1, 0x4da1, 0x4da1, 0x6aa2, 0x6aa2, 0x6aa2,
    0x7742, 0x7742, 0x7ffd, 0x7ffd, 0x7742, 0x7742, 0x7742, 0x6aa2, 0x6aa2, 0x4da1, 0x4da1, 0x4da1,
    0x4da1, 0x4da1, 0x4da1, 0x3161, 0x28e1, 0x28e1, 0x28e1, 0x28e1, 0x28e1, 0x28e1, 0x28e1, 0x3161,
    0x1080, 0x1080, 0x1080, 0x1961, 0x1e20, 0x7bd4, 0x736c, 0x3262, 0x1e20, 0x28e1, 0x28e1, 0x1080,
    0x1080, 0x1080, 0x1080, 0x1080, 0x1080, 0x3161, 0x28e1, 0x28e1, 0x4da1, 0x7bd4, 0x5262, 0x4da1,
    0x28e1, 0x28e1, 0x28e1, 0x1080, 0x1080, 0x1080, 0x7bd4, 0x1080, 0x1080, 0x1080, 0x1080, 0x1e20,
    0x5262, 0x1080, 0x1080, 0x4da1, 0x6aa2, 0x28e1, 0x1080, 0x1080, 0x1080, 0x1080, 0x5262, 0x28e1,
    0x7742, 0x28e1, 0x7742, 0x7742, 0x736c, 0x6aa2, 0x7742, 0x7742, 0x7742, 0x28e1, 0x28e1, 0x28e1,
    0x28e1, 0x28e1, 0x28e1, 0x28e1, 0x28e1, 0x7742, 0x7742, 0x7742, 0x7742, 0x7742, 0x736c, 0x7742,
    0x4da1, 0x6aa2, 0x7742, 0x28e1, 0x4da1, 0x28e1, 0x28e1, 0x4da1, 0x28e1, 0x4da1, 0x7bd4, 0x4da1,
    0x28e1, 0x28e1, 0x6aa2, 0x28e1, 0x28e1, 0x28e1, 0x4da1, 0x7742, 0x28e1, 0x28e1, 0x28e1, 0x28e1,
    0x3161, 0x4da1, 0x6aa2, 0x7bd4, 0x5262, 0x3161, 0x3161, 0x28e1, 0x28e1, 0x28e1, 0x28e1, 0x28e1,
    0x28e1, 0x1080, 0x1080, 0x1961, 0x1e20, 0x3262, 0x7ffd, 0x5262, 0x1961, 0x1961, 0x1080, 0x1080,
    0x1080, 0x3161, 0x28e1, 0x28e1, 0x3161, 0x4da1, 0x4da1, 0x4da1, 0x4da1, 0x5262, 0x4da1, 0x4da1,
    0x4da1, 0x4da1, 0x4da1, 0x6aa2, 0x6aa2, 0x6aa2, 0x7742, 0x7742, 0x7bd4, 0x7ffd, 0x736c, 0x7742,
    0x6aa2, 0x6aa2, 0x6aa2, 0x4da1, 0x4da1, 0x4da1, 0x4da1, 0x4da1, 0x4da1, 0x28e1, 0x28e1, 0x28e1,
    0x28e1, 0x28e1, 0x1080, 0x1080, 0x28e1, 0x28e1, 0x28e1, 0x28e1, 0x3161, 0x3161, 0x3161, 0x3161,
    0x3161, 0x3161, 0x3161, 0x1961, 0x1961, 0x1961, 0x1961, 0x1961, 0x1961, 0x1080, 0x1080, 0x1080,
    0x1080, 0x1080, 0x1080, 0x1080, 0x1080, 0x1080, 0x1080, 0x1080, 0x1080, 0x1080, 0x1080, 0x1080,
    0x1080, 0x28e1, 0x28e1, 0x28e1, 0x28e1, 0x28e1, 0x28e1, 0x28e1, 0x28e1, 0x28e1, 0x28e1, 0x28e1,
    0x28e1, 0x28e1, 0x28e1, 0x28e1, 0x4da1, 0x4da1, 0x4da1, 0x4da1, 0x4da1, 0x6aa2, 0x6aa2, 0x6aa2,
    0x7742, 0x736c, 0x7ffd, 0x7bd4, 0x7742, 0x7742, 0x6aa2, 0x6aa2, 0x6aa2, 0x4da1, 0x4da1, 0x4da1,
    0x4da1, 0x3161, 0x28e1, 0x28e1, 0x28e1, 0x28e1, 0x28e1, 0x28e1, 0x28e1, 0x28e1, 0x4da1, 0x1080,
    0x1080, 0x1080, 0x1080, 0x1961, 0x3262, 0x7ffd, 0x3262, 0x1961, 0x3161, 0x3161, 0x28e1, 0x1080,
    0x1080, 0x1080, 0x1080, 0x1080, 0x3161, 0x1080, 0x28e1, 0x3161, 0x6aa2, 0x736c, 0x4da1, 0x3161,
    0x28e1, 0x28e1, 0x28e1, 0x1080, 0x1080, 0x6aa2, 0x28e1, 0x28e1, 0x1080, 0x1080, 0x1080, 0x5262,
    0x3161, 0x1080, 0x28e1, 0x7bd4, 0x28e1, 0x1080, 0x6aca, 0x1080, 0x28e1, 0x1080, 0x1080, 0x1080,
    0x4da1, 0x736c, 0x7742, 0x6aa2, 0x6aa2, 0x7742, 0x7742, 0x7742, 0x4da1, 0x28e1, 0x28e1, 0x1080,
    0x1080, 0x1080, 0x28e1, 0x28e1, 0x28e1, 0x4da1, 0x7742, 0x7742, 0x7742, 0x7742, 0x5262, 0x4da1,
    0x6aa2, 0x736c, 0x28e1, 0x736c, 0x28e1, 0x736c, 0x28e1, 0x6aa2, 0x28e1, 0x3161, 0x4da1, 0x736c,
    0x28e1, 0x28e1, 0x7742, 0x28e1, 0x28e1, 0x28e1, 0x28e1, 0x7bd4, 0x28e1, 0x28e1, 0x1080, 0x28e1,
    0x28e1, 0x4da1, 0x5262, 0x7742, 0x7742, 0x4da1, 0x3161, 0x28e1, 0x4da1, 0x28e1, 0x1080, 0x28e1,
    0x28e1, 0x1080, 0x28e1, 0x1080, 0x3262, 0x3262, 0x5262, 0x7ffd, 0x1e20, 0x1961, 0x1961, 0x1080,
    0x1080, 0x1080, 0x3161, 0x4da1, 0x4da1, 0x4da1, 0x4da1, 0x5262, 0x6aa2, 0x6aa2, 0x4da1, 0x4da1,
    0x4da1, 0x4da1, 0x4da1, 0x4da1, 0x6aa2, 0x6aa2, 0x6aa2, 0x7742, 0x7742, 0x7ffd, 0x7ffd, 0x7742,
    0x7742, 0x6aa2, 0x6aa2, 0x6aa2, 0x4da1, 0x4da1, 0x4da1, 0x28e1, 0x6aa2, 0x28e1, 0x28e1, 0x28e1,
    0x28e1, 0x28e1, 0x28e1, 0x28e1, 0x28e1, 0x28e1, 0x3161, 0x3161, 0x3161, 0x3161, 0x3161, 0x3161,
    0x1961, 0x3161, 0x3161, 0x1961, 0x1961, 0x1961, 0x1961, 0x1080, 0x1080, 0x1080, 0x1080, 0x1080,
    0x1080, 0x1080, 0x1080, 0x1080, 0x1080, 0x1080, 0x1080, 0x1080, 0x1080, 0x1080, 0x1080, 0x1080,
    0x1080, 0x1080, 0x28e1, 0x28e1, 0x28e1, 0x28e1, 0x28e1, 0x28e1, 0x28e1, 0x28e1, 0x28e1, 0x28e1,
    0x28e1, 0x28e1, 0x28e1, 0x28e1, 0x4da1, 0x4da1, 0x4da1, 0x4da1, 0x6aa2, 0x6aa2, 0x6aa2, 0x7742,
    0x7742, 0x7ffd, 0x7ffd, 0x7742, 0x7742, 0x6aa2, 0x6aa2, 0x6aa2, 0x4da1, 0x4da1, 0x4da1, 0x4da1,
    0x4da1, 0x28e1, 0x28e1, 0x28e1, 0x28e1, 0x28e1, 0x28e1, 0x28e1, 0x28e1, 0x28e1, 0x28e1, 0x1080,
    0x1080, 0x1961, 0x1961, 0x1e20, 0x7bd4, 0x5262, 0x1961, 0x1961, 0x28e1, 0x3161, 0x3161, 0x1080,
    0x1080, 0x1080, 0x1080, 0x1080, 0x28e1, 0x28e1, 0x28e1, 0x4da1, 0x7ffd, 0x5262, 0x4da1, 0x28e1,
    0x28e1, 0x1080, 0x1080, 0x1080, 0x28e1, 0x7bd4, 0x28e1, 0x1080, 0x1080, 0x1080, 0x3161, 0x6aa2,
    0x1080, 0x28e1, 0x4da1, 0x4da1, 0x28e1, 0x1080, 0x28e1, 0x1080, 0x1080, 0x4da1, 0x1080, 0x736c,
    0x4da1, 0x4da1, 0x6aa2, 0x6aa2, 0x7742, 0x7742, 0x7742, 0x7742, 0x28e1, 0x28e1, 0x1080, 0x1080,
    0x1080, 0x1080, 0x28e1, 0x28e1, 0x28e1, 0x28e1, 0x7742, 0x7742, 0x7742, 0x7742, 0x7742, 0x736c,
    0x7742, 0x28e1, 0x736c, 0x3161, 0x4da1, 0x28e1, 0x4da1, 0x28e1, 0x5262, 0x28e1, 0x4da1, 0x736c,
    0x4da1, 0x28e1, 0x28e1, 0x7742, 0x28e1, 0x1080, 0x3161, 0x4da1, 0x7742, 0x28e1, 0x28e1, 0x28e1,
    0x28e1, 0x3161, 0x4da1, 0x5262, 0x7ffd, 0x5262, 0x28e1, 0x28e1, 0x28e1, 0x28e1, 0x28e1, 0x28e1,
    0x1080, 0x28e1, 0x28e1, 0x4da1, 0x1961, 0x1961, 0x3161, 0x7bd4, 0x736c, 0x1e20, 0x1080, 0x1080,
    0x1080, 0x1080, 0x5262, 0x4da1, 0x6aa2, 0x5262, 0x6aa2, 0x7742, 0x6aa2, 0x4da1, 0x4da1, 0x28e1,
    0x28e1, 0x4da1, 0x4da1, 0x4da1, 0x4da1, 0x6aa2, 0x6aa2, 0x7742, 0x7742, 0x7742, 0x7ffd, 0x7bd4,
    0x7742, 0x6aa2, 0x6aa2, 0x6aa2, 0x4da1, 0x4da1, 0x4da1, 0x28e1, 0x28e1, 0x4da1, 0x28e1, 0x28e1,
    0x28e1, 0x28e1, 0x28e1, 0x28e1, 0x3161, 0x3161, 0x4da1, 0x4da1, 0x3161, 0x3161, 0x3161, 0x1961,
    0x1961, 0x1961, 0x1961, 0x1961, 0x1080, 0x1080, 0x1080, 0x1080, 0x1080, 0x1080, 0x1080, 0x1080,
    0x1080, 0x1080, 0x1080, 0x1080, 0x1080, 0x1080, 0x1080, 0x1080, 0x1080, 0x1080, 0x1080, 0x1080,
    0x1080, 0x1080, 0x1080, 0x28e1, 0x28e1, 0x28e1, 0x28e1, 0x28e1, 0x28e1, 0x28e1, 0x28e1, 0x28e1,
    0x28e1, 0x28e1, 0x28e1, 0x4da1, 0x4da1, 0x4da1, 0x4da1, 0x6aa2, 0x6aa2, 0x6aa2, 0x7742, 0x7742,
    0x7bd4, 0x7ffd, 0x736c, 0x7742, 0x6aa2, 0x6aa2, 0x6aa2, 0x6aa2, 0x4da1, 0x4da1, 0x4da1, 0x4da1,
    0x28e1, 0x28e1, 0x28e1, 0x28e1, 0x28e1, 0x28e1, 0x28e1, 0x28e1, 0x28e1, 0x4da1, 0x1080, 0x1080,
    0x1080, 0x1080, 0x1e20, 0x3262, 0x7ffd, 0x1e20, 0x1961, 0x1080, 0x28e1, 0x28e1, 0x4da1, 0x28e1,
    0x1080, 0x1080, 0x1080, 0x4da1, 0x28e1, 0x28e1, 0x4da1, 0x7742, 0x7742, 0x4da1, 0x28e1, 0x28e1,
    0x28e1, 0x1080, 0x1080, 0x1080, 0x736c, 0x1080, 0x28e1, 0x1080, 0x1080, 0x1080, 0x6aa2, 0x3161,
    0x1080, 0x28e1, 0x7ffd, 0x28e1, 0x1080, 0x736c, 0x1080, 0x1080, 0x3161, 0x1080, 0x4da1, 0x4da1,
    0x736c, 0x7742, 0x7742, 0x7742, 0x7742, 0x7742, 0x7742, 0x4da1, 0x28e1, 0x1080, 0x1080, 0x1080,
    0x1080, 0x1080, 0x28e1, 0x28e1, 0x28e1, 0x28e1, 0x4da1, 0x7742, 0x7742, 0x7742, 0x7742, 0x5262,
    0x4da1, 0x7742, 0x7742, 0x3161, 0x7742, 0x28e1, 0x6aa2, 0x28e1, 0x4da1, 0x28e1, 0x4da1, 0x5262,
    0x736c, 0x3161, 0x3161, 0x6aa2, 0x28e1, 0x28e1, 0x1080, 0x3161, 0x7bd4, 0x3161, 0x28e1, 0x28e1,
    0x28e1, 0x28e1, 0x3161, 0x4da1, 0x7742, 0x7742, 0x4da1, 0x28e1, 0x28e1, 0x4da1, 0x1080, 0x28e1,
    0x1080, 0x28e1, 0x3161, 0x3161, 0x1080, 0x1080, 0x3161, 0x1e20, 0x7ffd, 0x3262, 0x1961, 0x1961,
    0x1080, 0x1080, 0x1080, 0x6aa2, 0x6aa2, 0x7742, 0x7742, 0x6aa2, 0x4da1, 0x3161, 0x28e1, 0x28e1,
    0x28e1, 0x3161, 0x4da1, 0x4da1, 0x4da1, 0x6aa2, 0x6aa2, 0x6aa2, 0x7742, 0x7742, 0x7ffd, 0x7ffd,
    0x7742, 0x7742, 0x6aa2, 0x6aa2, 0x6aa2, 0x4da1, 0x4da1, 0x4da1, 0x28e1, 0x4da1, 0x28e1, 0x28e1,
    0x28e1, 0x28e1, 0x3161, 0x4da1, 0x5262, 0x4da1, 0x4da1, 0x4da1, 0x3161, 0x3161, 0x3161, 0x1961,
    0x1961, 0x1961, 0x1961, 0x1080, 0x1080, 0x1080, 0x1080, 0x1080, 0x1080, 0x1080, 0x1080, 0x1080,
    0x1080, 0x1080, 0x1080, 0x1080, 0x1080, 0x1080, 0x1080, 0x1080, 0x1080, 0x1080, 0x1080, 0x1080,
    0x1080, 0x1080, 0x1080, 0x28e1, 0x28e1, 0x28e1, 0x28e1, 0x28e1, 0x28e1, 0x28e1, 0x28e1, 0x28e1,
    0x28e1, 0x28e1, 0x28e1, 0x4da1, 0x4da1, 0x4da1, 0x4da1, 0x6aa2, 0x6aa2, 0x6aa2, 0x7742, 0x7742,
    0x7ffd, 0x7ffd, 0x7742, 0x7742, 0x6aa2, 0x6aa2, 0x6aa2, 0x4da1, 0x4da1, 0x4da1, 0x4da1, 0x4da1,
    0x28e1, 0x28e1, 0x28e1, 0x28e1, 0x28e1, 0x28e1, 0x28e1, 0x28e1, 0x28e1, 0x1080, 0x1080, 0x1080,
    0x1080, 0x1961, 0x3262, 0x7ffd, 0x3262, 0x1e20, 0x1080, 0x1080, 0x1080, 0x1080, 0x3161, 0x3161,
    0x28e1, 0x1080, 0x28e1, 0x28e1, 0x28e1, 0x3161, 0x5262, 0x7bd4, 0x4da1, 0x3161, 0x3161, 0x28e1,
    0x28e1, 0x1080, 0x1080, 0x1961, 0x736c, 0x3161, 0x1080, 0x1080, 0x1080, 0x3161, 0x6aa2, 0x1080,
    0x28e1, 0x6aa2, 0x4da1, 0x1080, 0x28e1, 0x1080, 0x1080, 0x1080, 0x28e1, 0x1080, 0x6aa2, 0x6aa2,
    0x3161, 0x6aa2, 0x6aa2, 0x6aa2, 0x7742, 0x7742, 0x7742, 0x28e1, 0x28e1, 0x28e1, 0x1080, 0x1080,
    0x1080, 0x28e1, 0x28e1, 0x28e1, 0x28e1, 0x28e1, 0x28e1, 0x7742, 0x7742, 0x7742, 0x7742, 0x736c,
    0x7742, 0x736c, 0x4da1, 0x7bd4, 0x28e1, 0x7bd4, 0x1080, 0x6aa2, 0x28e1, 0x7742, 0x28e1, 0x28e1,
    0x736c, 0x5262, 0x28e1, 0x28e1, 0x7742, 0x28e1, 0x28e1, 0x28e1, 0x3161, 0x736c, 0x3161, 0x28e1,
    0x28e1, 0x28e1, 0x28e1, 0x3161, 0x5262, 0x7bd4, 0x4da1, 0x3161, 0x28e1, 0x28e1, 0x28e1, 0x1080,
    0x28e1, 0x3161, 0x4da1, 0x28e1, 0x1080, 0x28e1, 0x3161, 0x1e20, 0x7742, 0x736c, 0x1961, 0x1080,
    0x1080, 0x1080, 0x1080, 0x4da1, 0x6aa2, 0x7742, 0x6aa2, 0x4da1, 0x3161, 0x28e1, 0x28e1, 0x28e1,
    0x28e1, 0x28e1, 0x4da1, 0x4da1, 0x4da1, 0x4da1, 0x6aa2, 0x6aa2, 0x6aa2, 0x7742, 0x7742, 0x7ffd,
    0x7ffd, 0x7742, 0x7742, 0x6aa2, 0x6aa2, 0x6aa2, 0x4da1, 0x4da1, 0x4da1, 0x28e1, 0x4da1, 0x28e1,
    0x28e1, 0x4da1, 0x4da1, 0x6aa2, 0x6aa2, 0x5262, 0x4da1, 0x3161, 0x3161, 0x3161, 0x28e1, 0x28e1,
    0x1080, 0x1080, 0x1080, 0x1080, 0x1080, 0x1080, 0x1080, 0x1080, 0x1080, 0x1080, 0x1080, 0x1080,
    0x1080, 0x1080, 0x1080, 0x1080, 0x1080, 0x1080, 0x1080, 0x1080, 0x1080, 0x1080, 0x1080, 0x1080,
    0x1080, 0x1080, 0x1080, 0x1080, 0x28e1, 0x28e1, 0x28e1, 0x28e1, 0x4da1, 0x4da1, 0x4da1, 0x28e1,
    0x28e1, 0x28e1, 0x4da1, 0x4da1, 0x4da1, 0x4da1, 0x6aa2, 0x6aa2, 0x6aa2, 0x6aa2, 0x7742, 0x7ffd,
    0x7ffd, 0x736c, 0x7742, 0x6aa2, 0x6aa2, 0x6aa2, 0x6aa2, 0x4da1, 0x4da1, 0x4da1, 0x4da1, 0x28e1,
    0x28e1, 0x28e1, 0x28e1, 0x28e1, 0x28e1, 0x28e1, 0x1080, 0x1080, 0x4da1, 0x1080, 0x1080, 0x1080,
    0x1080, 0x1e20, 0x56ab, 0x7bd4, 0x1961, 0x1961, 0x28e1, 0x1080, 0x1080, 0x1080, 0x28e1, 0x4da1,
    0x28e1, 0x1080, 0x4da1, 0x28e1, 0x28e1, 0x4da1, 0x736c, 0x7742, 0x4da1, 0x28e1, 0x28e1, 0x28e1,
    0x1080, 0x1080, 0x28e1, 0x7bd4, 0x1961, 0x1080, 0x1080, 0x1080, 0x1080, 0x5262, 0x28e1, 0x28e1,
    0x3161, 0x7bd4, 0x28e1, 0x28e1, 0x736c, 0x1080, 0x1080, 0x6aca, 0x1080, 0x6aa2, 0x28e1, 0x6aa2,
    0x736c, 0x736c, 0x6aa2, 0x6aa2, 0x7742, 0x7742, 0x28e1, 0x28e1, 0x28e1, 0x1080, 0x28e1, 0x1080,
    0x1080, 0x1080, 0x28e1, 0x1080, 0x28e1, 0x28e1, 0x28e1, 0x4da1, 0x7742, 0x7742, 0x7742, 0x7742,
    0x4da1, 0x6aa2, 0x7742, 0x4da1, 0x4da1, 0x3161, 0x4da1, 0x28e1, 0x28e1, 0x28e1, 0x28e1, 0x28e1,
    0x4da1, 0x7bd4, 0x28e1, 0x3161, 0x5262, 0x1080, 0x1080, 0x28e1, 0x3161, 0x7742, 0x4da1, 0x28e1,
    0x28e1, 0x28e1, 0x28e1, 0x4da1, 0x4da1, 0x7742, 0x736c, 0x4da1, 0x28e1, 0x28e1, 0x28e1, 0x1080,
    0x1080, 0x4da1, 0x28e1, 0x1080, 0x1080, 0x1080, 0x28e1, 0x1961, 0x3262, 0x7ffd, 0x3262, 0x1961,
    0x1080, 0x1080, 0x1080, 0x1080, 0x6aa2, 0x4da1, 0x4da1, 0x28e1, 0x28e1, 0x28e1, 0x28e1, 0x28e1,
    0x28e1, 0x28e1, 0x28e1, 0x4da1, 0x4da1, 0x4da1, 0x4da1, 0x6aa2, 0x6aa2, 0x7742, 0x7742, 0x7bd4,
    0x7ffd, 0x7742, 0x7742, 0x6aa2, 0x6aa2, 0x6aa2, 0x4da1, 0x4da1, 0x4da1, 0x28e1, 0x4da1, 0x4da1,
    0x4da1, 0x4da1, 0x6aa2, 0x7742, 0x6aa2, 0x4da1, 0x3161, 0x3161, 0x28e1, 0x28e1, 0x28e1, 0x1080,
    0x1080, 0x1080, 0x1080, 0x1080, 0x1080, 0x1080, 0x1080, 0x1080, 0x1080, 0x1080, 0x1080, 0x1080,
    0x1080, 0x1080, 0x1080, 0x1080, 0x1080, 0x1080, 0x1080, 0x1080, 0x1080, 0x1080, 0x1080, 0x1080,
    0x1080, 0x1080, 0x1080, 0x1080, 0x1080, 0x28e1, 0x28e1, 0x28e1, 0x4da1, 0x4da1, 0x4da1, 0x28e1,
    0x28e1, 0x28e1, 0x4da1, 0x4da1, 0x4da1, 0x4da1, 0x6aa2, 0x6aa2, 0x6aa2, 0x7742, 0x7742, 0x7ffd,
    0x7ffd, 0x7742, 0x7742, 0x6aa2, 0x6aa2, 0x6aa2, 0x4da1, 0x4da1, 0x4da1, 0x4da1, 0x4da1, 0x28e1,
    0x28e1, 0x28e1, 0x28e1, 0x28e1, 0x1080, 0x1080, 0x28e1, 0x1080, 0x1080, 0x1080, 0x1080, 0x1080,
    0x1961, 0x1e20, 0x7ffd, 0x3262, 0x1961, 0x1961, 0x1080, 0x1080, 0x1080, 0x1080, 0x1080, 0x3161,
    0x5262, 0x28e1, 0x1080, 0x28e1, 0x3161, 0x4da1, 0x7ffd, 0x5262, 0x4da1, 0x28e1, 0x28e1, 0x28e1,
    0x28e1, 0x1080, 0x28e1, 0x5262, 0x1080, 0x1080, 0x1080, 0x1080, 0x3262, 0x7742, 0x28e1, 0x28e1,
    0x6aa2, 0x3161, 0x28e1, 0x28e1, 0x1080, 0x28e1, 0x28e1, 0x1080, 0x1080, 0x6aa2, 0x736c, 0x4da1,
    0x6aa2, 0x7742, 0x6aa2, 0x7742, 0x7742, 0x7742, 0x28e1, 0x28e1, 0x28e1, 0x28e1, 0x28e1, 0x1080,
    0x1080, 0x1080, 0x28e1, 0x28e1, 0x28e1, 0x28e1, 0x28e1, 0x28e1, 0x7742, 0x7742, 0x7742, 0x7742,
    0x7742, 0x7742, 0x6aa2, 0x3161, 0x7bd4, 0x28e1, 0x736c, 0x1080, 0x4da1, 0x28e1, 0x736c, 0x3161,
    0x4da1, 0x7742, 0x6aa2, 0x3161, 0x28e1, 0x736c, 0x28e1, 0x28e1, 0x1080, 0x4da1, 0x736c, 0x28e1,
    0x1080, 0x28e1, 0x28e1, 0x28e1, 0x3161, 0x5262, 0x7bd4, 0x5262, 0x4da1, 0x28e1, 0x28e1, 0x3161,
    0x28e1, 0x4da1, 0x28e1, 0x1080, 0x1080, 0x1080, 0x28e1, 0x1961, 0x1e20, 0x3262, 0x7bd4, 0x1e20,
    0x1961, 0x1080, 0x1080, 0x1080, 0x3161, 0x28e1, 0x28e1, 0x28e1, 0x28e1, 0x28e1, 0x28e1, 0x28e1,
    0x28e1, 0x28e1, 0x28e1, 0x4da1, 0x4da1, 0x4da1, 0x4da1, 0x6aa2, 0x6aa2, 0x6aa2, 0x7742, 0x7742,
    0x7ffd, 0x7ffd, 0x7742, 0x7742, 0x6aa2, 0x6aa2, 0x4da1, 0x4da1, 0x4da1, 0x4da1, 0x28e1, 0x4da1,
    0x4da1, 0x6aa2, 0x7742, 0x7742, 0x4da1, 0x4da1, 0x3161, 0x28e1, 0x28e1, 0x1080, 0x1080, 0x1080,
    0x1080, 0x1080, 0x1080, 0x1080, 0x1080, 0x1080, 0x1080, 0x1080, 0x1080, 0x1080, 0x1080, 0x1080,
    0x1080, 0x1080, 0x1080, 0x1080, 0x1080, 0x1080, 0x1080, 0x1080, 0x1080, 0x1080, 0x1080, 0x1080,
    0x1080, 0x1080, 0x1080, 0x1080, 0x1080, 0x1080, 0x28e1, 0x28e1, 0x3161, 0x4da1, 0x4da1, 0x4da1,
    0x28e1, 0x4da1, 0x4da1, 0x4da1, 0x4da1, 0x6aa2, 0x6aa2, 0x6aa2, 0x7742, 0x7742, 0x7ffd, 0x7ffd,
    0x7742, 0x7742, 0x6aa2, 0x6aa2, 0x6aa2, 0x4da1, 0x4da1, 0x4da1, 0x4da1, 0x4da1, 0x28e1, 0x28e1,
    0x28e1, 0x28e1, 0x28e1, 0x28e1, 0x28e1, 0x28e1, 0x1080, 0x4da1, 0x1080, 0x1080, 0x1080, 0x1961,
    0x1e20, 0x7bd4, 0x736c, 0x1e20, 0x1961, 0x1080, 0x1080, 0x1080, 0x1080, 0x1080, 0x1080, 0x1080,
    0x4da1, 0x28e1, 0x28e1, 0x28e1, 0x4da1, 0x7bd4, 0x5262, 0x4da1, 0x3161, 0x28e1, 0x28e1, 0x28e1,
    0x28e1, 0x28e1, 0x7bd4, 0x1961, 0x28e1, 0x1080, 0x1080, 0x1961, 0x7742, 0x1080, 0x28e1, 0x28e1,
    0x7bd4, 0x28e1, 0x28e1, 0x6aca, 0x1080, 0x1080, 0x4da1, 0x28e1, 0x736c, 0x28e1, 0x4da1, 0x736c,
    0x6aa2, 0x6aa2, 0x6aa2, 0x7742, 0x7742, 0x3161, 0x28e1, 0x28e1, 0x28e1, 0x28e1, 0x1080, 0x1080,
    0x1080, 0x1080, 0x28e1, 0x28e1, 0x28e1, 0x28e1, 0x28e1, 0x28e1, 0x4da1, 0x7742, 0x7742, 0x7742,
    0x6aa2, 0x6aa2, 0x7742, 0x7bd4, 0x28e1, 0x7742, 0x3161, 0x736c, 0x28e1, 0x3161, 0x4da1, 0x28e1,
    0x28e1, 0x4da1, 0x7bd4, 0x28e1, 0x28e1, 0x3161, 0x28e1, 0x28e1, 0x28e1, 0x3161, 0x7742, 0x5262,
    0x4da1, 0x28e1, 0x28e1, 0x3161, 0x3161, 0x4da1, 0x5262, 0x7bd4, 0x4da1, 0x3161, 0x28e1, 0x3161,
    0x5262, 0x1080, 0x1080, 0x1080, 0x1080, 0x1080, 0x1080, 0x1961, 0x1961, 0x3262, 0x7ffd, 0x5262,
    0x1961, 0x1961, 0x1080, 0x1080, 0x1080, 0x4da1, 0x1080, 0x28e1, 0x28e1, 0x28e1, 0x28e1, 0x28e1,
    0x28e1, 0x28e1, 0x28e1, 0x4da1, 0x4da1, 0x4da1, 0x4da1, 0x6aa2, 0x6aa2, 0x6aa2, 0x7742, 0x7742,
    0x736c, 0x7ffd, 0x736c, 0x7742, 0x7742, 0x6aa2, 0x6aa2, 0x4da1, 0x4da1, 0x4da1, 0x4da1, 0x28e1,
    0x4da1, 0x7742, 0x7742, 0x5262, 0x4da1, 0x4da1, 0x28e1, 0x28e1, 0x1080, 0x1080, 0x1080, 0x1080,
    0x1080, 0x1080, 0x1080, 0x1080, 0x1080, 0x1080, 0x1080, 0x1080, 0x1080, 0x1080, 0x1080, 0x1080,
    0x1080, 0x1080, 0x1080, 0x1080, 0x1080, 0x1080, 0x1080, 0x1080, 0x1080, 0x1080, 0x1080, 0x1080,
    0x1080, 0x1080, 0x1080, 0x1080, 0x1080, 0x1080, 0x1080, 0x28e1, 0x28e1, 0x4da1, 0x4da1, 0x4da1,
    0x28e1, 0x4da1, 0x4da1, 0x4da1, 0x4da1, 0x6aa2, 0x6aa2, 0x6aa2, 0x7742, 0x736c, 0x7ffd, 0x7bd4,
    0x7742, 0x7742, 0x6aa2, 0x6aa2, 0x6aa2, 0x4da1, 0x4da1, 0x4da1, 0x4da1, 0x28e1, 0x28e1, 0x28e1,
    0x28e1, 0x28e1, 0x28e1, 0x28e1, 0x28e1, 0x1080, 0x28e1, 0x1080, 0x28e1, 0x1080, 0x1961, 0x1961,
    0x3262, 0x7ffd, 0x1e20, 0x1961, 0x1080, 0x1080, 0x1080, 0x1080, 0x1080, 0x1080, 0x1080, 0x1080,
    0x3161, 0x1080, 0x28e1, 0x3161, 0x7742, 0x7bd4, 0x5262, 0x3161, 0x28e1, 0x28e1, 0x28e1, 0x1080,
    0x1080, 0x5262, 0x5262, 0x28e1, 0x1080, 0x1080, 0x1080, 0x3262, 0x6aa2, 0x28e1, 0x28e1, 0x7742,
    0x28e1, 0x28e1, 0x4da1, 0x1080, 0x1080, 0x56ab, 0x1080, 0x1080, 0x4da1, 0x736c, 0x4da1, 0x6aa2,
    0x6aca, 0x6aa2, 0x7742, 0x4da1, 0x4da1, 0x28e1, 0x28e1, 0x28e1, 0x1080, 0x28e1, 0x1080, 0x28e1,
    0x28e1, 0x1080, 0x28e1, 0x1080, 0x28e1, 0x28e1, 0x28e1, 0x28e1, 0x28e1, 0x6aa2, 0x7742, 0x7742,
    0x7742, 0x736c, 0x6aa2, 0x4da1, 0x6aa2, 0x736c, 0x28e1, 0x6aa2, 0x28e1, 0x4da1, 0x3161, 0x736c,
    0x28e1, 0x4da1, 0x7742, 0x6aa2, 0x3161, 0x3161, 0x736c, 0x28e1, 0x28e1, 0x28e1, 0x3161, 0x7bd4,
    0x28e1, 0x28e1, 0x28e1, 0x28e1, 0x28e1, 0x28e1, 0x6aa2, 0x736c, 0x7742, 0x4da1, 0x3161, 0x1080,
    0x4da1, 0x1080, 0x1080, 0x1080, 0x1080, 0x1080, 0x1080, 0x1961, 0x1080, 0x1e20, 0x3262, 0x7ffd,
    0x3262, 0x1961, 0x1080, 0x1080, 0x1080, 0x28e1, 0x1080, 0x1080, 0x28e1, 0x28e1, 0x28e1, 0x28e1,
    0x28e1, 0x28e1, 0x28e1, 0x28e1, 0x4da1, 0x4da1, 0x4da1, 0x4da1, 0x6aa2, 0x6aa2, 0x6aa2, 0x7742,
    0x7742, 0x7ffd, 0x7ffd, 0x7742, 0x7742, 0x6aa2, 0x6aa2, 0x4da1, 0x4da1, 0x4da1, 0x4da1, 0x28e1,
    0x6aa2, 0x7742, 0x7742, 0x6aa2, 0x4da1, 0x28e1, 0x1080, 0x1080, 0x1080, 0x1080, 0x1080, 0x1080,
    0x1080, 0x1080, 0x1080, 0x1080, 0x1080, 0x1080, 0x1080, 0x1080, 0x1080, 0x1080, 0x1080, 0x1080,
    0x1080, 0x1080, 0x1080, 0x1080, 0x1080, 0x1080, 0x1080, 0x1080, 0x1080, 0x1080, 0x1080, 0x1080,
    0x1080, 0x1080, 0x1080, 0x1080, 0x1080, 0x1080, 0x1080, 0x28e1, 0x28e1, 0x28e1, 0x4da1, 0x4da1,
    0x28e1, 0x4da1, 0x4da1, 0x4da1, 0x6aa2, 0x6aa2, 0x6aa2, 0x7742, 0x7742, 0x7ffd, 0x7ffd, 0x7742,
    0x7742, 0x6aa2, 0x6aa2, 0x6aa2, 0x4da1, 0x4da1, 0x4da1, 0x4da1, 0x4da1, 0x28e1, 0x28e1, 0x28e1,
    0x28e1, 0x28e1, 0x28e1, 0x1080, 0x1080, 0x1080, 0x4da1, 0x1080, 0x28e1, 0x1080, 0x1961, 0x1e20,
    0x7ffd, 0x5262, 0x3262, 0x1961, 0x1080, 0x1080, 0x1080, 0x1080, 0x1080, 0x1080, 0x1080, 0x1080,
    0x3161, 0x28e1, 0x3161, 0x4da1, 0x7bd4, 0x5262, 0x3161, 0x28e1, 0x28e1, 0x1080, 0x28e1, 0x28e1,
    0x28e1, 0x7bd4, 0x3161, 0x1080, 0x1080, 0x1080, 0x3161, 0x736c, 0x1080, 0x28e1, 0x28e1, 0x7bd4,
    0x28e1, 0x28e1, 0x6aca, 0x1080, 0x1080, 0x28e1, 0x1080, 0x7bd4, 0x28e1, 0x28e1, 0x28e1, 0x28e1,
    0x28e1, 0x4da1, 0x4da1, 0x4da1, 0x4da1, 0x4da1, 0x7bd4, 0x7bd4, 0x1080, 0x28e1, 0x1080, 0x1080,
    0x28e1, 0x1080, 0x1080, 0x28e1, 0x28e1, 0x3161, 0x7bd4, 0x4da1, 0x3161, 0x4da1, 0x4da1, 0x4da1,
    0x4da1, 0x3161, 0x4da1, 0x7742, 0x736c, 0x28e1, 0x736c, 0x28e1, 0x7bd4, 0x28e1, 0x4da1, 0x4da1,
    0x28e1, 0x28e1, 0x28e1, 0x7bd4, 0x28e1, 0x28e1, 0x28e1, 0x4da1, 0x28e1, 0x3161, 0x28e1, 0x5262,
    0x7742, 0x3161, 0x28e1, 0x4da1, 0x28e1, 0x28e1, 0x4da1, 0x6aa2, 0x7ffd, 0x5262, 0x3161, 0x28e1,
    0x3161, 0x1080, 0x1080, 0x1080, 0x1080, 0x1080, 0x1080, 0x1080, 0x1080, 0x1961, 0x1e20, 0x736c,
    0x56ab, 0x1e20, 0x1961, 0x1080, 0x1080, 0x1080, 0x4da1, 0x1080, 0x28e1, 0x1080, 0x1080, 0x28e1,
    0x28e1, 0x28e1, 0x28e1, 0x28e1, 0x28e1, 0x4da1, 0x4da1, 0x4da1, 0x4da1, 0x6aa2, 0x6aa2, 0x7742,
    0x7742, 0x7742, 0x7ffd, 0x7bd4, 0x7742, 0x7742, 0x6aa2, 0x6aa2, 0x4da1, 0x4da1, 0x4da1, 0x28e1,
    0x28e1, 0x6aa2, 0x6aa2, 0x4da1, 0x28e1, 0x28e1, 0x1080, 0x1080, 0x1080, 0x1080, 0x1080, 0x1080,
    0x1080, 0x1080, 0x1080, 0x1080, 0x1080, 0x1080, 0x1080, 0x1080, 0x1080, 0x1080, 0x1080, 0x1080,
    0x1080, 0x1080, 0x1080, 0x1080, 0x1080, 0x1080, 0x1080, 0x1080, 0x1080, 0x1080, 0x1080, 0x1080,
    0x1080, 0x1080, 0x1080, 0x1080, 0x1080, 0x1080, 0x1080, 0x1080, 0x28e1, 0x28e1, 0x4da1, 0x4da1,
    0x4da1, 0x4da1, 0x4da1, 0x6aa2, 0x6aa2, 0x6aa2, 0x7742, 0x7742, 0x7bd4, 0x7ffd, 0x736c, 0x7742,
    0x7742, 0x6aa2, 0x6aa2, 0x4da1, 0x4da1, 0x4da1, 0x4da1, 0x4da1, 0x28e1, 0x28e1, 0x28e1, 0x28e1,
    0x28e1, 0x28e1, 0x28e1, 0x1080, 0x28e1, 0x3161, 0x1080, 0x1080, 0x1080, 0x1080, 0x1e20, 0x3262,
    0x7ffd, 0x1961, 0x1961, 0x1080, 0x1080, 0x1080, 0x1080, 0x1080, 0x1080, 0x1080, 0x1080, 0x3161,
    0x4da1, 0x28e1, 0x28e1, 0x7742, 0x736c, 0x4da1, 0x4da1, 0x28e1, 0x28e1, 0x28e1, 0x3161, 0x28e1,
    0x6aa2, 0x3161, 0x1080, 0x1080, 0x1080, 0x28e1, 0x28e1, 0x4da1, 0x1080, 0x1080, 0x736c, 0x28e1,
    0x28e1, 0x4da1, 0x28e1, 0x1080, 0x1080, 0x1080, 0x28e1, 0x28e1, 0x28e1, 0x4da1, 0x28e1, 0x28e1,
    0x4da1, 0x4da1, 0x4da1, 0x6aa2, 0x7ffd, 0x736c, 0x4da1, 0x28e1, 0x28e1, 0x1080, 0x1080, 0x1080,
    0x1080, 0x1080, 0x1080, 0x1080, 0x28e1, 0x28e1, 0x28e1, 0x7742, 0x7ffd, 0x736c, 0x4da1, 0x4da1,
    0x4da1, 0x4da1, 0x4da1, 0x28e1, 0x28e1, 0x28e1, 0x28e1, 0x28e1, 0x4da1, 0x4da1, 0x28e1, 0x28e1,
    0x736c, 0x28e1, 0x3161, 0x6aa2, 0x7742, 0x28e1, 0x28e1, 0x736c, 0x28e1, 0x28e1, 0x28e1, 0x3161,
    0x7bd4, 0x28e1, 0x28e1, 0x5262, 0x28e1, 0x28e1, 0x4da1, 0x4da1, 0x736c, 0x7742, 0x4da1, 0x28e1,
    0x6aa2, 0x28e1, 0x1080, 0x1080, 0x1080, 0x1080, 0x1080, 0x1080, 0x1080, 0x1080, 0x1961, 0x3262,
    0x7ffd, 0x3262, 0x1961, 0x1080, 0x1080, 0x1080, 0x1080, 0x1080, 0x1080, 0x28e1, 0x28e1, 0x28e1,
    0x28e1, 0x28e1, 0x28e1, 0x28e1, 0x28e1, 0x4da1, 0x4da1, 0x4da1, 0x4da1, 0x4da1, 0x6aa2, 0x6aa2,
    0x7742, 0x7742, 0x7ffd, 0x7ffd, 0x7742, 0x7742, 0x6aa2, 0x6aa2, 0x4da1, 0x4da1, 0x4da1, 0x4da1,
    0x28e1, 0x6aa2, 0x1080, 0x28e1, 0x28e1, 0x1080, 0x1080, 0x1080, 0x1080, 0x1080, 0x1080, 0x1080,
    0x1080, 0x1080, 0x1080, 0x1080, 0x1080, 0x1080, 0x1080, 0x1080, 0x1080, 0x1080, 0x1080, 0x1080,
    0x1080, 0x1080, 0x1080, 0x1080, 0x1080, 0x1080, 0x1080, 0x1080, 0x1080, 0x1080, 0x1080, 0x1080,
    0x1080, 0x1080, 0x1080, 0x1080, 0x1080, 0x1080, 0x1080, 0x1080, 0x28e1, 0x28e1, 0x28e1, 0x7742,
    0x28e1, 0x4da1, 0x4da1, 0x6aa2, 0x6aa2, 0x6aa2, 0x7742, 0x7742, 0x7ffd, 0x7ffd, 0x7742, 0x7742,
    0x6aa2, 0x6aa2, 0x6aa2, 0x4da1, 0x4da1, 0x4da1, 0x4da1, 0x28e1, 0x28e1, 0x28e1, 0x28e1, 0x28e1,
    0x28e1, 0x28e1, 0x1080, 0x1080, 0x1080, 0x3161, 0x1080, 0x1080, 0x1080, 0x1961, 0x1e20, 0x7ffd,
    0x3262, 0x1e20, 0x1961, 0x1080, 0x1080, 0x1080, 0x1080, 0x1080, 0x1080, 0x1080, 0x1080, 0x1080,
    0x28e1, 0x3161, 0x4da1, 0x7ffd, 0x4da1, 0x3161, 0x28e1, 0x28e1, 0x28e1, 0x1080, 0x3161, 0x1080,
    0x7bd4, 0x28e1, 0x1080, 0x1080, 0x1080, 0x28e1, 0x736c, 0x1080, 0x1080, 0x28e1, 0x4da1, 0x28e1,
    0x28e1, 0x28e1, 0x28e1, 0x28e1, 0x1080, 0x28e1, 0x4da1, 0x28e1, 0x4da1, 0x3161, 0x4da1, 0x3161,
    0x4da1, 0x736c, 0x7ffd, 0x7742, 0x4da1, 0x6aa2, 0x7742, 0x4da1, 0x28e1, 0x28e1, 0x1080, 0x1080,
    0x1080, 0x1080, 0x1080, 0x28e1, 0x28e1, 0x4da1, 0x7742, 0x6aa2, 0x3161, 0x6aa2, 0x7bd4, 0x7bd4,
    0x4da1, 0x4da1, 0x4da1, 0x4da1, 0x28e1, 0x28e1, 0x28e1, 0x3161, 0x28e1, 0x28e1, 0x3161, 0x28e1,
    0x28e1, 0x28e1, 0x28e1, 0x28e1, 0x736c, 0x28e1, 0x28e1, 0x28e1, 0x28e1, 0x28e1, 0x28e1, 0x28e1,
    0x5262, 0x736c, 0x28e1, 0x28e1, 0x28e1, 0x28e1, 0x3161, 0x4da1, 0x5262, 0x7ffd, 0x5262, 0x3161,
    0x28e1, 0x1080, 0x1080, 0x1080, 0x1080, 0x1080, 0x1080, 0x1080, 0x1080, 0x1080, 0x1080, 0x1e20,
    0x736c, 0x736c, 0x1e20, 0x1961, 0x1080, 0x1080, 0x1080, 0x3161, 0x1080, 0x1080, 0x1080, 0x28e1,
    0x28e1, 0x28e1, 0x28e1, 0x28e1, 0x28e1, 0x28e1, 0x4da1, 0x4da1, 0x4da1, 0x4da1, 0x6aa2, 0x6aa2,
    0x6aa2, 0x7742, 0x7742, 0x7ffd, 0x7ffd, 0x7742, 0x7742, 0x6aa2, 0x6aa2, 0x4da1, 0x4da1, 0x4da1,
    0x28e1, 0x7742, 0x6aa2, 0x28e1, 0x28e1, 0x28e1, 0x1080, 0x1080, 0x1080, 0x1080, 0x1080, 0x1080,
    0x1080, 0x1080, 0x1080, 0x1080, 0x1080, 0x1080, 0x1080, 0x1080, 0x1080, 0x1080, 0x1080, 0x1080,
    0x1080, 0x1080, 0x1080, 0x1080, 0x1080, 0x1080, 0x1080, 0x1080, 0x1080, 0x1080, 0x1080, 0x1080,
    0x1080, 0x1080, 0x1080, 0x1080, 0x1080, 0x1080, 0x1080, 0x28e1, 0x28e1, 0x28e1, 0x28e1, 0x28e1,
    0x7742, 0x4da1, 0x4da1, 0x6aa2, 0x6aa2, 0x7742, 0x7742, 0x7ffd, 0x7ffd, 0x736c, 0x7742, 0x6aa2,
    0x6aa2, 0x6aa2, 0x4da1, 0x4da1, 0x4da1, 0x4da1, 0x4da1, 0x28e1, 0x28e1, 0x28e1, 0x28e1, 0x28e1,
    0x28e1, 0x28e1, 0x1080, 0x1080, 0x3161, 0x1080, 0x1080, 0x1080, 0x1961, 0x1e20, 0x736c, 0x7bd4,
    0x1e20, 0x1961, 0x1080, 0x1080, 0x1080, 0x1080, 0x1080, 0x1080, 0x1080, 0x1080, 0x1080, 0x28e1,
    0x28e1, 0x3161, 0x736c, 0x7742, 0x4da1, 0x28e1, 0x28e1, 0x28e1, 0x1080, 0x28e1, 0x28e1, 0x7bd4,
    0x1080, 0x1080, 0x1080, 0x1080, 0x1080, 0x1080, 0x1080, 0x28e1, 0x28e1, 0x28e1, 0x1080, 0x6aa2,
    0x28e1, 0x28e1, 0x4da1, 0x1080, 0x28e1, 0x1080, 0x28e1, 0x3161, 0x28e1, 0x28e1, 0x4da1, 0x7bd4,
    0x7ffd, 0x6aa2, 0x4da1, 0x6aa2, 0x7742, 0x7742, 0x7742, 0x4da1, 0x28e1, 0x1080, 0x28e1, 0x1080,
    0x1080, 0x1080, 0x1080, 0x1080, 0x28e1, 0x3161, 0x7742, 0x7742, 0x7742, 0x6aa2, 0x3161, 0x7742,
    0x7ffd, 0x7ffd, 0x7742, 0x4da1, 0x4da1, 0x28e1, 0x28e1, 0x28e1, 0x28e1, 0x28e1, 0x4da1, 0x28e1,
    0x28e1, 0x28e1, 0x28e1, 0x3161, 0x28e1, 0x3161, 0x28e1, 0x28e1, 0x28e1, 0x28e1, 0x28e1, 0x1080,
    0x28e1, 0x7bd4, 0x28e1, 0x28e1, 0x28e1, 0x28e1, 0x28e1, 0x3161, 0x4da1, 0x7742, 0x736c, 0x3161,
    0x28e1, 0x28e1, 0x28e1, 0x1080, 0x1080, 0x1080, 0x1080, 0x1080, 0x1080, 0x1080, 0x1080, 0x1961,
    0x1e20, 0x7ffd, 0x3262, 0x1961, 0x1961, 0x1080, 0x1080, 0x1080, 0x28e1, 0x1080, 0x28e1, 0x1080,
    0x28e1, 0x28e1, 0x28e1, 0x28e1, 0x28e1, 0x28e1, 0x28e1, 0x28e1, 0x4da1, 0x4da1, 0x4da1, 0x4da1,
    0x6aa2, 0x7742, 0x7742, 0x7ffd, 0x7ffd, 0x7742, 0x7742, 0x6aa2, 0x6aa2, 0x4da1, 0x4da1, 0x4da1,
    0x736c, 0x28e1, 0x28e1, 0x28e1, 0x28e1, 0x1080, 0x1080, 0x1080, 0x1080, 0x1080, 0x1080, 0x1080,
    0x1080, 0x1080, 0x1080, 0x1080, 0x1080, 0x1080, 0x1080, 0x1080, 0x1080, 0x1080, 0x1080, 0x1080,
    0x1080, 0x1080, 0x1080, 0x1080, 0x1080, 0x1080, 0x1080, 0x1080, 0x1080, 0x1080, 0x1080, 0x1080,
    0x1080, 0x1080, 0x1080, 0x1080, 0x1080, 0x1080, 0x1080, 0x1080, 0x28e1, 0x28e1, 0x28e1, 0x28e1,
    0x6aa2, 0x6aa2, 0x6aa2, 0x4da1, 0x6aa2, 0x7742, 0x736c, 0x7ffd, 0x7bd4, 0x7742, 0x7742, 0x6aa2,
    0x6aa2, 0x6aa2, 0x4da1, 0x4da1, 0x4da1, 0x4da1, 0x28e1, 0x28e1, 0x28e1, 0x28e1, 0x28e1, 0x28e1,
    0x1080, 0x1080, 0x1080, 0x1080, 0x28e1, 0x1080, 0x1080, 0x1080, 0x1961, 0x1e20, 0x7ffd, 0x3262,
    0x1e20, 0x1080, 0x1080, 0x1080, 0x1080, 0x1080, 0x1080, 0x1080, 0x1080, 0x1080, 0x1080, 0x28e1,
    0x28e1, 0x3161, 0x7ffd, 0x4da1, 0x3161, 0x28e1, 0x28e1, 0x28e1, 0x28e1, 0x28e1, 0x28e1, 0x28e1,
    0x28e1, 0x3161, 0x4da1, 0x28e1, 0x28e1, 0x28e1, 0x28e1, 0x28e1, 0x28e1, 0x28e1, 0x3161, 0x28e1,
    0x4da1, 0x4da1, 0x28e1, 0x28e1, 0x28e1, 0x28e1, 0x3161, 0x3161, 0x7742, 0x7ffd, 0x7bd4, 0x4da1,
    0x3161, 0x4da1, 0x7742, 0x7742, 0x7742, 0x7742, 0x7742, 0x4da1, 0x28e1, 0x1080, 0x1080, 0x1080,
    0x1080, 0x1080, 0x1080, 0x1080, 0x28e1, 0x4da1, 0x7742, 0x7742, 0x7742, 0x7742, 0x7742, 0x4da1,
    0x4da1, 0x4da1, 0x7bd4, 0x7ffd, 0x736c, 0x3161, 0x4da1, 0x28e1, 0x28e1, 0x3161, 0x6aa2, 0x28e1,
    0x4da1, 0x4da1, 0x6aa2, 0x7742, 0x7742, 0x4da1, 0x28e1, 0x1080, 0x28e1, 0x28e1, 0x28e1, 0x28e1,
    0x28e1, 0x28e1, 0x28e1, 0x1080, 0x28e1, 0x28e1, 0x28e1, 0x28e1, 0x4da1, 0x4da1, 0x7ffd, 0x4da1,
    0x28e1, 0x28e1, 0x28e1, 0x1080, 0x1080, 0x1080, 0x1080, 0x1080, 0x1080, 0x1080, 0x1080, 0x1961,
    0x1e20, 0x3262, 0x7bd4, 0x1e20, 0x1961, 0x1080, 0x1080, 0x1080, 0x3161, 0x1080, 0x28e1, 0x1080,
    0x1080, 0x28e1, 0x28e1, 0x28e1, 0x28e1, 0x28e1, 0x28e1, 0x28e1, 0x4da1, 0x4da1, 0x4da1, 0x4da1,
    0x6aa2, 0x6aa2, 0x7742, 0x7742, 0x7ffd, 0x7ffd, 0x7742, 0x7742, 0x6aa2, 0x6aa2, 0x4da1, 0x736c,
    0x4da1, 0x28e1, 0x28e1, 0x28e1, 0x28e1, 0x1080, 0x1080, 0x1080, 0x1080, 0x1080, 0x1080, 0x1080,
    0x1080, 0x1080, 0x1080, 0x1080, 0x1080, 0x1080, 0x1080, 0x1080, 0x1080, 0x1080, 0x1080, 0x1080,
    0x1080, 0x1080, 0x1080, 0x1080, 0x1080, 0x1080, 0x1080, 0x1080, 0x1080, 0x1080, 0x1080, 0x1080,
    0x1080, 0x1080, 0x1080, 0x1080, 0x1080, 0x1080, 0x1080, 0x1080, 0x28e1, 0x28e1, 0x28e1, 0x28e1,
    0x4da1, 0x7742, 0x6aa2, 0x6aa2, 0x7742, 0x7742, 0x7ffd, 0x7ffd, 0x7742, 0x7742, 0x6aa2, 0x6aa2,
    0x6aa2, 0x4da1, 0x4da1, 0x4da1, 0x4da1, 0x28e1, 0x28e1, 0x28e1, 0x28e1, 0x28e1, 0x28e1, 0x1080,
    0x1080, 0x1080, 0x1080, 0x3161, 0x1080, 0x1080, 0x1080, 0x1080, 0x1961, 0x736c, 0x7bd4, 0x1e20,
    0x1961, 0x1080, 0x1080, 0x1080, 0x1080, 0x1080, 0x1080, 0x1080, 0x1080, 0x1080, 0x1080, 0x1080,
    0x28e1, 0x4da1, 0x4da1, 0x3161, 0x3161, 0x28e1, 0x28e1, 0x28e1, 0x28e1, 0x28e1, 0x28e1, 0x3161,
    0x4da1, 0x4da1, 0x7742, 0x6aa2, 0x3161, 0x28e1, 0x28e1, 0x28e1, 0x4da1, 0x4da1, 0x4da1, 0x4da1,
    0x4da1, 0x7742, 0x4da1, 0x4da1, 0x3161, 0x6aa2, 0x736c, 0x7ffd, 0x736c, 0x5262, 0x28e1, 0x3161,
    0x6aa2, 0x7742, 0x7742, 0x7742, 0x7742, 0x7742, 0x7742, 0x4da1, 0x28e1, 0x28e1, 0x1080, 0x1080,
    0x1080, 0x1080, 0x1080, 0x1080, 0x28e1, 0x4da1, 0x7742, 0x7742, 0x7742, 0x7742, 0x7742, 0x7742,
    0x7742, 0x28e1, 0x4da1, 0x5262, 0x736c, 0x7ffd, 0x7bd4, 0x4da1, 0x6aa2, 0x4da1, 0x4da1, 0x7742,
    0x7742, 0x7742, 0x7742, 0x7742, 0x4da1, 0x28e1, 0x1080, 0x28e1, 0x28e1, 0x4da1, 0x6aa2, 0x4da1,
    0x28e1, 0x28e1, 0x28e1, 0x28e1, 0x28e1, 0x28e1, 0x28e1, 0x28e1, 0x28e1, 0x4da1, 0x4da1, 0x3161,
    0x28e1, 0x28e1, 0x28e1, 0x1080, 0x1080, 0x1080, 0x1080, 0x1080, 0x1080, 0x1080, 0x1080, 0x1080,
    0x1961, 0x3262, 0x7ffd, 0x7742, 0x1961, 0x1080, 0x1080, 0x1080, 0x1080, 0x28e1, 0x1080, 0x1080,
    0x1080, 0x1080, 0x28e1, 0x28e1, 0x28e1, 0x28e1, 0x28e1, 0x28e1, 0x28e1, 0x4da1, 0x4da1, 0x4da1,
    0x6aa2, 0x6aa2, 0x7742, 0x7742, 0x736c, 0x7ffd, 0x7bd4, 0x7742, 0x6aa2, 0x6aa2, 0x6aa2, 0x6aa2,
    0x4da1, 0x28e1, 0x28e1, 0x28e1, 0x28e1, 0x1080, 0x1080, 0x1080, 0x1080, 0x1080, 0x1080, 0x1080,
    0x1080, 0x1080, 0x1080, 0x1080, 0x1080, 0x1080, 0x1080, 0x1080, 0x1080, 0x1080, 0x1080, 0x1080,
    0x1080, 0x1080, 0x1080, 0x1080, 0x1080, 0x1080, 0x1080, 0x1080, 0x1080, 0x1080, 0x1080, 0x1080,
    0x1080, 0x1080, 0x1080, 0x1080, 0x1080, 0x1080, 0x1080, 0x1080, 0x28e1, 0x28e1, 0x28e1, 0x4da1,
    0x4da1, 0x4da1, 0x7742, 0x6aa2, 0x7742, 0x7bd4, 0x7ffd, 0x7bd4, 0x7742, 0x7742, 0x6aa2, 0x6aa2,
    0x4da1, 0x4da1, 0x4da1, 0x4da1, 0x28e1, 0x28e1, 0x28e1, 0x28e1, 0x28e1, 0x28e1, 0x28e1, 0x1080,
    0x1080, 0x1080, 0x1080, 0x28e1, 0x1080, 0x1080, 0x1080, 0x1961, 0x1961, 0x7ffd, 0x1e20, 0x1961,
    0x1080, 0x1080, 0x1080, 0x1080, 0x1080, 0x1080, 0x1080, 0x1080, 0x1080, 0x1080, 0x28e1, 0x28e1,
    0x4da1, 0x28e1, 0x6aa2, 0x7742, 0x7742, 0x7742, 0x7742, 0x4da1, 0x4da1, 0x3161, 0x28e1, 0x28e1,
    0x4da1, 0x4da1, 0x4da1, 0x7742, 0x7742, 0x5262, 0x3161, 0x28e1, 0x4da1, 0x5262, 0x6aa2, 0x6aa2,
    0x5262, 0x3161, 0x5262, 0x7742, 0x7ffd, 0x7ffd, 0x736c, 0x4da1, 0x3161, 0x28e1, 0x4da1, 0x7742,
    0x7742, 0x7742, 0x7742, 0x7742, 0x7742, 0x7742, 0x7742, 0x4da1, 0x28e1, 0x28e1, 0x1080, 0x1080,
    0x1080, 0x1080, 0x1080, 0x1080, 0x28e1, 0x4da1, 0x7742, 0x7742, 0x7742, 0x7742, 0x7742, 0x7742,
    0x7742, 0x7742, 0x5262, 0x4da1, 0x28e1, 0x5262, 0x7742, 0x7ffd, 0x7ffd, 0x7742, 0x5262, 0x6aa2,
    0x7742, 0x7742, 0x7742, 0x6aa2, 0x4da1, 0x28e1, 0x28e1, 0x4da1, 0x6aa2, 0x7742, 0x7742, 0x3161,
    0x28e1, 0x28e1, 0x28e1, 0x4da1, 0x4da1, 0x4da1, 0x6aa2, 0x7742, 0x7742, 0x7742, 0x6aa2, 0x28e1,
    0x4da1, 0x28e1, 0x1080, 0x28e1, 0x1080, 0x1080, 0x28e1, 0x1080, 0x1080, 0x1080, 0x1080, 0x1080,
    0x1080, 0x1961, 0x5262, 0x7bd4, 0x1961, 0x1080, 0x1080, 0x1080, 0x1080, 0x28e1, 0x1080, 0x1080,
    0x1080, 0x1080, 0x1080, 0x28e1, 0x28e1, 0x28e1, 0x28e1, 0x28e1, 0x28e1, 0x4da1, 0x4da1, 0x4da1,
    0x4da1, 0x6aa2, 0x6aa2, 0x7742, 0x7742, 0x7ffd, 0x7ffd, 0x7742, 0x7742, 0x6aa2, 0x7742, 0x4da1,
    0x4da1, 0x28e1, 0x28e1, 0x28e1, 0x28e1, 0x1080, 0x1080, 0x1080, 0x1080, 0x1080, 0x1080, 0x1080,
    0x1080, 0x1080, 0x1080, 0x1080, 0x1080, 0x1080, 0x1080, 0x1080, 0x1080, 0x1080, 0x1080, 0x1080,
    0x1080, 0x1080, 0x1080, 0x1080, 0x1080, 0x1080, 0x1080, 0x1080, 0x1080, 0x1080, 0x1080, 0x1080,
    0x1080, 0x1080, 0x1080, 0x1080, 0x1080, 0x1080, 0x1080, 0x1080, 0x28e1, 0x28e1, 0x28e1, 0x28e1,
    0x28e1, 0x4da1, 0x6aa2, 0x7742, 0x7742, 0x7ffd, 0x7ffd, 0x7742, 0x7742, 0x6aa2, 0x6aa2, 0x4da1,
    0x4da1, 0x4da1, 0x4da1, 0x28e1, 0x28e1, 0x28e1, 0x28e1, 0x28e1, 0x28e1, 0x28e1, 0x1080, 0x1080,
    0x1080, 0x1080, 0x1080, 0x1080, 0x1080, 0x1080, 0x1080, 0x1080, 0x1961, 0x1e20, 0x1961, 0x1080,
    0x1080, 0x1080, 0x1080, 0x1080, 0x1080, 0x1080, 0x28e1, 0x4da1, 0x4da1, 0x5262, 0x6aa2, 0x6aa2,
    0x6aa2, 0x6aa2, 0x4da1, 0x7742, 0x7742, 0x7742, 0x7742, 0x7742, 0x7742, 0x6aa2, 0x4da1, 0x3161,
    0x3161, 0x3161, 0x3161, 0x5262, 0x6aa2, 0x7742, 0x6aa2, 0x4da1, 0x3161, 0x4da1, 0x5262, 0x5262,
    0x5262, 0x736c, 0x7ffd, 0x7bd4, 0x6aa2, 0x3161, 0x28e1, 0x3161, 0x3161, 0x7742, 0x7742, 0x7742,
    0x7742, 0x7742, 0x7742, 0x7742, 0x7742, 0x7742, 0x7742, 0x6aa2, 0x28e1, 0x28e1, 0x1080, 0x1080,
    0x1080, 0x1080, 0x1080, 0x1080, 0x28e1, 0x4da1, 0x7742, 0x7742, 0x7742, 0x7742, 0x7742, 0x7742,
    0x7742, 0x7742, 0x7742, 0x7742, 0x4da1, 0x4da1, 0x3161, 0x5262, 0x7742, 0x7bd4, 0x7ffd, 0x736c,
    0x5262, 0x5262, 0x6aa2, 0x4da1, 0x4da1, 0x28e1, 0x4da1, 0x7742, 0x7742, 0x7742, 0x5262, 0x3161,
    0x28e1, 0x3161, 0x4da1, 0x6aa2, 0x7742, 0x7742, 0x7742, 0x7742, 0x7742, 0x7742, 0x3161, 0x6aa2,
    0x7742, 0x6aa2, 0x6aa2, 0x4da1, 0x4da1, 0x3161, 0x28e1, 0x28e1, 0x1080, 0x1080, 0x1080, 0x1080,
    0x1080, 0x1080, 0x1961, 0x1961, 0x1961, 0x1080, 0x1080, 0x1080, 0x1080, 0x1080, 0x1080, 0x1080,
    0x1080, 0x1080, 0x1080, 0x28e1, 0x28e1, 0x28e1, 0x28e1, 0x28e1, 0x28e1, 0x28e1, 0x4da1, 0x4da1,
    0x4da1, 0x4da1, 0x6aa2, 0x6aa2, 0x7742, 0x736c, 0x7ffd, 0x7ffd, 0x7742, 0x7742, 0x4da1, 0x4da1,
    0x4da1, 0x28e1, 0x28e1, 0x28e1, 0x28e1, 0x1080, 0x1080, 0x1080, 0x1080, 0x1080, 0x1080, 0x1080,
    0x1080, 0x1080, 0x1080, 0x1080, 0x1080, 0x1080, 0x1080, 0x1080, 0x1080, 0x1080, 0x1080, 0x1080,
    0x1080, 0x1080, 0x1080, 0x1080, 0x1080, 0x1080, 0x1080, 0x1080, 0x1080, 0x1080, 0x1080, 0x1080,
    0x1080, 0x1080, 0x1080, 0x1080, 0x1080, 0x1080, 0x1080, 0x1080, 0x1080, 0x28e1, 0x28e1, 0x28e1,
    0x4da1, 0x4da1, 0x6aa2, 0x7742, 0x7ffd, 0x7ffd, 0x736c, 0x7742, 0x6aa2, 0x6aa2, 0x4da1, 0x4da1,
    0x4da1, 0x4da1, 0x28e1, 0x28e1, 0x28e1, 0x28e1, 0x28e1, 0x28e1, 0x28e1, 0x1080, 0x1080, 0x1080,
    0x1080, 0x1080, 0x1080, 0x1080, 0x1080, 0x1080, 0x1080, 0x1080, 0x1080, 0x1080, 0x1080, 0x1080,
    0x28e1, 0x28e1, 0x3161, 0x4da1, 0x5262, 0x5262, 0x5262, 0x5262, 0x5262, 0x6aa2, 0x6aa2, 0x6aa2,
    0x6aa2, 0x6aa2, 0x4da1, 0x6aa2, 0x7742, 0x7742, 0x7742, 0x7742, 0x7742, 0x7742, 0x7742, 0x6aa2,
    0x3161, 0x4da1, 0x3161, 0x4da1, 0x5262, 0x5262, 0x6aa2, 0x5262, 0x4da1, 0x4da1, 0x6aa2, 0x7bd4,
    0x7ffd, 0x736c, 0x6aa2, 0x3161, 0x28e1, 0x3161, 0x28e1, 0x7742, 0x5262, 0x7742, 0x7742, 0x7742,
    0x7742, 0x7742, 0x7742, 0x7742, 0x7742, 0x7742, 0x7742, 0x6aa2, 0x28e1, 0x1080, 0x1080, 0x1080,
    0x1080, 0x1080, 0x1080, 0x1080, 0x28e1, 0x4da1, 0x7742, 0x7742, 0x7742, 0x7742, 0x7742, 0x7742,
    0x7742, 0x7742, 0x7742, 0x7742, 0x7742, 0x5262, 0x28e1, 0x3161, 0x4da1, 0x3161, 0x7742, 0x736c,
    0x7ffd, 0x7bd4, 0x6aa2, 0x4da1, 0x4da1, 0x4da1, 0x7742, 0x6aa2, 0x7742, 0x5262, 0x4da1, 0x28e1,
    0x4da1, 0x6aa2, 0x7742, 0x7742, 0x7742, 0x7742, 0x7742, 0x7742, 0x7742, 0x7742, 0x28e1, 0x7742,
    0x6aa2, 0x6aa2, 0x7742, 0x6aa2, 0x6aa2, 0x6aa2, 0x6aa2, 0x6aa2, 0x6aa2, 0x4da1, 0x3161, 0x28e1,
    0x28e1, 0x1961, 0x1961, 0x1080, 0x1080, 0x1080, 0x1080, 0x1080, 0x1080, 0x1080, 0x1080, 0x1080,
    0x1080, 0x1080, 0x1080, 0x1080, 0x28e1, 0x28e1, 0x28e1, 0x28e1, 0x28e1, 0x28e1, 0x28e1, 0x4da1,
    0x4da1, 0x4da1, 0x4da1, 0x6aa2, 0x7742, 0x7742, 0x7bd4, 0x7ffd, 0x7742, 0x7742, 0x6aa2, 0x4da1,
    0x4da1, 0x28e1, 0x28e1, 0x28e1, 0x1080, 0x1080, 0x1080, 0x1080, 0x1080, 0x1080, 0x1080, 0x1080,
    0x1080, 0x1080, 0x1080, 0x1080, 0x1080, 0x1080, 0x1080, 0x1080, 0x1080, 0x1080, 0x1080, 0x1080,
    0x1080, 0x1080, 0x1080, 0x1080, 0x1080, 0x1080, 0x1080, 0x1080, 0x1080, 0x1080, 0x1080, 0x1080,
    0x1080, 0x1080, 0x1080, 0x1080, 0x1080, 0x1080, 0x1080, 0x1080, 0x1080, 0x28e1, 0x28e1, 0x28e1,
    0x4da1, 0x4da1, 0x6aa2, 0x7742, 0x7ffd, 0x7ffd, 0x7742, 0x7742, 0x6aa2, 0x4da1, 0x4da1, 0x4da1,
    0x4da1, 0x4da1, 0x28e1, 0x28e1, 0x28e1, 0x28e1, 0x28e1, 0x28e1, 0x28e1, 0x1080, 0x1080, 0x1080,
    0x1080, 0x1080, 0x1080, 0x28e1, 0x28e1, 0x28e1, 0x28e1, 0x1080, 0x1080, 0x28e1, 0x28e1, 0x28e1,
    0x28e1, 0x3161, 0x4da1, 0x5262, 0x5262, 0x5262, 0x5262, 0x5262, 0x5262, 0x6aa2, 0x6aa2, 0x6aa2,
    0x6aa2, 0x6aa2, 0x4da1, 0x4da1, 0x6aa2, 0x6aa2, 0x6aa2, 0x6aa2, 0x7742, 0x7742, 0x7742, 0x7742,
    0x7742, 0x4da1, 0x4da1, 0x4da1, 0x4da1, 0x4da1, 0x4da1, 0x4da1, 0x7bd4, 0x7ffd, 0x7bd4, 0x736c,
    0x6aa2, 0x4da1, 0x28e1, 0x28e1, 0x28e1, 0x5262, 0x3161, 0x7742, 0x7742, 0x7742, 0x6aa2, 0x7742,
    0x7742, 0x7742, 0x7742, 0x7742, 0x7742, 0x7742, 0x7742, 0x6aa2, 0x28e1, 0x1080, 0x1080, 0x1080,
    0x1080, 0x1080, 0x1080, 0x1080, 0x28e1, 0x6aa2, 0x7742, 0x7742, 0x7742, 0x7742, 0x7742, 0x7742,
    0x7742, 0x7742, 0x7742, 0x7742, 0x7742, 0x7742, 0x7742, 0x28e1, 0x28e1, 0x3161, 0x3161, 0x3161,
    0x7742, 0x736c, 0x7bd4, 0x7ffd, 0x736c, 0x5262, 0x5262, 0x4da1, 0x5262, 0x4da1, 0x3161, 0x28e1,
    0x7742, 0x7742, 0x7742, 0x7742, 0x7742, 0x7742, 0x7742, 0x7742, 0x7742, 0x28e1, 0x6aa2, 0x6aa2,
    0x6aa2, 0x7742, 0x7742, 0x6aa2, 0x6aa2, 0x6aa2, 0x6aa2, 0x6aa2, 0x6aa2, 0x6aa2, 0x5262, 0x4da1,
    0x3161, 0x3161, 0x28e1, 0x28e1, 0x1080, 0x28e1, 0x28e1, 0x1080, 0x1080, 0x1080, 0x1080, 0x1080,
    0x1080, 0x1080, 0x1080, 0x1080, 0x1080, 0x1080, 0x28e1, 0x28e1, 0x28e1, 0x28e1, 0x28e1, 0x28e1,
    0x4da1, 0x4da1, 0x4da1, 0x6aa2, 0x6aa2, 0x7742, 0x7742, 0x7ffd, 0x7ffd, 0x7742, 0x6aa2, 0x4da1,
    0x4da1, 0x28e1, 0x28e1, 0x28e1, 0x1080, 0x1080, 0x1080, 0x1080, 0x1080, 0x1080, 0x1080, 0x1080,
    0x1080, 0x1080, 0x1080, 0x1080, 0x1080, 0x1080, 0x1080, 0x1080, 0x1080, 0x1080, 0x1080, 0x1080,
    0x1080, 0x1080, 0x1080, 0x1080, 0x1080, 0x1080, 0x1080, 0x1080, 0x1080, 0x1080, 0x1080, 0x1080,
    0x1080, 0x1080, 0x1080, 0x1080, 0x1080, 0x1080, 0x1080, 0x1080, 0x28e1, 0x28e1, 0x28e1, 0x28e1,
    0x4da1, 0x4da1, 0x6aa2, 0x6aa2, 0x736c, 0x7742, 0x7742, 0x6aa2, 0x4da1, 0x4da1, 0x4da1, 0x4da1,
    0x4da1, 0x28e1, 0x28e1, 0x28e1, 0x28e1, 0x28e1, 0x1080, 0x1080, 0x1080, 0x1080, 0x28e1, 0x3161,
    0x28e1, 0x28e1, 0x1080, 0x1080, 0x1080, 0x1080, 0x28e1, 0x3161, 0x1080, 0x1080, 0x28e1, 0x3161,
    0x3161, 0x4da1, 0x4da1, 0x5262, 0x5262, 0x5262, 0x5262, 0x5262, 0x6aa2, 0x6aa2, 0x6aa2, 0x6aa2,
    0x6aa2, 0x6aa2, 0x5262, 0x28e1, 0x5262, 0x6aa2, 0x6aa2, 0x6aa2, 0x6aa2, 0x6aa2, 0x6aa2, 0x6aa2,
    0x7742, 0x4da1, 0x4da1, 0x4da1, 0x4da1, 0x5262, 0x7bd4, 0x7ffd, 0x736c, 0x7742, 0x6aa2, 0x3161,
    0x28e1, 0x3161, 0x28e1, 0x28e1, 0x28e1, 0x7742, 0x4da1, 0x7742, 0x7742, 0x7742, 0x6aa2, 0x7742,
    0x7742, 0x7742, 0x7742, 0x7742, 0x7742, 0x7742, 0x7742, 0x6aa2, 0x28e1, 0x28e1, 0x1080, 0x1080,
    0x1080, 0x1080, 0x1080, 0x1080, 0x28e1, 0x4da1, 0x7742, 0x7742, 0x7742, 0x7742, 0x7742, 0x7742,
    0x7742, 0x7742, 0x7742, 0x7742, 0x7742, 0x7742, 0x7742, 0x4da1, 0x7742, 0x28e1, 0x28e1, 0x28e1,
    0x4da1, 0x4da1, 0x7742, 0x736c, 0x7bd4, 0x7ffd, 0x7bd4, 0x6aa2, 0x4da1, 0x4da1, 0x4da1, 0x4da1,
    0x7742, 0x6aa2, 0x6aa2, 0x6aa2, 0x6aa2, 0x6aa2, 0x6aa2, 0x6aa2, 0x7742, 0x28e1, 0x6aa2, 0x6aa2,
    0x6aa2, 0x7742, 0x6aa2, 0x6aa2, 0x6aa2, 0x6aa2, 0x6aa2, 0x6aa2, 0x6aa2, 0x6aa2, 0x5262, 0x4da1,
    0x3161, 0x3161, 0x3161, 0x3161, 0x3161, 0x3161, 0x28e1, 0x28e1, 0x28e1, 0x28e1, 0x28e1, 0x28e1,
    0x28e1, 0x28e1, 0x28e1, 0x1080, 0x1080, 0x1080, 0x1080, 0x1080, 0x28e1, 0x28e1, 0x28e1, 0x28e1,
    0x28e1, 0x4da1, 0x4da1, 0x4da1, 0x4da1, 0x6aa2, 0x7742, 0x736c, 0x736c, 0x7742, 0x6aa2, 0x4da1,
    0x4da1, 0x28e1, 0x28e1, 0x28e1, 0x1080, 0x1080, 0x1080, 0x1080, 0x1080, 0x1080, 0x1080, 0x1080,
    0x1080, 0x1080, 0x1080, 0x1080, 0x1080, 0x1080, 0x1080, 0x1080, 0x1080, 0x1080, 0x1080, 0x1080,
    0x1080, 0x1080, 0x1080, 0x1080, 0x1080, 0x1080, 0x1080, 0x1080, 0x1080, 0x1080, 0x1080, 0x1080,
    0x1080, 0x1080, 0x1080, 0x1080, 0x1080, 0x1080, 0x1080, 0x1080, 0x28e1, 0x28e1, 0x28e1, 0x28e1,
    0x4da1, 0x4da1, 0x4da1, 0x6aa2, 0x7742, 0x6aa2, 0x4da1, 0x4da1, 0x4da1, 0x4da1, 0x4da1, 0x4da1,
    0x28e1, 0x28e1, 0x28e1, 0x28e1, 0x28e1, 0x28e1, 0x28e1, 0x28e1, 0x28e1, 0x28e1, 0x1080, 0x28e1,
    0x28e1, 0x28e1, 0x1080, 0x1080, 0x1080, 0x28e1, 0x3161, 0x3262, 0x3262, 0x28e1, 0x28e1, 0x3161,
    0x3161, 0x4da1, 0x4da1, 0x5262, 0x5262, 0x5262, 0x5262, 0x6aa2, 0x6aa2, 0x6aa2, 0x6aa2, 0x6aa2,
    0x6aa2, 0x5262, 0x5262, 0x4da1, 0x4da1, 0x4da1, 0x5262, 0x5262, 0x4da1, 0x4da1, 0x4da1, 0x4da1,
    0x4da1, 0x5262, 0x6aa2, 0x736c, 0x7ffd, 0x7bd4, 0x736c, 0x7742, 0x5262, 0x3161, 0x3161, 0x3161,
    0x28e1, 0x28e1, 0x3161, 0x7742, 0x3161, 0x7742, 0x5262, 0x5262, 0x6aa2, 0x6aa2, 0x6aa2, 0x7742,
    0x7742, 0x7742, 0x7742, 0x7742, 0x7742, 0x7742, 0x7742, 0x6aa2, 0x28e1, 0x1080, 0x1080, 0x1080,
    0x1080, 0x1080, 0x1080, 0x1080, 0x28e1, 0x6aa2, 0x7742, 0x7742, 0x7742, 0x7742, 0x7742, 0x7742,
    0x7742, 0x7742, 0x7742, 0x7742, 0x7742, 0x7742, 0x7742, 0x6aa2, 0x7742, 0x4da1, 0x28e1, 0x28e1,
    0x28e1, 0x4da1, 0x3161, 0x4da1, 0x6aa2, 0x736c, 0x736c, 0x7ffd, 0x7ffd, 0x7742, 0x6aa2, 0x6aa2,
    0x5262, 0x5262, 0x4da1, 0x5262, 0x5262, 0x6aa2, 0x6aa2, 0x4da1, 0x3161, 0x6aa2, 0x6aa2, 0x6aa2,
    0x6aa2, 0x6aa2, 0x6aa2, 0x6aa2, 0x6aa2, 0x6aa2, 0x6aa2, 0x5262, 0x5262, 0x6aa2, 0x5262, 0x5262,
    0x4da1, 0x3161, 0x3161, 0x1080, 0x5262, 0x4da1, 0x3161, 0x28e1, 0x28e1, 0x28e1, 0x28e1, 0x28e1,
    0x28e1, 0x28e1, 0x28e1, 0x28e1, 0x28e1, 0x28e1, 0x28e1, 0x28e1, 0x28e1, 0x28e1, 0x28e1, 0x28e1,
    0x28e1, 0x28e1, 0x4da1, 0x4da1, 0x4da1, 0x4da1, 0x6aa2, 0x7742, 0x6aa2, 0x5262, 0x4da1, 0x4da1,
    0x4da1, 0x28e1, 0x28e1, 0x28e1, 0x1080, 0x1080, 0x1080, 0x1080, 0x1080, 0x1080, 0x1080, 0x1080,
    0x1080, 0x1080, 0x1080, 0x1080, 0x1080, 0x1080, 0x1080, 0x1080, 0x1080, 0x1080, 0x1080, 0x1080,
    0x1080, 0x1080, 0x1080, 0x1080, 0x1080, 0x1080, 0x1080, 0x1080, 0x1080, 0x1080, 0x1080, 0x1080,
    0x1080, 0x1080, 0x1080, 0x1080, 0x1080, 0x1080, 0x1080, 0x1080, 0x28e1, 0x28e1, 0x28e1, 0x4da1,
    0x4da1, 0x4da1, 0x4da1, 0x4da1, 0x6aa2, 0x4da1, 0x4da1, 0x4da1, 0x28e1, 0x28e1, 0x3161, 0x3161,
    0x3161, 0x3161, 0x3161, 0x3161, 0x3161, 0x3161, 0x3161, 0x28e1, 0x28e1, 0x28e1, 0x28e1, 0x28e1,
    0x28e1, 0x28e1, 0x28e1, 0x28e1, 0x28e1, 0x3161, 0x3161, 0x3262, 0x3161, 0x1080, 0x3161, 0x3161,
    0x4da1, 0x5262, 0x5262, 0x5262, 0x5262, 0x5262, 0x5262, 0x5262, 0x6aa2, 0x6aa2, 0x6aa2, 0x6aa2,
    0x6aa2, 0x5262, 0x4da1, 0x4da1, 0x4da1, 0x4da1, 0x4da1, 0x5262, 0x4da1, 0x4da1, 0x4da1, 0x5262,
    0x5262, 0x7bd4, 0x7ffd, 0x7bd4, 0x736c, 0x7742, 0x4da1, 0x3161, 0x28e1, 0x3161, 0x28e1, 0x28e1,
    0x28e1, 0x4da1, 0x4da1, 0x7742, 0x5262, 0x6aa2, 0x6aa2, 0x4da1, 0x6aa2, 0x6aa2, 0x6aa2, 0x6aa2,
    0x6aa2, 0x7742, 0x7742, 0x7742, 0x7742, 0x7742, 0x7742, 0x4da1, 0x28e1, 0x1080, 0x1080, 0x1080,
    0x1080, 0x1080, 0x1080, 0x1080, 0x28e1, 0x4da1, 0x7742, 0x7742, 0x7742, 0x7742, 0x7742, 0x7742,
    0x7742, 0x7742, 0x7742, 0x7742, 0x7742, 0x7742, 0x7742, 0x7742, 0x7742, 0x3161, 0x4da1, 0x4da1,
    0x28e1, 0x1080, 0x28e1, 0x3161, 0x4da1, 0x4da1, 0x6aa2, 0x7742, 0x7742, 0x7bd4, 0x7ffd, 0x7bd4,
    0x6aa2, 0x4da1, 0x4da1, 0x4da1, 0x6aa2, 0x5262, 0x4da1, 0x4da1, 0x4da1, 0x6aa2, 0x6aa2, 0x6aa2,
    0x6aa2, 0x6aa2, 0x6aa2, 0x6aa2, 0x6aa2, 0x6aa2, 0x6aa2, 0x6aa2, 0x6aa2, 0x6aa2, 0x6aa2, 0x6aa2,
    0x5262, 0x4da1, 0x3161, 0x3161, 0x5262, 0x4da1, 0x3262, 0x3161, 0x28e1, 0x3161, 0x28e1, 0x28e1,
    0x3161, 0x3161, 0x3161, 0x3161, 0x3161, 0x3161, 0x3161, 0x3161, 0x4da1, 0x3161, 0x3161, 0x3161,
    0x3161, 0x3161, 0x28e1, 0x28e1, 0x4da1, 0x4da1, 0x4da1, 0x4da1, 0x4da1, 0x4da1, 0x4da1, 0x4da1,
    0x4da1, 0x28e1, 0x28e1, 0x28e1, 0x1080, 0x1080, 0x1080, 0x1080, 0x1080, 0x1080, 0x1080, 0x1080,
    0x1080, 0x1080, 0x1080, 0x1080, 0x1080, 0x1080, 0x1080, 0x1080, 0x1080, 0x1080, 0x1080, 0x1080,
    0x1080, 0x1080, 0x1080, 0x1080, 0x1080, 0x1080, 0x1080, 0x1080, 0x1080, 0x1080, 0x1080, 0x1080,
    0x1080, 0x1080, 0x1080, 0x1080, 0x1080, 0x1080, 0x28e1, 0x1080, 0x28e1, 0x28e1, 0x4da1, 0x7742,
    0x736c, 0x4da1, 0x28e1, 0x28e1, 0x28e1, 0x28e1, 0x4da1, 0x4da1, 0x5262, 0x6aa2, 0x7742, 0x7742,
    0x7742, 0x7742, 0x6aa2, 0x5262, 0x3262, 0x3262, 0x3262, 0x3161, 0x3161, 0x3161, 0x3161, 0x3161,
    0x28e1, 0x28e1, 0x28e1, 0x28e1, 0x3161, 0x3161, 0x4da1, 0x3161, 0x3161, 0x3161, 0x28e1, 0x4da1,
    0x5262, 0x5262, 0x5262, 0x5262, 0x5262, 0x5262, 0x6aa2, 0x6aa2, 0x6aa2, 0x6aa2, 0x6aa2, 0x5262,
    0x5262, 0x5262, 0x5262, 0x4da1, 0x5262, 0x4da1, 0x4da1, 0x5262, 0x5262, 0x6aa2, 0x736c, 0x7ffd,
    0x7ffd, 0x736c, 0x7742, 0x7742, 0x3161, 0x3161, 0x3161, 0x28e1, 0x28e1, 0x1080, 0x28e1, 0x1080,
    0x6aa2, 0x6aa2, 0x4da1, 0x7742, 0x4da1, 0x6aa2, 0x6aa2, 0x4da1, 0x5262, 0x6aa2, 0x6aa2, 0x6aa2,
    0x7742, 0x7742, 0x7742, 0x7742, 0x7742, 0x7742, 0x7742, 0x6aa2, 0x28e1, 0x1080, 0x1080, 0x1080,
    0x1080, 0x1080, 0x1080, 0x1080, 0x28e1, 0x4da1, 0x7742, 0x7742, 0x7742, 0x7742, 0x7742, 0x7742,
    0x7742, 0x7742, 0x7742, 0x7742, 0x7742, 0x7742, 0x7742, 0x7742, 0x7742, 0x3161, 0x7742, 0x7742,
    0x28e1, 0x28e1, 0x28e1, 0x28e1, 0x28e1, 0x3161, 0x3161, 0x28e1, 0x6aa2, 0x736c, 0x736c, 0x7bd4,
    0x7ffd, 0x7ffd, 0x736c, 0x6aa2, 0x5262, 0x4da1, 0x4da1, 0x4da1, 0x6aa2, 0x6aa2, 0x6aa2, 0x6aa2,
    0x6aa2, 0x6aa2, 0x6aa2, 0x6aa2, 0x6aa2, 0x6aa2, 0x6aa2, 0x6aa2, 0x6aa2, 0x6aa2, 0x6aa2, 0x5262,
    0x5262, 0x4da1, 0x1080, 0x4da1, 0x4da1, 0x5262, 0x5262, 0x4da1, 0x4da1, 0x3161, 0x3161, 0x3161,
    0x3161, 0x4da1, 0x4da1, 0x4da1, 0x4da1, 0x4da1, 0x5262, 0x5262, 0x5262, 0x5262, 0x5262, 0x5262,
    0x5262, 0x5262, 0x5262, 0x4da1, 0x4da1, 0x4da1, 0x4da1, 0x4da1, 0x28e1, 0x28e1, 0x4da1, 0x7742,
    0x736c, 0x6aa2, 0x28e1, 0x28e1, 0x28e1, 0x1080, 0x1080, 0x1080, 0x1080, 0x1080, 0x1080, 0x1080,
    0x1080, 0x1080, 0x1080, 0x1080, 0x1080, 0x1080, 0x1080, 0x1080, 0x1080, 0x1080, 0x1080, 0x1080,
    0x1080, 0x1080, 0x1080, 0x1080, 0x1080, 0x1080, 0x1080, 0x1080, 0x1080, 0x1080, 0x1080, 0x1080,
    0x1080, 0x1080, 0x1080, 0x1080, 0x1080, 0x1080, 0x1080, 0x1080, 0x4da1, 0x736c, 0x736c, 0x7742,
    0x6aa2, 0x3161, 0x4da1, 0x6aa2, 0x5262, 0x5262, 0x1080, 0x6aa2, 0x7742, 0x7742, 0x7742, 0x7742,
    0x7742, 0x7742, 0x7742, 0x7742, 0x7742, 0x7742, 0x5262, 0x5262, 0x5262, 0x5262, 0x4da1, 0x3161,
    0x3161, 0x3161, 0x3161, 0x3161, 0x4da1, 0x4da1, 0x3262, 0x3161, 0x3161, 0x3161, 0x28e1, 0x5262,
    0x5262, 0x6aa2, 0x6aa2, 0x6aa2, 0x6aa2, 0x6aa2, 0x6aa2, 0x6aa2, 0x6aa2, 0x6aa2, 0x6aa2, 0x4da1,
    0x5262, 0x5262, 0x5262, 0x5262, 0x4da1, 0x5262, 0x5262, 0x7742, 0x7bd4, 0x7ffd, 0x7bd4, 0x7742,
    0x736c, 0x7742, 0x4da1, 0x3161, 0x28e1, 0x3161, 0x28e1, 0x1080, 0x1080, 0x28e1, 0x4da1, 0x3161,
    0x7742, 0x7742, 0x4da1, 0x5262, 0x4da1, 0x4da1, 0x4da1, 0x4da1, 0x5262, 0x6aa2, 0x6aa2, 0x7742,
    0x7742, 0x7742, 0x7742, 0x7742, 0x7742, 0x7742, 0x7742, 0x6aa2, 0x28e1, 0x1080, 0x1080, 0x1080,
    0x1080, 0x1080, 0x1080, 0x1080, 0x28e1, 0x4da1, 0x7742, 0x7742, 0x7742, 0x7742, 0x7742, 0x7742,
    0x7742, 0x6aa2, 0x7742, 0x7742, 0x7742, 0x7742, 0x6aa2, 0x7742, 0x7742, 0x3161, 0x7742, 0x7742,
    0x28e1, 0x28e1, 0x4da1, 0x4da1, 0x28e1, 0x28e1, 0x28e1, 0x3161, 0x4da1, 0x3161, 0x5262, 0x736c,
    0x7742, 0x7742, 0x7ffd, 0x7ffd, 0x7bd4, 0x7742, 0x5262, 0x5262, 0x5262, 0x4da1, 0x6aa2, 0x6aa2,
    0x5262, 0x5262, 0x6aa2, 0x6aa2, 0x6aa2, 0x6aa2, 0x6aa2, 0x6aa2, 0x6aa2, 0x6aa2, 0x6aa2, 0x5262,
    0x5262, 0x5262, 0x28e1, 0x4da1, 0x4da1, 0x4da1, 0x4da1, 0x4da1, 0x4da1, 0x3161, 0x4da1, 0x5262,
    0x5262, 0x5262, 0x5262, 0x5262, 0x5262, 0x5262, 0x6aa2, 0x7742, 0x7742, 0x7742, 0x6aa2, 0x7742,
    0x6aa2, 0x5262, 0x6aa2, 0x6aa2, 0x4da1, 0x3161, 0x3161, 0x1080, 0x6aa2, 0x6aa2, 0x4da1, 0x4da1,
    0x6aa2, 0x7742, 0x736c, 0x7742, 0x3161, 0x1080, 0x1080, 0x1080, 0x1080, 0x1080, 0x1080, 0x1080,
    0x1080, 0x1080, 0x1080, 0x1080, 0x1080, 0x1080, 0x1080, 0x1080, 0x1080, 0x1080, 0x1080, 0x1080,
    0x1080, 0x1080, 0x1080, 0x1080, 0x1080, 0x1080, 0x1080, 0x1080, 0x1080, 0x1080, 0x1080, 0x1080,
    0x1080, 0x1080, 0x1080, 0x1080, 0x3161, 0x4da1, 0x4da1, 0x28e1, 0x3161, 0x28e1, 0x4da1, 0x6aa2,
    0x7742, 0x6aa2, 0x6aa2, 0x5262, 0x3161, 0x6aa2, 0x28e1, 0x28e1, 0x7742, 0x7742, 0x7742, 0x7742,
    0x7742, 0x7742, 0x7742, 0x7742, 0x7742, 0x7742, 0x7742, 0x7742, 0x7742, 0x7742, 0x6aa2, 0x5262,
    0x5262, 0x5262, 0x4da1, 0x3161, 0x5262, 0x5262, 0x3262, 0x4da1, 0x3161, 0x3161, 0x4da1, 0x4da1,
    0x6aa2, 0x6aa2, 0x6aa2, 0x6aa2, 0x6aa2, 0x6aa2, 0x6aa2, 0x6aa2, 0x6aa2, 0x6aa2, 0x5262, 0x5262,
    0x5262, 0x5262, 0x5262, 0x6aa2, 0x6aa2, 0x7bd4, 0x7ffd, 0x7ffd, 0x736c, 0x7742, 0x7742, 0x5262,
    0x3161, 0x3161, 0x4da1, 0x28e1, 0x28e1, 0x1080, 0x1080, 0x1080, 0x1080, 0x4da1, 0x7742, 0x5262,
    0x5262, 0x6aa2, 0x4da1, 0x6aa2, 0x5262, 0x4da1, 0x4da1, 0x4da1, 0x4da1, 0x6aa2, 0x6aa2, 0x7742,
    0x7742, 0x7742, 0x7742, 0x7742, 0x7742, 0x7742, 0x7742, 0x4da1, 0x28e1, 0x1080, 0x1080, 0x1080,
    0x1080, 0x1080, 0x1080, 0x1080, 0x28e1, 0x4da1, 0x7742, 0x7742, 0x7742, 0x7742, 0x7742, 0x7742,
    0x7742, 0x7742, 0x7742, 0x7742, 0x7742, 0x6aa2, 0x6aa2, 0x6aa2, 0x7742, 0x3161, 0x6aa2, 0x7742,
    0x28e1, 0x3161, 0x5262, 0x7742, 0x6aa2, 0x28e1, 0x28e1, 0x28e1, 0x3161, 0x3161, 0x3161, 0x4da1,
    0x3161, 0x7742, 0x736c, 0x7742, 0x7bd4, 0x7ffd, 0x7ffd, 0x736c, 0x6aa2, 0x5262, 0x4da1, 0x4da1,
    0x6aa2, 0x6aa2, 0x6aa2, 0x6aa2, 0x6aa2, 0x6aa2, 0x6aa2, 0x6aa2, 0x6aa2, 0x6aa2, 0x6aa2, 0x6aa2,
    0x6aa2, 0x3161, 0x4da1, 0x4da1, 0x4da1, 0x4da1, 0x4da1, 0x4da1, 0x5262, 0x4da1, 0x5262, 0x6aa2,
    0x7742, 0x7742, 0x7742, 0x7742, 0x7742, 0x7742, 0x7742, 0x7742, 0x7742, 0x7742, 0x7742, 0x7742,
    0x7742, 0x7742, 0x7742, 0x7742, 0x5262, 0x4da1, 0x1080, 0x4da1, 0x4da1, 0x5262, 0x7742, 0x7742,
    0x7742, 0x7742, 0x5262, 0x3161, 0x28e1, 0x28e1, 0x4da1, 0x4da1, 0x3161, 0x28e1, 0x1080, 0x1080,
    0x1080, 0x1080, 0x1080, 0x1080, 0x1080, 0x1080, 0x1080, 0x1080, 0x1080, 0x1080, 0x1080, 0x1080,
    0x1080, 0x1080, 0x1080, 0x1080, 0x1080, 0x1080, 0x1080, 0x1080, 0x1080, 0x1080, 0x28e1, 0x4da1,
    0x4da1, 0x3161, 0x1080, 0x1080, 0x28e1, 0x4da1, 0x6aa2, 0x7742, 0x7742, 0x7742, 0x6aa2, 0x5262,
    0x5262, 0x5262, 0x5262, 0x5262, 0x5262, 0x3161, 0x5262, 0x1080, 0x5262, 0x7742, 0x7742, 0x7742,
    0x7742, 0x7742, 0x7742, 0x7742, 0x7742, 0x7742, 0x7742, 0x7742, 0x7742, 0x7742, 0x7742, 0x7742,
    0x7742, 0x6aa2, 0x5262, 0x5262, 0x4da1, 0x5262, 0x4da1, 0x4da1, 0x4da1, 0x4da1, 0x4da1, 0x28e1,
    0x6aa2, 0x6aa2, 0x6aa2, 0x6aa2, 0x6aa2, 0x6aa2, 0x6aa2, 0x6aa2, 0x6aa2, 0x5262, 0x4da1, 0x5262,
    0x5262, 0x5262, 0x736c, 0x7ffd, 0x7ffd, 0x7ffd, 0x7742, 0x736c, 0x736c, 0x5262, 0x28e1, 0x3161,
    0x3161, 0x3161, 0x28e1, 0x1080, 0x1080, 0x1080, 0x1080, 0x3161, 0x1080, 0x4da1, 0x7742, 0x5262,
    0x4da1, 0x5262, 0x4da1, 0x4da1, 0x4da1, 0x4da1, 0x4da1, 0x4da1, 0x4da1, 0x5262, 0x7742, 0x7742,
    0x7742, 0x7742, 0x7742, 0x7742, 0x7742, 0x7742, 0x7742, 0x4da1, 0x28e1, 0x1080, 0x1080, 0x1080,
    0x1080, 0x1080, 0x1080, 0x1080, 0x28e1, 0x4da1, 0x6aa2, 0x7742, 0x7742, 0x7742, 0x7742, 0x7742,
    0x7742, 0x7742, 0x7742, 0x7742, 0x7742, 0x6aa2, 0x6aa2, 0x6aa2, 0x6aa2, 0x6aa2, 0x6aa2, 0x6aa2,
    0x3161, 0x3161, 0x7742, 0x7742, 0x7742, 0x28e1, 0x28e1, 0x28e1, 0x28e1, 0x28e1, 0x3161, 0x3161,
    0x4da1, 0x3161, 0x3161, 0x7742, 0x736c, 0x7742, 0x736c, 0x7ffd, 0x7ffd, 0x7bd4, 0x7742, 0x6aa2,
    0x5262, 0x4da1, 0x4da1, 0x6aa2, 0x6aa2, 0x6aa2, 0x6aa2, 0x6aa2, 0x5262, 0x6aa2, 0x6aa2, 0x6aa2,
    0x6aa2, 0x3161, 0x5262, 0x5262, 0x4da1, 0x4da1, 0x4da1, 0x5262, 0x4da1, 0x5262, 0x6aa2, 0x7742,
    0x7742, 0x7742, 0x7742, 0x7742, 0x7742, 0x7742, 0x7742, 0x7742, 0x7742, 0x7742, 0x7742, 0x7742,
    0x7742, 0x7742, 0x7742, 0x7742, 0x3262, 0x4da1, 0x1080, 0x4da1, 0x5262, 0x5262, 0x5262, 0x5262,
    0x6aa2, 0x6aa2, 0x6aa2, 0x7742, 0x7742, 0x7742, 0x7742, 0x7742, 0x3161, 0x1080, 0x1080, 0x3161,
    0x4da1, 0x4da1, 0x1080, 0x1080, 0x1080, 0x1080, 0x1080, 0x1080, 0x1080, 0x1080, 0x1080, 0x1080,
    0x1080, 0x1080, 0x1080, 0x1080, 0x1080, 0x28e1, 0x3161, 0x3161, 0x28e1, 0x1080, 0x1080, 0x1080,
    0x1080, 0x1080, 0x3161, 0x5262, 0x6aa2, 0x6aa2, 0x6aa2, 0x6aa2, 0x6aa2, 0x6aa2, 0x6aa2, 0x5262,
    0x5262, 0x5262, 0x5262, 0x5262, 0x5262, 0x3161, 0x5262, 0x28e1, 0x1080, 0x7742, 0x7742, 0x7742,
    0x7742, 0x7742, 0x7742, 0x7742, 0x7742, 0x7742, 0x7742, 0x7742, 0x7742, 0x7742, 0x7742, 0x7742,
    0x7742, 0x7742, 0x5262, 0x5262, 0x4da1, 0x4da1, 0x4da1, 0x4da1, 0x4da1, 0x5262, 0x5262, 0x6aa2,
    0x4da1, 0x5262, 0x6aa2, 0x5262, 0x6aa2, 0x6aa2, 0x4da1, 0x4da1, 0x4da1, 0x5262, 0x5262, 0x5262,
    0x7bd4, 0x7ffd, 0x7ffd, 0x7bd4, 0x7742, 0x736c, 0x7742, 0x3161, 0x28e1, 0x3161, 0x3161, 0x3161,
    0x28e1, 0x1080, 0x1080, 0x1080, 0x1080, 0x1080, 0x6aa2, 0x6aa2, 0x28e1, 0x4da1, 0x7742, 0x6aa2,
    0x4da1, 0x5262, 0x4da1, 0x4da1, 0x4da1, 0x4da1, 0x4da1, 0x4da1, 0x4da1, 0x6aa2, 0x7742, 0x7742,
    0x7742, 0x7742, 0x7742, 0x7742, 0x7742, 0x7742, 0x6aa2, 0x4da1, 0x28e1, 0x1080, 0x1080, 0x1080,
    0x1080, 0x1080, 0x1080, 0x1080, 0x28e1, 0x4da1, 0x4da1, 0x6aa2, 0x6aa2, 0x7742, 0x7742, 0x7742,
    0x7742, 0x7742, 0x7742, 0x6aa2, 0x7742, 0x6aa2, 0x6aa2, 0x6aa2, 0x5262, 0x5262, 0x6aa2, 0x5262,
    0x28e1, 0x4da1, 0x7742, 0x7742, 0x7742, 0x28e1, 0x3161, 0x28e1, 0x28e1, 0x28e1, 0x28e1, 0x28e1,
    0x3161, 0x3161, 0x3161, 0x4da1, 0x28e1, 0x5262, 0x736c, 0x7742, 0x7742, 0x7ffd, 0x7ffd, 0x7ffd,
    0x736c, 0x7742, 0x5262, 0x5262, 0x4da1, 0x4da1, 0x6aa2, 0x7742, 0x5262, 0x5262, 0x5262, 0x5262,
    0x28e1, 0x6aa2, 0x6aa2, 0x5262, 0x4da1, 0x4da1, 0x4da1, 0x4da1, 0x4da1, 0x5262, 0x6aa2, 0x7742,
    0x7742, 0x7742, 0x7742, 0x7742, 0x7742, 0x7742, 0x7742, 0x7742, 0x7742, 0x7742, 0x7742, 0x7742,
    0x7742, 0x7742, 0x7742, 0x7742, 0x5262, 0x1080, 0x4da1, 0x4da1, 0x5262, 0x5262, 0x5262, 0x5262,
    0x5262, 0x5262, 0x6aa2, 0x7742, 0x7742, 0x7742, 0x7742, 0x7742, 0x7742, 0x6aa2, 0x5262, 0x5262,
    0x28e1, 0x1080, 0x1080, 0x1080, 0x28e1, 0x3161, 0x4da1, 0x3161, 0x1080, 0x1080, 0x1080, 0x1080,
    0x4da1, 0x4da1, 0x1080, 0x1080, 0x1080, 0x1080, 0x1080, 0x1080, 0x1080, 0x1080, 0x1080, 0x28e1,
    0x28e1, 0x3161, 0x4da1, 0x5262, 0x6aa2, 0x6aa2, 0x6aa2, 0x6aa2, 0x5262, 0x5262, 0x5262, 0x5262,
    0x5262, 0x5262, 0x5262, 0x4da1, 0x4da1, 0x4da1, 0x3161, 0x5262, 0x28e1, 0x7742, 0x7742, 0x7742,
    0x7742, 0x7742, 0x7742, 0x7742, 0x7742, 0x7742, 0x7742, 0x7742, 0x7742, 0x7742, 0x7742, 0x7742,
    0x7742, 0x5262, 0x5262, 0x5262, 0x4da1, 0x4da1, 0x4da1, 0x5262, 0x5262, 0x5262, 0x6aa2, 0x5262,
    0x4da1, 0x6aa2, 0x6aa2, 0x6aa2, 0x4da1, 0x4da1, 0x5262, 0x5262, 0x6aa2, 0x736c, 0x7ffd, 0x7ffd,
    0x7ffd, 0x7742, 0x7742, 0x736c, 0x7742, 0x28e1, 0x3161, 0x3161, 0x28e1, 0x3161, 0x28e1, 0x1080,
    0x1080, 0x1080, 0x1080, 0x28e1, 0x1080, 0x1080, 0x7742, 0x7742, 0x28e1, 0x4da1, 0x6aa2, 0x5262,
    0x4da1, 0x4da1, 0x4da1, 0x4da1, 0x4da1, 0x4da1, 0x4da1, 0x4da1, 0x5262, 0x5262, 0x6aa2, 0x6aa2,
    0x6aa2, 0x6aa2, 0x6aa2, 0x6aa2, 0x6aa2, 0x6aa2, 0x4da1, 0x4da1, 0x28e1, 0x1080, 0x1080, 0x1080,
    0x1080, 0x1080, 0x1080, 0x1080, 0x28e1, 0x4da1, 0x6aa2, 0x6aa2, 0x6aa2, 0x6aa2, 0x6aa2, 0x7742,
    0x7742, 0x7742, 0x7742, 0x7742, 0x6aa2, 0x6aa2, 0x6aa2, 0x6aa2, 0x5262, 0x4da1, 0x5262, 0x5262,
    0x4da1, 0x3161, 0x7742, 0x7742, 0x7742, 0x3161, 0x4da1, 0x5262, 0x28e1, 0x28e1, 0x28e1, 0x28e1,
    0x28e1, 0x28e1, 0x3161, 0x4da1, 0x3161, 0x3161, 0x3161, 0x4da1, 0x736c, 0x7bd4, 0x7742, 0x736c,
    0x7ffd, 0x7ffd, 0x7ffd, 0x736c, 0x6aa2, 0x6aa2, 0x5262, 0x5262, 0x4da1, 0x6aa2, 0x6aa2, 0x6aa2,
    0x4da1, 0x5262, 0x6aa2, 0x6aa2, 0x5262, 0x5262, 0x4da1, 0x4da1, 0x4da1, 0x5262, 0x5262, 0x6aa2,
    0x7742, 0x7742, 0x7742, 0x7742, 0x7742, 0x7742, 0x7742, 0x7742, 0x7742, 0x7742, 0x7742, 0x7742,
    0x7742, 0x7742, 0x7742, 0x5262, 0x3161, 0x1080, 0x28e1, 0x5262, 0x5262, 0x5262, 0x5262, 0x5262,
    0x4da1, 0x5262, 0x5262, 0x5262, 0x6aa2, 0x7742, 0x7742, 0x7742, 0x7742, 0x7742, 0x7742, 0x6aa2,
    0x5262, 0x3161, 0x28e1, 0x1080, 0x1080, 0x1080, 0x1080, 0x1080, 0x1080, 0x1080, 0x28e1, 0x4da1,
    0x1080, 0x1080, 0x1080, 0x1080, 0x1080, 0x1080, 0x1080, 0x1080, 0x1080, 0x1080, 0x28e1, 0x28e1,
    0x4da1, 0x5262, 0x5262, 0x5262, 0x5262, 0x5262, 0x5262, 0x5262, 0x5262, 0x5262, 0x5262, 0x5262,
    0x4da1, 0x4da1, 0x4da1, 0x3161, 0x3161, 0x4da1, 0x28e1, 0x4da1, 0x28e1, 0x28e1, 0x7742, 0x7742,
    0x7742, 0x7742, 0x7742, 0x7742, 0x7742, 0x7742, 0x7742, 0x7742, 0x7742, 0x7742, 0x7742, 0x7742,
    0x5262, 0x5262, 0x5262, 0x4da1, 0x4da1, 0x4da1, 0x5262, 0x5262, 0x6aa2, 0x6aa2, 0x6aa2, 0x6aa2,
    0x5262, 0x4da1, 0x3161, 0x5262, 0x5262, 0x6aa2, 0x7742, 0x7ffd, 0x7ffd, 0x7ffd, 0x7bd4, 0x7742,
    0x7742, 0x7742, 0x5262, 0x3161, 0x3161, 0x28e1, 0x3161, 0x28e1, 0x28e1, 0x1080, 0x28e1, 0x1080,
    0x3161, 0x3161, 0x1961, 0x1080, 0x1080, 0x3161, 0x7742, 0x7742, 0x3161, 0x4da1, 0x6aa2, 0x5262,
    0x4da1, 0x4da1, 0x4da1, 0x4da1, 0x4da1, 0x4da1, 0x4da1, 0x4da1, 0x5262, 0x4da1, 0x6aa2, 0x6aa2,
    0x6aa2, 0x6aa2, 0x6aa2, 0x6aa2, 0x4da1, 0x4da1, 0x4da1, 0x28e1, 0x28e1, 0x1080, 0x1080, 0x1080,
    0x1080, 0x1080, 0x1080, 0x1080, 0x1080, 0x28e1, 0x4da1, 0x7742, 0x7742, 0x7742, 0x7742, 0x7742,
    0x7742, 0x7742, 0x7742, 0x7742, 0x7742, 0x6aa2, 0x6aa2, 0x6aa2, 0x6aa2, 0x5262, 0x4da1, 0x5262,
    0x4da1, 0x4da1, 0x7742, 0x7742, 0x7742, 0x4da1, 0x6aa2, 0x4da1, 0x28e1, 0x4da1, 0x5262, 0x5262,
    0x3161, 0x28e1, 0x28e1, 0x28e1, 0x3161, 0x28e1, 0x28e1, 0x4da1, 0x4da1, 0x4da1, 0x7742, 0x736c,
    0x7742, 0x7742, 0x7bd4, 0x7ffd, 0x7ffd, 0x7bd4, 0x7742, 0x6aa2, 0x5262, 0x5262, 0x4da1, 0x4da1,
    0x6aa2, 0x7742, 0x6aa2, 0x6aa2, 0x6aa2, 0x5262, 0x4da1, 0x4da1, 0x4da1, 0x5262, 0x5262, 0x5262,
    0x5262, 0x7742, 0x7742, 0x7742, 0x7742, 0x7742, 0x7742, 0x7742, 0x7742, 0x7742, 0x7742, 0x7742,
    0x7742, 0x7742, 0x7742, 0x7742, 0x1080, 0x4da1, 0x3161, 0x4da1, 0x3262, 0x4da1, 0x4da1, 0x4da1,
    0x5262, 0x5262, 0x5262, 0x5262, 0x5262, 0x6aa2, 0x7742, 0x7742, 0x7742, 0x7742, 0x7742, 0x6aa2,
    0x6aa2, 0x5262, 0x4da1, 0x28e1, 0x1080, 0x1080, 0x1080, 0x1080, 0x1080, 0x1080, 0x1080, 0x1080,
    0x1080, 0x1080, 0x1080, 0x1080, 0x1080, 0x1080, 0x1080, 0x1080, 0x28e1, 0x28e1, 0x3161, 0x4da1,
    0x4da1, 0x5262, 0x5262, 0x5262, 0x5262, 0x5262, 0x5262, 0x5262, 0x4da1, 0x4da1, 0x4da1, 0x3161,
    0x3161, 0x3161, 0x3161, 0x3161, 0x3161, 0x4da1, 0x3161, 0x3161, 0x6aa2, 0x1080, 0x7742, 0x7742,
    0x7742, 0x6aa2, 0x6aa2, 0x7742, 0x7742, 0x7742, 0x7742, 0x7742, 0x7742, 0x6aa2, 0x5262, 0x5262,
    0x5262, 0x4da1, 0x4da1, 0x4da1, 0x4da1, 0x5262, 0x5262, 0x5262, 0x6aa2, 0x5262, 0x4da1, 0x4da1,
    0x5262, 0x6aa2, 0x6aa2, 0x6aa2, 0x736c, 0x7ffd, 0x7ffd, 0x7ffd, 0x736c, 0x7742, 0x7742, 0x7742,
    0x5262, 0x3161, 0x3161, 0x3161, 0x28e1, 0x28e1, 0x28e1, 0x1080, 0x1080, 0x1080, 0x28e1, 0x4da1,
    0x7742, 0x7742, 0x3161, 0x28e1, 0x28e1, 0x3161, 0x7742, 0x7742, 0x3161, 0x3161, 0x4da1, 0x6aa2,
    0x5262, 0x4da1, 0x4da1, 0x4da1, 0x4da1, 0x4da1, 0x4da1, 0x4da1, 0x5262, 0x6aa2, 0x6aa2, 0x6aa2,
    0x6aa2, 0x6aa2, 0x6aa2, 0x6aa2, 0x6aa2, 0x6aa2, 0x4da1, 0x28e1, 0x28e1, 0x1080, 0x1080, 0x1080,
    0x1080, 0x1080, 0x1080, 0x1080, 0x28e1, 0x28e1, 0x4da1, 0x7742, 0x7742, 0x7742, 0x7742, 0x7742,
    0x7742, 0x7742, 0x7742, 0x7742, 0x6aa2, 0x6aa2, 0x5262, 0x6aa2, 0x5262, 0x4da1, 0x4da1, 0x4da1,
    0x5262, 0x5262, 0x7742, 0x7742, 0x5262, 0x4da1, 0x5262, 0x4da1, 0x3161, 0x4da1, 0x7742, 0x7742,
    0x7742, 0x3161, 0x28e1, 0x28e1, 0x1080, 0x28e1, 0x28e1, 0x3161, 0x4da1, 0x4da1, 0x4da1, 0x3161,
    0x6aa2, 0x7bd4, 0x7742, 0x7742, 0x736c, 0x7ffd, 0x7ffd, 0x7ffd, 0x7bd4, 0x7742, 0x6aa2, 0x5262,
    0x5262, 0x4da1, 0x4da1, 0x6aa2, 0x6aa2, 0x5262, 0x5262, 0x4da1, 0x4da1, 0x4da1, 0x4da1, 0x4da1,
    0x5262, 0x5262, 0x6aa2, 0x7742, 0x7742, 0x7742, 0x7742, 0x7742, 0x7742, 0x7742, 0x7742, 0x7742,
    0x7742, 0x7742, 0x6aa2, 0x28e1, 0x28e1, 0x28e1, 0x5262, 0x4da1, 0x4da1, 0x4da1, 0x4da1, 0x3161,
    0x4da1, 0x4da1, 0x4da1, 0x4da1, 0x5262, 0x5262, 0x5262, 0x5262, 0x6aa2, 0x7742, 0x7742, 0x6aa2,
    0x6aa2, 0x6aa2, 0x5262, 0x4da1, 0x3161, 0x28e1, 0x28e1, 0x1080, 0x1080, 0x1080, 0x1080, 0x1080,
    0x1080, 0x1080, 0x1080, 0x1080, 0x1080, 0x1080, 0x28e1, 0x28e1, 0x3161, 0x3161, 0x4da1, 0x4da1,
    0x5262, 0x5262, 0x5262, 0x5262, 0x5262, 0x5262, 0x3262, 0x4da1, 0x4da1, 0x4da1, 0x4da1, 0x4da1,
    0x3161, 0x3161, 0x3161, 0x3161, 0x4da1, 0x3161, 0x4da1, 0x28e1, 0x3161, 0x3161, 0x3161, 0x5262,
    0x5262, 0x5262, 0x5262, 0x5262, 0x5262, 0x5262, 0x5262, 0x6aa2, 0x5262, 0x5262, 0x5262, 0x5262,
    0x3161, 0x4da1, 0x4da1, 0x4da1, 0x5262, 0x7742, 0x6aa2, 0x4da1, 0x4da1, 0x5262, 0x5262, 0x5262,
    0x5262, 0x6aca, 0x7ffd, 0x7ffd, 0x7ffd, 0x7bd4, 0x7742, 0x7742, 0x736c, 0x7742, 0x3161, 0x3161,
    0x3161, 0x3161, 0x28e1, 0x28e1, 0x28e1, 0x28e1, 0x1080, 0x1080, 0x1080, 0x1080, 0x28e1, 0x7742,
    0x7742, 0x7742, 0x3262, 0x28e1, 0x28e1, 0x1961, 0x3262, 0x3262, 0x3161, 0x4da1, 0x4da1, 0x5262,
    0x5262, 0x4da1, 0x4da1, 0x4da1, 0x4da1, 0x4da1, 0x4da1, 0x5262, 0x5262, 0x6aa2, 0x6aa2, 0x6aa2,
    0x6aa2, 0x6aa2, 0x6aa2, 0x6aa2, 0x6aa2, 0x4da1, 0x4da1, 0x28e1, 0x1080, 0x1080, 0x1080, 0x1080,
    0x1080, 0x1080, 0x1080, 0x1080, 0x28e1, 0x28e1, 0x4da1, 0x6aa2, 0x7742, 0x7742, 0x7742, 0x7742,
    0x7742, 0x7742, 0x7742, 0x7742, 0x7742, 0x6aa2, 0x5262, 0x5262, 0x4da1, 0x4da1, 0x4da1, 0x4da1,
    0x6aa2, 0x7742, 0x7742, 0x6aa2, 0x4da1, 0x4da1, 0x5262, 0x4da1, 0x28e1, 0x6aa2, 0x7742, 0x7742,
    0x7742, 0x5262, 0x28e1, 0x1080, 0x28e1, 0x1080, 0x28e1, 0x28e1, 0x28e1, 0x3161, 0x4da1, 0x3161,
    0x4da1, 0x3161, 0x6aa2, 0x7bd4, 0x736c, 0x7742, 0x736c, 0x7ffd, 0x7ffd, 0x7ffd, 0x7ffd, 0x7742,
    0x7742, 0x6aa2, 0x5262, 0x5262, 0x4da1, 0x4da1, 0x7742, 0x7742, 0x4da1, 0x4da1, 0x5262, 0x4da1,
    0x4da1, 0x5262, 0x5262, 0x5262, 0x5262, 0x7742, 0x7742, 0x7742, 0x7742, 0x7742, 0x7742, 0x7742,
    0x7742, 0x7742, 0x7742, 0x1080, 0x4da1, 0x3161, 0x3161, 0x4da1, 0x4da1, 0x3161, 0x3161, 0x3161,
    0x3161, 0x3161, 0x3161, 0x4da1, 0x4da1, 0x4da1, 0x5262, 0x5262, 0x5262, 0x5262, 0x6aa2, 0x6aa2,
    0x6aa2, 0x6aa2, 0x6aa2, 0x6aa2, 0x5262, 0x4da1, 0x3161, 0x28e1, 0x1080, 0x1080, 0x1080, 0x1080,
    0x1080, 0x1080, 0x1080, 0x1080, 0x1080, 0x28e1, 0x28e1, 0x3161, 0x3161, 0x4da1, 0x4da1, 0x5262,
    0x5262, 0x5262, 0x5262, 0x5262, 0x4da1, 0x4da1, 0x3161, 0x3161, 0x3161, 0x3161, 0x3161, 0x4da1,
    0x3161, 0x3161, 0x3161, 0x3161, 0x3161, 0x4da1, 0x4da1, 0x4da1, 0x3161, 0x6aa2, 0x1080, 0x5262,
    0x5262, 0x5262, 0x5262, 0x5262, 0x5262, 0x5262, 0x4da1, 0x4da1, 0x4da1, 0x4da1, 0x4da1, 0x4da1,
    0x3161, 0x4da1, 0x6aa2, 0x6aa2, 0x4da1, 0x4da1, 0x4da1, 0x5262, 0x6aa2, 0x6aa2, 0x7742, 0x7bd4,
    0x7ffd, 0x7ffd, 0x7ffd, 0x736c, 0x7742, 0x7742, 0x7742, 0x7742, 0x28e1, 0x3161, 0x3161, 0x28e1,
    0x28e1, 0x28e1, 0x28e1, 0x28e1, 0x1080, 0x1080, 0x28e1, 0x1080, 0x1080, 0x1080, 0x1080, 0x3262,
    0x7742, 0x7742, 0x7742, 0x3161, 0x1080, 0x1080, 0x1080, 0x3262, 0x5262, 0x4da1, 0x4da1, 0x4da1,
    0x4da1, 0x4da1, 0x4da1, 0x4da1, 0x4da1, 0x4da1, 0x4da1, 0x4da1, 0x4da1, 0x4da1, 0x4da1, 0x4da1,
    0x4da1, 0x4da1, 0x4da1, 0x4da1, 0x4da1, 0x4da1, 0x3161, 0x28e1, 0x1080, 0x1080, 0x1080, 0x1080,
    0x1080, 0x1080, 0x1080, 0x1080, 0x1080, 0x28e1, 0x4da1, 0x4da1, 0x6aa2, 0x6aa2, 0x7742, 0x6aa2,
    0x7742, 0x7742, 0x7742, 0x7742, 0x7742, 0x6aa2, 0x6aa2, 0x4da1, 0x4da1, 0x4da1, 0x4da1, 0x4da1,
    0x5262, 0x7742, 0x7742, 0x6aa2, 0x4da1, 0x4da1, 0x4da1, 0x3161, 0x5262, 0x7742, 0x7742, 0x7742,
    0x7742, 0x4da1, 0x28e1, 0x28e1, 0x28e1, 0x28e1, 0x28e1, 0x28e1, 0x28e1, 0x28e1, 0x3161, 0x3161,
    0x28e1, 0x3161, 0x4da1, 0x4da1, 0x3161, 0x736c, 0x736c, 0x7742, 0x7742, 0x736c, 0x7ffd, 0x7ffd,
    0x7ffd, 0x7bd4, 0x6aa2, 0x6aa2, 0x5262, 0x4da1, 0x4da1, 0x4da1, 0x4da1, 0x7742, 0x7742, 0x4da1,
    0x3161, 0x4da1, 0x4da1, 0x4da1, 0x5262, 0x5262, 0x5262, 0x5262, 0x5262, 0x6aa2, 0x6aa2, 0x7742,
    0x6aa2, 0x5262, 0x3161, 0x3161, 0x1080, 0x4da1, 0x4da1, 0x4da1, 0x4da1, 0x3161, 0x3161, 0x3161,
    0x3161, 0x3161, 0x3161, 0x3161, 0x3161, 0x4da1, 0x4da1, 0x4da1, 0x5262, 0x5262, 0x5262, 0x5262,
    0x6aa2, 0x6aa2, 0x6aa2, 0x6aa2, 0x5262, 0x5262, 0x4da1, 0x4da1, 0x28e1, 0x1080, 0x1080, 0x1080,
    0x1080, 0x1080, 0x1080, 0x28e1, 0x28e1, 0x28e1, 0x3161, 0x3161, 0x4da1, 0x4da1, 0x4da1, 0x4da1,
    0x4da1, 0x4da1, 0x4da1, 0x4da1, 0x3161, 0x3161, 0x3161, 0x3161, 0x3161, 0x3161, 0x3161, 0x3161,
    0x3161, 0x3161, 0x3161, 0x3161, 0x3161, 0x4da1, 0x4da1, 0x5262, 0x3161, 0x28e1, 0x4da1, 0x3161,
    0x4da1, 0x4da1, 0x4da1, 0x4da1, 0x4da1, 0x4da1, 0x4da1, 0x4da1, 0x4da1, 0x4da1, 0x4da1, 0x6aa2,
    0x7742, 0x4da1, 0x3161, 0x5262, 0x4da1, 0x5262, 0x6aa2, 0x6aa2, 0x736c, 0x7ffd, 0x7ffd, 0x7ffd,
    0x7bd4, 0x7742, 0x7742, 0x7742, 0x7742, 0x7742, 0x3161, 0x28e1, 0x3161, 0x3161, 0x28e1, 0x3161,
    0x28e1, 0x1080, 0x28e1, 0x28e1, 0x28e1, 0x3161, 0x28e1, 0x1080, 0x1080, 0x1080, 0x1080, 0x3262,
    0x7742, 0x7742, 0x7742, 0x3262, 0x1080, 0x1080, 0x4da1, 0x5262, 0x5262, 0x4da1, 0x4da1, 0x4da1,
    0x4da1, 0x4da1, 0x4da1, 0x4da1, 0x4da1, 0x4da1, 0x4da1, 0x4da1, 0x4da1, 0x4da1, 0x4da1, 0x4da1,
    0x4da1, 0x4da1, 0x6aa2, 0x6aa2, 0x6aa2, 0x4da1, 0x28e1, 0x28e1, 0x1080, 0x1080, 0x1080, 0x1080,
    0x1080, 0x1080, 0x1080, 0x1080, 0x1080, 0x28e1, 0x28e1, 0x4da1, 0x4da1, 0x6aa2, 0x6aa2, 0x6aa2,
    0x6aa2, 0x6aa2, 0x6aa2, 0x6aa2, 0x6aa2, 0x6aa2, 0x5262, 0x4da1, 0x4da1, 0x4da1, 0x4da1, 0x5262,
    0x6aa2, 0x7742, 0x7742, 0x6aa2, 0x5262, 0x5262, 0x5262, 0x5262, 0x6aa2, 0x7742, 0x7742, 0x7742,
    0x7742, 0x5262, 0x28e1, 0x28e1, 0x28e1, 0x28e1, 0x3161, 0x28e1, 0x28e1, 0x28e1, 0x28e1, 0x28e1,
    0x3161, 0x3161, 0x3161, 0x3161, 0x3161, 0x3161, 0x4da1, 0x7742, 0x7bd4, 0x7742, 0x7742, 0x7742,
    0x7ffd, 0x7ffd, 0x7ffd, 0x7ffd, 0x736c, 0x5262, 0x5262, 0x5262, 0x4da1, 0x4da1, 0x4da1, 0x4da1,
    0x7742, 0x6aa2, 0x4da1, 0x4da1, 0x4da1, 0x4da1, 0x4da1, 0x4da1, 0x5262, 0x5262, 0x5262, 0x5262,
    0x5262, 0x5262, 0x1080, 0x4da1, 0x3161, 0x4da1, 0x4da1, 0x4da1, 0x4da1, 0x3161, 0x3161, 0x3161,
    0x3161, 0x3161, 0x3161, 0x3161, 0x3161, 0x3161, 0x3161, 0x3161, 0x4da1, 0x4da1, 0x5262, 0x5262,
    0x5262, 0x5262, 0x6aa2, 0x6aa2, 0x6aa2, 0x5262, 0x5262, 0x4da1, 0x4da1, 0x3161, 0x28e1, 0x28e1,
    0x1080, 0x1080, 0x28e1, 0x28e1, 0x3161, 0x3161, 0x3161, 0x4da1, 0x4da1, 0x4da1, 0x4da1, 0x4da1,
    0x4da1, 0x3161, 0x3161, 0x3161, 0x3161, 0x28e1, 0x28e1, 0x28e1, 0x28e1, 0x3161, 0x3161, 0x28e1,
    0x3161, 0x3161, 0x3161, 0x4da1, 0x3161, 0x4da1, 0x4da1, 0x5262, 0x4da1, 0x28e1, 0x4da1, 0x1080,
    0x4da1, 0x4da1, 0x4da1, 0x4da1, 0x4da1, 0x4da1, 0x4da1, 0x3161, 0x6aa2, 0x7742, 0x4da1, 0x3161,
    0x3161, 0x5262, 0x5262, 0x5262, 0x6aa2, 0x7742, 0x7bd4, 0x7ffd, 0x7ffd, 0x7ffd, 0x736c, 0x7742,
    0x6aa2, 0x7742, 0x7742, 0x3262, 0x1961, 0x3161, 0x28e1, 0x28e1, 0x28e1, 0x28e1, 0x28e1, 0x1080,
    0x1080, 0x28e1, 0x3161, 0x5262, 0x6aa2, 0x5262, 0x4da1, 0x28e1, 0x1080, 0x1080, 0x1080, 0x3161,
    0x7742, 0x7742, 0x7742, 0x5262, 0x3161, 0x4da1, 0x3161, 0x3262, 0x5262, 0x5262, 0x3161, 0x4da1,
    0x4da1, 0x4da1, 0x4da1, 0x4da1, 0x4da1, 0x4da1, 0x5262, 0x6aa2, 0x6aa2, 0x6aa2, 0x7742, 0x7742,
    0x7742, 0x7742, 0x7742, 0x7742, 0x6aa2, 0x4da1, 0x28e1, 0x1080, 0x1080, 0x1080, 0x1080, 0x1080,
    0x1080, 0x1080, 0x1080, 0x1080, 0x1080, 0x28e1, 0x28e1, 0x4da1, 0x7742, 0x7742, 0x7742, 0x7742,
    0x7742, 0x7742, 0x7742, 0x7742, 0x7742, 0x7742, 0x6aa2, 0x6aa2, 0x4da1, 0x4da1, 0x4da1, 0x6aa2,
    0x7742, 0x7742, 0x6aa2, 0x5262, 0x5262, 0x5262, 0x5262, 0x6aa2, 0x7742, 0x7742, 0x7742, 0x7742,
    0x7742, 0x6aa2, 0x28e1, 0x28e1, 0x28e1, 0x4da1, 0x6aa2, 0x7742, 0x6aa2, 0x4da1, 0x28e1, 0x28e1,
    0x28e1, 0x28e1, 0x3161, 0x3161, 0x3161, 0x3161, 0x3161, 0x4da1, 0x4da1, 0x5262, 0x736c, 0x7742,
    0x7742, 0x7742, 0x736c, 0x7ffd, 0x7ffd, 0x7ffd, 0x7ffd, 0x6aa2, 0x6aa2, 0x6aa2, 0x5262, 0x4da1,
    0x4da1, 0x3161, 0x4da1, 0x7742, 0x6aa2, 0x4da1, 0x4da1, 0x4da1, 0x4da1, 0x4da1, 0x5262, 0x5262,
    0x4da1, 0x28e1, 0x6aca, 0x28e1, 0x4da1, 0x4da1, 0x4da1, 0x4da1, 0x4da1, 0x3161, 0x3161, 0x3161,
    0x28e1, 0x28e1, 0x28e1, 0x28e1, 0x28e1, 0x28e1, 0x28e1, 0x3161, 0x3161, 0x3161, 0x3161, 0x4da1,
    0x4da1, 0x5262, 0x5262, 0x6aa2, 0x6aa2, 0x6aa2, 0x5262, 0x5262, 0x4da1, 0x4da1, 0x4da1, 0x3161,
    0x1080, 0x28e1, 0x28e1, 0x3161, 0x3161, 0x4da1, 0x4da1, 0x4da1, 0x4da1, 0x4da1, 0x4da1, 0x3161,
    0x3161, 0x3161, 0x3161, 0x3161, 0x28e1, 0x28e1, 0x28e1, 0x1080, 0x28e1, 0x3161, 0x4da1, 0x3161,
    0x28e1, 0x3161, 0x28e1, 0x4da1, 0x4da1, 0x4da1, 0x4da1, 0x4da1, 0x4da1, 0x3161, 0x3161, 0x4da1,
    0x3161, 0x4da1, 0x3161, 0x4da1, 0x3161, 0x6aa2, 0x7742, 0x5262, 0x3161, 0x4da1, 0x4da1, 0x5262,
    0x5262, 0x6aa2, 0x7742, 0x736c, 0x7ffd, 0x7ffd, 0x7ffd, 0x7ffd, 0x736c, 0x5262, 0x7742, 0x7742,
    0x7742, 0x4da1, 0x28e1, 0x28e1, 0x28e1, 0x28e1, 0x28e1, 0x28e1, 0x28e1, 0x28e1, 0x1080, 0x1080,
    0x28e1, 0x28e1, 0x7742, 0x7742, 0x7742, 0x7742, 0x6aa2, 0x28e1, 0x28e1, 0x28e1, 0x28e1, 0x3161,
    0x5262, 0x7742, 0x7742, 0x5262, 0x5262, 0x28e1, 0x3161, 0x3161, 0x3262, 0x3262, 0x4da1, 0x4da1,
    0x4da1, 0x4da1, 0x4da1, 0x4da1, 0x4da1, 0x4da1, 0x4da1, 0x6aa2, 0x6aa2, 0x6aa2, 0x7742, 0x7742,
    0x7742, 0x7742, 0x7742, 0x7742, 0x6aa2, 0x4da1, 0x28e1, 0x1080, 0x1080, 0x1080, 0x1080, 0x1080,
    0x1080, 0x1080, 0x1080, 0x1080, 0x1080, 0x1080, 0x28e1, 0x4da1, 0x4da1, 0x6aa2, 0x7742, 0x7742,
    0x7742, 0x7742, 0x7742, 0x7742, 0x7742, 0x7742, 0x6aa2, 0x4da1, 0x5262, 0x3161, 0x4da1, 0x5262,
    0x6aa2, 0x6aa2, 0x6aa2, 0x4da1, 0x4da1, 0x5262, 0x6aa2, 0x7742, 0x7742, 0x7742, 0x7742, 0x7742,
    0x7742, 0x6aa2, 0x4da1, 0x28e1, 0x28e1, 0x28e1, 0x7742, 0x7742, 0x7742, 0x7742, 0x4da1, 0x28e1,
    0x28e1, 0x28e1, 0x28e1, 0x28e1, 0x28e1, 0x3161, 0x3161, 0x3161, 0x3161, 0x3161, 0x3161, 0x5262,
    0x736c, 0x7742, 0x7742, 0x7742, 0x7742, 0x7ffd, 0x7ffd, 0x7ffd, 0x7ffd, 0x736c, 0x6aa2, 0x6aa2,
    0x6aa2, 0x5262, 0x4da1, 0x3161, 0x3161, 0x5262, 0x7742, 0x5262, 0x4da1, 0x4da1, 0x4da1, 0x5262,
    0x3161, 0x1080, 0x3161, 0x4da1, 0x4da1, 0x4da1, 0x4da1, 0x4da1, 0x4da1, 0x3161, 0x3161, 0x3161,
    0x3161, 0x28e1, 0x28e1, 0x28e1, 0x28e1, 0x28e1, 0x28e1, 0x28e1, 0x28e1, 0x3161, 0x3161, 0x3161,
    0x3161, 0x4da1, 0x5262, 0x5262, 0x5262, 0x5262, 0x5262, 0x5262, 0x5262, 0x4da1, 0x4da1, 0x4da1,
    0x28e1, 0x28e1, 0x3161, 0x4da1, 0x4da1, 0x4da1, 0x4da1, 0x4da1, 0x4da1, 0x3161, 0x3161, 0x3161,
    0x3161, 0x28e1, 0x28e1, 0x28e1, 0x28e1, 0x28e1, 0x1080, 0x1080, 0x28e1, 0x28e1, 0x4da1, 0x4da1,
    0x28e1, 0x3161, 0x4da1, 0x3161, 0x4da1, 0x4da1, 0x4da1, 0x4da1, 0x4da1, 0x4da1, 0x28e1, 0x4da1,
    0x3161, 0x3161, 0x6aa2, 0x7742, 0x5262, 0x3161, 0x3161, 0x5262, 0x5262, 0x4da1, 0x5262, 0x7742,
    0x7742, 0x7ffd, 0x7ffd, 0x7ffd, 0x7ffd, 0x736c, 0x7742, 0x5262, 0x7742, 0x7742, 0x7742, 0x3161,
    0x28e1, 0x28e1, 0x3161, 0x28e1, 0x28e1, 0x28e1, 0x28e1, 0x1080, 0x1080, 0x1080, 0x1080, 0x1080,
    0x28e1, 0x4da1, 0x7742, 0x7742, 0x7742, 0x7742, 0x7742, 0x6aa2, 0x5262, 0x4da1, 0x3161, 0x3161,
    0x5262, 0x5262, 0x6aa2, 0x7742, 0x5262, 0x4da1, 0x3161, 0x4da1, 0x4da1, 0x4da1, 0x4da1, 0x4da1,
    0x4da1, 0x4da1, 0x4da1, 0x4da1, 0x4da1, 0x4da1, 0x4da1, 0x5262, 0x6aa2, 0x6aa2, 0x7742, 0x7742,
    0x7742, 0x7742, 0x7742, 0x6aa2, 0x4da1, 0x3161, 0x28e1, 0x1080, 0x1080, 0x1080, 0x1080, 0x1080,
    0x1080, 0x1080, 0x1080, 0x1080, 0x1080, 0x1080, 0x28e1, 0x28e1, 0x4da1, 0x6aa2, 0x6aa2, 0x6aa2,
    0x6aa2, 0x6aa2, 0x7742, 0x7742, 0x7742, 0x6aa2, 0x6aa2, 0x6aa2, 0x4da1, 0x4da1, 0x3161, 0x5262,
    0x5262, 0x5262, 0x5262, 0x5262, 0x5262, 0x5262, 0x6aa2, 0x7742, 0x7742, 0x7742, 0x7742, 0x7742,
    0x7742, 0x4da1, 0x28e1, 0x28e1, 0x28e1, 0x6aa2, 0x7742, 0x7742, 0x7742, 0x7bd4, 0x7742, 0x3161,
    0x28e1, 0x28e1, 0x1080, 0x1080, 0x1080, 0x28e1, 0x28e1, 0x28e1, 0x28e1, 0x3161, 0x3161, 0x3161,
    0x4da1, 0x4da1, 0x7742, 0x736c, 0x7742, 0x7742, 0x7742, 0x7bd4, 0x7ffd, 0x7ffd, 0x7ffd, 0x7bd4,
    0x7742, 0x6aa2, 0x5262, 0x4da1, 0x5262, 0x4da1, 0x3161, 0x3161, 0x4da1, 0x7742, 0x5262, 0x3161,
    0x28e1, 0x6aa2, 0x28e1, 0x4da1, 0x4da1, 0x4da1, 0x4da1, 0x4da1, 0x4da1, 0x3161, 0x3161, 0x3161,
    0x3161, 0x28e1, 0x28e1, 0x28e1, 0x28e1, 0x28e1, 0x28e1, 0x28e1, 0x28e1, 0x28e1, 0x28e1, 0x3161,
    0x3161, 0x3161, 0x4da1, 0x4da1, 0x4da1, 0x5262, 0x5262, 0x5262, 0x5262, 0x5262, 0x5262, 0x4da1,
    0x28e1, 0x3161, 0x4da1, 0x4da1, 0x4da1, 0x4da1, 0x3161, 0x3161, 0x3161, 0x3161, 0x3161, 0x3161,
    0x28e1, 0x28e1, 0x28e1, 0x28e1, 0x1080, 0x1080, 0x1080, 0x1080, 0x28e1, 0x28e1, 0x3161, 0x4da1,
    0x4da1, 0x28e1, 0x4da1, 0x3161, 0x4da1, 0x4da1, 0x4da1, 0x4da1, 0x4da1, 0x3161, 0x4da1, 0x3161,
    0x7742, 0x5262, 0x3161, 0x28e1, 0x4da1, 0x4da1, 0x5262, 0x5262, 0x7742, 0x6aa2, 0x736c, 0x7ffd,
    0x7ffd, 0x7ffd, 0x7ffd, 0x736c, 0x7742, 0x5262, 0x7742, 0x7742, 0x7742, 0x3161, 0x28e1, 0x3161,
    0x28e1, 0x28e1, 0x28e1, 0x28e1, 0x28e1, 0x1080, 0x1080, 0x1080, 0x1080, 0x1080, 0x1080, 0x28e1,
    0x28e1, 0x4da1, 0x736c, 0x7742, 0x7742, 0x7742, 0x7742, 0x7742, 0x7742, 0x6aa2, 0x3161, 0x3161,
    0x3161, 0x5262, 0x6aa2, 0x5262, 0x5262, 0x5262, 0x4da1, 0x4da1, 0x4da1, 0x4da1, 0x4da1, 0x4da1,
    0x4da1, 0x3161, 0x4da1, 0x4da1, 0x4da1, 0x4da1, 0x4da1, 0x6aa2, 0x6aa2, 0x6aa2, 0x7742, 0x7742,
    0x7742, 0x7742, 0x7742, 0x6aa2, 0x6aa2, 0x4da1, 0x28e1, 0x1080, 0x1080, 0x1080, 0x1080, 0x1080,
    0x1080, 0x1080, 0x1080, 0x1080, 0x1080, 0x28e1, 0x28e1, 0x4da1, 0x6aa2, 0x6aa2, 0x7742, 0x7742,
    0x7742, 0x7742, 0x7742, 0x6aa2, 0x6aa2, 0x6aa2, 0x6aa2, 0x5262, 0x5262, 0x4da1, 0x4da1, 0x3161,
    0x5262, 0x5262, 0x5262, 0x4da1, 0x4da1, 0x5262, 0x6aa2, 0x7742, 0x7742, 0x7742, 0x7742, 0x7742,
    0x4da1, 0x4da1, 0x28e1, 0x4da1, 0x7742, 0x7742, 0x7742, 0x7742, 0x7742, 0x7742, 0x736c, 0x3161,
    0x28e1, 0x28e1, 0x1080, 0x1080, 0x1080, 0x1080, 0x1080, 0x1080, 0x28e1, 0x28e1, 0x28e1, 0x28e1,
    0x3161, 0x3161, 0x3161, 0x3161, 0x7742, 0x736c, 0x7742, 0x6aa2, 0x7742, 0x736c, 0x7ffd, 0x7ffd,
    0x7ffd, 0x7ffd, 0x7bd4, 0x7742, 0x6aa2, 0x6aa2, 0x5262, 0x5262, 0x4da1, 0x3161, 0x3161, 0x5262,
    0x6aa2, 0x4da1, 0x4da1, 0x4da1, 0x4da1, 0x4da1, 0x4da1, 0x4da1, 0x4da1, 0x4da1, 0x3161, 0x3161,
    0x3161, 0x28e1, 0x28e1, 0x28e1, 0x28e1, 0x28e1, 0x28e1, 0x28e1, 0x28e1, 0x28e1, 0x28e1, 0x28e1,
    0x28e1, 0x3161, 0x3161, 0x3161, 0x3161, 0x4da1, 0x4da1, 0x5262, 0x5262, 0x5262, 0x5262, 0x3262,
    0x1080, 0x3161, 0x3161, 0x4da1, 0x4da1, 0x3161, 0x3161, 0x3161, 0x3161, 0x28e1, 0x28e1, 0x28e1,
    0x28e1, 0x1080, 0x1080, 0x1080, 0x1080, 0x1080, 0x1080, 0x28e1, 0x28e1, 0x28e1, 0x4da1, 0x3161,
    0x4da1, 0x4da1, 0x4da1, 0x3161, 0x4da1, 0x4da1, 0x4da1, 0x3161, 0x5262, 0x7742, 0x4da1, 0x28e1,
    0x5262, 0x3161, 0x5262, 0x5262, 0x5262, 0x6aa2, 0x6aa2, 0x7742, 0x7ffd, 0x7ffd, 0x7ffd, 0x7ffd,
    0x7bd4, 0x7742, 0x7742, 0x7742, 0x7742, 0x7742, 0x6aa2, 0x28e1, 0x28e1, 0x28e1, 0x28e1, 0x28e1,
    0x28e1, 0x28e1, 0x28e1, 0x1080, 0x1080, 0x1080, 0x1080, 0x1080, 0x1080, 0x1080, 0x1080, 0x1080,
    0x28e1, 0x4da1, 0x7742, 0x736c, 0x7742, 0x7742, 0x7742, 0x7742, 0x6aa2, 0x5262, 0x4da1, 0x4da1,
    0x6aa2, 0x5262, 0x6aa2, 0x6aa2, 0x6aa2, 0x5262, 0x5262, 0x4da1, 0x4da1, 0x4da1, 0x4da1, 0x4da1,
    0x4da1, 0x4da1, 0x4da1, 0x4da1, 0x4da1, 0x4da1, 0x4da1, 0x4da1, 0x6aa2, 0x6aa2, 0x7742, 0x7742,
    0x7742, 0x7742, 0x7742, 0x6aa2, 0x4da1, 0x3161, 0x28e1, 0x1080, 0x1080, 0x1080, 0x1080, 0x1080,
    0x1080, 0x1080, 0x1080, 0x1080, 0x1080, 0x1080, 0x28e1, 0x28e1, 0x4da1, 0x6aa2, 0x7742, 0x7742,
    0x7742, 0x7742, 0x7742, 0x7742, 0x6aa2, 0x6aa2, 0x6aa2, 0x5262, 0x5262, 0x4da1, 0x4da1, 0x4da1,
    0x3161, 0x4da1, 0x4da1, 0x5262, 0x5262, 0x6aa2, 0x7742, 0x7742, 0x7742, 0x7742, 0x7742, 0x7742,
    0x6aa2, 0x6aa2, 0x6aa2, 0x7742, 0x7742, 0x7742, 0x7742, 0x7742, 0x7bd4, 0x7bd4, 0x7742, 0x4da1,
    0x28e1, 0x1080, 0x28e1, 0x1080, 0x1080, 0x1080, 0x1080, 0x1080, 0x1080, 0x1080, 0x28e1, 0x28e1,
    0x28e1, 0x28e1, 0x28e1, 0x3161, 0x3161, 0x3161, 0x7742, 0x736c, 0x7742, 0x5262, 0x6aa2, 0x7742,
    0x7bd4, 0x7ffd, 0x7ffd, 0x7ffd, 0x7ffd, 0x736c, 0x7742, 0x7742, 0x5262, 0x5262, 0x4da1, 0x4da1,
    0x4da1, 0x3161, 0x5262, 0x7742, 0x6aa2, 0x3161, 0x4da1, 0x4da1, 0x4da1, 0x4da1, 0x4da1, 0x4da1,
    0x28e1, 0x3161, 0x3161, 0x3161, 0x28e1, 0x28e1, 0x28e1, 0x28e1, 0x28e1, 0x28e1, 0x28e1, 0x28e1,
    0x28e1, 0x28e1, 0x3161, 0x3161, 0x3161, 0x4da1, 0x4da1, 0x4da1, 0x4da1, 0x4da1, 0x5262, 0x3161,
    0x1080, 0x3161, 0x4da1, 0x3161, 0x3161, 0x3161, 0x3161, 0x28e1, 0x28e1, 0x28e1, 0x28e1, 0x28e1,
    0x1080, 0x1080, 0x1080, 0x1080, 0x1080, 0x1080, 0x28e1, 0x28e1, 0x28e1, 0x28e1, 0x3161, 0x3161,
    0x4da1, 0x3161, 0x4da1, 0x3161, 0x3161, 0x5262, 0x7742, 0x5262, 0x3161, 0x3161, 0x3161, 0x4da1,
    0x5262, 0x6aa2, 0x5262, 0x7742, 0x7742, 0x736c, 0x7ffd, 0x7ffd, 0x7ffd, 0x7ffd, 0x736c, 0x7742,
    0x5262, 0x7742, 0x7742, 0x7742, 0x3262, 0x28e1, 0x28e1, 0x28e1, 0x28e1, 0x28e1, 0x28e1, 0x1080,
    0x1080, 0x1080, 0x1080, 0x1080, 0x1080, 0x1080, 0x1080, 0x1080, 0x1080, 0x1080, 0x1080, 0x1080,
    0x28e1, 0x6aa2, 0x7742, 0x7742, 0x7742, 0x7742, 0x7742, 0x7742, 0x7742, 0x5262, 0x5262, 0x6aa2,
    0x5262, 0x5262, 0x6aa2, 0x5262, 0x5262, 0x5262, 0x5262, 0x4da1, 0x3161, 0x4da1, 0x3161, 0x4da1,
    0x4da1, 0x4da1, 0x4da1, 0x4da1, 0x4da1, 0x4da1, 0x4da1, 0x5262, 0x6aa2, 0x6aa2, 0x7742, 0x7742,
    0x7742, 0x7742, 0x6aa2, 0x6aa2, 0x4da1, 0x28e1, 0x28e1, 0x1080, 0x1080, 0x1080, 0x1080, 0x1080,
    0x1080, 0x1080, 0x1080, 0x1080, 0x1080, 0x1080, 0x28e1, 0x28e1, 0x4da1, 0x4da1, 0x6aa2, 0x7742,
    0x7742, 0x7742, 0x7742, 0x7742, 0x6aa2, 0x6aa2, 0x5262, 0x5262, 0x5262, 0x4da1, 0x4da1, 0x4da1,
    0x28e1, 0x4da1, 0x5262, 0x5262, 0x5262, 0x6aa2, 0x7742, 0x7742, 0x7742, 0x7742, 0x6aa2, 0x6aa2,
    0x7742, 0x5262, 0x6aa2, 0x7742, 0x7742, 0x7742, 0x7742, 0x7742, 0x736c, 0x7742, 0x7742, 0x6aa2,
    0x3161, 0x28e1, 0x1080, 0x1080, 0x28e1, 0x1080, 0x1080, 0x1080, 0x1080, 0x1080, 0x1080, 0x28e1,
    0x28e1, 0x28e1, 0x28e1, 0x28e1, 0x3161, 0x3161, 0x3161, 0x3161, 0x5262, 0x7742, 0x7742, 0x6aa2,
    0x7742, 0x7742, 0x736c, 0x7ffd, 0x7ffd, 0x7ffd, 0x7ffd, 0x7bd4, 0x7742, 0x6aa2, 0x6aa2, 0x5262,
    0x5262, 0x5262, 0x4da1, 0x28e1, 0x3161, 0x5262, 0x7742, 0x6aa2, 0x4da1, 0x4da1, 0x3161, 0x3161,
    0x3161, 0x3161, 0x3161, 0x28e1, 0x28e1, 0x3161, 0x28e1, 0x28e1, 0x28e1, 0x28e1, 0x28e1, 0x28e1,
    0x28e1, 0x28e1, 0x28e1, 0x28e1, 0x3161, 0x3161, 0x3161, 0x4da1, 0x4da1, 0x4da1, 0x4da1, 0x3161,
    0x6aa2, 0x1080, 0x3161, 0x3161, 0x3161, 0x3161, 0x3161, 0x28e1, 0x28e1, 0x28e1, 0x28e1, 0x1080,
    0x1080, 0x1080, 0x1080, 0x1080, 0x1080, 0x28e1, 0x28e1, 0x1080, 0x28e1, 0x3161, 0x3161, 0x3161,
    0x4da1, 0x28e1, 0x5262, 0x7742, 0x5262, 0x28e1, 0x28e1, 0x4da1, 0x4da1, 0x4da1, 0x5262, 0x6aa2,
    0x5262, 0x7742, 0x736c, 0x7ffd, 0x7ffd, 0x7ffd, 0x7ffd, 0x736c, 0x7742, 0x6aa2, 0x5262, 0x7742,
    0x7742, 0x7742, 0x5262, 0x3161, 0x28e1, 0x28e1, 0x28e1, 0x28e1, 0x28e1, 0x1080, 0x1080, 0x1080,
    0x1080, 0x1080, 0x1080, 0x1080, 0x1080, 0x1080, 0x1080, 0x1080, 0x1080, 0x1080, 0x28e1, 0x1080,
    0x1080, 0x4da1, 0x7742, 0x7742, 0x7742, 0x7742, 0x7742, 0x7742, 0x7742, 0x7742, 0x7742, 0x5262,
    0x5262, 0x5262, 0x5262, 0x5262, 0x5262, 0x5262, 0x5262, 0x4da1, 0x4da1, 0x3161, 0x3161, 0x3161,
    0x3161, 0x4da1, 0x4da1, 0x4da1, 0x4da1, 0x4da1, 0x4da1, 0x5262, 0x6aa2, 0x6aa2, 0x7742, 0x7742,
    0x6aa2, 0x6aa2, 0x6aa2, 0x4da1, 0x4da1, 0x28e1, 0x28e1, 0x1080, 0x1080, 0x1080, 0x1080, 0x1080,
    0x1080, 0x1080, 0x1080, 0x1080, 0x1080, 0x1080, 0x28e1, 0x28e1, 0x4da1, 0x4da1, 0x6aa2, 0x7742,
    0x7742, 0x7742, 0x7742, 0x7742, 0x6aa2, 0x6aa2, 0x5262, 0x5262, 0x5262, 0x4da1, 0x4da1, 0x4da1,
    0x5262, 0x3161, 0x4da1, 0x5262, 0x6aa2, 0x7742, 0x7742, 0x7742, 0x7742, 0x7742, 0x6aa2, 0x5262,
    0x5262, 0x7742, 0x7742, 0x7742, 0x7742, 0x7742, 0x7742, 0x7742, 0x7742, 0x7742, 0x7742, 0x7742,
    0x28e1, 0x28e1, 0x1080, 0x1080, 0x1080, 0x1080, 0x1080, 0x1080, 0x1080, 0x1080, 0x1080, 0x1080,
    0x1080, 0x28e1, 0x28e1, 0x28e1, 0x28e1, 0x28e1, 0x28e1, 0x28e1, 0x3161, 0x3161, 0x5262, 0x7742,
    0x736c, 0x7742, 0x7742, 0x7742, 0x7742, 0x7ffd, 0x7ffd, 0x7ffd, 0x7ffd, 0x7ffd, 0x736c, 0x7742,
    0x6aa2, 0x7742, 0x6aa2, 0x4da1, 0x4da1, 0x4da1, 0x3161, 0x4da1, 0x4da1, 0x7742, 0x5262, 0x28e1,
    0x28e1, 0x3161, 0x28e1, 0x28e1, 0x28e1, 0x28e1, 0x28e1, 0x28e1, 0x28e1, 0x28e1, 0x28e1, 0x28e1,
    0x28e1, 0x28e1, 0x28e1, 0x28e1, 0x28e1, 0x28e1, 0x3161, 0x3161, 0x3161, 0x3161, 0x3161, 0x1961,
    0x1080, 0x28e1, 0x3161, 0x3161, 0x3161, 0x28e1, 0x28e1, 0x28e1, 0x28e1, 0x1080, 0x1080, 0x1080,
    0x1080, 0x1080, 0x1080, 0x1080, 0x1080, 0x28e1, 0x28e1, 0x28e1, 0x28e1, 0x28e1, 0x3161, 0x4da1,
    0x7742, 0x5262, 0x3161, 0x3161, 0x3161, 0x3161, 0x4da1, 0x5262, 0x5262, 0x7742, 0x7742, 0x7742,
    0x7bd4, 0x7ffd, 0x7ffd, 0x7ffd, 0x7ffd, 0x736c, 0x7742, 0x5262, 0x7742, 0x7742, 0x7742, 0x6aa2,
    0x5262, 0x28e1, 0x3161, 0x28e1, 0x28e1, 0x28e1, 0x28e1, 0x1080, 0x1080, 0x1080, 0x1080, 0x1080,
    0x1080, 0x1080, 0x1080, 0x1080, 0x1080, 0x1080, 0x1080, 0x1080, 0x1080, 0x28e1, 0x1080, 0x1080,
    0x28e1, 0x6aa2, 0x7742, 0x7742, 0x7742, 0x7742, 0x7742, 0x7742, 0x7742, 0x7742, 0x7742, 0x6aa2,
    0x4da1, 0x5262, 0x5262, 0x5262, 0x6aa2, 0x7742, 0x5262, 0x4da1, 0x3161, 0x3161, 0x3161, 0x3161,
    0x3161, 0x3161, 0x4da1, 0x4da1, 0x4da1, 0x4da1, 0x4da1, 0x5262, 0x6aa2, 0x6aa2, 0x7742, 0x7742,
    0x7742, 0x7742, 0x6aa2, 0x4da1, 0x28e1, 0x28e1, 0x28e1, 0x1080, 0x1080, 0x1080, 0x1080, 0x1080,
    0x1080, 0x1080, 0x1080, 0x1080, 0x1080, 0x1080, 0x1080, 0x28e1, 0x3161, 0x4da1, 0x6aa2, 0x7742,
    0x7742, 0x7742, 0x7742, 0x6aa2, 0x6aa2, 0x6aa2, 0x5262, 0x4da1, 0x4da1, 0x4da1, 0x4da1, 0x4da1,
    0x4da1, 0x4da1, 0x4da1, 0x4da1, 0x5262, 0x7742, 0x7742, 0x7742, 0x7742, 0x7742, 0x6aa2, 0x6aa2,
    0x7742, 0x6aa2, 0x7742, 0x7742, 0x7742, 0x7742, 0x7742, 0x7742, 0x7742, 0x7742, 0x7742, 0x7742,
    0x28e1, 0x1080, 0x1080, 0x1080, 0x1080, 0x1080, 0x1080, 0x1080, 0x1080, 0x1080, 0x1080, 0x1080,
    0x1080, 0x1080, 0x1080, 0x1080, 0x28e1, 0x28e1, 0x28e1, 0x28e1, 0x28e1, 0x3161, 0x28e1, 0x3161,
    0x5262, 0x7742, 0x7742, 0x7742, 0x5262, 0x7742, 0x7742, 0x7bd4, 0x7ffd, 0x7ffd, 0x7ffd, 0x7ffd,
    0x7ffd, 0x7742, 0x7742, 0x7742, 0x6aa2, 0x5262, 0x5262, 0x4da1, 0x4da1, 0x3161, 0x3161, 0x5262,
    0x7742, 0x5262, 0x28e1, 0x28e1, 0x28e1, 0x3161, 0x28e1, 0x28e1, 0x28e1, 0x28e1, 0x28e1, 0x28e1,
    0x28e1, 0x28e1, 0x28e1, 0x28e1, 0x28e1, 0x28e1, 0x28e1, 0x28e1, 0x28e1, 0x3161, 0x3161, 0x3161,
    0x28e1, 0x6aa2, 0x1080, 0x28e1, 0x3161, 0x1080, 0x28e1, 0x1080, 0x1080, 0x28e1, 0x1080, 0x1080,
    0x28e1, 0x1080, 0x1080, 0x1080, 0x28e1, 0x28e1, 0x28e1, 0x28e1, 0x3161, 0x7742, 0x5262, 0x28e1,
    0x28e1, 0x3161, 0x3161, 0x4da1, 0x3262, 0x5262, 0x5262, 0x7742, 0x7742, 0x736c, 0x7ffd, 0x7ffd,
    0x7ffd, 0x7ffd, 0x7ffd, 0x7742, 0x7742, 0x5262, 0x7742, 0x7742, 0x7742, 0x7742, 0x4da1, 0x28e1,
    0x28e1, 0x28e1, 0x28e1, 0x28e1, 0x28e1, 0x1080, 0x28e1, 0x1080, 0x1080, 0x1080, 0x1080, 0x1080,
    0x1080, 0x1080, 0x1080, 0x1080, 0x1080, 0x1080, 0x1080, 0x1080, 0x1080, 0x1080, 0x28e1, 0x28e1,
    0x4da1, 0x6aa2, 0x7742, 0x7742, 0x7742, 0x7742, 0x7742, 0x7742, 0x7742, 0x7742, 0x6aa2, 0x5262,
    0x4da1, 0x4da1, 0x4da1, 0x5262, 0x5262, 0x5262, 0x5262, 0x4da1, 0x3161, 0x4da1, 0x3161, 0x3161,
    0x3161, 0x3161, 0x3161, 0x3161, 0x4da1, 0x4da1, 0x4da1, 0x4da1, 0x4da1, 0x4da1, 0x4da1, 0x4da1,
    0x4da1, 0x4da1, 0x4da1, 0x28e1, 0x28e1, 0x28e1, 0x1080, 0x1080, 0x1080, 0x1080, 0x1080, 0x1080,
    0x1080, 0x1080, 0x1080, 0x1080, 0x1080, 0x1080, 0x1080, 0x28e1, 0x28e1, 0x28e1, 0x4da1, 0x4da1,
    0x6aa2, 0x6aa2, 0x6aa2, 0x6aa2, 0x5262, 0x4da1, 0x4da1, 0x4da1, 0x4da1, 0x4da1, 0x4da1, 0x4da1,
    0x4da1, 0x4da1, 0x3161, 0x4da1, 0x5262, 0x5262, 0x7742, 0x7742, 0x7742, 0x5262, 0x4da1, 0x6aa2,
    0x6aa2, 0x7742, 0x7742, 0x7742, 0x7742, 0x7742, 0x7742, 0x7742, 0x7742, 0x7742, 0x7742, 0x4da1,
    0x3161, 0x1080, 0x1080, 0x1080, 0x1080, 0x1080, 0x1080, 0x1080, 0x1080, 0x1080, 0x1080, 0x1080,
    0x1080, 0x1080, 0x1080, 0x1080, 0x1080, 0x1080, 0x1080, 0x28e1, 0x28e1, 0x28e1, 0x28e1, 0x28e1,
    0x3161, 0x3161, 0x4da1, 0x6aa2, 0x7742, 0x7742, 0x7742, 0x6aa2, 0x7742, 0x7742, 0x7bd4, 0x7ffd,
    0x7ffd, 0x7ffd, 0x7ffd, 0x7bd4, 0x7742, 0x6aa2, 0x6aa2, 0x5262, 0x5262, 0x4da1, 0x4da1, 0x3161,
    0x3161, 0x28e1, 0x5262, 0x7742, 0x5262, 0x28e1, 0x28e1, 0x4da1, 0x28e1, 0x28e1, 0x28e1, 0x28e1,
    0x3161, 0x28e1, 0x28e1, 0x28e1, 0x28e1, 0x28e1, 0x28e1, 0x28e1, 0x28e1, 0x28e1, 0x3161, 0x3161,
    0x28e1, 0x1080, 0x1080, 0x28e1, 0x1080, 0x28e1, 0x1080, 0x28e1, 0x1080, 0x1080, 0x1080, 0x1080,
    0x28e1, 0x1080, 0x1080, 0x28e1, 0x28e1, 0x3161, 0x6aa2, 0x4da1, 0x28e1, 0x28e1, 0x3161, 0x3161,
    0x3161, 0x3262, 0x5262, 0x5262, 0x6aa2, 0x7742, 0x7742, 0x7ffd, 0x7ffd, 0x7ffd, 0x7ffd, 0x7ffd,
    0x7bd4, 0x7742, 0x5262, 0x5262, 0x7742, 0x7742, 0x7742, 0x6aa2, 0x3161, 0x28e1, 0x28e1, 0x28e1,
    0x28e1, 0x28e1, 0x28e1, 0x1080, 0x1080, 0x1080, 0x1080, 0x1080, 0x1080, 0x1080, 0x1080, 0x1080,
    0x1080, 0x1080, 0x1080, 0x1080, 0x1080, 0x1080, 0x1080, 0x1080, 0x1080, 0x1080, 0x1080, 0x1080,
    0x1080, 0x28e1, 0x6aa2, 0x7742, 0x7742, 0x7742, 0x7742, 0x7742, 0x7742, 0x7742, 0x7742, 0x4da1,
    0x3161, 0x28e1, 0x3161, 0x4da1, 0x5262, 0x5262, 0x4da1, 0x3161, 0x3161, 0x4da1, 0x4da1, 0x4da1,
    0x4da1, 0x4da1, 0x4da1, 0x4da1, 0x4da1, 0x4da1, 0x4da1, 0x4da1, 0x4da1, 0x6aa2, 0x6aa2, 0x6aa2,
    0x4da1, 0x4da1, 0x4da1, 0x28e1, 0x28e1, 0x1080, 0x1080, 0x1080, 0x1080, 0x1080, 0x1080, 0x1080,
    0x1080, 0x1080, 0x1080, 0x1080, 0x1080, 0x1080, 0x1080, 0x1080, 0x28e1, 0x28e1, 0x4da1, 0x6aa2,
    0x7742, 0x7742, 0x7742, 0x6aa2, 0x6aa2, 0x6aa2, 0x5262, 0x4da1, 0x4da1, 0x4da1, 0x4da1, 0x4da1,
    0x4da1, 0x4da1, 0x4da1, 0x28e1, 0x6aa2, 0x5262, 0x5262, 0x6aa2, 0x6aa2, 0x4da1, 0x3161, 0x4da1,
    0x4da1, 0x6aa2, 0x7742, 0x7742, 0x7742, 0x7742, 0x7742, 0x7742, 0x7742, 0x7742, 0x6aa2, 0x4da1,
    0x28e1, 0x1080, 0x1080, 0x1080, 0x1080, 0x1080, 0x1080, 0x1080, 0x1080, 0x1080, 0x1080, 0x1961,
    0x1080, 0x1080, 0x1080, 0x1080, 0x1080, 0x1080, 0x1080, 0x1080, 0x1080, 0x28e1, 0x28e1, 0x28e1,
    0x28e1, 0x28e1, 0x3161, 0x3161, 0x3161, 0x7742, 0x7742, 0x7742, 0x7742, 0x5262, 0x6aa2, 0x7742,
    0x736c, 0x7ffd, 0x7ffd, 0x7ffd, 0x7ffd, 0x7ffd, 0x736c, 0x7742, 0x7742, 0x7742, 0x5262, 0x5262,
    0x3161, 0x4da1, 0x3161, 0x28e1, 0x3161, 0x4da1, 0x6aa2, 0x4da1, 0x3161, 0x28e1, 0x28e1, 0x4da1,
    0x28e1, 0x3161, 0x28e1, 0x3161, 0x28e1, 0x28e1, 0x28e1, 0x28e1, 0x28e1, 0x1080, 0x3161, 0x28e1,
    0x28e1, 0x28e1, 0x5262, 0x1080, 0x28e1, 0x1080, 0x28e1, 0x28e1, 0x1080, 0x1080, 0x28e1, 0x28e1,
    0x28e1, 0x1080, 0x3161, 0x7742, 0x5262, 0x3161, 0x28e1, 0x28e1, 0x3161, 0x3161, 0x3161, 0x3262,
    0x5262, 0x5262, 0x5262, 0x5262, 0x7bd4, 0x7ffd, 0x7ffd, 0x7ffd, 0x7ffd, 0x7ffd, 0x7742, 0x7742,
    0x5262, 0x5262, 0x7742, 0x7742, 0x7742, 0x6aa2, 0x3161, 0x28e1, 0x28e1, 0x28e1, 0x1080, 0x28e1,
    0x28e1, 0x1080, 0x1080, 0x1080, 0x1080, 0x1080, 0x1080, 0x1080, 0x1080, 0x1080, 0x1e20, 0x1e20,
    0x1e20, 0x1961, 0x1080, 0x1080, 0x1080, 0x1080, 0x1080, 0x1080, 0x1080, 0x1080, 0x1080, 0x1080,
    0x1080, 0x28e1, 0x6aa2, 0x7742, 0x7742, 0x7742, 0x7742, 0x7742, 0x7742, 0x7742, 0x7742, 0x6aa2,
    0x4da1, 0x4da1, 0x4da1, 0x5262, 0x5262, 0x4da1, 0x4da1, 0x4da1, 0x4da1, 0x4da1, 0x4da1, 0x4da1,
    0x4da1, 0x4da1, 0x4da1, 0x4da1, 0x4da1, 0x4da1, 0x4da1, 0x4da1, 0x4da1, 0x4da1, 0x28e1, 0x28e1,
    0x4da1, 0x4da1, 0x4da1, 0x28e1, 0x28e1, 0x1080, 0x1080, 0x1080, 0x1080, 0x1080, 0x1080, 0x1080,
    0x1080, 0x1080, 0x1080, 0x1080, 0x1080, 0x1080, 0x1080, 0x1080, 0x28e1, 0x28e1, 0x4da1, 0x4da1,
    0x6aa2, 0x7742, 0x7742, 0x6aa2, 0x6aa2, 0x6aa2, 0x5262, 0x4da1, 0x4da1, 0x4da1, 0x4da1, 0x4da1,
    0x5262, 0x4da1, 0x4da1, 0x5262, 0x1080, 0x6aa2, 0x6aa2, 0x5262, 0x6aa2, 0x6aa2, 0x5262, 0x6aa2,
    0x7742, 0x7742, 0x7742, 0x7742, 0x7742, 0x7742, 0x7742, 0x7742, 0x7742, 0x7742, 0x6aa2, 0x28e1,
    0x1080, 0x1080, 0x1080, 0x1080, 0x1080, 0x1080, 0x1080, 0x1080, 0x1080, 0x1080, 0x1080, 0x1e20,
    0x3262, 0x3262, 0x1961, 0x1080, 0x1080, 0x1080, 0x1080, 0x1080, 0x1080, 0x1080, 0x1080, 0x28e1,
    0x28e1, 0x28e1, 0x28e1, 0x3161, 0x3161, 0x3161, 0x4da1, 0x5262, 0x7742, 0x7742, 0x7742, 0x5262,
    0x6aa2, 0x7742, 0x7742, 0x7ffd, 0x7ffd, 0x7ffd, 0x7ffd, 0x7ffd, 0x7bd4, 0x7742, 0x7742, 0x5262,
    0x5262, 0x5262, 0x3262, 0x3161, 0x4da1, 0x3161, 0x28e1, 0x28e1, 0x5262, 0x7742, 0x5262, 0x3161,
    0x28e1, 0x3161, 0x28e1, 0x3161, 0x28e1, 0x28e1, 0x28e1, 0x1080, 0x1080, 0x3161, 0x3262, 0x28e1,
    0x28e1, 0x1080, 0x1080, 0x1080, 0x1080, 0x1080, 0x28e1, 0x1080, 0x28e1, 0x28e1, 0x1080, 0x3161,
    0x6aa2, 0x5262, 0x28e1, 0x1080, 0x28e1, 0x3161, 0x3161, 0x3161, 0x3262, 0x3262, 0x5262, 0x7742,
    0x7742, 0x736c, 0x7ffd, 0x7ffd, 0x7ffd, 0x7ffd, 0x7ffd, 0x736c, 0x7742, 0x7742, 0x5262, 0x7742,
    0x7742, 0x7742, 0x7742, 0x4da1, 0x3161, 0x28e1, 0x28e1, 0x28e1, 0x28e1, 0x1080, 0x1080, 0x1080,
    0x1080, 0x1080, 0x1080, 0x1080, 0x1080, 0x1080, 0x1080, 0x1080, 0x1080, 0x1e20, 0x3262, 0x3262,
    0x1e20, 0x1e20, 0x1080, 0x1080, 0x1080, 0x1080, 0x1080, 0x1080, 0x1080, 0x1080, 0x1080, 0x1080,
    0x1080, 0x1080, 0x4da1, 0x7742, 0x7742, 0x7742, 0x7742, 0x7742, 0x7742, 0x7742, 0x7742, 0x7742,
    0x5262, 0x4da1, 0x4da1, 0x4da1, 0x3161, 0x4da1, 0x4da1, 0x4da1, 0x4da1, 0x4da1, 0x4da1, 0x4da1,
    0x4da1, 0x4da1, 0x4da1, 0x4da1, 0x4da1, 0x4da1, 0x4da1, 0x4da1, 0x4da1, 0x4da1, 0x4da1, 0x4da1,
    0x4da1, 0x4da1, 0x4da1, 0x28e1, 0x28e1, 0x1080, 0x1080, 0x1080, 0x1080, 0x1080, 0x1080, 0x1080,
    0x1080, 0x1080, 0x1080, 0x1080, 0x1080, 0x1080, 0x1080, 0x1080, 0x28e1, 0x28e1, 0x4da1, 0x6aa2,
    0x7742, 0x7742, 0x7742, 0x7742, 0x6aa2, 0x6aa2, 0x5262, 0x4da1, 0x4da1, 0x4da1, 0x4da1, 0x4da1,
    0x5262, 0x5262, 0x5262, 0x5262, 0x5262, 0x4da1, 0x4da1, 0x4da1, 0x4da1, 0x6aa2, 0x6aa2, 0x7742,
    0x7742, 0x7742, 0x7742, 0x7742, 0x7742, 0x7742, 0x7742, 0x7742, 0x7742, 0x7742, 0x5262, 0x28e1,
    0x1080, 0x1080, 0x1080, 0x1080, 0x1080, 0x1080, 0x1080, 0x1080, 0x1080, 0x1080, 0x1961, 0x1e20,
    0x3262, 0x7742, 0x3262, 0x1080, 0x1080, 0x1080, 0x1080, 0x1080, 0x1080, 0x1080, 0x1080, 0x1080,
    0x1080, 0x1080, 0x28e1, 0x28e1, 0x28e1, 0x28e1, 0x3161, 0x4da1, 0x3161, 0x5262, 0x7742, 0x7742,
    0x7742, 0x6aa2, 0x6aa2, 0x7742, 0x7742, 0x7bd4, 0x7ffd, 0x7ffd, 0x7ffd, 0x7ffd, 0x7ffd, 0x736c,
    0x7742, 0x6aa2, 0x5262, 0x5262, 0x5262, 0x4da1, 0x3161, 0x3161, 0x3161, 0x28e1, 0x28e1, 0x5262,
    0x7742, 0x4da1, 0x28e1, 0x3161, 0x3161, 0x28e1, 0x28e1, 0x28e1, 0x28e1, 0x1961, 0x1080, 0x28e1,
    0x28e1, 0x28e1, 0x1080, 0x5262, 0x1080, 0x1080, 0x1080, 0x1080, 0x1080, 0x5262, 0x5262, 0x28e1,
    0x1080, 0x28e1, 0x1961, 0x3161, 0x3161, 0x3161, 0x3262, 0x3262, 0x5262, 0x5262, 0x7742, 0x7bd4,
    0x7ffd, 0x7ffd, 0x7ffd, 0x7ffd, 0x7ffd, 0x736c, 0x7742, 0x5262, 0x5262, 0x5262, 0x7742, 0x7742,
    0x7742, 0x4da1, 0x28e1, 0x28e1, 0x28e1, 0x28e1, 0x28e1, 0x28e1, 0x1080, 0x1080, 0x1080, 0x1080,
    0x1080, 0x1080, 0x1080, 0x1080, 0x1080, 0x1080, 0x1080, 0x1080, 0x1080, 0x7742, 0x7742, 0x7742,
    0x3262, 0x1e20, 0x1e20, 0x1961, 0x1080, 0x1080, 0x1080, 0x1080, 0x1080, 0x1080, 0x1080, 0x1080,
    0x1080, 0x28e1, 0x5262, 0x7742, 0x7742, 0x7742, 0x7742, 0x7742, 0x7742, 0x7742, 0x7742, 0x7742,
    0x6aa2, 0x5262, 0x4da1, 0x4da1, 0x3161, 0x3161, 0x4da1, 0x4da1, 0x4da1, 0x4da1, 0x4da1, 0x4da1,
    0x4da1, 0x4da1, 0x4da1, 0x4da1, 0x4da1, 0x4da1, 0x4da1, 0x6aa2, 0x6aa2, 0x6aa2, 0x6aa2, 0x6aa2,
    0x6aa2, 0x4da1, 0x4da1, 0x28e1, 0x1080, 0x1080, 0x1080, 0x1080, 0x1080, 0x1080, 0x1080, 0x1080,
    0x1080, 0x1080, 0x1080, 0x1080, 0x1080, 0x1080, 0x1080, 0x1080, 0x28e1, 0x28e1, 0x4da1, 0x4da1,
    0x6aa2, 0x7742, 0x7742, 0x7742, 0x6aa2, 0x6aa2, 0x5262, 0x4da1, 0x4da1, 0x4da1, 0x4da1, 0x4da1,
    0x4da1, 0x5262, 0x5262, 0x5262, 0x5262, 0x4da1, 0x5262, 0x6aa2, 0x5262, 0x7742, 0x6aa2, 0x7742,
    0x7742, 0x7742, 0x7742, 0x7742, 0x7742, 0x7742, 0x7742, 0x7742, 0x7742, 0x6aa2, 0x4da1, 0x28e1,
    0x1080, 0x1080, 0x1080, 0x1080, 0x1080, 0x1080, 0x1080, 0x1080, 0x1080, 0x1080, 0x1e20, 0x1e20,
    0x3262, 0x7742, 0x7742, 0x1e20, 0x1080, 0x1080, 0x1080, 0x1080, 0x1080, 0x1080, 0x1080, 0x1080,
    0x1080, 0x28e1, 0x1080, 0x1080, 0x28e1, 0x28e1, 0x28e1, 0x28e1, 0x28e1, 0x3161, 0x3161, 0x5262,
    0x7742, 0x7742, 0x7742, 0x5262, 0x5262, 0x7742, 0x7742, 0x736c, 0x7ffd, 0x7ffd, 0x7ffd, 0x7ffd,
    0x7ffd, 0x7ffd, 0x7742, 0x7742, 0x7742, 0x6aa2, 0x5262, 0x4da1, 0x4da1, 0x3161, 0x3161, 0x3161,
    0x28e1, 0x28e1, 0x5262, 0x7742, 0x3161, 0x28e1, 0x28e1, 0x28e1, 0x28e1, 0x3161, 0x1080, 0x28e1,
    0x1080, 0x28e1, 0x28e1, 0x1080, 0x1080, 0x1080, 0x6aa2, 0x5262, 0x1961, 0x1080, 0x1961, 0x1961,
    0x1961, 0x1961, 0x3161, 0x3262, 0x3262, 0x5262, 0x5262, 0x5262, 0x736c, 0x7ffd, 0x7ffd, 0x7ffd,
    0x7ffd, 0x7ffd, 0x7bd4, 0x7742, 0x7742, 0x5262, 0x5262, 0x5262, 0x7742, 0x7742, 0x7742, 0x4da1,
    0x3161, 0x3161, 0x28e1, 0x28e1, 0x28e1, 0x1080, 0x1080, 0x1080, 0x1080, 0x1080, 0x1080, 0x1080,
    0x1080, 0x1080, 0x1080, 0x1080, 0x1080, 0x1080, 0x1080, 0x1080, 0x1961, 0x7742, 0x7742, 0x3262,
    0x3262, 0x3262, 0x1e20, 0x1961, 0x1080, 0x1080, 0x1080, 0x1080, 0x1080, 0x1080, 0x1080, 0x1080,
    0x1080, 0x5262, 0x4da1, 0x4da1, 0x6aa2, 0x6aa2, 0x7742, 0x7742, 0x7742, 0x7742, 0x7742, 0x7742,
    0x7742, 0x6aa2, 0x4da1, 0x4da1, 0x4da1, 0x4da1, 0x4da1, 0x5262, 0x5262, 0x4da1, 0x4da1, 0x4da1,
    0x4da1, 0x4da1, 0x4da1, 0x4da1, 0x4da1, 0x4da1, 0x4da1, 0x4da1, 0x6aa2, 0x6aa2, 0x6aa2, 0x4da1,
    0x4da1, 0x4da1, 0x28e1, 0x1080, 0x1080, 0x1080, 0x1080, 0x1080, 0x1080, 0x1080, 0x1080, 0x1080,
    0x1080, 0x1080, 0x1080, 0x1080, 0x1080, 0x1080, 0x1080, 0x1080, 0x28e1, 0x28e1, 0x3161, 0x4da1,
    0x6aa2, 0x6aa2, 0x7742, 0x6aa2, 0x6aa2, 0x5262, 0x4da1, 0x4da1, 0x4da1, 0x4da1, 0x4da1, 0x4da1,
    0x4da1, 0x4da1, 0x5262, 0x6aa2, 0x5262, 0x5262, 0x1080, 0x6aa2, 0x6aa2, 0x5262, 0x7742, 0x7742,
    0x7742, 0x7742, 0x7742, 0x7742, 0x7742, 0x7742, 0x7742, 0x7742, 0x7742, 0x6aa2, 0x4da1, 0x28e1,
    0x1080, 0x1080, 0x1080, 0x4da1, 0x1080, 0x1080, 0x1080, 0x1080, 0x1080, 0x1961, 0x1e20, 0x3262,
    0x7742, 0x3262, 0x7742, 0x3262, 0x1080, 0x1080, 0x1080, 0x1080, 0x1080, 0x1080, 0x1080, 0x1080,
    0x1080, 0x1080, 0x1080, 0x1080, 0x1080, 0x1080, 0x28e1, 0x28e1, 0x28e1, 0x28e1, 0x3161, 0x3161,
    0x3161, 0x5262, 0x7742, 0x7742, 0x7742, 0x6aa2, 0x5262, 0x5262, 0x7742, 0x7742, 0x7bd4, 0x7ffd,
    0x7ffd, 0x7ffd, 0x7ffd, 0x7ffd, 0x7bd4, 0x7742, 0x7742, 0x7742, 0x5262, 0x3262, 0x3262, 0x3161,
    0x3161, 0x3161, 0x28e1, 0x3161, 0x1080, 0x5262, 0x6aa2, 0x1080, 0x5262, 0x1080, 0x1080, 0x28e1,
    0x1080, 0x1080, 0x28e1, 0x3161, 0x5262, 0x1080, 0x1080, 0x1961, 0x1961, 0x1080, 0x1961, 0x1961,
    0x1e20, 0x3262, 0x3262, 0x3262, 0x5262, 0x7742, 0x7ffd, 0x7ffd, 0x7ffd, 0x7ffd, 0x7ffd, 0x7ffd,
    0x7bd4, 0x7742, 0x5262, 0x3262, 0x3262, 0x7742, 0x7742, 0x7742, 0x7742, 0x28e1, 0x3161, 0x28e1,
    0x28e1, 0x28e1, 0x28e1, 0x1080, 0x1080, 0x1080, 0x1080, 0x1080, 0x1080, 0x1080, 0x1080, 0x1080,
    0x1080, 0x1080, 0x1080, 0x1080, 0x1080, 0x1080, 0x1080, 0x1080, 0x1961, 0x3262, 0x3262, 0x7742,
    0x7742, 0x3262, 0x1e20, 0x1961, 0x1080, 0x1080, 0x1080, 0x1080, 0x1080, 0x1080, 0x1080, 0x1080,
    0x4da1, 0x1080, 0x28e1, 0x4da1, 0x4da1, 0x6aa2, 0x6aa2, 0x7742, 0x6aa2, 0x6aa2, 0x6aa2, 0x6aa2,
    0x6aa2, 0x4da1, 0x4da1, 0x4da1, 0x3161, 0x4da1, 0x6aa2, 0x5262, 0x5262, 0x4da1, 0x4da1, 0x4da1,
    0x4da1, 0x4da1, 0x4da1, 0x4da1, 0x4da1, 0x4da1, 0x4da1, 0x5262, 0x6aa2, 0x6aa2, 0x6aa2, 0x6aa2,
    0x4da1, 0x4da1, 0x28e1, 0x28e1, 0x1080, 0x1080, 0x1080, 0x1080, 0x1080, 0x1080, 0x1080, 0x1080,
    0x1080, 0x1080, 0x1080, 0x1080, 0x1080, 0x1080, 0x1080, 0x1080, 0x1080, 0x28e1, 0x28e1, 0x4da1,
    0x4da1, 0x6aa2, 0x6aa2, 0x6aa2, 0x6aa2, 0x5262, 0x4da1, 0x4da1, 0x4da1, 0x4da1, 0x4da1, 0x4da1,
    0x4da1, 0x4da1, 0x5262, 0x4da1, 0x5262, 0x5262, 0x7742, 0x1080, 0x6aa2, 0x7742, 0x7742, 0x7742,
    0x7742, 0x7742, 0x7742, 0x7742, 0x7742, 0x7742, 0x7742, 0x7742, 0x7742, 0x4da1, 0x4da1, 0x4da1,
    0x28e1, 0x1080, 0x1080, 0x1080, 0x1080, 0x1080, 0x1080, 0x1080, 0x1961, 0x1e20, 0x3262, 0x3262,
    0x7742, 0x7742, 0x7742, 0x3262, 0x1080, 0x1080, 0x1080, 0x1080, 0x1080, 0x1080, 0x1080, 0x1080,
    0x1080, 0x1080, 0x1080, 0x1080, 0x1080, 0x28e1, 0x1080, 0x1080, 0x1080, 0x28e1, 0x28e1, 0x3161,
    0x28e1, 0x4da1, 0x3161, 0x4da1, 0x7742, 0x7742, 0x7742, 0x7742, 0x5262, 0x5262, 0x7742, 0x7742,
    0x736c, 0x7ffd, 0x7ffd, 0x7ffd, 0x7ffd, 0x7ffd, 0x7ffd, 0x736c, 0x7742, 0x5262, 0x5262, 0x3262,
    0x3262, 0x3161, 0x3161, 0x3161, 0x1961, 0x28e1, 0x1080, 0x28e1, 0x5262, 0x5262, 0x3161, 0x1080,
    0x3262, 0x5262, 0x28e1, 0x1080, 0x1080, 0x1080, 0x1961, 0x1961, 0x3161, 0x1961, 0x3262, 0x3262,
    0x3262, 0x3262, 0x7742, 0x7bd4, 0x7ffd, 0x7ffd, 0x7ffd, 0x7ffd, 0x7ffd, 0x7bd4, 0x7742, 0x7742,
    0x3262, 0x5262, 0x5262, 0x7742, 0x7742, 0x7742, 0x6aa2, 0x28e1, 0x3161, 0x28e1, 0x28e1, 0x28e1,
    0x28e1, 0x1080, 0x1080, 0x1080, 0x1080, 0x1080, 0x1080, 0x1080, 0x1080, 0x1080, 0x1080, 0x1080,
    0x1080, 0x1080, 0x1080, 0x1080, 0x1080, 0x1080, 0x1080, 0x1080, 0x1961, 0x3262, 0x3262, 0x7742,
    0x7742, 0x3262, 0x3262, 0x3262, 0x1e20, 0x1080, 0x1080, 0x1080, 0x1080, 0x1080, 0x1080, 0x4da1,
    0x1080, 0x28e1, 0x28e1, 0x4da1, 0x6aa2, 0x5262, 0x6aa2, 0x7742, 0x7742, 0x7742, 0x7742, 0x7742,
    0x7742, 0x6aa2, 0x4da1, 0x5262, 0x4da1, 0x5262, 0x6aa2, 0x5262, 0x5262, 0x5262, 0x4da1, 0x4da1,
    0x4da1, 0x4da1, 0x4da1, 0x4da1, 0x4da1, 0x4da1, 0x4da1, 0x6aa2, 0x6aa2, 0x6aa2, 0x6aa2, 0x4da1,
    0x4da1, 0x4da1, 0x28e1, 0x1080, 0x1080, 0x1080, 0x1080, 0x1080, 0x1080, 0x1080, 0x1080, 0x1080,
    0x1080, 0x1080, 0x1080, 0x1080, 0x1080, 0x1080, 0x1080, 0x1080, 0x1080, 0x28e1, 0x28e1, 0x28e1,
    0x4da1, 0x6aa2, 0x6aa2, 0x6aa2, 0x6aa2, 0x5262, 0x5262, 0x4da1, 0x4da1, 0x4da1, 0x4da1, 0x4da1,
    0x4da1, 0x4da1, 0x5262, 0x6aa2, 0x6aa2, 0x6aa2, 0x4da1, 0x6aa2, 0x4da1, 0x7742, 0x7742, 0x7742,
    0x7742, 0x7742, 0x7742, 0x7742, 0x7742, 0x7742, 0x7742, 0x7742, 0x7742, 0x6aa2, 0x4da1, 0x3161,
    0x28e1, 0x3161, 0x1080, 0x1080, 0x1080, 0x1961, 0x1961, 0x1961, 0x1e20, 0x1e20, 0x3262, 0x7742,
    0x7742, 0x7742, 0x7742, 0x1e20, 0x1080, 0x1080, 0x1080, 0x1080, 0x1080, 0x1080, 0x1080, 0x1080,
    0x1080, 0x1080, 0x1080, 0x1080, 0x1080, 0x1080, 0x1080, 0x1080, 0x1080, 0x1080, 0x1080, 0x28e1,
    0x28e1, 0x28e1, 0x28e1, 0x3161, 0x3161, 0x4da1, 0x7742, 0x7742, 0x7742, 0x7742, 0x5262, 0x3262,
    0x5262, 0x7742, 0x7742, 0x7bd4, 0x7ffd, 0x7ffd, 0x7ffd, 0x7ffd, 0x7ffd, 0x7ffd, 0x7742, 0x7742,
    0x5262, 0x3262, 0x3262, 0x3262, 0x3262, 0x3161, 0x28e1, 0x3161, 0x1080, 0x1080, 0x1961, 0x5262,
    0x1080, 0x1080, 0x1080, 0x1961, 0x1961, 0x1961, 0x1961, 0x3262, 0x3262, 0x3262, 0x5262, 0x7742,
    0x7742, 0x7ffd, 0x7ffd, 0x7ffd, 0x7ffd, 0x7ffd, 0x7ffd, 0x736c, 0x7742, 0x7742, 0x3262, 0x3262,
    0x5262, 0x7742, 0x7742, 0x7742, 0x6aa2, 0x28e1, 0x28e1, 0x28e1, 0x28e1, 0x28e1, 0x28e1, 0x1080,
    0x1080, 0x1080, 0x1080, 0x1080, 0x1080, 0x1080, 0x1080, 0x1080, 0x1080, 0x1080, 0x1080, 0x1080,
    0x1080, 0x1080, 0x1080, 0x1080, 0x1080, 0x1080, 0x28e1, 0x1080, 0x1961, 0x3262, 0x3262, 0x3262,
    0x3262, 0x3262, 0x3262, 0x1e20, 0x1e20, 0x1961, 0x1080, 0x1080, 0x1080, 0x1080, 0x3161, 0x3161,
    0x3161, 0x4da1, 0x5262, 0x6aa2, 0x6aa2, 0x7742, 0x7742, 0x7742, 0x7742, 0x7742, 0x7742, 0x7742,
    0x7742, 0x7742, 0x7742, 0x3161, 0x6aa2, 0x6aa2, 0x6aa2, 0x6aa2, 0x5262, 0x5262, 0x4da1, 0x4da1,
    0x4da1, 0x4da1, 0x4da1, 0x4da1, 0x4da1, 0x4da1, 0x4da1, 0x6aa2, 0x6aa2, 0x6aa2, 0x6aa2, 0x6aa2,
    0x4da1, 0x28e1, 0x28e1, 0x1080, 0x1080, 0x1080, 0x1080, 0x1080, 0x1080, 0x1080, 0x1080, 0x1080,
    0x1080, 0x1080, 0x1080, 0x1080, 0x1080, 0x1080, 0x1080, 0x1080, 0x1080, 0x1080, 0x28e1, 0x28e1,
    0x4da1, 0x6aa2, 0x6aa2, 0x6aa2, 0x5262, 0x4da1, 0x4da1, 0x4da1, 0x4da1, 0x4da1, 0x4da1, 0x4da1,
    0x4da1, 0x5262, 0x5262, 0x5262, 0x6aa2, 0x6aa2, 0x6aa2, 0x6aa2, 0x4da1, 0x7742, 0x7742, 0x7742,
    0x7742, 0x7742, 0x7742, 0x7742, 0x7742, 0x7742, 0x7742, 0x7742, 0x6aa2, 0x4da1, 0x4da1, 0x28e1,
    0x1080, 0x1080, 0x3161, 0x1080, 0x1961, 0x1080, 0x1961, 0x1e20, 0x1e20, 0x3262, 0x3262, 0x7742,
    0x7742, 0x7742, 0x3262, 0x1e20, 0x1080, 0x1080, 0x28e1, 0x1080, 0x1080, 0x1080, 0x1080, 0x1080,
    0x1080, 0x1080, 0x1080, 0x1080, 0x1080, 0x1080, 0x1080, 0x1080, 0x1080, 0x1080, 0x1080, 0x1080,
    0x1080, 0x28e1, 0x28e1, 0x28e1, 0x28e1, 0x3161, 0x3161, 0x3161, 0x7742, 0x7742, 0x7742, 0x7742,
    0x5262, 0x3262, 0x5262, 0x7742, 0x7742, 0x736c, 0x7ffd, 0x7ffd, 0x7ffd, 0x7ffd, 0x7ffd, 0x7ffd,
    0x736c, 0x7742, 0x7742, 0x5262, 0x3262, 0x3262, 0x3262, 0x3161, 0x1961, 0x1961, 0x1961, 0x1961,
    0x1080, 0x1961, 0x1961, 0x1961, 0x3262, 0x1e20, 0x3262, 0x3262, 0x7742, 0x5262, 0x7bd4, 0x7ffd,
    0x7ffd, 0x7ffd, 0x7ffd, 0x7ffd, 0x7ffd, 0x7742, 0x7742, 0x3262, 0x3262, 0x3262, 0x5262, 0x7742,
    0x7742, 0x7742, 0x5262, 0x28e1, 0x28e1, 0x28e1, 0x28e1, 0x28e1, 0x28e1, 0x1080, 0x1080, 0x1080,
    0x1080, 0x1080, 0x1080, 0x1080, 0x1080, 0x1080, 0x1080, 0x1080, 0x1080, 0x1080, 0x1080, 0x1080,
    0x1080, 0x1080, 0x1080, 0x1080, 0x28e1, 0x1080, 0x1080, 0x1080, 0x1080, 0x1e20, 0x3262, 0x3262,
    0x7742, 0x3262, 0x3262, 0x3262, 0x1e20, 0x1961, 0x1080, 0x1080, 0x1961, 0x28e1, 0x1080, 0x1080,
    0x1080, 0x1080, 0x28e1, 0x28e1, 0x4da1, 0x6aa2, 0x7742, 0x7742, 0x7742, 0x7742, 0x7742, 0x7742,
    0x7742, 0x7742, 0x7742, 0x7742, 0x7742, 0x7742, 0x7742, 0x6aa2, 0x5262, 0x5262, 0x5262, 0x4da1,
    0x4da1, 0x4da1, 0x4da1, 0x4da1, 0x4da1, 0x4da1, 0x4da1, 0x6aa2, 0x6aa2, 0x6aa2, 0x6aa2, 0x6aa2,
    0x4da1, 0x28e1, 0x28e1, 0x1080, 0x1080, 0x1080, 0x1080, 0x1080, 0x1080, 0x1080, 0x1080, 0x1080,
    0x1080, 0x1080, 0x1080, 0x1080, 0x1080, 0x1080, 0x1080, 0x1080, 0x1080, 0x1080, 0x28e1, 0x28e1,
    0x4da1, 0x6aa2, 0x6aa2, 0x6aa2, 0x6aa2, 0x6aa2, 0x5262, 0x4da1, 0x4da1, 0x4da1, 0x4da1, 0x5262,
    0x5262, 0x5262, 0x5262, 0x6aa2, 0x6aa2, 0x6aa2, 0x7742, 0x7742, 0x7742, 0x28e1, 0x7742, 0x7742,
    0x7742, 0x7742, 0x7742, 0x7742, 0x7742, 0x7742, 0x7742, 0x6aa2, 0x4da1, 0x4da1, 0x28e1, 0x28e1,
    0x1080, 0x1080, 0x1080, 0x3161, 0x1961, 0x1e20, 0x1961, 0x1e20, 0x3262, 0x3262, 0x3262, 0x3262,
    0x7742, 0x7742, 0x3262, 0x1e20, 0x1080, 0x1080, 0x1080, 0x1080, 0x1080, 0x1080, 0x1080, 0x1080,
    0x1080, 0x1080, 0x1080, 0x1080, 0x1080, 0x1080, 0x1080, 0x1080, 0x1080, 0x1080, 0x1080, 0x1080,
    0x1080, 0x1080, 0x28e1, 0x28e1, 0x1080, 0x28e1, 0x28e1, 0x28e1, 0x28e1, 0x3161, 0x5262, 0x7742,
    0x7742, 0x7742, 0x5262, 0x3262, 0x3262, 0x5262, 0x7742, 0x7742, 0x7bd4, 0x7ffd, 0x7ffd, 0x7ffd,
    0x7ffd, 0x7ffd, 0x7ffd, 0x736c, 0x7742, 0x5262, 0x5262, 0x3262, 0x3262, 0x3262, 0x1961, 0x1961,
    0x1961, 0x1961, 0x1e20, 0x3262, 0x3262, 0x3262, 0x5262, 0x736c, 0x7ffd, 0x7ffd, 0x7ffd, 0x7ffd,
    0x7ffd, 0x7ffd, 0x7bd4, 0x7742, 0x5262, 0x3262, 0x3262, 0x1e20, 0x7742, 0x7742, 0x7742, 0x7742,
    0x3161, 0x1080, 0x28e1, 0x28e1, 0x28e1, 0x28e1, 0x28e1, 0x28e1, 0x1080, 0x1080, 0x1080, 0x1080,
    0x1080, 0x1080, 0x1080, 0x1080, 0x1080, 0x1080, 0x1080, 0x1080, 0x1080, 0x1080, 0x1080, 0x1080,
    0x1080, 0x1080, 0x1080, 0x28e1, 0x1080, 0x1080, 0x1080, 0x1080, 0x1080, 0x1e20, 0x1e20, 0x3262,
    0x3262, 0x3262, 0x3262, 0x3262, 0x1e20, 0x1e20, 0x1e20, 0x1961, 0x1080, 0x1080, 0x1080, 0x1080,
    0x1080, 0x1080, 0x1080, 0x28e1, 0x28e1, 0x4da1, 0x6aa2, 0x7742, 0x7742, 0x7742, 0x7742, 0x7742,
    0x7742, 0x7742, 0x4da1, 0x7742, 0x7742, 0x7742, 0x7742, 0x6aa2, 0x6aa2, 0x6aa2, 0x5262, 0x4da1,
    0x4da1, 0x4da1, 0x4da1, 0x4da1, 0x4da1, 0x4da1, 0x4da1, 0x6aa2, 0x6aa2, 0x6aa2, 0x6aa2, 0x4da1,
    0x4da1, 0x28e1, 0x1080, 0x1080, 0x1080, 0x1080, 0x1080, 0x1080, 0x1080, 0x1080, 0x1080, 0x1080,
    0x1080, 0x1080, 0x1080, 0x1080, 0x1080, 0x1080, 0x1080, 0x1080, 0x1080, 0x1080, 0x1080, 0x28e1,
    0x3161, 0x4da1, 0x6aa2, 0x7742, 0x6aa2, 0x6aa2, 0x5262, 0x5262, 0x4da1, 0x4da1, 0x4da1, 0x4da1,
    0x4da1, 0x5262, 0x5262, 0x6aa2, 0x6aa2, 0x7742, 0x7742, 0x7742, 0x7742, 0x7742, 0x28e1, 0x7742,
    0x7742, 0x7742, 0x7742, 0x7742, 0x7742, 0x7742, 0x7742, 0x6aa2, 0x4da1, 0x28e1, 0x1080, 0x1080,
    0x1080, 0x1080, 0x1080, 0x1080, 0x3262, 0x1961, 0x1e20, 0x1e20, 0x3262, 0x3262, 0x3262, 0x3262,
    0x7742, 0x3262, 0x3262, 0x1e20, 0x1080, 0x1080, 0x1080, 0x1080, 0x1080, 0x1080, 0x1080, 0x1080,
    0x1080, 0x1080, 0x1080, 0x1080, 0x1080, 0x1080, 0x1080, 0x1080, 0x1080, 0x1080, 0x1080, 0x1080,
    0x1080, 0x1080, 0x1080, 0x1080, 0x1080, 0x1080, 0x28e1, 0x28e1, 0x28e1, 0x3161, 0x28e1, 0x28e1,
    0x5262, 0x7742, 0x7742, 0x7742, 0x7742, 0x3262, 0x3262, 0x5262, 0x6aa2, 0x7742, 0x736c, 0x7ffd,
    0x7ffd, 0x7ffd, 0x7ffd, 0x7ffd, 0x7ffd, 0x7bd4, 0x7742, 0x5262, 0x3262, 0x5262, 0x3262, 0x1e20,
    0x1e20, 0x3262, 0x3262, 0x5262, 0x5262, 0x7bd4, 0x7ffd, 0x7ffd, 0x7ffd, 0x7ffd, 0x7ffd, 0x7ffd,
    0x736c, 0x7742, 0x5262, 0x3262, 0x1e20, 0x3262, 0x7742, 0x7742, 0x5262, 0x5262, 0x3161, 0x28e1,
    0x28e1, 0x28e1, 0x28e1, 0x1080, 0x28e1, 0x1080, 0x1080, 0x1080, 0x1080, 0x1080, 0x1080, 0x1080,
    0x1080, 0x1080, 0x1080, 0x1080, 0x1080, 0x1080, 0x1080, 0x1080, 0x1080, 0x1080, 0x1080, 0x1080,
    0x1080, 0x1080, 0x1080, 0x1080, 0x1080, 0x1080, 0x1080, 0x1080, 0x1080, 0x1961, 0x1e20, 0x3262,
    0x3262, 0x3262, 0x3262, 0x3262, 0x1e20, 0x3262, 0x1e20, 0x1e20, 0x1080, 0x1080, 0x1080, 0x1080,
    0x1080, 0x1080, 0x1080, 0x1080, 0x28e1, 0x4da1, 0x4da1, 0x6aa2, 0x7742, 0x7742, 0x7742, 0x7742,
    0x7742, 0x4da1, 0x7742, 0x7742, 0x7742, 0x7742, 0x7742, 0x7742, 0x6aa2, 0x6aa2, 0x5262, 0x5262,
    0x4da1, 0x4da1, 0x4da1, 0x4da1, 0x4da1, 0x4da1, 0x5262, 0x6aa2, 0x6aa2, 0x6aa2, 0x6aa2, 0x4da1,
    0x3161, 0x28e1, 0x1080, 0x1080, 0x1080, 0x1080, 0x1080, 0x1080, 0x1080, 0x1080, 0x1080, 0x1080,
    0x1080, 0x1080, 0x1080, 0x1080, 0x1080, 0x1080, 0x1080, 0x1080, 0x1080, 0x1080, 0x1080, 0x28e1,
    0x3161, 0x4da1, 0x6aa2, 0x6aa2, 0x6aa2, 0x6aa2, 0x5262, 0x5262, 0x4da1, 0x4da1, 0x4da1, 0x5262,
    0x5262, 0x5262, 0x5262, 0x6aa2, 0x6aa2, 0x7742, 0x7742, 0x7742, 0x7742, 0x7742, 0x7742, 0x4da1,
    0x7742, 0x7742, 0x7742, 0x7742, 0x7742, 0x7742, 0x7742, 0x6aa2, 0x4da1, 0x28e1, 0x1080, 0x1080,
    0x1080, 0x1080, 0x1080, 0x1080, 0x1080, 0x1e20, 0x1e20, 0x1e20, 0x3262, 0x3262, 0x3262, 0x3262,
    0x3262, 0x3262, 0x1e20, 0x1e20, 0x1961, 0x1080, 0x1080, 0x1080, 0x1080, 0x1080, 0x1080, 0x28e1,
    0x1080, 0x1080, 0x1080, 0x1080, 0x1080, 0x1080, 0x1080, 0x1080, 0x1080, 0x1080, 0x1080, 0x1080,
    0x1080, 0x1080, 0x1080, 0x28e1, 0x1080, 0x1080, 0x28e1, 0x28e1, 0x28e1, 0x1080, 0x28e1, 0x28e1,
    0x3161, 0x28e1, 0x3262, 0x5262, 0x7742, 0x7742, 0x7742, 0x3262, 0x3262, 0x5262, 0x6aa2, 0x7742,
    0x7742, 0x7bd4, 0x7ffd, 0x7ffd, 0x7ffd, 0x7ffd, 0x7ffd, 0x7ffd, 0x736c, 0x5262, 0x5262, 0x3262,
    0x5262, 0x5262, 0x736c, 0x7ffd, 0x7ffd, 0x7ffd, 0x7ffd, 0x7ffd, 0x7ffd, 0x7bd4, 0x7742, 0x5262,
    0x3262, 0x3262, 0x3262, 0x3262, 0x7742, 0x7742, 0x7742, 0x5262, 0x28e1, 0x1080, 0x28e1, 0x1080,
    0x1080, 0x1080, 0x1080, 0x1080, 0x1080, 0x1080, 0x1080, 0x1080, 0x1080, 0x1080, 0x1080, 0x1080,
    0x1080, 0x1080, 0x1080, 0x1080, 0x1080, 0x1080, 0x1080, 0x1080, 0x1080, 0x1080, 0x1080, 0x28e1,
    0x1080, 0x1080, 0x1080, 0x1080, 0x1080, 0x1080, 0x1080, 0x1080, 0x1080, 0x1961, 0x1e20, 0x1e20,
    0x3262, 0x3262, 0x3262, 0x3262, 0x3262, 0x3262, 0x1e20, 0x1e20, 0x1080, 0x1080, 0x1080, 0x1080,
    0x1080, 0x1080, 0x1080, 0x28e1, 0x28e1, 0x4da1, 0x5262, 0x7742, 0x7742, 0x7742, 0x7742, 0x7742,
    0x4da1, 0x7742, 0x7742, 0x7742, 0x7742, 0x7742, 0x7742, 0x7742, 0x6aa2, 0x6aa2, 0x5262, 0x4da1,
    0x4da1, 0x4da1, 0x4da1, 0x4da1, 0x4da1, 0x4da1, 0x4da1, 0x6aa2, 0x6aa2, 0x6aa2, 0x4da1, 0x4da1,
    0x28e1, 0x1080, 0x1080, 0x1080, 0x1080, 0x1080, 0x1080, 0x1080, 0x1080, 0x1080, 0x1080, 0x1080,
    0x1080, 0x1080, 0x1080, 0x1080, 0x1080, 0x1080, 0x1080, 0x1080, 0x1080, 0x1080, 0x1080, 0x28e1,
    0x28e1, 0x4da1, 0x6aa2, 0x5262, 0x5262, 0x5262, 0x5262, 0x5262, 0x5262, 0x5262, 0x6aa2, 0x6aa2,
    0x6aa2, 0x6aa2, 0x6aa2, 0x7742, 0x7742, 0x7742, 0x7742, 0x7742, 0x7742, 0x7742, 0x7742, 0x4da1,
    0x7742, 0x7742, 0x7742, 0x7742, 0x7742, 0x7742, 0x6aa2, 0x6aa2, 0x3161, 0x28e1, 0x1080, 0x1080,
    0x1080, 0x1080, 0x1080, 0x1080, 0x1080, 0x1961, 0x1e20, 0x1e20, 0x3262, 0x3262, 0x3262, 0x3262,
    0x3262, 0x3262, 0x1e20, 0x1e20, 0x1080, 0x1080, 0x1080, 0x1080, 0x1080, 0x1080, 0x1080, 0x1080,
    0x1080, 0x1080, 0x1080, 0x1080, 0x1080, 0x1080, 0x1080, 0x1080, 0x1080, 0x1080, 0x1080, 0x1080,
    0x1080, 0x1080, 0x1080, 0x1080, 0x1080, 0x1080, 0x1080, 0x1080, 0x1080, 0x1080, 0x28e1, 0x28e1,
    0x28e1, 0x28e1, 0x28e1, 0x1080, 0x3161, 0x5262, 0x7742, 0x7742, 0x7742, 0x3262, 0x1e20, 0x3262,
    0x3262, 0x7742, 0x7742, 0x736c, 0x7ffd, 0x7ffd, 0x7ffd, 0x7ffd, 0x7ffd, 0x7ffd, 0x7ffd, 0x7742,
    0x7bd4, 0x7ffd, 0x7ffd, 0x7ffd, 0x7ffd, 0x7ffd, 0x7ffd, 0x7bd4, 0x7742, 0x5262, 0x3262, 0x3262,
    0x1e20, 0x3262, 0x7742, 0x7742, 0x3262, 0x3262, 0x1961, 0x1080, 0x1080, 0x1080, 0x1080, 0x1080,
    0x1080, 0x1080, 0x1080, 0x1080, 0x1080, 0x1080, 0x1080, 0x1080, 0x1080, 0x1080, 0x1080, 0x1080,
    0x1080, 0x1080, 0x1080, 0x1080, 0x1080, 0x1080, 0x1080, 0x1080, 0x1080, 0x1080, 0x28e1, 0x1080,
    0x1080, 0x1080, 0x1080, 0x1080, 0x1080, 0x1080, 0x1080, 0x1080, 0x1080, 0x1080, 0x1e20, 0x1e20,
    0x1e20, 0x3262, 0x3262, 0x3262, 0x3262, 0x3262, 0x3262, 0x1e20, 0x1e20, 0x1961, 0x1080, 0x1080,
    0x1080, 0x1080, 0x1080, 0x1080, 0x4da1, 0x4da1, 0x6aa2, 0x7742, 0x7742, 0x7742, 0x7742, 0x7742,
    0x7742, 0x7742, 0x7742, 0x7742, 0x7742, 0x7742, 0x7742, 0x7742, 0x6aa2, 0x6aa2, 0x5262, 0x5262,
    0x5262, 0x4da1, 0x4da1, 0x4da1, 0x4da1, 0x4da1, 0x5262, 0x5262, 0x4da1, 0x4da1, 0x4da1, 0x3161,
    0x28e1, 0x28e1, 0x1080, 0x1080, 0x1080, 0x1080, 0x1080, 0x1080, 0x1080, 0x1080, 0x1080, 0x1080,
    0x1080, 0x1080, 0x1080, 0x1080, 0x1080, 0x1080, 0x1080, 0x1080, 0x1080, 0x1080, 0x1080, 0x28e1,
    0x28e1, 0x4da1, 0x4da1, 0x4da1, 0x4da1, 0x5262, 0x4da1, 0x4da1, 0x4da1, 0x5262, 0x5262, 0x5262,
    0x5262, 0x6aa2, 0x6aa2, 0x6aa2, 0x7742, 0x7742, 0x7742, 0x7742, 0x7742, 0x7742, 0x7742, 0x7742,
    0x28e1, 0x7742, 0x7742, 0x7742, 0x7742, 0x7742, 0x6aa2, 0x4da1, 0x3161, 0x28e1, 0x1080, 0x1080,
    0x1080, 0x1080, 0x1080, 0x1080, 0x1961, 0x1e20, 0x1e20, 0x3262, 0x3262, 0x3262, 0x3262, 0x3262,
    0x3262, 0x3262, 0x1e20, 0x1961, 0x1080, 0x1080, 0x1080, 0x1080, 0x1080, 0x1080, 0x1080, 0x1080,
    0x1080, 0x1080, 0x1080, 0x1080, 0x1080, 0x1080, 0x1080, 0x1080, 0x1080, 0x1080, 0x1080, 0x1080,
    0x1080, 0x1080, 0x1080, 0x1080, 0x1080, 0x1080, 0x1080, 0x1080, 0x1080, 0x1080, 0x1080, 0x1080,
    0x28e1, 0x28e1, 0x28e1, 0x28e1, 0x1080, 0x28e1, 0x3161, 0x5262, 0x5262, 0x7742, 0x7742, 0x5262,
    0x3262, 0x3262, 0x3262, 0x5262, 0x7742, 0x7742, 0x7ffd, 0x7ffd, 0x7ffd, 0x7ffd, 0x7ffd, 0x7ffd,
    0x7ffd, 0x7ffd, 0x7ffd, 0x7ffd, 0x7bd4, 0x7742, 0x7742, 0x3262, 0x3262, 0x1e20, 0x1e20, 0x5262,
    0x7742, 0x7742, 0x3262, 0x3161, 0x1080, 0x1080, 0x1080, 0x1080, 0x1080, 0x1080, 0x1080, 0x1080,
    0x1080, 0x1080, 0x1080, 0x1080, 0x1080, 0x1080, 0x1080, 0x1080, 0x1080, 0x1080, 0x1080, 0x1080,
    0x1080, 0x1080, 0x1080, 0x1080, 0x1080, 0x1080, 0x1080, 0x1080, 0x1080, 0x1080, 0x1080, 0x1080,
    0x1080, 0x1080, 0x1080, 0x1080, 0x1080, 0x1080, 0x1080, 0x1080, 0x1080, 0x1080, 0x1e20, 0x1e20,
    0x1e20, 0x3262, 0x3262, 0x3262, 0x3262, 0x3262, 0x3262, 0x1e20, 0x1e20, 0x1961, 0x1080, 0x1080,
    0x1080, 0x1080, 0x1080, 0x1080, 0x1080, 0x28e1, 0x4da1, 0x5262, 0x7742, 0x7742, 0x7742, 0x4da1,
    0x7742, 0x7742, 0x7742, 0x7742, 0x7742, 0x7742, 0x7742, 0x7742, 0x7742, 0x6aa2, 0x6aa2, 0x5262,
    0x5262, 0x5262, 0x4da1, 0x4da1, 0x4da1, 0x4da1, 0x4da1, 0x4da1, 0x4da1, 0x4da1, 0x4da1, 0x28e1,
    0x28e1, 0x28e1, 0x1080, 0x1080, 0x1080, 0x1080, 0x1080, 0x1080, 0x1080, 0x1080, 0x1080, 0x1080,
    0x1080, 0x1080, 0x1080, 0x1080, 0x1080, 0x1080, 0x1080, 0x1080, 0x1080, 0x1080, 0x1080, 0x28e1,
    0x28e1, 0x3161, 0x4da1, 0x4da1, 0x4da1, 0x5262, 0x4da1, 0x4da1, 0x4da1, 0x5262, 0x5262, 0x5262,
    0x5262, 0x6aa2, 0x6aa2, 0x6aa2, 0x7742, 0x7742, 0x7742, 0x7742, 0x7742, 0x7742, 0x7742, 0x7742,
    0x7742, 0x28e1, 0x7742, 0x7742, 0x7742, 0x7742, 0x6aa2, 0x4da1, 0x3161, 0x28e1, 0x1080, 0x1080,
    0x1080, 0x1080, 0x1080, 0x1080, 0x1961, 0x1e20, 0x3262, 0x3262, 0x3262, 0x3262, 0x3262, 0x3262,
    0x3262, 0x1e20, 0x1961, 0x1080, 0x1080, 0x1080, 0x1080, 0x1080, 0x1080, 0x1080, 0x1080, 0x1080,
    0x1080, 0x1080, 0x1080, 0x1080, 0x3161, 0x1080, 0x1080, 0x1080, 0x1080, 0x28e1, 0x28e1, 0x1080,
    0x1080, 0x1080, 0x1080, 0x1080, 0x1080, 0x1080, 0x1080, 0x1080, 0x1080, 0x1080, 0x1080, 0x1080,
    0x1080, 0x1080, 0x1080, 0x28e1, 0x1080, 0x1080, 0x1080, 0x28e1, 0x28e1, 0x5262, 0x5262, 0x7742,
    0x7742, 0x5262, 0x1e20, 0x1e20, 0x3262, 0x3262, 0x7742, 0x7742, 0x7bd4, 0x7ffd, 0x7ffd, 0x7ffd,
    0x7ffd, 0x7ffd, 0x7bd4, 0x7742, 0x5262, 0x3262, 0x1e20, 0x1e20, 0x3262, 0x5262, 0x7742, 0x5262,
    0x3262, 0x3161, 0x1080, 0x1080, 0x1080, 0x1080, 0x1080, 0x1080, 0x1080, 0x1080, 0x1080, 0x1080,
    0x1080, 0x1080, 0x1080, 0x1080, 0x1080, 0x1080, 0x1080, 0x1080, 0x1080, 0x1080, 0x28e1, 0x28e1,
    0x28e1, 0x3161, 0x1080, 0x1080, 0x1080, 0x1080, 0x1080, 0x28e1, 0x1080, 0x1080, 0x1080, 0x1080,
    0x1080, 0x1080, 0x1080, 0x1080, 0x1080, 0x1080, 0x1080, 0x1080, 0x1080, 0x1961, 0x1961, 0x1e20,
    0x1e20, 0x1e20, 0x3262, 0x3262, 0x3262, 0x3262, 0x3262, 0x1e20, 0x1e20, 0x1e20, 0x1961, 0x1961,
    0x1080, 0x1080, 0x1080, 0x28e1, 0x28e1, 0x28e1, 0x28e1, 0x4da1, 0x5262, 0x7742, 0x4da1, 0x7742,
    0x7742, 0x7742, 0x7742, 0x7742, 0x7742, 0x7742, 0x7742, 0x7742, 0x7742, 0x6aa2, 0x6aa2, 0x5262,
    0x5262, 0x5262, 0x4da1, 0x4da1, 0x4da1, 0x4da1, 0x4da1, 0x3161, 0x28e1, 0x28e1, 0x28e1, 0x28e1,
    0x28e1, 0x1080, 0x1080, 0x1080, 0x1080, 0x1080, 0x1080, 0x1080, 0x1080, 0x1080, 0x1080, 0x1080,
    0x1080, 0x1080, 0x1080, 0x1080, 0x1080, 0x1080, 0x1080, 0x1080, 0x1080, 0x1080, 0x1080, 0x28e1,
    0x28e1, 0x28e1, 0x4da1, 0x4da1, 0x5262, 0x6aa2, 0x6aa2, 0x5262, 0x5262, 0x5262, 0x5262, 0x5262,
    0x5262, 0x6aa2, 0x6aa2, 0x7742, 0x7742, 0x7742, 0x7742, 0x7742, 0x7742, 0x7742, 0x7742, 0x7742,
    0x7742, 0x7742, 0x4da1, 0x7742, 0x7742, 0x6aa2, 0x6aa2, 0x4da1, 0x3161, 0x28e1, 0x28e1, 0x1080,
    0x1080, 0x1080, 0x1961, 0x1961, 0x1e20, 0x1e20, 0x3262, 0x3262, 0x3262, 0x3262, 0x3262, 0x1e20,
    0x1e20, 0x1961, 0x1080, 0x1080, 0x1080, 0x1080, 0x1080, 0x1080, 0x1080, 0x1080, 0x1080, 0x1080,
    0x1080, 0x1080, 0x1080, 0x1080, 0x1080, 0x1080, 0x28e1, 0x1080, 0x28e1, 0x28e1, 0x4da1, 0x28e1,
    0x28e1, 0x28e1, 0x28e1, 0x1080, 0x1080, 0x1080, 0x1080, 0x1080, 0x1080, 0x1080, 0x1080, 0x1080,
    0x1080, 0x1080, 0x1080, 0x1080, 0x1080, 0x28e1, 0x1080, 0x28e1, 0x28e1, 0x28e1, 0x28e1, 0x3161,
    0x3262, 0x7742, 0x7742, 0x7742, 0x3262, 0x1e20, 0x1e20, 0x3262, 0x3262, 0x7742, 0x736c, 0x7ffd,
    0x736c, 0x6aa2, 0x3262, 0x3262, 0x1e20, 0x1e20, 0x1e20, 0x7742, 0x7742, 0x3262, 0x1961, 0x1080,
    0x1080, 0x1080, 0x1080, 0x1080, 0x1080, 0x1080, 0x1080, 0x1080, 0x1080, 0x1080, 0x1080, 0x1080,
    0x1080, 0x1080, 0x1080, 0x1080, 0x1080, 0x1080, 0x1080, 0x28e1, 0x3161, 0x7742, 0x7742, 0x7742,
    0x7742, 0x7742, 0x4da1, 0x1080, 0x1080, 0x28e1, 0x1080, 0x1080, 0x1080, 0x1080, 0x1080, 0x1080,
    0x1080, 0x1080, 0x1080, 0x1080, 0x1080, 0x1080, 0x1080, 0x1080, 0x1080, 0x1080, 0x1961, 0x1e20,
    0x1e20, 0x1e20, 0x3262, 0x3262, 0x3262, 0x3262, 0x3262, 0x3262, 0x3262, 0x1e20, 0x1e20, 0x1961,
    0x3161, 0x3161, 0x28e1, 0x3161, 0x28e1, 0x3161, 0x4da1, 0x5262, 0x5262, 0x4da1, 0x7742, 0x7742,
    0x7742, 0x7742, 0x7742, 0x7742, 0x7742, 0x7742, 0x7742, 0x7742, 0x7742, 0x6aa2, 0x6aa2, 0x5262,
    0x5262, 0x5262, 0x4da1, 0x4da1, 0x4da1, 0x4da1, 0x4da1, 0x28e1, 0x28e1, 0x3161, 0x28e1, 0x28e1,
    0x28e1, 0x1080, 0x1080, 0x1080, 0x1080, 0x1080, 0x1080, 0x1080, 0x1080, 0x1080, 0x1080, 0x1080,
    0x1080, 0x1080, 0x1080, 0x1080, 0x1080, 0x1080, 0x1080, 0x1080, 0x1080, 0x1080, 0x1080, 0x1080,
    0x28e1, 0x28e1, 0x4da1, 0x4da1, 0x6aa2, 0x6aa2, 0x6aa2, 0x6aa2, 0x5262, 0x5262, 0x5262, 0x5262,
    0x6aa2, 0x6aa2, 0x7742, 0x7742, 0x7742, 0x7742, 0x7742, 0x7742, 0x7742, 0x7742, 0x7742, 0x7742,
    0x7742, 0x7742, 0x4da1, 0x6aa2, 0x6aa2, 0x6aa2, 0x6aa2, 0x4da1, 0x28e1, 0x28e1, 0x28e1, 0x1080,
    0x1080, 0x1080, 0x1961, 0x1961, 0x1e20, 0x1e20, 0x3262, 0x3262, 0x3262, 0x3262, 0x3262, 0x1e20,
    0x1e20, 0x1080, 0x1080, 0x1080, 0x1080, 0x1080, 0x1080, 0x1080, 0x1080, 0x1080, 0x1080, 0x1080,
    0x1080, 0x1080, 0x1080, 0x1080, 0x1080, 0x1080, 0x1080, 0x3161, 0x1080, 0x28e1, 0x4da1, 0x7742,
    0x7742, 0x4da1, 0x4da1, 0x28e1, 0x28e1, 0x1080, 0x28e1, 0x1080, 0x1080, 0x1080, 0x1080, 0x1080,
    0x1080, 0x1080, 0x1080, 0x1080, 0x1080, 0x1080, 0x1080, 0x1080, 0x1080, 0x1080, 0x1080, 0x1080,
    0x1080, 0x1961, 0x3262, 0x7742, 0x7742, 0x7742, 0x3262, 0x1e20, 0x1e20, 0x3262, 0x3262, 0x7742,
    0x3262, 0x3262, 0x1e20, 0x1e20, 0x1e20, 0x7742, 0x7742, 0x3262, 0x1e20, 0x1080, 0x1080, 0x1080,
    0x1080, 0x1080, 0x1080, 0x1080, 0x1080, 0x1080, 0x1080, 0x1080, 0x1080, 0x1080, 0x1080, 0x1080,
    0x1080, 0x1080, 0x1080, 0x1080, 0x1080, 0x3161, 0x4da1, 0x7742, 0x6aa2, 0x7742, 0x4da1, 0x6aa2,
    0x28e1, 0x4da1, 0x28e1, 0x28e1, 0x28e1, 0x1080, 0x1080, 0x1080, 0x1080, 0x1080, 0x1080, 0x1080,
    0x1080, 0x1080, 0x1080, 0x1080, 0x1080, 0x1080, 0x1080, 0x1080, 0x1080, 0x1961, 0x1961, 0x1961,
    0x1e20, 0x1e20, 0x3262, 0x3262, 0x3262, 0x3262, 0x3262, 0x3262, 0x3262, 0x1e20, 0x1e20, 0x3262,
    0x1961, 0x1961, 0x3161, 0x28e1, 0x28e1, 0x4da1, 0x4da1, 0x4da1, 0x4da1, 0x6aa2, 0x7742, 0x7742,
    0x7742, 0x7742, 0x7742, 0x7742, 0x7742, 0x7742, 0x7742, 0x7742, 0x7742, 0x7742, 0x6aa2, 0x6aa2,
    0x6aa2, 0x5262, 0x4da1, 0x4da1, 0x4da1, 0x4da1, 0x4da1, 0x4da1, 0x3161, 0x28e1, 0x28e1, 0x28e1,
    0x28e1, 0x1080, 0x1080, 0x1080, 0x1080, 0x1080, 0x1080, 0x1080, 0x1080, 0x1080, 0x1080, 0x1080,
    0x1080, 0x1080, 0x1080, 0x1080, 0x1080, 0x1080, 0x1080, 0x1080, 0x1080, 0x1080, 0x1080, 0x1080,
    0x28e1, 0x28e1, 0x4da1, 0x4da1, 0x6aa2, 0x6aa2, 0x6aa2, 0x6aa2, 0x6aa2, 0x6aa2, 0x6aa2, 0x6aa2,
    0x6aa2, 0x6aa2, 0x7742, 0x7742, 0x7742, 0x7742, 0x7742, 0x7742, 0x7742, 0x7742, 0x7742, 0x7742,
    0x7742, 0x7742, 0x7742, 0x1080, 0x6aa2, 0x4da1, 0x4da1, 0x4da1, 0x28e1, 0x28e1, 0x28e1, 0x1961,
    0x3161, 0x3262, 0x1e20, 0x1e20, 0x1e20, 0x3262, 0x3262, 0x3262, 0x3262, 0x3262, 0x3262, 0x1e20,
    0x1e20, 0x1961, 0x1080, 0x1080, 0x1080, 0x1080, 0x1080, 0x1080, 0x1080, 0x1080, 0x1080, 0x1080,
    0x1080, 0x1080, 0x1080, 0x1080, 0x1080, 0x1080, 0x28e1, 0x1080, 0x1080, 0x28e1, 0x6aa2, 0x7742,
    0x7742, 0x7742, 0x7742, 0x7742, 0x7742, 0x4da1, 0x28e1, 0x1080, 0x1080, 0x1080, 0x1080, 0x1080,
    0x1080, 0x1080, 0x1080, 0x1080, 0x1080, 0x1080, 0x1080, 0x1080, 0x1080, 0x1080, 0x1080, 0x1080,
    0x1080, 0x1080, 0x1080, 0x1961, 0x1e20, 0x5262, 0x7742, 0x7742, 0x3262, 0x1e20, 0x1e20, 0x3262,
    0x1961, 0x1e20, 0x3262, 0x7742, 0x7742, 0x1961, 0x1961, 0x1080, 0x1080, 0x1080, 0x1080, 0x1080,
    0x1080, 0x1080, 0x1080, 0x1080, 0x1080, 0x1080, 0x1080, 0x1080, 0x1080, 0x1080, 0x1080, 0x1080,
    0x1080, 0x1080, 0x1080, 0x1080, 0x28e1, 0x4da1, 0x7742, 0x7742, 0x7742, 0x7742, 0x7742, 0x7742,
    0x7742, 0x6aa2, 0x4da1, 0x4da1, 0x28e1, 0x1080, 0x1080, 0x1080, 0x1080, 0x1080, 0x1080, 0x1080,
    0x1080, 0x1080, 0x1080, 0x1080, 0x1080, 0x1080, 0x1080, 0x1080, 0x1080, 0x1961, 0x1080, 0x1080,
    0x1961, 0x1961, 0x1e20, 0x1e20, 0x1e20, 0x1e20, 0x3262, 0x3262, 0x3262, 0x3262, 0x1e20, 0x1961,
    0x1961, 0x1961, 0x1080, 0x28e1, 0x28e1, 0x28e1, 0x28e1, 0x3161, 0x1080, 0x4da1, 0x5262, 0x6aa2,
    0x6aa2, 0x6aa2, 0x6aa2, 0x6aa2, 0x6aa2, 0x5262, 0x5262, 0x6aa2, 0x5262, 0x5262, 0x5262, 0x4da1,
    0x4da1, 0x4da1, 0x4da1, 0x4da1, 0x4da1, 0x4da1, 0x4da1, 0x3161, 0x3161, 0x28e1, 0x28e1, 0x28e1,
    0x1080, 0x1080, 0x1080, 0x1080, 0x1080, 0x1080, 0x1080, 0x1080, 0x1080, 0x1080, 0x1080, 0x1080,
    0x1080, 0x1080, 0x1080, 0x1080, 0x1080, 0x1080, 0x1080, 0x1080, 0x1080, 0x1080, 0x1080, 0x1080,
    0x1080, 0x1080, 0x28e1, 0x28e1, 0x28e1, 0x3161, 0x4da1, 0x3161, 0x3161, 0x3161, 0x4da1, 0x4da1,
    0x4da1, 0x4da1, 0x4da1, 0x5262, 0x6aa2, 0x6aa2, 0x6aa2, 0x6aa2, 0x6aa2, 0x6aa2, 0x6aa2, 0x6aa2,
    0x6aa2, 0x4da1, 0x4da1, 0x4da1, 0x1080, 0x28e1, 0x28e1, 0x28e1, 0x28e1, 0x28e1, 0x28e1, 0x1961,
    0x1961, 0x1e20, 0x1e20, 0x1e20, 0x1e20, 0x3262, 0x3262, 0x1e20, 0x1e20, 0x1e20, 0x1e20, 0x1e20,
    0x1e20, 0x1961, 0x1080, 0x1080, 0x1080, 0x1080, 0x1080, 0x1080, 0x1080, 0x1080, 0x1080, 0x1080,
    0x1080, 0x1080, 0x1080, 0x1080, 0x1080, 0x28e1, 0x28e1, 0x3161, 0x4da1, 0x28e1, 0x4da1, 0x4da1,
    0x7742, 0x7742, 0x7742, 0x7742, 0x7742, 0x7742, 0x4da1, 0x4da1, 0x28e1, 0x1080, 0x1080, 0x1080,
    0x1080, 0x1080, 0x1080, 0x1080, 0x1080, 0x1080, 0x1080, 0x1080, 0x1080, 0x1080, 0x1080, 0x1080,
    0x1080, 0x1080, 0x1080, 0x1080, 0x1080, 0x1961, 0x1961, 0x3262, 0x7742, 0x7742, 0x5262, 0x1e20,
    0x3262, 0x7742, 0x3262, 0x1961, 0x1961, 0x1080, 0x1080, 0x1080, 0x1080, 0x1080, 0x1080, 0x1080,
    0x1080, 0x1080, 0x1080, 0x1080, 0x1080, 0x1080, 0x1080, 0x1080, 0x1080, 0x1080, 0x1080, 0x1080,
    0x1080, 0x1080, 0x1080, 0x28e1, 0x4da1, 0x7742, 0x7742, 0x7742, 0x7742, 0x7742, 0x7742, 0x7742,
    0x6aa2, 0x7742, 0x7742, 0x6aa2, 0x6aa2, 0x6aa2, 0x6aa2, 0x4da1, 0x4da1, 0x5262, 0x1080, 0x3161,
    0x1080, 0x1080, 0x1080, 0x1080, 0x1080, 0x1080, 0x1080, 0x1080, 0x1961, 0x1080, 0x1080, 0x1080,
    0x1961, 0x1961, 0x1e20, 0x1e20, 0x1e20, 0x3262, 0x3262, 0x3262, 0x3262, 0x3262, 0x1e20, 0x1e20,
    0x1961, 0x1961, 0x1961, 0x28e1, 0x28e1, 0x3161, 0x3161, 0x1080, 0x4da1, 0x4da1, 0x4da1, 0x6aa2,
    0x7742, 0x7742, 0x7742, 0x7742, 0x7742, 0x7742, 0x7742, 0x7742, 0x7742, 0x7742, 0x6aa2, 0x6aa2,
    0x6aa2, 0x5262, 0x5262, 0x5262, 0x4da1, 0x4da1, 0x4da1, 0x4da1, 0x4da1, 0x4da1, 0x28e1, 0x28e1,
    0x1080, 0x1080, 0x1080, 0x1080, 0x1080, 0x1080, 0x1080, 0x1080, 0x1080, 0x1080, 0x1080, 0x1080,
    0x1080, 0x1080, 0x1080, 0x1080, 0x1080, 0x1080, 0x1080, 0x1080, 0x1080, 0x1080, 0x1080, 0x1080,
    0x1080, 0x1080, 0x28e1, 0x3161, 0x4da1, 0x6aa2, 0x6aa2, 0x6aa2, 0x5262, 0x5262, 0x5262, 0x5262,
    0x5262, 0x6aa2, 0x7742, 0x7742, 0x7742, 0x7742, 0x7742, 0x7742, 0x7742, 0x7742, 0x7742, 0x7742,
    0x6aa2, 0x7742, 0x6aa2, 0x5262, 0x3161, 0x3161, 0x28e1, 0x28e1, 0x28e1, 0x28e1, 0x28e1, 0x1961,
    0x1961, 0x1e20, 0x1e20, 0x1e20, 0x3262, 0x3262, 0x3262, 0x3262, 0x3262, 0x1e20, 0x1e20, 0x1961,
    0x1e20, 0x1080, 0x1080, 0x1080, 0x1080, 0x1080, 0x1080, 0x1080, 0x1080, 0x1080, 0x1080, 0x1080,
    0x1080, 0x1080, 0x1080, 0x1080, 0x28e1, 0x1080, 0x28e1, 0x28e1, 0x4da1, 0x7742, 0x6aa2, 0x6aa2,
    0x4da1, 0x7742, 0x7742, 0x7742, 0x7742, 0x7742, 0x7742, 0x6aa2, 0x28e1, 0x28e1, 0x1080, 0x1080,
    0x1080, 0x1080, 0x1080, 0x1080, 0x1080, 0x1080, 0x1080, 0x1080, 0x1080, 0x1080, 0x1080, 0x1080,
    0x1080, 0x1080, 0x1080, 0x1080, 0x1080, 0x1080, 0x1080, 0x1080, 0x1961, 0x3262, 0x7742, 0x7742,
    0x3262, 0x1e20, 0x1961, 0x1080, 0x1080, 0x1080, 0x1080, 0x1080, 0x1080, 0x1080, 0x1080, 0x1080,
    0x1080, 0x1080, 0x1080, 0x1080, 0x1080, 0x1080, 0x1080, 0x1080, 0x1080, 0x1080, 0x1080, 0x1080,
    0x1080, 0x1080, 0x28e1, 0x4da1, 0x7742, 0x7742, 0x7742, 0x7742, 0x7742, 0x7742, 0x7742, 0x7742,
    0x7742, 0x7742, 0x7742, 0x7742, 0x7742, 0x7742, 0x7742, 0x736c, 0x6aa2, 0x28e1, 0x1080, 0x1080,
    0x1080, 0x1080, 0x1080, 0x1080, 0x1080, 0x28e1, 0x1080, 0x1080, 0x1080, 0x1080, 0x1080, 0x1080,
    0x1080, 0x1961, 0x1961, 0x1e20, 0x1e20, 0x1e20, 0x3262, 0x3262, 0x3262, 0x3262, 0x1e20, 0x1e20,
    0x1961, 0x1961, 0x1961, 0x1080, 0x28e1, 0x28e1, 0x1080, 0x3161, 0x4da1, 0x5262, 0x6aa2, 0x6aa2,
    0x7742, 0x7742, 0x7742, 0x7742, 0x6aa2, 0x6aa2, 0x4da1, 0x4da1, 0x4da1, 0x4da1, 0x6aa2, 0x6aa2,
    0x5262, 0x4da1, 0x4da1, 0x4da1, 0x4da1, 0x6aa2, 0x6aa2, 0x4da1, 0x4da1, 0x28e1, 0x28e1, 0x28e1,
    0x1080, 0x1080, 0x1080, 0x1080, 0x1080, 0x1080, 0x1080, 0x1080, 0x1080, 0x1080, 0x1080, 0x1080,
    0x1080, 0x1080, 0x1080, 0x1080, 0x1080, 0x1080, 0x1080, 0x1080, 0x1080, 0x1080, 0x1080, 0x1080,
    0x1080, 0x1080, 0x28e1, 0x28e1, 0x4da1, 0x6aa2, 0x5262, 0x6aa2, 0x6aa2, 0x4da1, 0x4da1, 0x3161,
    0x4da1, 0x6aa2, 0x5262, 0x7742, 0x7742, 0x7742, 0x7742, 0x7742, 0x7742, 0x7742, 0x7742, 0x7742,
    0x7742, 0x7742, 0x6aa2, 0x5262, 0x4da1, 0x1080, 0x3161, 0x1080, 0x1080, 0x1080, 0x28e1, 0x1961,
    0x1961, 0x1e20, 0x1e20, 0x1e20, 0x3262, 0x3262, 0x3262, 0x3262, 0x1e20, 0x1e20, 0x1961, 0x1080,
    0x1080, 0x1080, 0x1080, 0x1080, 0x1080, 0x28e1, 0x1080, 0x1080, 0x1080, 0x1080, 0x28e1, 0x1080,
    0x1080, 0x1080, 0x1080, 0x28e1, 0x28e1, 0x1080, 0x28e1, 0x4da1, 0x6aa2, 0x7742, 0x7742, 0x7742,
    0x7742, 0x7742, 0x7742, 0x7742, 0x7742, 0x7742, 0x7742, 0x7742, 0x6aa2, 0x4da1, 0x28e1, 0x1080,
    0x1080, 0x1080, 0x1080, 0x1080, 0x1080, 0x1080, 0x1080, 0x1080, 0x1080, 0x1080, 0x1080, 0x1080,
    0x1080, 0x1080, 0x1080, 0x1080, 0x1080, 0x1080, 0x1080, 0x1080, 0x1080, 0x1080, 0x1961, 0x1e20,
    0x1080, 0x1080, 0x1080, 0x1080, 0x1080, 0x1080, 0x1080, 0x1080, 0x1080, 0x1080, 0x1080, 0x1080,
    0x1080, 0x1080, 0x1080, 0x1080, 0x1080, 0x1080, 0x1080, 0x1080, 0x1080, 0x1080, 0x1080, 0x1080,
    0x1080, 0x1080, 0x28e1, 0x6aa2, 0x6aa2, 0x7742, 0x7742, 0x7742, 0x7742, 0x7742, 0x7742, 0x7742,
    0x7742, 0x7742, 0x7742, 0x7742, 0x7742, 0x4da1, 0x28e1, 0x1080, 0x1080, 0x1080, 0x4da1, 0x4da1,
    0x5262, 0x28e1, 0x1080, 0x1080, 0x28e1, 0x28e1, 0x1080, 0x1080, 0x1080, 0x1080, 0x1080, 0x1080,
    0x1080, 0x1961, 0x1e20, 0x1e20, 0x1e20, 0x1e20, 0x3262, 0x3262, 0x3262, 0x3262, 0x3262, 0x3262,
    0x1e20, 0x1961, 0x1961, 0x1961, 0x28e1, 0x1080, 0x3161, 0x3161, 0x4da1, 0x4da1, 0x5262, 0x6aa2,
    0x6aa2, 0x6aa2, 0x7742, 0x7742, 0x7742, 0x6aa2, 0x6aa2, 0x6aa2, 0x6aa2, 0x6aa2, 0x6aa2, 0x6aa2,
    0x5262, 0x5262, 0x5262, 0x4da1, 0x4da1, 0x6aa2, 0x6aa2, 0x4da1, 0x4da1, 0x28e1, 0x28e1, 0x1080,
    0x1080, 0x1080, 0x1080, 0x1080, 0x1080, 0x1080, 0x1080, 0x1080, 0x1080, 0x1080, 0x1080, 0x1080,
    0x1080, 0x1080, 0x1080, 0x1080, 0x1080, 0x1080, 0x1080, 0x1080, 0x1080, 0x1080, 0x1080, 0x1080,
    0x1080, 0x1080, 0x1080, 0x28e1, 0x28e1, 0x4da1, 0x4da1, 0x4da1, 0x5262, 0x6aa2, 0x6aa2, 0x4da1,
    0x4da1, 0x6aa2, 0x7742, 0x7742, 0x7742, 0x7742, 0x7742, 0x7742, 0x7742, 0x7742, 0x6aa2, 0x6aa2,
    0x6aa2, 0x6aa2, 0x6aa2, 0x5262, 0x4da1, 0x4da1, 0x1080, 0x1080, 0x1080, 0x1080, 0x1080, 0x1961,
    0x1961, 0x1e20, 0x1e20, 0x1e20, 0x3262, 0x3262, 0x3262, 0x3262, 0x1e20, 0x1e20, 0x1961, 0x1080,
    0x1080, 0x1080, 0x1080, 0x1080, 0x1080, 0x1080, 0x1080, 0x1080, 0x1080, 0x1080, 0x1080, 0x28e1,
    0x1080, 0x1080, 0x1080, 0x28e1, 0x28e1, 0x4da1, 0x4da1, 0x6aa2, 0x7742, 0x7742, 0x7742, 0x7742,
    0x7742, 0x7742, 0x7742, 0x7742, 0x7742, 0x7742, 0x7742, 0x7742, 0x4da1, 0x4da1, 0x1080, 0x1080,
    0x1080, 0x1080, 0x1080, 0x1080, 0x1080, 0x1080, 0x1080, 0x1080, 0x1080, 0x1080, 0x1080, 0x1080,
    0x1080, 0x1080, 0x1080, 0x1080, 0x1080, 0x1080, 0x1080, 0x1080, 0x1080, 0x1080, 0x1080, 0x1080,
    0x1080, 0x1080, 0x1080, 0x1080, 0x1080, 0x1080, 0x1080, 0x1080, 0x1080, 0x1080, 0x1080, 0x1080,
    0x1080, 0x1080, 0x1080, 0x1080, 0x1080, 0x1080, 0x1080, 0x1080, 0x1080, 0x1080, 0x1080, 0x3161,
    0x28e1, 0x1080, 0x4da1, 0x4da1, 0x7742, 0x7742, 0x7742, 0x7742, 0x736c, 0x7742, 0x7742, 0x7742,
    0x7742, 0x7742, 0x7742, 0x7742, 0x7742, 0x7742, 0x4da1, 0x1080, 0x1080, 0x28e1, 0x3161, 0x4da1,
    0x1080, 0x1080, 0x1080, 0x4da1, 0x28e1, 0x1080, 0x1080, 0x1080, 0x1080, 0x1080, 0x1080, 0x1080,
    0x1080, 0x1961, 0x1961, 0x1e20, 0x1e20, 0x1e20, 0x1e20, 0x3262, 0x3262, 0x3262, 0x1e20, 0x3262,
    0x1e20, 0x1e20, 0x1961, 0x1961, 0x28e1, 0x1080, 0x3161, 0x3161, 0x4da1, 0x4da1, 0x4da1, 0x5262,
    0x6aa2, 0x6aa2, 0x6aa2, 0x7742, 0x7742, 0x7742, 0x7742, 0x7742, 0x7742, 0x7742, 0x7742, 0x6aa2,
    0x6aa2, 0x6aa2, 0x6aa2, 0x6aa2, 0x6aa2, 0x6aa2, 0x6aa2, 0x4da1, 0x3161, 0x28e1, 0x1080, 0x1080,
    0x1080, 0x1080, 0x1080, 0x1080, 0x1080, 0x1080, 0x1080, 0x1080, 0x1080, 0x1080, 0x1080, 0x1080,
    0x1080, 0x1080, 0x1080, 0x1080, 0x1080, 0x1080, 0x1080, 0x1080, 0x1080, 0x1080, 0x1080, 0x1080,
    0x1080, 0x1080, 0x1080, 0x28e1, 0x3161, 0x4da1, 0x5262, 0x6aa2, 0x6aa2, 0x6aa2, 0x6aa2, 0x6aa2,
    0x6aa2, 0x7742, 0x7742, 0x7742, 0x7742, 0x6aa2, 0x6aa2, 0x6aa2, 0x6aa2, 0x7742, 0x7742, 0x6aa2,
    0x6aa2, 0x6aa2, 0x4da1, 0x4da1, 0x4da1, 0x28e1, 0x4da1, 0x1080, 0x28e1, 0x1080, 0x1961, 0x1961,
    0x1e20, 0x1e20, 0x1e20, 0x1e20, 0x3262, 0x3262, 0x3262, 0x1e20, 0x1e20, 0x1e20, 0x1961, 0x1080,
    0x1080, 0x1080, 0x1080, 0x1080, 0x1080, 0x1080, 0x1080, 0x1080, 0x1080, 0x1080, 0x1080, 0x1080,
    0x1080, 0x1080, 0x1080, 0x28e1, 0x4da1, 0x4da1, 0x6aa2, 0x6aa2, 0x7742, 0x7742, 0x7742, 0x7742,
    0x7742, 0x7742, 0x7742, 0x7742, 0x736c, 0x6aa2, 0x7742, 0x7742, 0x4da1, 0x28e1, 0x28e1, 0x1080,
    0x1080, 0x1080, 0x1080, 0x1080, 0x1080, 0x1080, 0x1080, 0x1080, 0x1080, 0x1080, 0x1080, 0x1080,
    0x1080, 0x1080, 0x1080, 0x1080, 0x1080, 0x1080, 0x1080, 0x1080, 0x1080, 0x1080, 0x1080, 0x1080,
    0x1080, 0x1080, 0x1080, 0x1080, 0x1080, 0x1080, 0x1080, 0x1080, 0x1080, 0x1080, 0x1080, 0x1080,
    0x1080, 0x1080, 0x1080, 0x1080, 0x1080, 0x1080, 0x1080, 0x1080, 0x1080, 0x1080, 0x1080, 0x1080,
    0x1080, 0x28e1, 0x4da1, 0x6aa2, 0x7742, 0x7742, 0x7742, 0x736c, 0x7bd4, 0x736c, 0x7742, 0x7742,
    0x7742, 0x7742, 0x7742, 0x6aa2, 0x6aa2, 0x28e1, 0x28e1, 0x28e1, 0x4da1, 0x6aa2, 0x4da1, 0x4da1,
    0x28e1, 0x1080, 0x28e1, 0x1080, 0x1080, 0x1080, 0x1080, 0x1080, 0x1080, 0x1080, 0x1080, 0x1080,
    0x1080, 0x1961, 0x1080, 0x1961, 0x1961, 0x1e20, 0x1e20, 0x1e20, 0x3262, 0x3262, 0x1e20, 0x3262,
    0x3262, 0x1e20, 0x1961, 0x1080, 0x1080, 0x4da1, 0x4da1, 0x4da1, 0x4da1, 0x4da1, 0x4da1, 0x5262,
    0x6aa2, 0x6aa2, 0x6aa2, 0x6aa2, 0x6aa2, 0x7742, 0x7742, 0x7742, 0x6aa2, 0x6aa2, 0x6aa2, 0x6aa2,
    0x6aa2, 0x6aa2, 0x6aa2, 0x6aa2, 0x6aa2, 0x6aa2, 0x6aa2, 0x4da1, 0x28e1, 0x28e1, 0x1080, 0x1080,
    0x1080, 0x1080, 0x1080, 0x1080, 0x1080, 0x1080, 0x1080, 0x1080, 0x1080, 0x1080, 0x1080, 0x1080,
    0x1080, 0x1080, 0x1080, 0x1080, 0x1080, 0x1080, 0x1080, 0x1080, 0x1080, 0x1080, 0x1080, 0x1080,
    0x1080, 0x1080, 0x1080, 0x28e1, 0x3161, 0x4da1, 0x4da1, 0x4da1, 0x6aa2, 0x6aa2, 0x6aa2, 0x6aa2,
    0x6aa2, 0x6aa2, 0x6aa2, 0x6aa2, 0x6aa2, 0x4da1, 0x4da1, 0x4da1, 0x5262, 0x4da1, 0x4da1, 0x6aa2,
    0x5262, 0x4da1, 0x4da1, 0x4da1, 0x4da1, 0x3161, 0x28e1, 0x1080, 0x1080, 0x1961, 0x1961, 0x1e20,
    0x1e20, 0x1e20, 0x1e20, 0x1e20, 0x3262, 0x1e20, 0x1e20, 0x1e20, 0x1e20, 0x1961, 0x1080, 0x1080,
    0x1080, 0x1080, 0x1080, 0x1080, 0x1080, 0x1080, 0x1080, 0x1080, 0x1080, 0x1080, 0x1080, 0x1080,
    0x1080, 0x1080, 0x28e1, 0x28e1, 0x4da1, 0x6aa2, 0x6aa2, 0x7742, 0x7742, 0x7742, 0x7742, 0x7742,
    0x7742, 0x7742, 0x7742, 0x736c, 0x736c, 0x736c, 0x7742, 0x7742, 0x4da1, 0x28e1, 0x28e1, 0x1080,
    0x1080, 0x1080, 0x1080, 0x1080, 0x1080, 0x1080, 0x1080, 0x1080, 0x1080, 0x1080, 0x1080, 0x1080,
    0x1080, 0x1080, 0x1080, 0x1080, 0x1080, 0x1080, 0x1080, 0x1080, 0x1080, 0x1080, 0x1080, 0x1080,
    0x1080, 0x1080, 0x1080, 0x1080, 0x1080, 0x1080, 0x1080, 0x1080, 0x1080, 0x1080, 0x1080, 0x1080,
    0x1080, 0x1080, 0x1080, 0x1080, 0x1080, 0x1080, 0x1080, 0x1080, 0x1080, 0x1080, 0x1080, 0x4da1,
    0x28e1, 0x1080, 0x1080, 0x4da1, 0x6aa2, 0x7742, 0x7742, 0x736c, 0x7bd4, 0x736c, 0x7742, 0x7742,
    0x7742, 0x7742, 0x7742, 0x7742, 0x7742, 0x7742, 0x7742, 0x7742, 0x7742, 0x4da1, 0x4da1, 0x28e1,
    0x6aa2, 0x4da1, 0x1080, 0x28e1, 0x1080, 0x28e1, 0x1080, 0x1080, 0x1080, 0x1080, 0x1080, 0x1080,
    0x1080, 0x1080, 0x1080, 0x1080, 0x1080, 0x1080, 0x1961, 0x1e20, 0x1e20, 0x1e20, 0x1e20, 0x3262,
    0x3262, 0x3262, 0x1961, 0x1080, 0x3161, 0x3161, 0x3161, 0x3161, 0x4da1, 0x4da1, 0x4da1, 0x4da1,
    0x5262, 0x6aa2, 0x6aa2, 0x6aa2, 0x6aa2, 0x6aa2, 0x7742, 0x6aa2, 0x6aa2, 0x7742, 0x7742, 0x6aa2,
    0x7742, 0x6aa2, 0x6aa2, 0x6aa2, 0x6aa2, 0x6aa2, 0x4da1, 0x3161, 0x28e1, 0x1080, 0x1080, 0x1080,
    0x1080, 0x1080, 0x1080, 0x1080, 0x1080, 0x1080, 0x1080, 0x1080, 0x1080, 0x1080, 0x1080, 0x1080,
    0x1080, 0x1080, 0x1080, 0x1080, 0x1080, 0x1080, 0x1080, 0x1080, 0x1080, 0x1080, 0x1080, 0x1080,
    0x1080, 0x1080, 0x1080, 0x28e1, 0x3161, 0x4da1, 0x6aa2, 0x5262, 0x4da1, 0x6aa2, 0x6aa2, 0x6aa2,
    0x6aa2, 0x7742, 0x7742, 0x6aa2, 0x7742, 0x7742, 0x6aa2, 0x4da1, 0x4da1, 0x5262, 0x6aa2, 0x4da1,
    0x4da1, 0x4da1, 0x4da1, 0x4da1, 0x4da1, 0x3161, 0x3161, 0x3161, 0x1080, 0x1961, 0x1961, 0x1e20,
    0x1e20, 0x1e20, 0x3262, 0x1e20, 0x1e20, 0x1e20, 0x1e20, 0x1e20, 0x1961, 0x1961, 0x1080, 0x1080,
    0x1080, 0x1080, 0x1080, 0x1080, 0x1080, 0x1080, 0x1080, 0x1080, 0x1080, 0x1080, 0x28e1, 0x1080,
    0x1080, 0x1080, 0x1080, 0x28e1, 0x4da1, 0x6aa2, 0x6aa2, 0x7742, 0x7742, 0x7742, 0x7742, 0x7742,
    0x7742, 0x7742, 0x7742, 0x736c, 0x7742, 0x7742, 0x7742, 0x7742, 0x4da1, 0x28e1, 0x1080, 0x1080,
    0x1080, 0x1080, 0x1080, 0x1080, 0x1080, 0x1080, 0x1080, 0x1080, 0x1080, 0x1080, 0x1080, 0x1080,
    0x1080, 0x1080, 0x1080, 0x1080, 0x1080, 0x1080, 0x1080, 0x1080, 0x1080, 0x1080, 0x1080, 0x1080,
    0x1080, 0x1080, 0x1080, 0x1080, 0x1080, 0x1080, 0x1080, 0x1080, 0x1080, 0x1080, 0x1080, 0x1080,
    0x1080, 0x1080, 0x1080, 0x1080, 0x1080, 0x1080, 0x1080, 0x1080, 0x1080, 0x1080, 0x1080, 0x1080,
    0x1080, 0x1080, 0x4da1, 0x28e1, 0x6aa2, 0x7742, 0x7742, 0x7742, 0x736c, 0x736c, 0x736c, 0x7742,
    0x7742, 0x7742, 0x7742, 0x7742, 0x7742, 0x6aa2, 0x4da1, 0x28e1, 0x28e1, 0x1080, 0x1080, 0x4da1,
    0x4da1, 0x1080, 0x1080, 0x1080, 0x1080, 0x1080, 0x1080, 0x1080, 0x1080, 0x1080, 0x1080, 0x1080,
    0x1080, 0x1080, 0x1080, 0x1080, 0x1080, 0x1080, 0x1961, 0x1e20, 0x1e20, 0x1e20, 0x3262, 0x3262,
    0x1e20, 0x1e20, 0x1080, 0x1961, 0x3161, 0x3161, 0x3161, 0x3161, 0x3161, 0x4da1, 0x4da1, 0x4da1,
    0x5262, 0x6aa2, 0x6aa2, 0x7742, 0x7742, 0x7742, 0x7742, 0x7742, 0x7742, 0x7742, 0x7742, 0x6aa2,
    0x6aa2, 0x6aa2, 0x6aa2, 0x6aa2, 0x6aa2, 0x6aa2, 0x4da1, 0x28e1, 0x28e1, 0x1080, 0x1080, 0x1080,
    0x1080, 0x1080, 0x1080, 0x1080, 0x1080, 0x1080, 0x1080, 0x1080, 0x1080, 0x1080, 0x1080, 0x1080,
    0x1080, 0x1080, 0x1080, 0x1080, 0x1080, 0x1080, 0x1080, 0x1080, 0x1080, 0x1080, 0x1080, 0x1080,
    0x1080, 0x1080, 0x1080, 0x1080, 0x28e1, 0x4da1, 0x4da1, 0x6aa2, 0x4da1, 0x4da1, 0x6aa2, 0x6aa2,
    0x7742, 0x7742, 0x7742, 0x6aa2, 0x7742, 0x6aa2, 0x6aa2, 0x6aa2, 0x5262, 0x4da1, 0x4da1, 0x4da1,
    0x4da1, 0x4da1, 0x4da1, 0x4da1, 0x3161, 0x3161, 0x3161, 0x3161, 0x3161, 0x1080, 0x1e20, 0x1e20,
    0x1e20, 0x3262, 0x3262, 0x3262, 0x3262, 0x1e20, 0x1e20, 0x1961, 0x1961, 0x1080, 0x1080, 0x1080,
    0x1080, 0x1080, 0x1080, 0x1080, 0x1080, 0x1080, 0x1080, 0x1080, 0x1080, 0x1080, 0x28e1, 0x28e1,
    0x1080, 0x28e1, 0x28e1, 0x4da1, 0x6aa2, 0x6aa2, 0x6aa2, 0x4da1, 0x6aa2, 0x7742, 0x7742, 0x7742,
    0x7742, 0x7742, 0x736c, 0x7bd4, 0x7742, 0x7742, 0x7742, 0x7742, 0x4da1, 0x28e1, 0x28e1, 0x1080,
    0x1080, 0x1080, 0x1080, 0x1080, 0x1080, 0x1080, 0x1080, 0x1080, 0x1080, 0x1080, 0x1080, 0x1080,
    0x1080, 0x1080, 0x1080, 0x1080, 0x1080, 0x1080, 0x1080, 0x1080, 0x1080, 0x1080, 0x1080, 0x1080,
    0x1080, 0x1080, 0x1080, 0x1080, 0x1080, 0x1080, 0x1080, 0x1080, 0x1080, 0x1080, 0x1080, 0x1080,
    0x1080, 0x1080, 0x1080, 0x1080, 0x1080, 0x1080, 0x1080, 0x1080, 0x1080, 0x1080, 0x1080, 0x1080,
    0x1080, 0x1080, 0x28e1, 0x28e1, 0x4da1, 0x7742, 0x7742, 0x7742, 0x7742, 0x7742, 0x7742, 0x7742,
    0x7742, 0x7742, 0x7742, 0x7742, 0x7742, 0x7742, 0x6aa2, 0x4da1, 0x4da1, 0x4da1, 0x6aa2, 0x6aa2,
    0x1080, 0x1080, 0x1080, 0x1080, 0x1080, 0x1080, 0x1080, 0x3161, 0x28e1, 0x1080, 0x1080, 0x1080,
    0x1080, 0x1080, 0x1080, 0x1080, 0x1080, 0x1080, 0x1961, 0x1961, 0x1e20, 0x1e20, 0x1e20, 0x3262,
    0x1e20, 0x1e20, 0x1080, 0x1e20, 0x1e20, 0x3161, 0x3161, 0x3161, 0x3161, 0x3161, 0x4da1, 0x4da1,
    0x5262, 0x5262, 0x6aa2, 0x6aa2, 0x7742, 0x7742, 0x7742, 0x7742, 0x7742, 0x7742, 0x7742, 0x7742,
    0x7742, 0x6aa2, 0x6aa2, 0x6aa2, 0x6aa2, 0x4da1, 0x4da1, 0x28e1, 0x28e1, 0x1080, 0x1080, 0x1080,
    0x1080, 0x1080, 0x1080, 0x1080, 0x1080, 0x1080, 0x1080, 0x1080, 0x1080, 0x1080, 0x1080, 0x1080,
    0x1080, 0x1080, 0x1080, 0x1080, 0x1080, 0x1080, 0x1080, 0x1080, 0x1080, 0x1080, 0x1080, 0x1080,
    0x1080, 0x1080, 0x1080, 0x1080, 0x28e1, 0x28e1, 0x4da1, 0x4da1, 0x6aa2, 0x4da1, 0x5262, 0x6aa2,
    0x6aa2, 0x6aa2, 0x4da1, 0x4da1, 0x6aa2, 0x4da1, 0x4da1, 0x4da1, 0x4da1, 0x4da1, 0x4da1, 0x4da1,
    0x4da1, 0x4da1, 0x4da1, 0x3161, 0x3161, 0x3161, 0x3161, 0x1961, 0x1961, 0x3161, 0x1080, 0x3262,
    0x1e20, 0x3262, 0x1e20, 0x1e20, 0x1e20, 0x1e20, 0x1e20, 0x1961, 0x1961, 0x1080, 0x1961, 0x1080,
    0x1080, 0x1080, 0x1080, 0x1080, 0x1080, 0x1080, 0x1080, 0x1080, 0x1080, 0x1080, 0x1080, 0x28e1,
    0x3161, 0x1080, 0x28e1, 0x4da1, 0x4da1, 0x6aa2, 0x6aa2, 0x7742, 0x7742, 0x7742, 0x7742, 0x7742,
    0x7742, 0x7742, 0x736c, 0x736c, 0x7742, 0x7742, 0x7742, 0x7742, 0x4da1, 0x28e1, 0x1080, 0x1080,
    0x1080, 0x1080, 0x1080, 0x1080, 0x1080, 0x1080, 0x1080, 0x1080, 0x1080, 0x1080, 0x1080, 0x1080,
    0x1080, 0x1080, 0x1080, 0x1080, 0x1080, 0x1080, 0x1080, 0x1080, 0x1080, 0x1080, 0x1080, 0x1080,
    0x1080, 0x1080, 0x1080, 0x1080, 0x1080, 0x1080, 0x1080, 0x1080, 0x1080, 0x1080, 0x1080, 0x1080,
    0x1080, 0x1080, 0x1080, 0x1080, 0x1080, 0x1080, 0x1080, 0x1080, 0x1080, 0x1080, 0x1080, 0x28e1,
    0x1080, 0x1080, 0x1080, 0x28e1, 0x6aa2, 0x7742, 0x7742, 0x7742, 0x7742, 0x7742, 0x736c, 0x736c,
    0x7742, 0x7742, 0x7742, 0x7742, 0x7742, 0x7742, 0x7742, 0x7742, 0x4da1, 0x4da1, 0x28e1, 0x1080,
    0x1080, 0x1080, 0x28e1, 0x1080, 0x1080, 0x1080, 0x1080, 0x1080, 0x1080, 0x1080, 0x1080, 0x1080,
    0x1080, 0x1080, 0x1080, 0x1080, 0x1080, 0x1080, 0x1961, 0x1961, 0x1961, 0x1e20, 0x1e20, 0x1e20,
    0x1e20, 0x1080, 0x1e20, 0x1e20, 0x1e20, 0x3161, 0x3161, 0x3161, 0x3161, 0x3161, 0x3161, 0x4da1,
    0x4da1, 0x5262, 0x6aa2, 0x6aa2, 0x6aa2, 0x7742, 0x7742, 0x7742, 0x7742, 0x7742, 0x7742, 0x7742,
    0x7742, 0x7742, 0x6aa2, 0x6aa2, 0x6aa2, 0x4da1, 0x4da1, 0x28e1, 0x1080, 0x1080, 0x1080, 0x1080,
    0x1080, 0x1080, 0x1080, 0x1080, 0x1080, 0x1080, 0x1080, 0x1080, 0x1080, 0x1080, 0x1080, 0x1080,
    0x1080, 0x1080, 0x1080, 0x1080, 0x1080, 0x1080, 0x1080, 0x1080, 0x1080, 0x1080, 0x1080, 0x1080,
    0x1080, 0x1080, 0x1080, 0x1080, 0x28e1, 0x28e1, 0x28e1, 0x4da1, 0x28e1, 0x4da1, 0x4da1, 0x4da1,
    0x6aa2, 0x5262, 0x4da1, 0x4da1, 0x4da1, 0x4da1, 0x4da1, 0x4da1, 0x4da1, 0x4da1, 0x4da1, 0x4da1,
    0x4da1, 0x4da1, 0x3161, 0x3161, 0x3161, 0x3161, 0x3161, 0x3262, 0x3262, 0x1961, 0x1961, 0x1961,
    0x3262, 0x1e20, 0x1e20, 0x1e20, 0x1e20, 0x1e20, 0x1961, 0x1961, 0x1080, 0x1080, 0x1080, 0x1080,
    0x1080, 0x1080, 0x1080, 0x1080, 0x1080, 0x1080, 0x1080, 0x1080, 0x1080, 0x1080, 0x28e1, 0x3161,
    0x4da1, 0x28e1, 0x4da1, 0x4da1, 0x6aa2, 0x6aa2, 0x7742, 0x7742, 0x7742, 0x7742, 0x7742, 0x7742,
    0x7742, 0x736c, 0x736c, 0x736c, 0x7742, 0x7742, 0x7742, 0x6aa2, 0x28e1, 0x28e1, 0x1080, 0x1080,
    0x1080, 0x1080, 0x1080, 0x1080, 0x1080, 0x1080, 0x1080, 0x1080, 0x1080, 0x1080, 0x1080, 0x1080,
    0x1080, 0x1080, 0x1080, 0x1080, 0x1080, 0x1080, 0x1080, 0x1080, 0x1080, 0x1080, 0x1080, 0x1080,
    0x1080, 0x1080, 0x1080, 0x1080, 0x1080, 0x1080, 0x1080, 0x1080, 0x1080, 0x1080, 0x1080, 0x1080,
    0x1080, 0x1080, 0x1080, 0x1080, 0x1080, 0x1080, 0x1080, 0x1080, 0x1080, 0x1080, 0x1080, 0x1080,
    0x1080, 0x1080, 0x28e1, 0x4da1, 0x6aa2, 0x7742, 0x7742, 0x7742, 0x7742, 0x7742, 0x7742, 0x736c,
    0x7742, 0x7742, 0x7742, 0x7742, 0x7742, 0x7742, 0x7742, 0x6aa2, 0x7742, 0x7742, 0x4da1, 0x28e1,
    0x28e1, 0x1080, 0x1080, 0x1080, 0x1080, 0x1080, 0x1080, 0x1080, 0x1080, 0x1080, 0x1080, 0x1080,
    0x1080, 0x1080, 0x1080, 0x1080, 0x1080, 0x1080, 0x1080, 0x1961, 0x1961, 0x1961, 0x3262, 0x1e20,
    0x1080, 0x3262, 0x3262, 0x1e20, 0x1e20, 0x1e20, 0x3161, 0x3161, 0x3161, 0x3161, 0x3161, 0x3161,
    0x4da1, 0x4da1, 0x5262, 0x6aa2, 0x6aa2, 0x7742, 0x7742, 0x7742, 0x7742, 0x7742, 0x7742, 0x7742,
    0x7742, 0x7742, 0x6aa2, 0x6aa2, 0x6aa2, 0x4da1, 0x4da1, 0x28e1, 0x1080, 0x1080, 0x1080, 0x1080,
    0x1080, 0x1080, 0x1080, 0x1080, 0x1080, 0x1080, 0x1080, 0x1080, 0x1080, 0x1080, 0x1080, 0x1080,
    0x1080, 0x1080, 0x1080, 0x1080, 0x1080, 0x1080, 0x1080, 0x1080, 0x1080, 0x1080, 0x1080, 0x1080,
    0x1080, 0x1080, 0x1080, 0x1080, 0x28e1, 0x28e1, 0x3161, 0x4da1, 0x4da1, 0x5262, 0x4da1, 0x4da1,
    0x7742, 0x7742, 0x4da1, 0x3161, 0x4da1, 0x3161, 0x4da1, 0x4da1, 0x4da1, 0x4da1, 0x4da1, 0x4da1,
    0x4da1, 0x3161, 0x28e1, 0x28e1, 0x28e1, 0x28e1, 0x1961, 0x1e20, 0x1e20, 0x1e20, 0x1e20, 0x1080,
    0x1e20, 0x1e20, 0x1e20, 0x1e20, 0x1e20, 0x1e20, 0x1961, 0x1080, 0x1080, 0x1080, 0x1080, 0x1080,
    0x1080, 0x1080, 0x1080, 0x1080, 0x1080, 0x1080, 0x1080, 0x28e1, 0x1080, 0x1080, 0x1080, 0x28e1,
    0x4da1, 0x5262, 0x4da1, 0x6aa2, 0x6aa2, 0x7742, 0x6aa2, 0x7742, 0x7742, 0x7742, 0x7742, 0x736c,
    0x736c, 0x736c, 0x7742, 0x7742, 0x7742, 0x7742, 0x7742, 0x6aa2, 0x4da1, 0x28e1, 0x1080, 0x1080,
    0x1080, 0x1080, 0x1080, 0x1080, 0x1080, 0x1080, 0x1080, 0x1080, 0x1080, 0x1080, 0x1080, 0x1080,
    0x1080, 0x1080, 0x1080, 0x1080, 0x1080, 0x1080, 0x1080, 0x1080, 0x1080, 0x1080, 0x1080, 0x1080,
    0x1080, 0x1080, 0x1080, 0x1080, 0x1080, 0x1080, 0x1080, 0x1080, 0x1080, 0x1080, 0x1080, 0x1080,
    0x1080, 0x1080, 0x1080, 0x1080, 0x1080, 0x1080, 0x1080, 0x1080, 0x1080, 0x1080, 0x1080, 0x1080,
    0x1080, 0x1080, 0x28e1, 0x3161, 0x4da1, 0x6aa2, 0x7742, 0x7742, 0x7742, 0x7742, 0x7742, 0x7742,
    0x7742, 0x7742, 0x7742, 0x7742, 0x7742, 0x7742, 0x6aa2, 0x7742, 0x4da1, 0x28e1, 0x1080, 0x1080,
    0x1080, 0x1080, 0x1080, 0x1080, 0x1080, 0x1080, 0x1080, 0x1080, 0x1080, 0x1080, 0x1080, 0x1080,
    0x1080, 0x1080, 0x1080, 0x1080, 0x1080, 0x1080, 0x1080, 0x1080, 0x1080, 0x1e20, 0x1961, 0x1080,
    0x1e20, 0x1e20, 0x3262, 0x1e20, 0x1e20, 0x1e20, 0x3161, 0x3161, 0x3161, 0x28e1, 0x28e1, 0x3161,
    0x4da1, 0x4da1, 0x4da1, 0x6aa2, 0x6aa2, 0x6aa2, 0x7742, 0x7742, 0x7742, 0x7742, 0x7742, 0x7742,
    0x7742, 0x7742, 0x7742, 0x7742, 0x6aa2, 0x4da1, 0x28e1, 0x1080, 0x1080, 0x1080, 0x1080, 0x1080,
    0x1080, 0x1080, 0x1080, 0x1080, 0x1080, 0x1080, 0x1080, 0x1080, 0x1080, 0x1080, 0x1080, 0x1080,
    0x1080, 0x1080, 0x1080, 0x1080, 0x1080, 0x1080, 0x1080, 0x1080, 0x1080, 0x1080, 0x1080, 0x1080,
    0x1080, 0x1080, 0x1080, 0x1080, 0x28e1, 0x28e1, 0x4da1, 0x4da1, 0x4da1, 0x28e1, 0x3161, 0x4da1,
    0x28e1, 0x28e1, 0x28e1, 0x28e1, 0x3161, 0x28e1, 0x3161, 0x4da1, 0x4da1, 0x4da1, 0x4da1, 0x3161,
    0x3161, 0x3161, 0x28e1, 0x28e1, 0x28e1, 0x1961, 0x1961, 0x1e20, 0x1e20, 0x1e20, 0x1e20, 0x3262,
    0x1080, 0x3262, 0x1e20, 0x1e20, 0x1e20, 0x1961, 0x1961, 0x1080, 0x1080, 0x1080, 0x1080, 0x1080,
    0x1080, 0x1080, 0x1080, 0x1080, 0x1080, 0x1080, 0x1080, 0x1080, 0x1080, 0x1080, 0x1080, 0x1080,
    0x1080, 0x28e1, 0x4da1, 0x6aa2, 0x6aa2, 0x7742, 0x6aa2, 0x7742, 0x7742, 0x7742, 0x7742, 0x736c,
    0x736c, 0x736c, 0x7742, 0x7742, 0x7742, 0x7742, 0x7742, 0x6aa2, 0x4da1, 0x28e1, 0x1080, 0x1080,
    0x1080, 0x1080, 0x1080, 0x1080, 0x1080, 0x1080, 0x1080, 0x1080, 0x1080, 0x1080, 0x1080, 0x1080,
    0x1080, 0x1080, 0x1080, 0x1080, 0x1080, 0x1080, 0x1080, 0x1080, 0x1080, 0x1080, 0x1080, 0x1080,
    0x1080, 0x1080, 0x1080, 0x1080, 0x1080, 0x1080, 0x1080, 0x1080, 0x1080, 0x1080, 0x1080, 0x1080,
    0x1080, 0x1080, 0x1080, 0x1080, 0x1080, 0x1080, 0x1080, 0x1080, 0x1080, 0x1080, 0x1080, 0x1080,
    0x1080, 0x1080, 0x1080, 0x28e1, 0x4da1, 0x7742, 0x7742, 0x7742, 0x7742, 0x7742, 0x7742, 0x7742,
    0x7742, 0x7742, 0x7742, 0x7742, 0x7742, 0x7742, 0x7742, 0x7742, 0x3161, 0x28e1, 0x1080, 0x1080,
    0x1080, 0x1080, 0x1080, 0x1080, 0x1080, 0x1080, 0x1080, 0x1080, 0x1080, 0x1080, 0x1080, 0x1080,
    0x1080, 0x1080, 0x1080, 0x1080, 0x1080, 0x1080, 0x1080, 0x1961, 0x1961, 0x1080, 0x1961, 0x1080,
    0x3262, 0x3262, 0x1e20, 0x1e20, 0x1e20, 0x1e20, 0x3161, 0x3161, 0x3161, 0x28e1, 0x28e1, 0x28e1,
    0x28e1, 0x3161, 0x4da1, 0x5262, 0x6aa2, 0x6aa2, 0x7742, 0x7742, 0x7742, 0x7742, 0x7742, 0x7742,
    0x7742, 0x7742, 0x7742, 0x7742, 0x6aa2, 0x4da1, 0x28e1, 0x1080, 0x1080, 0x1080, 0x1080, 0x1080,
    0x1080, 0x1080, 0x1080, 0x1080, 0x1080, 0x1080, 0x1080, 0x1080, 0x1080, 0x1080, 0x1080, 0x1080,
    0x1080, 0x1080, 0x1080, 0x1080, 0x1080, 0x1080, 0x1080, 0x1080, 0x1080, 0x1080, 0x1080, 0x1080,
    0x1080, 0x1080, 0x1080, 0x1080, 0x1080, 0x28e1, 0x28e1, 0x28e1, 0x28e1, 0x28e1, 0x28e1, 0x28e1,
    0x3161, 0x28e1, 0x4da1, 0x28e1, 0x28e1, 0x28e1, 0x3161, 0x3161, 0x3161, 0x3161, 0x3161, 0x3161,
    0x3161, 0x28e1, 0x28e1, 0x28e1, 0x1961, 0x1961, 0x1961, 0x1961, 0x1e20, 0x1e20, 0x1e20, 0x3262,
    0x3262, 0x1080, 0x1e20, 0x1961, 0x1961, 0x1961, 0x1080, 0x1080, 0x1080, 0x1080, 0x1080, 0x1080,
    0x1080, 0x1080, 0x1080, 0x1080, 0x1080, 0x1080, 0x1080, 0x1080, 0x1080, 0x1080, 0x1080, 0x1080,
    0x1080, 0x1080, 0x28e1, 0x28e1, 0x6aa2, 0x4da1, 0x7742, 0x7742, 0x7742, 0x7742, 0x7742, 0x7742,
    0x7742, 0x7742, 0x7742, 0x7742, 0x7742, 0x7742, 0x7742, 0x4da1, 0x28e1, 0x1080, 0x28e1, 0x1080,
    0x1080, 0x1080, 0x1080, 0x1080, 0x1080, 0x1080, 0x1080, 0x1080, 0x1080, 0x1080, 0x1080, 0x1080,
    0x1080, 0x1080, 0x1080, 0x1080, 0x1080, 0x1080, 0x1080, 0x1080, 0x1080, 0x1080, 0x1080, 0x1080,
    0x1080, 0x1080, 0x1080, 0x1080, 0x1080, 0x1080, 0x1080, 0x1080, 0x1080, 0x1080, 0x1080, 0x1080,
    0x1080, 0x1080, 0x1080, 0x1080, 0x1080, 0x1080, 0x1080, 0x1080, 0x1080, 0x1080, 0x1080, 0x1080,
    0x1080, 0x1080, 0x1080, 0x1080, 0x4da1, 0x6aa2, 0x7742, 0x7742, 0x7742, 0x7742, 0x7742, 0x7742,
    0x7742, 0x736c, 0x736c, 0x7742, 0x7742, 0x7742, 0x7742, 0x7742, 0x6aa2, 0x28e1, 0x1080, 0x1080,
    0x1080, 0x28e1, 0x1080, 0x1080, 0x1080, 0x1080, 0x1080, 0x1080, 0x1080, 0x1080, 0x1080, 0x1080,
    0x1080, 0x1080, 0x1080, 0x1080, 0x1080, 0x1080, 0x1080, 0x1961, 0x1961, 0x1961, 0x1080, 0x1e20,
    0x1e20, 0x1e20, 0x3262, 0x1e20, 0x1e20, 0x1e20, 0x1e20, 0x3161, 0x1961, 0x28e1, 0x28e1, 0x28e1,
    0x28e1, 0x3161, 0x4da1, 0x4da1, 0x5262, 0x6aa2, 0x6aa2, 0x7742, 0x7742, 0x7742, 0x7742, 0x7742,
    0x7742, 0x7742, 0x7742, 0x6aa2, 0x6aa2, 0x4da1, 0x28e1, 0x1080, 0x1080, 0x1080, 0x1080, 0x1080,
    0x1080, 0x1080, 0x1080, 0x1080, 0x1080, 0x1080, 0x1080, 0x1080, 0x1080, 0x1080, 0x1080, 0x1080,
    0x1080, 0x1080, 0x1080, 0x1080, 0x1080, 0x1080, 0x1080, 0x1080, 0x1080, 0x1080, 0x1080, 0x1080,
    0x1080, 0x1080, 0x1080, 0x1080, 0x1080, 0x28e1, 0x3161, 0x1080, 0x1080, 0x1080, 0x28e1, 0x28e1,
    0x4da1, 0x4da1, 0x28e1, 0x28e1, 0x28e1, 0x28e1, 0x28e1, 0x28e1, 0x3161, 0x28e1, 0x28e1, 0x28e1,
    0x28e1, 0x28e1, 0x28e1, 0x28e1, 0x1961, 0x1961, 0x1961, 0x1e20, 0x1e20, 0x1e20, 0x1e20, 0x1e20,
    0x3262, 0x1080, 0x1961, 0x1961, 0x1961, 0x1961, 0x1080, 0x1080, 0x1080, 0x1080, 0x1080, 0x1080,
    0x1080, 0x1080, 0x1080, 0x1080, 0x1080, 0x1080, 0x1080, 0x1080, 0x1080, 0x1080, 0x1080, 0x1080,
    0x1080, 0x1080, 0x1080, 0x28e1, 0x6aa2, 0x7742, 0x7742, 0x7742, 0x7742, 0x7742, 0x7742, 0x7742,
    0x7742, 0x7742, 0x7742, 0x7742, 0x7742, 0x7742, 0x6aa2, 0x4da1, 0x28e1, 0x28e1, 0x1080, 0x1080,
    0x1080, 0x1080, 0x1080, 0x1080, 0x1080, 0x1080, 0x1080, 0x1080, 0x1080, 0x1080, 0x1080, 0x1080,
    0x1080, 0x1080, 0x1080, 0x1080, 0x1080, 0x1080, 0x1080, 0x1080, 0x1080, 0x1080, 0x1080, 0x1080,
    0x1080, 0x1080, 0x1080, 0x1080, 0x1080, 0x1080, 0x1080, 0x1080, 0x1080, 0x1080, 0x1080, 0x1080,
    0x1080, 0x1080, 0x1080, 0x1080, 0x1080, 0x1080, 0x1080, 0x1080, 0x1080, 0x1080, 0x1080, 0x1080,
    0x1080, 0x1080, 0x1080, 0x1080, 0x4da1, 0x6aa2, 0x7742, 0x7742, 0x7742, 0x7742, 0x7742, 0x7742,
    0x7742, 0x736c, 0x7742, 0x7742, 0x7742, 0x7742, 0x7742, 0x7742, 0x7742, 0x7742, 0x6aa2, 0x6aa2,
    0x4da1, 0x1080, 0x1080, 0x1080, 0x1080, 0x1080, 0x1080, 0x1080, 0x1080, 0x1080, 0x1080, 0x1080,
    0x1080, 0x1080, 0x1080, 0x1080, 0x1080, 0x1080, 0x1080, 0x1080, 0x1080, 0x1080, 0x3262, 0x1e20,
    0x1e20, 0x1e20, 0x1e20, 0x1e20, 0x1e20, 0x1e20, 0x1e20, 0x3161, 0x1961, 0x28e1, 0x28e1, 0x28e1,
    0x28e1, 0x3161, 0x4da1, 0x4da1, 0x4da1, 0x6aa2, 0x6aa2, 0x7742, 0x7742, 0x7742, 0x7742, 0x7742,
    0x7742, 0x7742, 0x7742, 0x6aa2, 0x4da1, 0x4da1, 0x28e1, 0x1080, 0x1080, 0x1080, 0x1080, 0x1080,
    0x1080, 0x1080, 0x1080, 0x1080, 0x1080, 0x1080, 0x1080, 0x1080, 0x1080, 0x1080, 0x1080, 0x1080,
    0x1080, 0x1080, 0x1080, 0x1080, 0x1080, 0x1080, 0x1080, 0x1080, 0x1080, 0x1080, 0x1080, 0x1080,
    0x1080, 0x1080, 0x1080, 0x1080, 0x1080, 0x1080, 0x28e1, 0x28e1, 0x1080, 0x1080, 0x1080, 0x1080,
    0x28e1, 0x6aa2, 0x1080, 0x28e1, 0x28e1, 0x28e1, 0x28e1, 0x28e1, 0x28e1, 0x28e1, 0x28e1, 0x28e1,
    0x28e1, 0x28e1, 0x28e1, 0x1961, 0x1961, 0x1961, 0x1e20, 0x1e20, 0x1e20, 0x1e20, 0x1e20, 0x1e20,
    0x1e20, 0x3262, 0x1080, 0x1e20, 0x1080, 0x1080, 0x1080, 0x1080, 0x1080, 0x1080, 0x1080, 0x1080,
    0x1080, 0x1080, 0x1080, 0x1080, 0x1080, 0x1080, 0x1080, 0x1080, 0x1080, 0x1080, 0x1080, 0x1080,
    0x1080, 0x1080, 0x1080, 0x4da1, 0x6aa2, 0x7742, 0x7742, 0x7742, 0x7742, 0x7742, 0x7742, 0x7742,
    0x7742, 0x7742, 0x7742, 0x7742, 0x7742, 0x7742, 0x6aa2, 0x28e1, 0x4da1, 0x28e1, 0x1080, 0x1080,
    0x1080, 0x1080, 0x1080, 0x1080, 0x1080, 0x1080, 0x1080, 0x1080, 0x1080, 0x1080, 0x1080, 0x1080,
    0x1080, 0x1080, 0x1080, 0x1080, 0x1080, 0x1080, 0x1080, 0x1080, 0x1080, 0x1080, 0x1080, 0x1080,
    0x1080, 0x1080, 0x1080, 0x1080, 0x1080, 0x1080, 0x1080, 0x1080, 0x1080, 0x1080, 0x1080, 0x1080,
    0x1080, 0x1080, 0x1080, 0x1080, 0x1080, 0x1080, 0x1080, 0x1080, 0x1080, 0x1080, 0x1080, 0x1080,
    0x28e1, 0x3161, 0x4da1, 0x6aca, 0x4da1, 0x6aa2, 0x7742, 0x7742, 0x7742, 0x7742, 0x7742, 0x7742,
    0x7742, 0x7742, 0x736c, 0x7742, 0x7742, 0x7742, 0x7742, 0x7742, 0x7742, 0x7742, 0x7742, 0x6aa2,
    0x1080, 0x1080, 0x6aca, 0x1080, 0x28e1, 0x28e1, 0x1080, 0x1080, 0x1080, 0x1080, 0x1080, 0x1080,
    0x1080, 0x1080, 0x1080, 0x1080, 0x1080, 0x1080, 0x1080, 0x1080, 0x1080, 0x1961, 0x1961, 0x1e20,
    0x1e20, 0x1e20, 0x1e20, 0x1e20, 0x1e20, 0x1e20, 0x1e20, 0x1961, 0x3161, 0x28e1, 0x28e1, 0x28e1,
    0x28e1, 0x3161, 0x4da1, 0x4da1, 0x4da1, 0x5262, 0x6aa2, 0x6aa2, 0x7742, 0x7742, 0x7742, 0x7742,
    0x7742, 0x7742, 0x7742, 0x6aa2, 0x4da1, 0x3161, 0x28e1, 0x1080, 0x1080, 0x1080, 0x1080, 0x1080,
    0x1080, 0x1080, 0x1080, 0x1080, 0x1080, 0x1080, 0x1080, 0x1080, 0x1080, 0x1080, 0x1080, 0x1080,
    0x1080, 0x1080, 0x1080, 0x1080, 0x1080, 0x1080, 0x1080, 0x1080, 0x1080, 0x1080, 0x1080, 0x1080,
    0x1080, 0x1080, 0x1080, 0x1080, 0x1080, 0x1080, 0x28e1, 0x28e1, 0x1080, 0x1080, 0x1080, 0x28e1,
    0x28e1, 0x3161, 0x1080, 0x28e1, 0x28e1, 0x3161, 0x28e1, 0x28e1, 0x28e1, 0x28e1, 0x28e1, 0x28e1,
    0x28e1, 0x28e1, 0x28e1, 0x1961, 0x1961, 0x1961, 0x1961, 0x1e20, 0x1e20, 0x1e20, 0x1e20, 0x3262,
    0x1e20, 0x1e20, 0x1e20, 0x1080, 0x1080, 0x1080, 0x1080, 0x1080, 0x1080, 0x1080, 0x1080, 0x1080,
    0x1080, 0x1080, 0x1080, 0x1080, 0x1080, 0x1080, 0x1080, 0x1080, 0x1080, 0x1080, 0x1080, 0x1080,
    0x1080, 0x28e1, 0x4da1, 0x6aa2, 0x7742, 0x7742, 0x7742, 0x7742, 0x7742, 0x7742, 0x7742, 0x7742,
    0x7742, 0x7742, 0x7742, 0x7742, 0x7742, 0x7742, 0x6aa2, 0x4da1, 0x28e1, 0x28e1, 0x28e1, 0x4da1,
    0x28e1, 0x1080, 0x1080, 0x1080, 0x1080, 0x1080, 0x1080, 0x1080, 0x1080, 0x1080, 0x1080, 0x1080,
    0x1080, 0x1080, 0x1080, 0x1080, 0x1080, 0x1080, 0x1080, 0x1080, 0x1080, 0x1080, 0x1080, 0x1080,
    0x1080, 0x1080, 0x1080, 0x1080, 0x1080, 0x1080, 0x1080, 0x1080, 0x1080, 0x1080, 0x1080, 0x1080,
    0x1080, 0x1080, 0x1080, 0x1080, 0x1080, 0x1080, 0x1080, 0x1080, 0x1080, 0x1080, 0x1080, 0x1080,
    0x28e1, 0x56ab, 0x1080, 0x28e1, 0x4da1, 0x6aa2, 0x7742, 0x7742, 0x7742, 0x7742, 0x7742, 0x7742,
    0x7742, 0x7742, 0x7742, 0x736c, 0x7742, 0x7742, 0x7742, 0x7742, 0x7742, 0x6aa2, 0x6aa2, 0x28e1,
    0x1080, 0x28e1, 0x1080, 0x1080, 0x1080, 0x1080, 0x1080, 0x1080, 0x1080, 0x1080, 0x28e1, 0x1080,
    0x28e1, 0x1080, 0x1080, 0x1080, 0x1080, 0x1080, 0x1080, 0x1080, 0x1080, 0x1080, 0x1961, 0x1e20,
    0x1e20, 0x1e20, 0x1e20, 0x1e20, 0x1e20, 0x1e20, 0x1e20, 0x3161, 0x3161, 0x3161, 0x3161, 0x3161,
    0x3161, 0x4da1, 0x4da1, 0x4da1, 0x4da1, 0x4da1, 0x6aa2, 0x6aa2, 0x7742, 0x7742, 0x7742, 0x7742,
    0x7742, 0x7742, 0x6aa2, 0x6aa2, 0x4da1, 0x28e1, 0x28e1, 0x1080, 0x1080, 0x1080, 0x1080, 0x1080,
    0x1080, 0x1080, 0x1080, 0x1080, 0x1080, 0x1080, 0x1080, 0x1080, 0x1080, 0x1080, 0x1080, 0x1080,
    0x1080, 0x1080, 0x1080, 0x1080, 0x1080, 0x1080, 0x1080, 0x1080, 0x1080, 0x1080, 0x1080, 0x1080,
    0x1080, 0x1080, 0x1080, 0x1080, 0x1080, 0x1080, 0x1080, 0x1080, 0x28e1, 0x1080, 0x1080, 0x1080,
    0x1080, 0x28e1, 0x28e1, 0x28e1, 0x28e1, 0x4da1, 0x4da1, 0x3161, 0x28e1, 0x28e1, 0x28e1, 0x1080,
    0x1080, 0x1080, 0x28e1, 0x1961, 0x1961, 0x1961, 0x1961, 0x1e20, 0x1e20, 0x1e20, 0x3262, 0x1e20,
    0x1e20, 0x1e20, 0x1961, 0x1961, 0x1080, 0x1080, 0x1080, 0x1080, 0x1080, 0x1080, 0x1080, 0x1080,
    0x1080, 0x1080, 0x1080, 0x1080, 0x1080, 0x1080, 0x1080, 0x1080, 0x1080, 0x1080, 0x1080, 0x1080,
    0x1080, 0x28e1, 0x6aa2, 0x6aa2, 0x7742, 0x7742, 0x7742, 0x7742, 0x7742, 0x7742, 0x6aa2, 0x7742,
    0x7742, 0x7742, 0x7742, 0x7742, 0x7742, 0x6aa2, 0x4da1, 0x28e1, 0x1080, 0x1080, 0x1080, 0x28e1,
    0x28e1, 0x1080, 0x1080, 0x1080, 0x1080, 0x1080, 0x1080, 0x1080, 0x1080, 0x1080, 0x1080, 0x1080,
    0x1080, 0x1080, 0x1080, 0x1080, 0x1080, 0x1080, 0x1080, 0x1080, 0x1080, 0x1080, 0x1080, 0x1080,
    0x1080, 0x1080, 0x1080, 0x1080, 0x1080, 0x1080, 0x1080, 0x1080, 0x1080, 0x1080, 0x1080, 0x1080,
    0x1080, 0x1080, 0x1080, 0x1080, 0x1080, 0x1080, 0x1080, 0x1080, 0x1080, 0x1080, 0x1080, 0x1080,
    0x28e1, 0x1080, 0x1080, 0x1080, 0x28e1, 0x4da1, 0x7742, 0x7742, 0x7742, 0x7742, 0x7742, 0x7742,
    0x7742, 0x7742, 0x7742, 0x736c, 0x736c, 0x7742, 0x7742, 0x7742, 0x7742, 0x6aa2, 0x4da1, 0x1080,
    0x28e1, 0x4da1, 0x1080, 0x6aa2, 0x3161, 0x28e1, 0x28e1, 0x4da1, 0x3161, 0x28e1, 0x4da1, 0x3161,
    0x4da1, 0x4da1, 0x3161, 0x28e1, 0x28e1, 0x1080, 0x1080, 0x1080, 0x1080, 0x1961, 0x1961, 0x1961,
    0x1e20, 0x1e20, 0x1e20, 0x3262, 0x1e20, 0x1e20, 0x1e20, 0x3161, 0x3161, 0x3161, 0x3161, 0x3161,
    0x3161, 0x3161, 0x4da1, 0x4da1, 0x4da1, 0x4da1, 0x6aa2, 0x6aa2, 0x7742, 0x7742, 0x7742, 0x7742,
    0x7742, 0x7742, 0x6aa2, 0x6aa2, 0x4da1, 0x28e1, 0x28e1, 0x1080, 0x1080, 0x1080, 0x1080, 0x1080,
    0x1080, 0x1080, 0x1080, 0x1080, 0x1080, 0x1080, 0x1080, 0x1080, 0x1080, 0x1080, 0x1080, 0x1080,
    0x1080, 0x1080, 0x1080, 0x1080, 0x1080, 0x1080, 0x1080, 0x1080, 0x1080, 0x1080, 0x1080, 0x1080,
    0x1080, 0x1080, 0x1080, 0x1080, 0x1080, 0x1080, 0x1080, 0x28e1, 0x28e1, 0x3161, 0x1080, 0x1080,
    0x28e1, 0x3161, 0x4da1, 0x28e1, 0x28e1, 0x3161, 0x3161, 0x28e1, 0x28e1, 0x28e1, 0x1080, 0x1080,
    0x1080, 0x1080, 0x28e1, 0x1961, 0x1961, 0x1961, 0x1e20, 0x1e20, 0x1e20, 0x1e20, 0x1e20, 0x1e20,
    0x1e20, 0x1e20, 0x1e20, 0x1961, 0x1080, 0x1080, 0x1080, 0x1080, 0x1080, 0x1080, 0x1080, 0x1080,
    0x1080, 0x1080, 0x1080, 0x1080, 0x1080, 0x1080, 0x1080, 0x1080, 0x28e1, 0x4da1, 0x4da1, 0x6aa2,
    0x6aa2, 0x4da1, 0x6aa2, 0x7742, 0x7742, 0x7742, 0x7742, 0x7742, 0x7742, 0x736c, 0x7742, 0x6aa2,
    0x7742, 0x7742, 0x7742, 0x7742, 0x7742, 0x6aa2, 0x28e1, 0x28e1, 0x28e1, 0x1080, 0x1080, 0x1080,
    0x1080, 0x1080, 0x1080, 0x1080, 0x1080, 0x1080, 0x1080, 0x1080, 0x1080, 0x1080, 0x1080, 0x1080,
    0x1080, 0x1080, 0x1080, 0x1080, 0x1080, 0x1080, 0x1080, 0x1080, 0x1080, 0x1080, 0x1080, 0x1080,
]);

pub const SCREEN_SWISSCORE: Video3Bitmap = Video3Bitmap::new_from_u16([
    0x6716, 0x6716, 0x6716, 0x6716, 0x6716, 0x6716, 0x6716, 0x6716, 0x6716, 0x6716, 0x6716, 0x6716,
    0x6716, 0x6716, 0x6716, 0x6716, 0x6f57, 0x6716, 0x6716, 0x6716, 0x6716, 0x6716, 0x6716, 0x6716,
    0x6716, 0x6716, 0x6716, 0x6716, 0x6716, 0x6716, 0x6716, 0x6716, 0x6716, 0x6716, 0x6716, 0x6716,
    0x6716, 0x6f57, 0x6f57, 0x6f57, 0x6f57, 0x6f57, 0x6716, 0x6f57, 0x6f57, 0x6f57, 0x6716, 0x6716,
    0x6716, 0x6716, 0x6716, 0x6716, 0x6716, 0x6716, 0x6716, 0x6716, 0x6716, 0x6716, 0x6716, 0x6716,
    0x6716, 0x6716, 0x6716, 0x6716, 0x6716, 0x6716, 0x6716, 0x6716, 0x6716, 0x6716, 0x6716, 0x6716,
    0x6716, 0x6f57, 0x6716, 0x6716, 0x6f57, 0x6f57, 0x6f57, 0x6716, 0x6716, 0x6716, 0x6716, 0x6716,
    0x6f57, 0x6f57, 0x6f57, 0x6f57, 0x6f57, 0x6f57, 0x6f57, 0x6f57, 0x6f57, 0x6f57, 0x6f57, 0x6f57,
    0x6f57, 0x6f57, 0x6f57, 0x6f57, 0x6f57, 0x6f57, 0x6f57, 0x6f57, 0x6f57, 0x6f57, 0x6f57, 0x6f57,
    0x6f57, 0x6716, 0x6716, 0x6f57, 0x6f57, 0x6716, 0x6716, 0x6716, 0x6716, 0x6716, 0x6716, 0x6716,
    0x6716, 0x6f57, 0x6f57, 0x6f57, 0x6f57, 0x6716, 0x6716, 0x6716, 0x6716, 0x6716, 0x6716, 0x6716,
    0x6716, 0x6716, 0x6716, 0x6716, 0x6716, 0x6716, 0x6716, 0x6716, 0x6716, 0x6716, 0x6716, 0x6716,
    0x6716, 0x6716, 0x6716, 0x6716, 0x6716, 0x6716, 0x6716, 0x6716, 0x6716, 0x6716, 0x6716, 0x6716,
    0x6716, 0x6716, 0x6716, 0x6716, 0x6716, 0x6716, 0x6716, 0x6716, 0x6716, 0x6716, 0x6716, 0x6716,
    0x6716, 0x6716, 0x6716, 0x6716, 0x6716, 0x6716, 0x6716, 0x6716, 0x6716, 0x6716, 0x6716, 0x6716,
    0x6716, 0x6716, 0x6716, 0x6716, 0x6716, 0x6716, 0x6716, 0x6716, 0x6716, 0x6716, 0x6716, 0x6716,
    0x6716, 0x6716, 0x6716, 0x6716, 0x6716, 0x6716, 0x6716, 0x6716, 0x6716, 0x6716, 0x6716, 0x6716,
    0x6716, 0x4eb5, 0x6716, 0x6716, 0x6716, 0x6716, 0x6716, 0x6716, 0x6716, 0x6716, 0x6716, 0x6716,
    0x6716, 0x6716, 0x6716, 0x6716, 0x6716, 0x6716, 0x6716, 0x6716, 0x6716, 0x6716, 0x6716, 0x6716,
    0x6716, 0x6716, 0x6716, 0x6716, 0x6716, 0x6716, 0x6716, 0x6716, 0x6f57, 0x575c, 0x575c, 0x575c,
    0x6716, 0x6716, 0x6716, 0x6716, 0x6716, 0x6716, 0x6716, 0x6716, 0x6716, 0x6716, 0x6716, 0x6716,
    0x6f57, 0x6716, 0x6f57, 0x6716, 0x6716, 0x6716, 0x6716, 0x6716, 0x6716, 0x6716, 0x6716, 0x6716,
    0x6716, 0x6716, 0x6716, 0x6716, 0x6716, 0x6716, 0x6716, 0x6716, 0x6f57, 0x6f57, 0x6716, 0x6f57,
    0x6716, 0x6716, 0x6716, 0x6f57, 0x6716, 0x6716, 0x6716, 0x6716, 0x6716, 0x6716, 0x6716, 0x6716,
    0x6716, 0x6716, 0x6716, 0x6716, 0x6716, 0x6716, 0x6716, 0x6716, 0x6716, 0x6716, 0x6716, 0x6716,
    0x6716, 0x6716, 0x6716, 0x6716, 0x6716, 0x6716, 0x6716, 0x6716, 0x6716, 0x6f57, 0x6f57, 0x6716,
    0x6716, 0x6716, 0x6f57, 0x6f57, 0x6f57, 0x6716, 0x6f57, 0x6716, 0x6716, 0x6716, 0x6f57, 0x6716,
    0x6f57, 0x6f57, 0x6f57, 0x6f57, 0x6f57, 0x6f57, 0x6f57, 0x6f57, 0x6f57, 0x6f57, 0x6f57, 0x6f57,
    0x6f57, 0x6f57, 0x6f57, 0x6f57, 0x6f57, 0x6f57, 0x6f57, 0x6f57, 0x6f57, 0x6f57, 0x6f57, 0x6f57,
    0x6f57, 0x6716, 0x6f57, 0x6716, 0x6716, 0x6716, 0x6716, 0x6716, 0x6716, 0x6716, 0x6716, 0x6f57,
    0x6f57, 0x6f57, 0x6716, 0x4ef9, 0x4ef9, 0x4ef9, 0x6716, 0x6716, 0x6716, 0x6716, 0x6716, 0x6716,
    0x6716, 0x6716, 0x6716, 0x6716, 0x6716, 0x6716, 0x6716, 0x6716, 0x6716, 0x6716, 0x6716, 0x6716,
    0x6716, 0x6716, 0x6716, 0x6716, 0x6716, 0x6716, 0x6716, 0x6716, 0x6716, 0x6716, 0x6716, 0x6716,
    0x6716, 0x6716, 0x6716, 0x6716, 0x6716, 0x6716, 0x6716, 0x6716, 0x6716, 0x6716, 0x6716, 0x6716,
    0x6716, 0x6716, 0x6716, 0x6716, 0x6716, 0x6716, 0x6716, 0x6716, 0x6716, 0x6716, 0x6716, 0x6716,
    0x6716, 0x6716, 0x6716, 0x6716, 0x6716, 0x6716, 0x6716, 0x6716, 0x6716, 0x6716, 0x6716, 0x6716,
    0x6716, 0x6716, 0x6716, 0x6716, 0x6716, 0x6716, 0x6716, 0x6716, 0x6716, 0x6716, 0x6716, 0x6716,
    0x6716, 0x6716, 0x6716, 0x6716, 0x6716, 0x6716, 0x6716, 0x6716, 0x6716, 0x6716, 0x6716, 0x6716,
    0x6716, 0x6716, 0x6716, 0x6716, 0x6716, 0x6716, 0x6716, 0x6716, 0x6716, 0x6716, 0x6716, 0x6716,
    0x6716, 0x6f57, 0x6f57, 0x6716, 0x6716, 0x6716, 0x575c, 0x575c, 0x575c, 0x575c, 0x575c, 0x575c,
    0x6716, 0x6716, 0x6f57, 0x6716, 0x6716, 0x6716, 0x6716, 0x6716, 0x6716, 0x6716, 0x6716, 0x6716,
    0x6716, 0x6716, 0x6716, 0x6716, 0x6716, 0x6716, 0x6f57, 0x6f57, 0x6f57, 0x6f57, 0x6f57, 0x6716,
    0x6f57, 0x6f57, 0x6716, 0x6716, 0x6f57, 0x6716, 0x6716, 0x6f57, 0x6f57, 0x6f57, 0x6716, 0x6f57,
    0x6f57, 0x6f57, 0x6f57, 0x6f57, 0x6f57, 0x6f57, 0x6f57, 0x6716, 0x6716, 0x6716, 0x6716, 0x6716,
    0x6716, 0x6716, 0x6716, 0x6716, 0x6716, 0x6716, 0x6716, 0x6716, 0x6716, 0x6716, 0x6716, 0x6716,
    0x6716, 0x6716, 0x6716, 0x6716, 0x6716, 0x6f57, 0x6f57, 0x6f57, 0x6f57, 0x6f57, 0x6f57, 0x6716,
    0x6716, 0x6716, 0x6f57, 0x6f57, 0x6716, 0x6716, 0x6716, 0x6f57, 0x6716, 0x6f57, 0x6f57, 0x6716,
    0x6f57, 0x6f57, 0x6f57, 0x6f57, 0x6f57, 0x6f57, 0x6f57, 0x6f57, 0x6f57, 0x6f57, 0x6f57, 0x6f57,
    0x6f57, 0x6f57, 0x6f57, 0x6f57, 0x6f57, 0x6f57, 0x6f57, 0x6f57, 0x6f57, 0x6f57, 0x6f57, 0x6f57,
    0x6f57, 0x6f57, 0x6f57, 0x6716, 0x6716, 0x6716, 0x6716, 0x6716, 0x6716, 0x6f57, 0x6716, 0x6716,
    0x6716, 0x4ef9, 0x4ef9, 0x4ef9, 0x4ef9, 0x4ef9, 0x4ef9, 0x6716, 0x4ef9, 0x6716, 0x4ef9, 0x4ef9,
    0x4ef9, 0x4ef9, 0x4ef9, 0x4ef9, 0x4ef9, 0x4ef9, 0x4ef9, 0x6716, 0x6716, 0x6716, 0x6716, 0x6716,
    0x6716, 0x6716, 0x6716, 0x6716, 0x6716, 0x6716, 0x6716, 0x6716, 0x6f57, 0x6716, 0x6716, 0x6716,
    0x6f57, 0x6f57, 0x6f57, 0x6716, 0x6716, 0x6716, 0x6716, 0x6716, 0x6716, 0x6716, 0x6716, 0x6716,
    0x6716, 0x6716, 0x6716, 0x6716, 0x6716, 0x6716, 0x6716, 0x6716, 0x6716, 0x6716, 0x6716, 0x6716,
    0x6716, 0x6716, 0x6716, 0x6716, 0x6716, 0x6716, 0x6716, 0x6716, 0x6716, 0x6716, 0x6716, 0x6716,
    0x6716, 0x6716, 0x6716, 0x6716, 0x6716, 0x6716, 0x6716, 0x6716, 0x6716, 0x6716, 0x6716, 0x6716,
    0x6716, 0x6716, 0x6716, 0x6716, 0x6716, 0x6716, 0x6716, 0x6716, 0x6716, 0x6716, 0x6716, 0x6716,
    0x6716, 0x6716, 0x6716, 0x6716, 0x6716, 0x6716, 0x6716, 0x6716, 0x6716, 0x6716, 0x6716, 0x6716,
    0x6716, 0x6f57, 0x6f57, 0x575c, 0x575c, 0x575c, 0x575c, 0x575c, 0x575c, 0x575c, 0x575c, 0x575c,
    0x6716, 0x6f57, 0x6f57, 0x6716, 0x6716, 0x6716, 0x6716, 0x6716, 0x6716, 0x6716, 0x6716, 0x6716,
    0x6716, 0x6716, 0x6716, 0x6716, 0x6716, 0x6716, 0x6716, 0x6f57, 0x6f57, 0x6716, 0x6716, 0x6716,
    0x6716, 0x6716, 0x6716, 0x6716, 0x6716, 0x6716, 0x6716, 0x6f57, 0x6f57, 0x6f57, 0x6f57, 0x6f57,
    0x6f57, 0x6f57, 0x6f57, 0x6716, 0x6716, 0x6f57, 0x6716, 0x6716, 0x6716, 0x6716, 0x6716, 0x6716,
    0x6f57, 0x6716, 0x6716, 0x6716, 0x6716, 0x6f57, 0x6f57, 0x6716, 0x6716, 0x6716, 0x6716, 0x6716,
    0x6716, 0x6716, 0x6716, 0x6716, 0x6f57, 0x6f57, 0x6f57, 0x6f57, 0x6f57, 0x6f57, 0x6f57, 0x6716,
    0x6716, 0x6716, 0x6716, 0x6f57, 0x6716, 0x6716, 0x6716, 0x6f57, 0x6f57, 0x6f57, 0x6f57, 0x6f57,
    0x6f57, 0x6f57, 0x6f57, 0x6f57, 0x6f57, 0x6f57, 0x6f57, 0x6f57, 0x6f57, 0x6f57, 0x6f57, 0x6f57,
    0x6f57, 0x6f57, 0x6f57, 0x6f57, 0x6f57, 0x6f57, 0x6f57, 0x6f57, 0x6f57, 0x6f57, 0x6f57, 0x6f57,
    0x6f57, 0x6f57, 0x6f57, 0x6f57, 0x6f57, 0x6f57, 0x6f57, 0x6f57, 0x6f57, 0x6716, 0x6716, 0x6716,
    0x4ef9, 0x4ef9, 0x4ef9, 0x4ef9, 0x4ef9, 0x4ef9, 0x4ef9, 0x4ef9, 0x4ef9, 0x4ef9, 0x4ef9, 0x4ef9,
    0x4ef9, 0x4ef9, 0x4ef9, 0x4ef9, 0x4ef9, 0x4ef9, 0x4ef9, 0x4ef9, 0x4ef9, 0x4ef9, 0x4ef9, 0x4ef9,
    0x6716, 0x6716, 0x6716, 0x6716, 0x6716, 0x6f57, 0x6f57, 0x6716, 0x6f57, 0x6716, 0x6716, 0x6716,
    0x6716, 0x6716, 0x6716, 0x6716, 0x6716, 0x6716, 0x6716, 0x6716, 0x6716, 0x6716, 0x6716, 0x6716,
    0x6716, 0x6716, 0x6716, 0x6716, 0x6716, 0x6716, 0x6716, 0x6716, 0x6716, 0x6716, 0x6716, 0x6716,
    0x6716, 0x6716, 0x6716, 0x6716, 0x6716, 0x6716, 0x6716, 0x6716, 0x6716, 0x6716, 0x6716, 0x6716,
    0x6716, 0x6716, 0x6716, 0x6716, 0x6716, 0x6716, 0x6716, 0x6716, 0x6716, 0x6716, 0x6716, 0x6716,
    0x6716, 0x6716, 0x6716, 0x6716, 0x6716, 0x6716, 0x6716, 0x6716, 0x6716, 0x6716, 0x6716, 0x6716,
    0x6716, 0x6716, 0x6716, 0x6716, 0x6716, 0x6716, 0x6716, 0x6716, 0x6716, 0x6716, 0x6716, 0x6716,
    0x6716, 0x4eb5, 0x575c, 0x575c, 0x575c, 0x575c, 0x575c, 0x575c, 0x575c, 0x575c, 0x575c, 0x575c,
    0x6716, 0x6f57, 0x6716, 0x6716, 0x6716, 0x6716, 0x6716, 0x6716, 0x6716, 0x6716, 0x6716, 0x6716,
    0x6716, 0x6716, 0x6716, 0x6716, 0x6716, 0x6716, 0x6716, 0x6f57, 0x6716, 0x6f57, 0x6716, 0x6716,
    0x6716, 0x6716, 0x6716, 0x6716, 0x6716, 0x6716, 0x6716, 0x6716, 0x6f57, 0x6f57, 0x6f57, 0x6f57,
    0x6f57, 0x6f57, 0x6716, 0x6716, 0x6f57, 0x6f57, 0x6f57, 0x6f57, 0x6716, 0x6716, 0x6716, 0x6716,
    0x6f57, 0x6f57, 0x6716, 0x6716, 0x6716, 0x6f57, 0x6f57, 0x6716, 0x6716, 0x6716, 0x6716, 0x6716,
    0x6716, 0x6716, 0x6716, 0x6f57, 0x6f57, 0x6f57, 0x6f57, 0x6f57, 0x6f57, 0x6f57, 0x6f57, 0x6716,
    0x6716, 0x6716, 0x6716, 0x6f57, 0x6716, 0x6716, 0x6716, 0x6f57, 0x6f57, 0x6f57, 0x6f57, 0x6f57,
    0x6f57, 0x6f57, 0x6f57, 0x6f57, 0x6f57, 0x6f57, 0x6f57, 0x6f57, 0x6f57, 0x6f57, 0x6f57, 0x6f57,
    0x6f57, 0x6f57, 0x6f57, 0x6f57, 0x6f57, 0x6f57, 0x6f57, 0x6f57, 0x6f57, 0x6f57, 0x6f57, 0x6f57,
    0x6f57, 0x6f57, 0x6f57, 0x6f57, 0x6f57, 0x6f57, 0x6f57, 0x6716, 0x6716, 0x6716, 0x6716, 0x4f17,
    0x4ef9, 0x4ef9, 0x4ef9, 0x4ef9, 0x4ef9, 0x4ef9, 0x4ef9, 0x4ef9, 0x4ef9, 0x4ef9, 0x4ef9, 0x4ef9,
    0x4ef9, 0x4ef9, 0x4ef9, 0x4ef9, 0x4ef9, 0x4ef9, 0x4ef9, 0x4ef9, 0x4ef9, 0x4ef9, 0x6716, 0x6716,
    0x6716, 0x6716, 0x6716, 0x6716, 0x6716, 0x6f57, 0x6f57, 0x6f57, 0x6716, 0x6f57, 0x6f57, 0x6716,
    0x6716, 0x6716, 0x6716, 0x6716, 0x6716, 0x6716, 0x6716, 0x6716, 0x6716, 0x6716, 0x6716, 0x6716,
    0x6716, 0x6716, 0x6716, 0x6716, 0x6716, 0x6716, 0x6716, 0x6716, 0x6716, 0x6716, 0x6716, 0x6716,
    0x6716, 0x6716, 0x6716, 0x6716, 0x6716, 0x6716, 0x6716, 0x6716, 0x6716, 0x6716, 0x6716, 0x6716,
    0x6716, 0x6716, 0x6716, 0x6716, 0x6716, 0x6716, 0x6716, 0x6716, 0x6716, 0x6716, 0x6716, 0x6716,
    0x6716, 0x6716, 0x6716, 0x6716, 0x6716, 0x6716, 0x6716, 0x6716, 0x6716, 0x6716, 0x6716, 0x6716,
    0x6716, 0x6716, 0x6716, 0x6716, 0x6716, 0x6716, 0x6716, 0x6716, 0x6716, 0x6716, 0x6716, 0x6f57,
    0x6716, 0x575c, 0x575c, 0x575c, 0x575c, 0x575c, 0x575c, 0x575c, 0x575c, 0x575c, 0x6716, 0x6716,
    0x6f57, 0x6716, 0x6716, 0x6716, 0x6716, 0x6716, 0x6716, 0x6716, 0x6716, 0x6716, 0x6716, 0x6f57,
    0x6716, 0x6716, 0x6716, 0x6716, 0x6716, 0x6716, 0x6716, 0x6f57, 0x6716, 0x6716, 0x6716, 0x6716,
    0x6716, 0x6716, 0x6716, 0x6716, 0x6716, 0x6716, 0x6716, 0x6f57, 0x6716, 0x6f57, 0x6f57, 0x6f57,
    0x6f57, 0x6716, 0x6716, 0x6716, 0x6f57, 0x6716, 0x6f57, 0x6f57, 0x6716, 0x6716, 0x6716, 0x6716,
    0x6f57, 0x6716, 0x6716, 0x6716, 0x6f57, 0x6f57, 0x6f57, 0x6716, 0x6716, 0x6716, 0x6716, 0x6f57,
    0x6716, 0x6716, 0x6716, 0x6716, 0x6f57, 0x6716, 0x6f57, 0x6f57, 0x6f57, 0x6f57, 0x6f57, 0x6f57,
    0x6f57, 0x6716, 0x6716, 0x6716, 0x6716, 0x6716, 0x6716, 0x6f57, 0x6f57, 0x6f57, 0x6f57, 0x6f57,
    0x6f57, 0x6f57, 0x6f57, 0x6f57, 0x6f57, 0x6f57, 0x6f57, 0x6f57, 0x6f57, 0x6f57, 0x6f57, 0x6f57,
    0x6f57, 0x6f57, 0x6f57, 0x6f57, 0x6f57, 0x6f57, 0x6f57, 0x6f57, 0x6f57, 0x6f57, 0x6f57, 0x6f57,
    0x6f57, 0x6f57, 0x6f57, 0x6f57, 0x6f57, 0x6f57, 0x6716, 0x6716, 0x6716, 0x6716, 0x6716, 0x4ef9,
    0x6716, 0x4ef9, 0x4ef9, 0x4ef9, 0x4ef9, 0x4ef9, 0x4ef9, 0x4ef9, 0x4ef9, 0x4ef9, 0x4ef9, 0x4ef9,
    0x4ef9, 0x4ef9, 0x4ef9, 0x4ef9, 0x4ef9, 0x4ef9, 0x6716, 0x6716, 0x6716, 0x6716, 0x6716, 0x6716,
    0x6716, 0x6716, 0x6716, 0x6716, 0x6716, 0x6716, 0x6716, 0x6716, 0x6716, 0x6716, 0x6716, 0x6716,
    0x6f57, 0x6716, 0x6716, 0x6716, 0x6716, 0x6716, 0x6716, 0x6716, 0x6716, 0x6716, 0x6716, 0x6716,
    0x6716, 0x6716, 0x6716, 0x6716, 0x6716, 0x6716, 0x6716, 0x6716, 0x6716, 0x6716, 0x6716, 0x6716,
    0x6716, 0x6716, 0x6716, 0x6716, 0x6716, 0x6716, 0x6716, 0x6716, 0x6716, 0x6716, 0x6716, 0x6716,
    0x6716, 0x6716, 0x6716, 0x6716, 0x6716, 0x6716, 0x6716, 0x6716, 0x6716, 0x6716, 0x6716, 0x6716,
    0x6716, 0x6716, 0x4eb5, 0x6716, 0x6716, 0x6716, 0x6716, 0x6716, 0x6716, 0x6716, 0x6716, 0x6716,
    0x6716, 0x6716, 0x6716, 0x6716, 0x6716, 0x6716, 0x6716, 0x6716, 0x6716, 0x6716, 0x6f57, 0x6716,
    0x6716, 0x575c, 0x575c, 0x575c, 0x575c, 0x575c, 0x575c, 0x575c, 0x575c, 0x6716, 0x6716, 0x6716,
    0x6f57, 0x6f57, 0x6716, 0x6f57, 0x6f57, 0x6716, 0x6716, 0x6f57, 0x6716, 0x6716, 0x6716, 0x6f57,
    0x6716, 0x6716, 0x6716, 0x6716, 0x6716, 0x6f57, 0x6716, 0x6f57, 0x6f57, 0x6f57, 0x6716, 0x6716,
    0x6716, 0x6716, 0x6716, 0x6716, 0x6716, 0x6716, 0x6716, 0x6716, 0x6716, 0x6f57, 0x6716, 0x6716,
    0x6716, 0x6716, 0x6716, 0x6f57, 0x6f57, 0x6f57, 0x6f57, 0x6716, 0x6716, 0x6716, 0x6716, 0x6716,
    0x6f57, 0x6f57, 0x6f57, 0x6716, 0x6f57, 0x6f57, 0x6f57, 0x6f57, 0x6716, 0x6716, 0x6716, 0x6f57,
    0x6716, 0x6716, 0x6716, 0x6f57, 0x6f57, 0x6f57, 0x6f57, 0x6f57, 0x6f57, 0x6f57, 0x6f57, 0x6f57,
    0x6f57, 0x6f57, 0x6716, 0x6716, 0x6716, 0x6716, 0x6f57, 0x6716, 0x6716, 0x6f57, 0x6f57, 0x6f57,
    0x6f57, 0x6f57, 0x6f57, 0x6f57, 0x6f57, 0x6f57, 0x6f57, 0x6f57, 0x6f57, 0x6f57, 0x6f57, 0x6f57,
    0x6f57, 0x6f57, 0x6f57, 0x6f57, 0x6f57, 0x6f57, 0x6f57, 0x6f57, 0x6f57, 0x6f57, 0x6f57, 0x6f57,
    0x6f57, 0x6f57, 0x6f57, 0x6f57, 0x6f57, 0x6f57, 0x6f57, 0x6716, 0x6f57, 0x6716, 0x6716, 0x6716,
    0x6716, 0x4ef9, 0x4ef9, 0x4ef9, 0x4ef9, 0x4ef9, 0x4ef9, 0x4ef9, 0x4ef9, 0x4ef9, 0x4ef9, 0x4ef9,
    0x4ef9, 0x4ef9, 0x4ef9, 0x4ef9, 0x4ef9, 0x6716, 0x6716, 0x6716, 0x6716, 0x6716, 0x6716, 0x6716,
    0x6716, 0x6716, 0x6716, 0x6716, 0x6716, 0x6716, 0x6716, 0x6716, 0x6716, 0x6716, 0x6716, 0x6716,
    0x6716, 0x6716, 0x6716, 0x6716, 0x6716, 0x6716, 0x6716, 0x6716, 0x6716, 0x6716, 0x6716, 0x6716,
    0x6716, 0x6716, 0x6716, 0x6716, 0x6716, 0x6716, 0x6716, 0x6716, 0x6716, 0x6716, 0x6716, 0x6716,
    0x6716, 0x6716, 0x6716, 0x6716, 0x6716, 0x6716, 0x6716, 0x6716, 0x6716, 0x6716, 0x6716, 0x6716,
    0x6716, 0x6716, 0x6716, 0x6716, 0x6716, 0x6716, 0x6716, 0x6716, 0x6716, 0x6716, 0x6716, 0x6716,
    0x6716, 0x6716, 0x6716, 0x6716, 0x6716, 0x6716, 0x6716, 0x6716, 0x6716, 0x6716, 0x6716, 0x6716,
    0x6716, 0x6716, 0x6716, 0x6716, 0x6716, 0x6716, 0x6f57, 0x6716, 0x6716, 0x6716, 0x6716, 0x6716,
    0x4f17, 0x575c, 0x575c, 0x575c, 0x575c, 0x575c, 0x575c, 0x575c, 0x575c, 0x6716, 0x6716, 0x6716,
    0x6f57, 0x6716, 0x6716, 0x6f57, 0x6716, 0x6716, 0x6716, 0x6716, 0x6f57, 0x6f57, 0x6716, 0x6f57,
    0x6716, 0x6716, 0x6716, 0x6716, 0x6716, 0x6716, 0x6f57, 0x6f57, 0x6f57, 0x6f57, 0x6716, 0x6716,
    0x6716, 0x6716, 0x6716, 0x6716, 0x6716, 0x6716, 0x6716, 0x6716, 0x6716, 0x6716, 0x6f57, 0x6716,
    0x6716, 0x6f57, 0x6716, 0x6f57, 0x6f57, 0x6f57, 0x6f57, 0x6f57, 0x6716, 0x6716, 0x6716, 0x6f57,
    0x6f57, 0x6f57, 0x6f57, 0x6f57, 0x6716, 0x6f57, 0x6f57, 0x6f57, 0x6716, 0x6f57, 0x6f57, 0x6f57,
    0x6716, 0x6716, 0x6716, 0x6f57, 0x6f57, 0x6716, 0x6f57, 0x6f57, 0x6f57, 0x6f57, 0x6f57, 0x6f57,
    0x6f57, 0x6f57, 0x6f57, 0x6f57, 0x6f57, 0x6f57, 0x6f57, 0x6716, 0x6716, 0x6716, 0x6716, 0x6f57,
    0x6f57, 0x6f57, 0x6f57, 0x6f57, 0x6f57, 0x6f57, 0x6f57, 0x6f57, 0x6f57, 0x6f57, 0x6f57, 0x6f57,
    0x6f57, 0x6f57, 0x6f57, 0x6f57, 0x6f57, 0x6f57, 0x6f57, 0x6f57, 0x6f57, 0x6f57, 0x6f57, 0x6f57,
    0x6f57, 0x6f57, 0x6f57, 0x6f57, 0x6f57, 0x6f57, 0x6f57, 0x6f57, 0x6716, 0x6716, 0x6716, 0x6716,
    0x6716, 0x6716, 0x6716, 0x6716, 0x4ef9, 0x4ef9, 0x4ef9, 0x4ef9, 0x4ef9, 0x4ef9, 0x4ef9, 0x4ef9,
    0x4ef9, 0x4ef9, 0x4ef9, 0x4ef9, 0x4ef9, 0x6716, 0x6716, 0x6716, 0x6716, 0x6716, 0x6716, 0x6716,
    0x6716, 0x6716, 0x6716, 0x6716, 0x6716, 0x6716, 0x6716, 0x6716, 0x6716, 0x6716, 0x6716, 0x6716,
    0x6716, 0x6716, 0x6716, 0x6716, 0x6716, 0x6716, 0x6716, 0x6716, 0x6716, 0x6716, 0x6716, 0x6716,
    0x6716, 0x6716, 0x6716, 0x6716, 0x6716, 0x6716, 0x6716, 0x6716, 0x6716, 0x6716, 0x6716, 0x6716,
    0x6716, 0x6716, 0x6716, 0x6716, 0x6716, 0x6716, 0x6716, 0x6716, 0x6716, 0x6716, 0x6716, 0x6716,
    0x6716, 0x6716, 0x6716, 0x6716, 0x6716, 0x6716, 0x6716, 0x6716, 0x6716, 0x6716, 0x6716, 0x6716,
    0x6716, 0x6716, 0x6716, 0x6716, 0x6716, 0x6716, 0x6716, 0x6716, 0x6716, 0x6716, 0x6716, 0x6716,
    0x6716, 0x6716, 0x6716, 0x6716, 0x6716, 0x6716, 0x6f57, 0x6f57, 0x6f57, 0x6f57, 0x6716, 0x4f17,
    0x575c, 0x575c, 0x575c, 0x575c, 0x575c, 0x575c, 0x575c, 0x575c, 0x575c, 0x6716, 0x6716, 0x6716,
    0x6f57, 0x6716, 0x6f57, 0x6716, 0x6716, 0x6716, 0x6716, 0x6716, 0x6716, 0x6f57, 0x6f57, 0x6f57,
    0x6f57, 0x6f57, 0x6f57, 0x6716, 0x6716, 0x6716, 0x6f57, 0x6f57, 0x6f57, 0x6f57, 0x6f57, 0x6716,
    0x6716, 0x6716, 0x6716, 0x6716, 0x6716, 0x6f57, 0x6716, 0x6f57, 0x6716, 0x6f57, 0x6716, 0x6716,
    0x6f57, 0x6716, 0x6716, 0x6f57, 0x6f57, 0x6716, 0x6f57, 0x6f57, 0x6716, 0x6f57, 0x6f57, 0x6f57,
    0x6f57, 0x6f57, 0x6f57, 0x6f57, 0x6716, 0x6f57, 0x6f57, 0x6716, 0x6716, 0x6716, 0x6f57, 0x6f57,
    0x6716, 0x6716, 0x6f57, 0x6f57, 0x6f57, 0x6716, 0x6f57, 0x6f57, 0x6f57, 0x6f57, 0x6f57, 0x6f57,
    0x6f57, 0x6f57, 0x6f57, 0x6f57, 0x6f57, 0x6f57, 0x6f57, 0x6716, 0x6716, 0x6716, 0x6f57, 0x6716,
    0x6f57, 0x6f57, 0x6f57, 0x6f57, 0x6f57, 0x6f57, 0x6f57, 0x6f57, 0x6f57, 0x6f57, 0x6f57, 0x6f57,
    0x6f57, 0x6f57, 0x6f57, 0x6f57, 0x6f57, 0x6f57, 0x6f57, 0x6f57, 0x6f57, 0x6f57, 0x6f57, 0x6f57,
    0x6f57, 0x6716, 0x6f57, 0x6716, 0x6716, 0x6f57, 0x6716, 0x6716, 0x6716, 0x6716, 0x6716, 0x6716,
    0x6716, 0x6716, 0x6716, 0x6716, 0x3f39, 0x4ef9, 0x4ef9, 0x4ef9, 0x4ef9, 0x4ef9, 0x4ef9, 0x4ef9,
    0x4ef9, 0x4ef9, 0x4ef9, 0x4ef9, 0x4ef9, 0x4ef9, 0x6716, 0x6716, 0x6716, 0x6716, 0x6716, 0x6716,
    0x6716, 0x6716, 0x6716, 0x6716, 0x6716, 0x6716, 0x6716, 0x6716, 0x6716, 0x6716, 0x6716, 0x6716,
    0x6716, 0x6716, 0x6716, 0x6716, 0x6716, 0x6716, 0x6716, 0x6716, 0x6716, 0x6716, 0x6716, 0x6716,
    0x6716, 0x6716, 0x6716, 0x6716, 0x6716, 0x6716, 0x6716, 0x6716, 0x6716, 0x6716, 0x6716, 0x6716,
    0x6716, 0x6716, 0x6716, 0x6716, 0x6716, 0x6716, 0x6716, 0x6716, 0x6716, 0x6716, 0x6716, 0x6716,
    0x6716, 0x6716, 0x6716, 0x6716, 0x6716, 0x6716, 0x6716, 0x6716, 0x6716, 0x6716, 0x6716, 0x6716,
    0x6716, 0x6716, 0x6716, 0x6716, 0x6716, 0x6716, 0x6716, 0x6716, 0x6716, 0x6716, 0x6716, 0x6716,
    0x6716, 0x6716, 0x6716, 0x6716, 0x6f57, 0x6f57, 0x6716, 0x6716, 0x6716, 0x6f57, 0x6f57, 0x575c,
    0x575c, 0x575c, 0x575c, 0x575c, 0x575c, 0x575c, 0x575c, 0x575c, 0x575c, 0x6716, 0x6716, 0x6716,
    0x6716, 0x6716, 0x6716, 0x6716, 0x6716, 0x6716, 0x6716, 0x6716, 0x6f57, 0x6716, 0x6f57, 0x6f57,
    0x6716, 0x6716, 0x6f57, 0x6716, 0x6716, 0x6f57, 0x6f57, 0x6f57, 0x6f57, 0x6f57, 0x6f57, 0x6f57,
    0x6716, 0x6716, 0x6716, 0x6716, 0x6f57, 0x6f57, 0x6f57, 0x6716, 0x6f57, 0x6f57, 0x6f57, 0x6f57,
    0x6f57, 0x6f57, 0x6f57, 0x6f57, 0x6716, 0x6f57, 0x6f57, 0x6f57, 0x6f57, 0x6f57, 0x6f57, 0x6f57,
    0x6f57, 0x6f57, 0x6716, 0x6f57, 0x6716, 0x6716, 0x6716, 0x6f57, 0x6f57, 0x6716, 0x6716, 0x6f57,
    0x6716, 0x6f57, 0x6f57, 0x6f57, 0x6f57, 0x6f57, 0x6f57, 0x6f57, 0x6f57, 0x6f57, 0x6f57, 0x6f57,
    0x6f57, 0x6f57, 0x6f57, 0x6f57, 0x6f57, 0x6f57, 0x6f57, 0x6f57, 0x6f57, 0x6f57, 0x6716, 0x6f57,
    0x6f57, 0x6f57, 0x6f57, 0x6f57, 0x6f57, 0x6f57, 0x6f57, 0x6f57, 0x6f57, 0x6f57, 0x6f57, 0x6f57,
    0x6f57, 0x6f57, 0x6f57, 0x6f57, 0x6f57, 0x6f57, 0x6716, 0x6f57, 0x6f57, 0x6f57, 0x6f57, 0x6f57,
    0x6716, 0x6716, 0x6716, 0x6f57, 0x6716, 0x6716, 0x6716, 0x6716, 0x6716, 0x6716, 0x6716, 0x6716,
    0x6716, 0x6716, 0x6716, 0x4ef9, 0x4ef9, 0x4ef9, 0x4ef9, 0x4ef9, 0x4ef9, 0x4ef9, 0x4ef9, 0x4ef9,
    0x4ef9, 0x4ef9, 0x4ef9, 0x4ef9, 0x4ef9, 0x4ef9, 0x4ef9, 0x4ef9, 0x4ef9, 0x4ef9, 0x6716, 0x6716,
    0x6716, 0x6716, 0x6716, 0x6716, 0x6716, 0x6716, 0x6716, 0x6716, 0x6716, 0x6716, 0x6716, 0x6716,
    0x6716, 0x6716, 0x6716, 0x6716, 0x6716, 0x6716, 0x6716, 0x6716, 0x6716, 0x6716, 0x6716, 0x6f57,
    0x6f57, 0x6f57, 0x6f57, 0x6716, 0x6716, 0x6716, 0x6716, 0x6716, 0x6716, 0x6716, 0x6716, 0x6716,
    0x6716, 0x6716, 0x6716, 0x6716, 0x6716, 0x6716, 0x6716, 0x6716, 0x6716, 0x6716, 0x6716, 0x6716,
    0x6716, 0x6716, 0x6716, 0x6716, 0x6716, 0x6716, 0x6716, 0x6716, 0x6716, 0x6716, 0x6716, 0x6716,
    0x6716, 0x6716, 0x6716, 0x6716, 0x6716, 0x6716, 0x6716, 0x6716, 0x6716, 0x6716, 0x6716, 0x6716,
    0x6716, 0x6716, 0x6716, 0x6716, 0x6716, 0x6716, 0x6f57, 0x6f57, 0x6f57, 0x6716, 0x4ef9, 0x575c,
    0x575c, 0x575c, 0x575c, 0x575c, 0x575c, 0x575c, 0x575c, 0x575c, 0x6716, 0x6716, 0x6716, 0x6716,
    0x6716, 0x6f57, 0x6716, 0x6716, 0x6716, 0x6716, 0x6716, 0x6f57, 0x6716, 0x6716, 0x6716, 0x6f57,
    0x6f57, 0x6716, 0x6716, 0x6f57, 0x6f57, 0x6f57, 0x6f57, 0x6f57, 0x6f57, 0x6f57, 0x6f57, 0x6f57,
    0x6f57, 0x6f57, 0x6f57, 0x6f57, 0x6f57, 0x6f57, 0x6f57, 0x6716, 0x6f57, 0x6f57, 0x6f57, 0x6f57,
    0x6f57, 0x6f57, 0x6f57, 0x6f57, 0x6716, 0x6f57, 0x6f57, 0x6f57, 0x6f57, 0x6f57, 0x6f57, 0x6f57,
    0x6716, 0x6716, 0x6f57, 0x6f57, 0x6f57, 0x6f57, 0x6716, 0x6f57, 0x6f57, 0x6716, 0x6716, 0x6f57,
    0x6f57, 0x6f57, 0x6f57, 0x6f57, 0x6f57, 0x6f57, 0x6f57, 0x6f57, 0x6f57, 0x6f57, 0x6f57, 0x6f57,
    0x6716, 0x6f57, 0x6f57, 0x6f57, 0x6f57, 0x6716, 0x6f57, 0x6f57, 0x6f57, 0x6f57, 0x6716, 0x6f57,
    0x6f57, 0x6716, 0x6f57, 0x6716, 0x6f57, 0x6f57, 0x6f57, 0x6f57, 0x6f57, 0x6f57, 0x6f57, 0x6716,
    0x6f57, 0x6f57, 0x6f57, 0x6f57, 0x6f57, 0x6f57, 0x6716, 0x6f57, 0x6f57, 0x6f57, 0x6f57, 0x6f57,
    0x6f57, 0x6716, 0x6716, 0x6716, 0x6716, 0x6716, 0x6716, 0x6716, 0x6716, 0x6716, 0x4ef9, 0x4ef9,
    0x4ef9, 0x4ef9, 0x4ef9, 0x4ef9, 0x4ef9, 0x4ef9, 0x4ef9, 0x4ef9, 0x4ef9, 0x4ef9, 0x4ef9, 0x4ef9,
    0x4ef9, 0x4ef9, 0x4ef9, 0x4ef9, 0x4ef9, 0x4ef9, 0x4ef9, 0x4ef9, 0x4ef9, 0x4ef9, 0x6716, 0x6716,
    0x6716, 0x6716, 0x6716, 0x6716, 0x4ef9, 0x6716, 0x6716, 0x6716, 0x6716, 0x6716, 0x6716, 0x6716,
    0x6716, 0x6716, 0x6716, 0x6716, 0x6716, 0x6716, 0x6716, 0x6716, 0x6f57, 0x6f57, 0x6716, 0x6f57,
    0x6f57, 0x6f57, 0x6716, 0x6716, 0x6f57, 0x6716, 0x6716, 0x6716, 0x6716, 0x6716, 0x6716, 0x6716,
    0x6716, 0x6716, 0x6716, 0x6716, 0x6716, 0x6716, 0x6716, 0x6716, 0x6716, 0x6716, 0x6716, 0x6716,
    0x6716, 0x6716, 0x6716, 0x6716, 0x6716, 0x6716, 0x6716, 0x6716, 0x6716, 0x6716, 0x6716, 0x6716,
    0x6716, 0x6716, 0x6716, 0x6716, 0x6716, 0x6716, 0x6716, 0x6716, 0x6716, 0x6716, 0x6716, 0x6716,
    0x6716, 0x6716, 0x6716, 0x6716, 0x6f57, 0x6f57, 0x6f57, 0x6f57, 0x6f57, 0x6716, 0x575c, 0x575c,
    0x575c, 0x575c, 0x575c, 0x575c, 0x575c, 0x575c, 0x4ef9, 0x4f17, 0x6716, 0x6716, 0x6716, 0x6716,
    0x6f57, 0x6716, 0x6716, 0x6716, 0x6716, 0x6716, 0x6716, 0x6f57, 0x6716, 0x6716, 0x6716, 0x6716,
    0x6f57, 0x6716, 0x6f57, 0x6f57, 0x6f57, 0x6f57, 0x6f57, 0x6f57, 0x6f57, 0x6f57, 0x6f57, 0x6f57,
    0x6f57, 0x6f57, 0x6f57, 0x6f57, 0x6f57, 0x6f57, 0x6f57, 0x6f57, 0x6f57, 0x6f57, 0x6f57, 0x6f57,
    0x6f57, 0x6f57, 0x6f57, 0x6f57, 0x6716, 0x6f57, 0x6f57, 0x6f57, 0x6f57, 0x6f57, 0x6f57, 0x6f57,
    0x6716, 0x6f57, 0x6f57, 0x6f57, 0x6f57, 0x6716, 0x6716, 0x6716, 0x6f57, 0x6716, 0x6f57, 0x6716,
    0x6716, 0x6f57, 0x6f57, 0x6f57, 0x6f57, 0x6716, 0x6f57, 0x6f57, 0x6f57, 0x6f57, 0x6716, 0x6716,
    0x6716, 0x6f57, 0x6f57, 0x6716, 0x6f57, 0x6716, 0x6716, 0x6716, 0x6716, 0x6f57, 0x6f57, 0x6f57,
    0x6716, 0x6716, 0x6716, 0x6716, 0x6716, 0x6f57, 0x6f57, 0x6f57, 0x6f57, 0x6f57, 0x6f57, 0x6716,
    0x6f57, 0x6f57, 0x6716, 0x6f57, 0x6716, 0x6f57, 0x6f57, 0x6f57, 0x6716, 0x6716, 0x6716, 0x6716,
    0x6716, 0x6716, 0x6716, 0x6716, 0x6716, 0x6716, 0x6716, 0x4ef9, 0x4ef9, 0x4ef9, 0x4ef9, 0x4ef9,
    0x4ef9, 0x4ef9, 0x4ef9, 0x4ef9, 0x4ef9, 0x4ef9, 0x6716, 0x6716, 0x6716, 0x6716, 0x6716, 0x4ef9,
    0x6716, 0x4ef9, 0x4ef9, 0x4ef9, 0x4ef9, 0x4ef9, 0x4ef9, 0x4ef9, 0x4ef9, 0x6716, 0x6716, 0x4ef9,
    0x4ef9, 0x4ef9, 0x6716, 0x4ef9, 0x6716, 0x4ef9, 0x6716, 0x6716, 0x6716, 0x6716, 0x6716, 0x6716,
    0x6716, 0x6716, 0x6716, 0x6716, 0x6716, 0x6716, 0x6f57, 0x6716, 0x6716, 0x6716, 0x6716, 0x6716,
    0x6716, 0x6716, 0x6f57, 0x6f57, 0x6716, 0x6f57, 0x6716, 0x6716, 0x6716, 0x6716, 0x6716, 0x6716,
    0x6716, 0x6716, 0x6716, 0x6716, 0x6716, 0x6716, 0x6716, 0x6716, 0x6716, 0x6716, 0x6716, 0x6716,
    0x6716, 0x6716, 0x6716, 0x6716, 0x6716, 0x6716, 0x6716, 0x6716, 0x6716, 0x6716, 0x6716, 0x6716,
    0x6716, 0x6716, 0x6716, 0x6716, 0x6716, 0x6716, 0x6716, 0x6716, 0x6716, 0x6716, 0x6716, 0x6716,
    0x6716, 0x6716, 0x6716, 0x6f57, 0x6f57, 0x6f57, 0x6f57, 0x6f57, 0x6716, 0x6f57, 0x575c, 0x575c,
    0x575c, 0x575c, 0x575c, 0x575c, 0x575c, 0x575c, 0x6716, 0x4f17, 0x6716, 0x6716, 0x6716, 0x6716,
    0x6716, 0x6716, 0x6716, 0x6716, 0x6716, 0x6716, 0x6716, 0x6f57, 0x6f57, 0x6716, 0x6f57, 0x6f57,
    0x6716, 0x6716, 0x6716, 0x6f57, 0x6f57, 0x6f57, 0x6f57, 0x6f57, 0x6f57, 0x6f57, 0x6f57, 0x6f57,
    0x6f57, 0x6f57, 0x6f57, 0x6f57, 0x6f57, 0x6f57, 0x6f57, 0x6f57, 0x6f57, 0x6f57, 0x6f57, 0x6f57,
    0x6f57, 0x6f57, 0x6f57, 0x6f57, 0x6f57, 0x6f57, 0x6f57, 0x6f57, 0x6f57, 0x6f57, 0x6f57, 0x6f57,
    0x6f57, 0x6f57, 0x6f57, 0x6f57, 0x6f57, 0x6716, 0x6716, 0x6716, 0x6f57, 0x6f57, 0x6716, 0x6716,
    0x6716, 0x6716, 0x6716, 0x6f57, 0x6f57, 0x6716, 0x6f57, 0x6716, 0x6f57, 0x6f57, 0x6716, 0x6716,
    0x6716, 0x6716, 0x6f57, 0x6f57, 0x6f57, 0x6716, 0x6716, 0x6716, 0x6f57, 0x6f57, 0x6f57, 0x6f57,
    0x6716, 0x6716, 0x6716, 0x6716, 0x6716, 0x6716, 0x6f57, 0x6f57, 0x6f57, 0x6716, 0x6716, 0x6716,
    0x6716, 0x6716, 0x6716, 0x6f57, 0x6716, 0x6716, 0x6716, 0x6716, 0x6716, 0x6716, 0x6716, 0x6716,
    0x6716, 0x4f17, 0x4ef9, 0x4ef9, 0x4ef9, 0x4ef9, 0x4ef9, 0x4ef9, 0x4ef9, 0x4ef9, 0x4ef9, 0x4ef9,
    0x4ef9, 0x4ef9, 0x4ef9, 0x4ef9, 0x6716, 0x6716, 0x6716, 0x6716, 0x6716, 0x6716, 0x6716, 0x6716,
    0x6716, 0x6716, 0x6716, 0x6716, 0x6716, 0x4ef9, 0x4ef9, 0x6716, 0x6716, 0x6716, 0x4ef9, 0x4ef9,
    0x4ef9, 0x4ef9, 0x4ef9, 0x4ef9, 0x4ef9, 0x6716, 0x6716, 0x6716, 0x6716, 0x6716, 0x6716, 0x6716,
    0x6716, 0x6716, 0x6716, 0x6716, 0x6716, 0x6716, 0x6716, 0x6716, 0x6716, 0x6716, 0x6716, 0x6716,
    0x6f57, 0x6f57, 0x6f57, 0x6f57, 0x6f57, 0x6f57, 0x6716, 0x6716, 0x6716, 0x6716, 0x6716, 0x6716,
    0x6716, 0x6716, 0x6716, 0x6716, 0x6716, 0x6716, 0x6716, 0x6716, 0x6716, 0x6716, 0x6716, 0x6716,
    0x6716, 0x6716, 0x6f57, 0x6f57, 0x6f57, 0x6716, 0x6f57, 0x6716, 0x6716, 0x6716, 0x6716, 0x6716,
    0x6716, 0x6716, 0x6716, 0x6716, 0x6716, 0x6716, 0x6716, 0x6716, 0x6716, 0x6716, 0x6716, 0x6716,
    0x6716, 0x6716, 0x6716, 0x6f57, 0x6f57, 0x6f57, 0x6f57, 0x6f57, 0x6716, 0x6f57, 0x575c, 0x575c,
    0x575c, 0x575c, 0x575c, 0x575c, 0x575c, 0x575c, 0x575c, 0x6716, 0x6716, 0x6716, 0x6716, 0x6716,
    0x6716, 0x6716, 0x6716, 0x6716, 0x6f57, 0x6f57, 0x6f57, 0x6716, 0x6f57, 0x6716, 0x6716, 0x6716,
    0x6f57, 0x6f57, 0x6f57, 0x6f57, 0x6f57, 0x6f57, 0x6f57, 0x6f57, 0x6f57, 0x6f57, 0x6f57, 0x6f57,
    0x6f57, 0x6f57, 0x6f57, 0x6f57, 0x6f57, 0x6f57, 0x6f57, 0x6f57, 0x6f57, 0x6f57, 0x6f57, 0x6f57,
    0x6f57, 0x6f57, 0x6f57, 0x6f57, 0x6f57, 0x6f57, 0x6f57, 0x6716, 0x6f57, 0x6f57, 0x6f57, 0x6f57,
    0x6f57, 0x6f57, 0x6f57, 0x6f57, 0x6f57, 0x6716, 0x6716, 0x6f57, 0x6f57, 0x6f57, 0x6716, 0x6716,
    0x6716, 0x6f57, 0x6f57, 0x6f57, 0x6716, 0x6f57, 0x6716, 0x6716, 0x6716, 0x6f57, 0x6f57, 0x6f57,
    0x6716, 0x6716, 0x6f57, 0x6f57, 0x6f57, 0x6716, 0x6f57, 0x6716, 0x6f57, 0x6716, 0x6716, 0x6716,
    0x6716, 0x6716, 0x6716, 0x6716, 0x6716, 0x6f57, 0x6f57, 0x6f57, 0x6716, 0x6f57, 0x6716, 0x6716,
    0x6716, 0x6716, 0x6716, 0x6716, 0x6716, 0x6716, 0x6716, 0x6716, 0x6716, 0x4f17, 0x4f17, 0x4f17,
    0x4f17, 0x4ef9, 0x4ef9, 0x4ef9, 0x4ef9, 0x4ef9, 0x4ef9, 0x4ef9, 0x4ef9, 0x4ef9, 0x4ef9, 0x4ef9,
    0x4ef9, 0x4ef9, 0x4ef9, 0x4ef9, 0x4ef9, 0x4f17, 0x6716, 0x6716, 0x6716, 0x4ef9, 0x6716, 0x6716,
    0x6716, 0x6716, 0x6716, 0x6716, 0x6716, 0x6716, 0x6716, 0x6716, 0x6716, 0x6716, 0x6716, 0x6716,
    0x6716, 0x6716, 0x6716, 0x6716, 0x6716, 0x6716, 0x6716, 0x6716, 0x6716, 0x6716, 0x6716, 0x6716,
    0x6716, 0x6716, 0x6716, 0x6716, 0x6716, 0x6716, 0x6716, 0x6716, 0x6716, 0x6716, 0x6f57, 0x6f57,
    0x6f57, 0x6f57, 0x6716, 0x6716, 0x6f57, 0x6f57, 0x6f57, 0x6f57, 0x6f57, 0x6716, 0x6716, 0x6716,
    0x6716, 0x6716, 0x6716, 0x6716, 0x6716, 0x6716, 0x6716, 0x6716, 0x6716, 0x6716, 0x6716, 0x6716,
    0x6f57, 0x6f57, 0x6f57, 0x6f57, 0x6716, 0x6716, 0x6f57, 0x4eb5, 0x6716, 0x6716, 0x6716, 0x6716,
    0x6716, 0x6716, 0x6716, 0x6716, 0x4eb5, 0x6716, 0x6716, 0x6716, 0x6716, 0x6716, 0x6716, 0x6716,
    0x6716, 0x6716, 0x6f57, 0x6f57, 0x6716, 0x6f57, 0x6f57, 0x6f57, 0x6f57, 0x6f57, 0x6f57, 0x575c,
    0x575c, 0x575c, 0x575c, 0x575c, 0x575c, 0x575c, 0x575c, 0x575c, 0x6716, 0x6716, 0x6716, 0x4f17,
    0x6716, 0x6716, 0x6716, 0x6f57, 0x6716, 0x6716, 0x6f57, 0x6716, 0x6716, 0x6716, 0x6716, 0x6716,
    0x6716, 0x6716, 0x6f57, 0x6f57, 0x6f57, 0x6f57, 0x6f57, 0x6f57, 0x6f57, 0x6f57, 0x6f57, 0x6f57,
    0x6f57, 0x6f57, 0x6f57, 0x6f57, 0x6f57, 0x6f57, 0x6f57, 0x6f57, 0x6f57, 0x6f57, 0x6f57, 0x6f57,
    0x6f57, 0x6f57, 0x6f57, 0x6f57, 0x6f57, 0x6f57, 0x6f57, 0x6f57, 0x6f57, 0x6f57, 0x6f57, 0x6f57,
    0x6f57, 0x6f57, 0x6f57, 0x6f57, 0x6f57, 0x6f57, 0x6f57, 0x6f57, 0x6f57, 0x6f57, 0x6716, 0x6f57,
    0x6f57, 0x6f57, 0x6f57, 0x6f57, 0x6716, 0x6716, 0x6716, 0x6716, 0x6f57, 0x6f57, 0x6f57, 0x6f57,
    0x6f57, 0x6f57, 0x6f57, 0x6f57, 0x6f57, 0x6f57, 0x6716, 0x6716, 0x6716, 0x6716, 0x6716, 0x6716,
    0x6716, 0x6716, 0x6f57, 0x6716, 0x6f57, 0x6f57, 0x6f57, 0x6f57, 0x6716, 0x6716, 0x6716, 0x6716,
    0x6716, 0x6716, 0x6716, 0x6716, 0x4f17, 0x6716, 0x4ef9, 0x4f17, 0x4f17, 0x4ef9, 0x4ef9, 0x4ef9,
    0x4ef9, 0x6716, 0x6716, 0x6716, 0x4ef9, 0x4ef9, 0x4ef9, 0x4ef9, 0x4ef9, 0x4ef9, 0x4ef9, 0x4ef9,
    0x4ef9, 0x4ef9, 0x4ef9, 0x4ef9, 0x4f17, 0x4ef9, 0x6716, 0x6716, 0x6f57, 0x6f57, 0x6f57, 0x6716,
    0x6716, 0x6716, 0x6716, 0x6716, 0x6716, 0x6716, 0x6716, 0x6716, 0x6716, 0x6716, 0x6716, 0x6716,
    0x6716, 0x6716, 0x6716, 0x6716, 0x6716, 0x6716, 0x6716, 0x6716, 0x6716, 0x6716, 0x6716, 0x6716,
    0x6716, 0x6716, 0x6716, 0x6716, 0x6716, 0x6f57, 0x6f57, 0x6f57, 0x6f57, 0x6f57, 0x6f57, 0x6f57,
    0x6f57, 0x6f57, 0x6f57, 0x6f57, 0x6f57, 0x6f57, 0x6f57, 0x6f57, 0x6f57, 0x6f57, 0x6f57, 0x6716,
    0x6f57, 0x6f57, 0x6f57, 0x6716, 0x6716, 0x6716, 0x6716, 0x6716, 0x6f57, 0x6f57, 0x6716, 0x6f57,
    0x6716, 0x6716, 0x6f57, 0x6f57, 0x6716, 0x6716, 0x6f57, 0x4eb5, 0x6716, 0x6716, 0x6716, 0x6716,
    0x6716, 0x6716, 0x6716, 0x4eb5, 0x6716, 0x6716, 0x6716, 0x6716, 0x6716, 0x6716, 0x6716, 0x6716,
    0x6716, 0x6f57, 0x6f57, 0x6f57, 0x6f57, 0x6f57, 0x6f57, 0x6f57, 0x6f57, 0x6f57, 0x6716, 0x6f57,
    0x575c, 0x575c, 0x575c, 0x73bd, 0x575c, 0x575c, 0x575c, 0x575c, 0x575c, 0x575c, 0x4ef9, 0x4ef9,
    0x6716, 0x6716, 0x6716, 0x6f57, 0x6716, 0x6716, 0x6716, 0x6f57, 0x6716, 0x6716, 0x6716, 0x6716,
    0x6716, 0x6716, 0x6716, 0x4ef9, 0x6716, 0x6716, 0x6716, 0x6f57, 0x6f57, 0x6f57, 0x6f57, 0x6f57,
    0x6f57, 0x6f57, 0x6f57, 0x6f57, 0x6f57, 0x6f57, 0x6f57, 0x6f57, 0x6f57, 0x6f57, 0x6f57, 0x6f57,
    0x6f57, 0x6f57, 0x6f57, 0x6f57, 0x6f57, 0x6f57, 0x6f57, 0x6f57, 0x6f57, 0x6f57, 0x6f57, 0x6f57,
    0x6f57, 0x6f57, 0x6716, 0x6716, 0x6716, 0x6f57, 0x6716, 0x6716, 0x6716, 0x6716, 0x6716, 0x6716,
    0x6716, 0x6716, 0x6716, 0x6716, 0x6716, 0x6716, 0x6716, 0x6716, 0x6f57, 0x6716, 0x6716, 0x6716,
    0x6716, 0x6716, 0x6716, 0x6716, 0x6716, 0x6716, 0x6716, 0x6716, 0x6716, 0x6716, 0x6716, 0x6716,
    0x575c, 0x6716, 0x6716, 0x6716, 0x6716, 0x6716, 0x6716, 0x6716, 0x6716, 0x6716, 0x6716, 0x6716,
    0x4ef9, 0x4ef9, 0x4ef9, 0x4ef9, 0x4ef9, 0x4ef9, 0x4f17, 0x6716, 0x6716, 0x6716, 0x6716, 0x6f57,
    0x6f57, 0x6716, 0x6f57, 0x6716, 0x6716, 0x6f57, 0x4ef9, 0x4ef9, 0x4ef9, 0x4ef9, 0x4ef9, 0x4ef9,
    0x4ef9, 0x4ef9, 0x4ef9, 0x4f17, 0x6716, 0x6f57, 0x6716, 0x6f57, 0x6f57, 0x6f57, 0x6f57, 0x6f57,
    0x6716, 0x6716, 0x6f57, 0x6716, 0x6716, 0x6f57, 0x6716, 0x6716, 0x6716, 0x6716, 0x6f57, 0x6716,
    0x6716, 0x6716, 0x6716, 0x6716, 0x6716, 0x6716, 0x6716, 0x6716, 0x6716, 0x6716, 0x6716, 0x6716,
    0x6716, 0x6716, 0x6f57, 0x6f57, 0x6f57, 0x6f57, 0x6f57, 0x6f57, 0x6f57, 0x6f57, 0x6f57, 0x6f57,
    0x6f57, 0x6f57, 0x6f57, 0x6f57, 0x6f57, 0x6f57, 0x6f57, 0x6f57, 0x6f57, 0x6f57, 0x6f57, 0x6f57,
    0x6f57, 0x6f57, 0x6f57, 0x6f57, 0x6f57, 0x6f57, 0x6f57, 0x6f57, 0x6f57, 0x6f57, 0x6f57, 0x6716,
    0x6f57, 0x6716, 0x6716, 0x6716, 0x6716, 0x6716, 0x6716, 0x6716, 0x6716, 0x6716, 0x6716, 0x6716,
    0x4eb5, 0x4eb5, 0x6716, 0x6716, 0x6716, 0x6716, 0x6716, 0x6716, 0x6716, 0x6716, 0x6716, 0x6716,
    0x6f57, 0x6f57, 0x6f57, 0x6f57, 0x6f57, 0x6f57, 0x6f57, 0x6f57, 0x6f57, 0x6f57, 0x6f57, 0x6f57,
    0x4eb5, 0x6716, 0x575c, 0x575c, 0x575c, 0x73bd, 0x575c, 0x575c, 0x575c, 0x575c, 0x575c, 0x575c,
    0x6f57, 0x6f57, 0x6716, 0x6f57, 0x6f57, 0x6f57, 0x6f57, 0x6f57, 0x6716, 0x6716, 0x6716, 0x6f57,
    0x6f57, 0x6f57, 0x6716, 0x6716, 0x6716, 0x6716, 0x6716, 0x6716, 0x6f57, 0x6f57, 0x6f57, 0x6f57,
    0x6f57, 0x6f57, 0x6f57, 0x6f57, 0x6f57, 0x6f57, 0x6f57, 0x6f57, 0x6f57, 0x6f57, 0x6f57, 0x6f57,
    0x6f57, 0x6f57, 0x6f57, 0x6f57, 0x6f57, 0x6f57, 0x6f57, 0x6f57, 0x6f57, 0x6f57, 0x6f57, 0x6716,
    0x6716, 0x6716, 0x6716, 0x6716, 0x6f57, 0x6f57, 0x6716, 0x6716, 0x6f57, 0x6716, 0x6716, 0x6716,
    0x6716, 0x6716, 0x6716, 0x6716, 0x6716, 0x6716, 0x6716, 0x6716, 0x6716, 0x6716, 0x6716, 0x6716,
    0x6716, 0x6f57, 0x6f57, 0x6716, 0x6716, 0x6716, 0x6716, 0x6716, 0x6716, 0x6716, 0x6716, 0x6716,
    0x6716, 0x6716, 0x6716, 0x6716, 0x6716, 0x6716, 0x6716, 0x6716, 0x6716, 0x6716, 0x4ef9, 0x4ef9,
    0x4ef9, 0x4ef9, 0x4ef9, 0x4f17, 0x6716, 0x6716, 0x6716, 0x6716, 0x6f57, 0x6716, 0x6f57, 0x6f57,
    0x6f57, 0x6f57, 0x6716, 0x6716, 0x6716, 0x6716, 0x6716, 0x6f57, 0x6716, 0x6716, 0x6716, 0x6f57,
    0x6f57, 0x6f57, 0x6716, 0x6716, 0x6f57, 0x6716, 0x6f57, 0x6f57, 0x6f57, 0x6f57, 0x6f57, 0x6f57,
    0x6f57, 0x6716, 0x6f57, 0x6716, 0x6f57, 0x6716, 0x6716, 0x6716, 0x6716, 0x6716, 0x6716, 0x6716,
    0x6716, 0x6716, 0x6716, 0x6716, 0x6716, 0x6716, 0x6716, 0x6716, 0x6716, 0x6f57, 0x6f57, 0x6f57,
    0x6f57, 0x6f57, 0x6f57, 0x6f57, 0x6f57, 0x6f57, 0x6f57, 0x6f57, 0x6f57, 0x6f57, 0x6f57, 0x6f57,
    0x6f57, 0x6f57, 0x6f57, 0x6f57, 0x6f57, 0x6f57, 0x6f57, 0x6f57, 0x6f57, 0x6f57, 0x6f57, 0x6f57,
    0x6f57, 0x6f57, 0x6f57, 0x6f57, 0x6f57, 0x6f57, 0x6f57, 0x6f57, 0x6f57, 0x6f57, 0x6716, 0x6716,
    0x6716, 0x6716, 0x6716, 0x6f57, 0x6716, 0x6716, 0x4eb5, 0x6716, 0x6716, 0x6716, 0x6716, 0x6716,
    0x6716, 0x6716, 0x6716, 0x6716, 0x6716, 0x6716, 0x6716, 0x6716, 0x6716, 0x6f57, 0x6f57, 0x6f57,
    0x6f57, 0x6f57, 0x6f57, 0x6f57, 0x6f57, 0x6f57, 0x6f57, 0x6f57, 0x6f57, 0x6f57, 0x6f57, 0x6f57,
    0x6f57, 0x6716, 0x575c, 0x575c, 0x575c, 0x575c, 0x575c, 0x575c, 0x575c, 0x575c, 0x575c, 0x575c,
    0x6f57, 0x6f57, 0x6716, 0x6716, 0x6f57, 0x6f57, 0x6f57, 0x6f57, 0x6716, 0x6f57, 0x6f57, 0x6f57,
    0x6f57, 0x6f57, 0x6f57, 0x6f57, 0x6f57, 0x6f57, 0x6f57, 0x6f57, 0x6f57, 0x6f57, 0x6f57, 0x6f57,
    0x6f57, 0x6f57, 0x6f57, 0x6f57, 0x6f57, 0x6f57, 0x6f57, 0x6f57, 0x6f57, 0x6f57, 0x6f57, 0x6f57,
    0x6f57, 0x6f57, 0x6f57, 0x6f57, 0x6f57, 0x6716, 0x6716, 0x6f57, 0x6f57, 0x6f57, 0x6f57, 0x6716,
    0x6716, 0x6716, 0x6716, 0x6716, 0x6716, 0x6716, 0x6716, 0x6716, 0x6716, 0x6716, 0x6716, 0x6716,
    0x6716, 0x6716, 0x6716, 0x6716, 0x6716, 0x6716, 0x6716, 0x6716, 0x6716, 0x6716, 0x6716, 0x6716,
    0x6716, 0x6716, 0x6716, 0x6716, 0x6716, 0x6716, 0x6716, 0x6716, 0x4ef9, 0x4ef9, 0x4ef9, 0x4ef9,
    0x4ef9, 0x4ef9, 0x4f17, 0x6716, 0x4ef9, 0x575c, 0x4ef9, 0x4ef9, 0x4ef9, 0x4ef9, 0x4ef9, 0x6716,
    0x6716, 0x6716, 0x6716, 0x6716, 0x6716, 0x6f57, 0x6f57, 0x6f57, 0x6f57, 0x6f57, 0x6f57, 0x6f57,
    0x6f57, 0x6716, 0x6716, 0x6716, 0x6716, 0x6716, 0x6f57, 0x6716, 0x6716, 0x6f57, 0x6f57, 0x6716,
    0x6716, 0x6716, 0x6716, 0x6f57, 0x6716, 0x6f57, 0x6f57, 0x6f57, 0x6f57, 0x6f57, 0x6f57, 0x6f57,
    0x6f57, 0x6716, 0x6716, 0x6f57, 0x6716, 0x6716, 0x6716, 0x6716, 0x6716, 0x6716, 0x6716, 0x6716,
    0x6716, 0x6716, 0x6716, 0x6716, 0x6716, 0x6716, 0x6f57, 0x6f57, 0x6f57, 0x6f57, 0x6f57, 0x6f57,
    0x6f57, 0x6f57, 0x6f57, 0x6f57, 0x6f57, 0x6f57, 0x6f57, 0x6f57, 0x6f57, 0x6f57, 0x6f57, 0x6f57,
    0x6f57, 0x6f57, 0x6f57, 0x6f57, 0x6f57, 0x6f57, 0x6f57, 0x6f57, 0x6f57, 0x6f57, 0x6f57, 0x6f57,
    0x6f57, 0x6f57, 0x6f57, 0x6f57, 0x6f57, 0x6f57, 0x6f57, 0x6716, 0x6716, 0x6716, 0x6716, 0x6716,
    0x6716, 0x6716, 0x6716, 0x6716, 0x4eb5, 0x6716, 0x6716, 0x6716, 0x6716, 0x4f17, 0x4eb5, 0x6716,
    0x6716, 0x6716, 0x6716, 0x6716, 0x6716, 0x6716, 0x6716, 0x6f57, 0x6716, 0x6f57, 0x6f57, 0x6f57,
    0x6f57, 0x6f57, 0x6f57, 0x6f57, 0x6f57, 0x6f57, 0x6f57, 0x6f57, 0x6f57, 0x6f57, 0x6f57, 0x6f57,
    0x6f57, 0x6f57, 0x6716, 0x575c, 0x575c, 0x575c, 0x575c, 0x575c, 0x575c, 0x575c, 0x575c, 0x575c,
    0x6716, 0x6f57, 0x6f57, 0x6f57, 0x6f57, 0x6716, 0x6716, 0x6716, 0x6f57, 0x6f57, 0x6f57, 0x6f57,
    0x6f57, 0x6f57, 0x6f57, 0x6f57, 0x6f57, 0x6f57, 0x6f57, 0x6f57, 0x6f57, 0x6f57, 0x6f57, 0x6f57,
    0x6716, 0x6f57, 0x6f57, 0x6f57, 0x6716, 0x6f57, 0x6716, 0x6f57, 0x6f57, 0x6f57, 0x6716, 0x6f57,
    0x6f57, 0x6f57, 0x6f57, 0x6f57, 0x6f57, 0x6f57, 0x6f57, 0x6f57, 0x6716, 0x6f57, 0x6716, 0x6716,
    0x6716, 0x6716, 0x6716, 0x6716, 0x6716, 0x6716, 0x6716, 0x6716, 0x6716, 0x6716, 0x6716, 0x6716,
    0x6716, 0x6716, 0x6716, 0x6716, 0x6716, 0x6716, 0x6716, 0x6716, 0x6716, 0x6716, 0x6716, 0x6716,
    0x575c, 0x575c, 0x575c, 0x575c, 0x575c, 0x575c, 0x575c, 0x575c, 0x575c, 0x575c, 0x575c, 0x575c,
    0x575c, 0x575c, 0x575c, 0x575c, 0x4ef9, 0x4ef9, 0x4ef9, 0x4ef9, 0x4ef9, 0x6716, 0x6f57, 0x6f57,
    0x6716, 0x6f57, 0x6716, 0x6716, 0x6f57, 0x6f57, 0x6f57, 0x6f57, 0x6f57, 0x6f57, 0x6f57, 0x6f57,
    0x6716, 0x6716, 0x6716, 0x6716, 0x6716, 0x6716, 0x6f57, 0x6716, 0x6716, 0x6716, 0x6f57, 0x6716,
    0x6716, 0x6f57, 0x6f57, 0x6f57, 0x6f57, 0x6f57, 0x6f57, 0x6f57, 0x6f57, 0x6f57, 0x6f57, 0x6f57,
    0x6f57, 0x6f57, 0x6716, 0x6f57, 0x6f57, 0x6716, 0x6f57, 0x6716, 0x6716, 0x6716, 0x6716, 0x6716,
    0x6716, 0x6716, 0x6716, 0x6f57, 0x6f57, 0x6f57, 0x6f57, 0x6f57, 0x6f57, 0x6f57, 0x6f57, 0x6f57,
    0x6f57, 0x6f57, 0x6f57, 0x6f57, 0x6f57, 0x6f57, 0x6f57, 0x6f57, 0x6f57, 0x6f57, 0x6f57, 0x6f57,
    0x6f57, 0x6f57, 0x6f57, 0x6f57, 0x6f57, 0x6f57, 0x6f57, 0x6f57, 0x6f57, 0x6f57, 0x6f57, 0x6f57,
    0x6f57, 0x6f57, 0x6f57, 0x6f57, 0x6f57, 0x6716, 0x6716, 0x6716, 0x6716, 0x6716, 0x6716, 0x6716,
    0x6716, 0x6716, 0x6f57, 0x6f57, 0x4f17, 0x6716, 0x6716, 0x6716, 0x4f17, 0x4eb5, 0x6716, 0x6716,
    0x6716, 0x6716, 0x6716, 0x6716, 0x6f57, 0x6f57, 0x6f57, 0x6f57, 0x6f57, 0x6f57, 0x6f57, 0x6f57,
    0x6f57, 0x6f57, 0x6f57, 0x6f57, 0x6f57, 0x6f57, 0x6f57, 0x6f57, 0x6f57, 0x6f57, 0x6f57, 0x6f57,
    0x6f57, 0x6f57, 0x6f57, 0x575c, 0x575c, 0x575c, 0x575c, 0x575c, 0x575c, 0x575c, 0x575c, 0x4ef9,
    0x6f57, 0x6716, 0x6f57, 0x6f57, 0x6f57, 0x6f57, 0x6f57, 0x6f57, 0x6f57, 0x6f57, 0x6f57, 0x6f57,
    0x6f57, 0x6f57, 0x6f57, 0x6f57, 0x6f57, 0x6f57, 0x6f57, 0x6f57, 0x6f57, 0x6f57, 0x6f57, 0x6f57,
    0x6f57, 0x6716, 0x4ef9, 0x6716, 0x6716, 0x6716, 0x6716, 0x6f57, 0x6f57, 0x6f57, 0x6f57, 0x6f57,
    0x6f57, 0x6f57, 0x6716, 0x6f57, 0x6f57, 0x6f57, 0x6f57, 0x6f57, 0x6716, 0x6f57, 0x6716, 0x6716,
    0x6716, 0x6716, 0x6716, 0x6716, 0x6716, 0x6716, 0x6f57, 0x6716, 0x6716, 0x6716, 0x6716, 0x6716,
    0x6716, 0x6716, 0x6716, 0x6716, 0x6716, 0x6716, 0x6716, 0x6716, 0x6716, 0x6716, 0x575c, 0x575c,
    0x575c, 0x575c, 0x575c, 0x575c, 0x575c, 0x575c, 0x575c, 0x575c, 0x575c, 0x575c, 0x575c, 0x4ef9,
    0x4ef9, 0x4ef9, 0x575c, 0x6716, 0x6f57, 0x6f57, 0x6f57, 0x6f57, 0x6f57, 0x6f57, 0x6f57, 0x6f57,
    0x6f57, 0x6f57, 0x6716, 0x6f57, 0x6f57, 0x6f57, 0x6f57, 0x6f57, 0x6f57, 0x6f57, 0x6f57, 0x6f57,
    0x6716, 0x6716, 0x6f57, 0x6f57, 0x6f57, 0x6716, 0x6f57, 0x6f57, 0x6716, 0x6f57, 0x6f57, 0x6716,
    0x6716, 0x6f57, 0x6f57, 0x6f57, 0x6f57, 0x6f57, 0x6f57, 0x6f57, 0x6f57, 0x6f57, 0x6f57, 0x6f57,
    0x6f57, 0x6f57, 0x6f57, 0x6f57, 0x6f57, 0x6f57, 0x6f57, 0x6f57, 0x6f57, 0x6f57, 0x6f57, 0x6f57,
    0x6f57, 0x6f57, 0x6f57, 0x6f57, 0x6f57, 0x6f57, 0x6f57, 0x6f57, 0x6f57, 0x6f57, 0x6f57, 0x6f57,
    0x6f57, 0x6f57, 0x6f57, 0x6f57, 0x6f57, 0x6f57, 0x6f57, 0x6f57, 0x6f57, 0x6f57, 0x6f57, 0x6f57,
    0x6f57, 0x6f57, 0x6f57, 0x6f57, 0x6f57, 0x6f57, 0x6f57, 0x6f57, 0x6f57, 0x6f57, 0x6f57, 0x6f57,
    0x6f57, 0x6716, 0x6f57, 0x6716, 0x6716, 0x6716, 0x6716, 0x6716, 0x6716, 0x6716, 0x6716, 0x6716,
    0x6f57, 0x6716, 0x6716, 0x6716, 0x6716, 0x6716, 0x6716, 0x4f17, 0x4f17, 0x4eb5, 0x6716, 0x6716,
    0x6f57, 0x6f57, 0x6f57, 0x6f57, 0x6f57, 0x6f57, 0x6f57, 0x6f57, 0x6f57, 0x6f57, 0x6f57, 0x6f57,
    0x6f57, 0x6f57, 0x6f57, 0x6f57, 0x6f57, 0x6f57, 0x6f57, 0x6f57, 0x6f57, 0x6f57, 0x6f57, 0x6f57,
    0x6f57, 0x4eb5, 0x575c, 0x575c, 0x575c, 0x575c, 0x575c, 0x575c, 0x575c, 0x575c, 0x6716, 0x4ef9,
    0x6f57, 0x6f57, 0x6716, 0x6f57, 0x6f57, 0x6f57, 0x6f57, 0x6f57, 0x6f57, 0x6f57, 0x6f57, 0x6f57,
    0x6f57, 0x6f57, 0x6f57, 0x6f57, 0x6f57, 0x6f57, 0x6f57, 0x6f57, 0x6f57, 0x6f57, 0x6f57, 0x6f57,
    0x6f57, 0x6f57, 0x6716, 0x6716, 0x4ef9, 0x4ef9, 0x4ef9, 0x4ef9, 0x4ef9, 0x4ef9, 0x6716, 0x6f57,
    0x6f57, 0x6f57, 0x6716, 0x6f57, 0x6f57, 0x6f57, 0x6f57, 0x6f57, 0x6f57, 0x6f57, 0x6f57, 0x6716,
    0x6716, 0x6716, 0x6f57, 0x6716, 0x6716, 0x6716, 0x6f57, 0x6716, 0x6716, 0x6716, 0x6716, 0x6716,
    0x6716, 0x6716, 0x6716, 0x6716, 0x6716, 0x6716, 0x6716, 0x6716, 0x6716, 0x6716, 0x575c, 0x575c,
    0x575c, 0x575c, 0x575c, 0x575c, 0x575c, 0x575c, 0x575c, 0x575c, 0x575c, 0x6f57, 0x6f57, 0x6f57,
    0x6f57, 0x6f57, 0x6f57, 0x6f57, 0x6f57, 0x6f57, 0x6f57, 0x6f57, 0x6f57, 0x6f57, 0x6f57, 0x6f57,
    0x6f57, 0x6f57, 0x6f57, 0x6716, 0x6f57, 0x6f57, 0x6f57, 0x6f57, 0x6f57, 0x6f57, 0x6f57, 0x6716,
    0x6716, 0x6716, 0x6716, 0x6f57, 0x6f57, 0x6716, 0x6716, 0x6f57, 0x6f57, 0x6f57, 0x6716, 0x6716,
    0x6f57, 0x6f57, 0x6f57, 0x6f57, 0x6f57, 0x6f57, 0x6f57, 0x6f57, 0x6f57, 0x6f57, 0x6f57, 0x6f57,
    0x6f57, 0x6f57, 0x6f57, 0x6f57, 0x6f57, 0x6f57, 0x6f57, 0x6f57, 0x6f57, 0x6f57, 0x6f57, 0x6f57,
    0x6f57, 0x6f57, 0x6f57, 0x6f57, 0x6f57, 0x6f57, 0x6f57, 0x6f57, 0x6f57, 0x6f57, 0x6f57, 0x6f57,
    0x6f57, 0x6f57, 0x6f57, 0x6f57, 0x6f57, 0x6f57, 0x6f57, 0x6f57, 0x6f57, 0x6f57, 0x6f57, 0x6f57,
    0x6f57, 0x6f57, 0x6f57, 0x6f57, 0x6f57, 0x6f57, 0x6f57, 0x6f57, 0x6716, 0x6f57, 0x6f57, 0x6716,
    0x6f57, 0x6f57, 0x6f57, 0x6716, 0x6716, 0x6716, 0x6716, 0x6716, 0x6716, 0x6716, 0x6716, 0x6f57,
    0x6f57, 0x6716, 0x6716, 0x6716, 0x6716, 0x6716, 0x4f17, 0x4f17, 0x4f17, 0x6716, 0x6716, 0x6716,
    0x6f57, 0x6f57, 0x6f57, 0x6f57, 0x6f57, 0x6f57, 0x6f57, 0x6f57, 0x6f57, 0x6f57, 0x6f57, 0x6f57,
    0x6f57, 0x6f57, 0x6f57, 0x6f57, 0x6f57, 0x6f57, 0x6f57, 0x6f57, 0x6f57, 0x6f57, 0x6f57, 0x6f57,
    0x6f57, 0x575c, 0x575c, 0x575c, 0x575c, 0x575c, 0x575c, 0x575c, 0x575c, 0x4ef9, 0x4f17, 0x6716,
    0x6f57, 0x6f57, 0x6716, 0x6f57, 0x6f57, 0x6f57, 0x6f57, 0x6f57, 0x6f57, 0x6f57, 0x6f57, 0x6f57,
    0x6f57, 0x6f57, 0x6f57, 0x6f57, 0x6f57, 0x6f57, 0x6f57, 0x6f57, 0x6f57, 0x6f57, 0x6f57, 0x6f57,
    0x6f57, 0x6f57, 0x6f57, 0x6f57, 0x4ef9, 0x4ef9, 0x4ef9, 0x4ef9, 0x4ef9, 0x4ef9, 0x4ef9, 0x4ef9,
    0x4ef9, 0x4ef9, 0x4ef9, 0x4ef9, 0x4ef9, 0x4ef9, 0x6716, 0x6716, 0x6f57, 0x6f57, 0x6f57, 0x6716,
    0x6716, 0x6716, 0x6716, 0x6f57, 0x6f57, 0x6716, 0x6f57, 0x6716, 0x6716, 0x6716, 0x6716, 0x6716,
    0x6716, 0x6f57, 0x6716, 0x6716, 0x6f57, 0x6716, 0x6716, 0x6716, 0x6716, 0x6716, 0x6716, 0x6716,
    0x6716, 0x6716, 0x6716, 0x6716, 0x575c, 0x575c, 0x575c, 0x6716, 0x6716, 0x6f57, 0x6f57, 0x6f57,
    0x6f57, 0x6f57, 0x6f57, 0x6f57, 0x6f57, 0x6f57, 0x6f57, 0x6f57, 0x6f57, 0x6f57, 0x6f57, 0x6f57,
    0x6f57, 0x6f57, 0x6f57, 0x6f57, 0x6f57, 0x6f57, 0x6f57, 0x6f57, 0x6716, 0x6f57, 0x6f57, 0x6f57,
    0x6f57, 0x6716, 0x6716, 0x6716, 0x6716, 0x6f57, 0x6716, 0x6716, 0x6716, 0x6716, 0x6716, 0x6f57,
    0x6f57, 0x6f57, 0x6f57, 0x6f57, 0x6f57, 0x6f57, 0x6f57, 0x6f57, 0x6f57, 0x6f57, 0x6f57, 0x6f57,
    0x6f57, 0x6f57, 0x6f57, 0x6f57, 0x6f57, 0x6f57, 0x6f57, 0x6f57, 0x6f57, 0x6f57, 0x6f57, 0x6f57,
    0x6f57, 0x6f57, 0x6f57, 0x6f57, 0x6f57, 0x6f57, 0x6f57, 0x6f57, 0x6f57, 0x6f57, 0x6f57, 0x6f57,
    0x6f57, 0x6f57, 0x6f57, 0x6f57, 0x6f57, 0x6f57, 0x6f57, 0x6f57, 0x6f57, 0x6f57, 0x6f57, 0x6f57,
    0x6f57, 0x6f57, 0x6f57, 0x6f57, 0x6f57, 0x6716, 0x6f57, 0x6f57, 0x6f57, 0x6f57, 0x6f57, 0x6f57,
    0x6f57, 0x6f57, 0x6f57, 0x6f57, 0x6716, 0x6716, 0x6716, 0x6716, 0x6716, 0x6f57, 0x6f57, 0x6f57,
    0x6f57, 0x6f57, 0x6716, 0x6716, 0x6716, 0x4f17, 0x4f17, 0x4f17, 0x4eb5, 0x6716, 0x6716, 0x6716,
    0x6f57, 0x6f57, 0x6f57, 0x6f57, 0x6f57, 0x6f57, 0x6f57, 0x6f57, 0x6f57, 0x6f57, 0x6f57, 0x6f57,
    0x6f57, 0x6f57, 0x6f57, 0x6f57, 0x6f57, 0x6f57, 0x6f57, 0x6f57, 0x6f57, 0x6f57, 0x6f57, 0x6716,
    0x6f57, 0x575c, 0x575c, 0x575c, 0x575c, 0x575c, 0x4ef9, 0x4ef9, 0x6716, 0x6716, 0x6716, 0x6716,
    0x6f57, 0x6f57, 0x6f57, 0x6f57, 0x6f57, 0x6f57, 0x6f57, 0x6f57, 0x6f57, 0x6f57, 0x6f57, 0x6f57,
    0x6f57, 0x6f57, 0x6f57, 0x6f57, 0x6f57, 0x6f57, 0x6f57, 0x6f57, 0x6f57, 0x6f57, 0x6f57, 0x6f57,
    0x6f57, 0x6f57, 0x6f57, 0x6f57, 0x6f57, 0x6f57, 0x6716, 0x4ef9, 0x4ef9, 0x4ef9, 0x4ef9, 0x4ef9,
    0x4ef9, 0x4ef9, 0x4ef9, 0x4ef9, 0x4ef9, 0x4ef9, 0x6716, 0x6716, 0x4ef9, 0x4ef9, 0x6716, 0x4f17,
    0x6716, 0x6716, 0x6716, 0x6716, 0x6f57, 0x6716, 0x6f57, 0x6f57, 0x6716, 0x6f57, 0x6716, 0x6716,
    0x6716, 0x6716, 0x6716, 0x6716, 0x6716, 0x6716, 0x6716, 0x6716, 0x6716, 0x6716, 0x6716, 0x6716,
    0x6716, 0x6716, 0x6716, 0x6716, 0x6716, 0x6716, 0x6716, 0x6716, 0x6716, 0x6f57, 0x6f57, 0x6716,
    0x6f57, 0x6f57, 0x6f57, 0x6f57, 0x6f57, 0x6f57, 0x6f57, 0x6f57, 0x6f57, 0x6f57, 0x6f57, 0x6f57,
    0x6f57, 0x6f57, 0x6716, 0x6f57, 0x6f57, 0x6f57, 0x6f57, 0x6f57, 0x6716, 0x6f57, 0x6716, 0x6f57,
    0x6716, 0x6716, 0x6716, 0x6716, 0x6716, 0x6f57, 0x6f57, 0x6f57, 0x6716, 0x6716, 0x6716, 0x6f57,
    0x6f57, 0x6f57, 0x6f57, 0x6f57, 0x6f57, 0x6f57, 0x6f57, 0x6f57, 0x6f57, 0x6f57, 0x6f57, 0x6f57,
    0x6f57, 0x6f57, 0x6f57, 0x6f57, 0x6f57, 0x6f57, 0x6f57, 0x6f57, 0x6f57, 0x6f57, 0x6f57, 0x6f57,
    0x6f57, 0x6f57, 0x6f57, 0x6f57, 0x6f57, 0x6f57, 0x6f57, 0x6f57, 0x6f57, 0x6f57, 0x6f57, 0x6f57,
    0x6f57, 0x6f57, 0x6f57, 0x6f57, 0x6f57, 0x6f57, 0x6f57, 0x6f57, 0x6f57, 0x6f57, 0x6f57, 0x6f57,
    0x6f57, 0x6f57, 0x6f57, 0x6f57, 0x6f57, 0x6f57, 0x6f57, 0x6f57, 0x6f57, 0x6f57, 0x6f57, 0x6f57,
    0x6f57, 0x6f57, 0x6f57, 0x6f57, 0x6f57, 0x6716, 0x6716, 0x6716, 0x6f57, 0x6f57, 0x6f57, 0x6f57,
    0x6f57, 0x6f57, 0x6716, 0x4eb5, 0x6716, 0x4f17, 0x4f17, 0x4eb5, 0x6716, 0x6716, 0x6716, 0x6716,
    0x6f57, 0x6f57, 0x6f57, 0x6f57, 0x6f57, 0x6f57, 0x6f57, 0x6f57, 0x6f57, 0x6f57, 0x6f57, 0x6f57,
    0x6f57, 0x6f57, 0x6f57, 0x6f57, 0x6f57, 0x6f57, 0x6f57, 0x6f57, 0x6f57, 0x6f57, 0x6f57, 0x6716,
    0x4ef9, 0x575c, 0x575c, 0x575c, 0x575c, 0x4ef9, 0x4ef9, 0x4ef9, 0x4ef9, 0x6716, 0x6716, 0x6716,
    0x6f57, 0x6f57, 0x6f57, 0x6f57, 0x6f57, 0x6f57, 0x6f57, 0x6f57, 0x6f57, 0x6f57, 0x6f57, 0x6f57,
    0x6f57, 0x6f57, 0x6f57, 0x6f57, 0x6f57, 0x6f57, 0x6f57, 0x6f57, 0x6f57, 0x6f57, 0x6f57, 0x6f57,
    0x6f57, 0x6f57, 0x6f57, 0x6f57, 0x6f57, 0x6f57, 0x6f57, 0x6f57, 0x6f57, 0x6f57, 0x6716, 0x6716,
    0x4ef9, 0x4ef9, 0x6716, 0x6716, 0x6716, 0x6716, 0x6f57, 0x6f57, 0x6716, 0x6f57, 0x6716, 0x6716,
    0x6716, 0x6716, 0x6f57, 0x6716, 0x6716, 0x6f57, 0x6716, 0x6716, 0x6716, 0x6716, 0x6716, 0x6716,
    0x6716, 0x6716, 0x6716, 0x6716, 0x6716, 0x6716, 0x6716, 0x6716, 0x6716, 0x6716, 0x6716, 0x6716,
    0x6716, 0x6716, 0x6716, 0x6716, 0x6716, 0x6716, 0x6716, 0x6716, 0x6716, 0x6f57, 0x6f57, 0x6716,
    0x6f57, 0x6f57, 0x6f57, 0x6f57, 0x6f57, 0x6f57, 0x6f57, 0x6f57, 0x6f57, 0x6f57, 0x6f57, 0x6f57,
    0x6f57, 0x6716, 0x6f57, 0x6f57, 0x6f57, 0x6f57, 0x6f57, 0x6716, 0x6f57, 0x6716, 0x6716, 0x6f57,
    0x6f57, 0x6f57, 0x6716, 0x6f57, 0x6f57, 0x6716, 0x6716, 0x6716, 0x6716, 0x6f57, 0x6f57, 0x6f57,
    0x6f57, 0x6f57, 0x6f57, 0x6f57, 0x6f57, 0x6f57, 0x6f57, 0x6f57, 0x6f57, 0x6f57, 0x6f57, 0x6f57,
    0x6f57, 0x6f57, 0x6f57, 0x6f57, 0x6f57, 0x6f57, 0x6f57, 0x6f57, 0x6f57, 0x6f57, 0x6f57, 0x6f57,
    0x6f57, 0x6f57, 0x6f57, 0x6f57, 0x6f57, 0x6f57, 0x6f57, 0x6f57, 0x6f57, 0x6f57, 0x6f57, 0x6f57,
    0x6f57, 0x6f57, 0x6f57, 0x6f57, 0x6f57, 0x6f57, 0x6f57, 0x6f57, 0x6f57, 0x6f57, 0x6716, 0x6f57,
    0x6f57, 0x6f57, 0x6f57, 0x6f57, 0x6f57, 0x6f57, 0x6f57, 0x6f57, 0x6f57, 0x6f57, 0x6f57, 0x6f57,
    0x6f57, 0x6f57, 0x6f57, 0x6f57, 0x6f57, 0x6716, 0x6f57, 0x6f57, 0x6f57, 0x6f57, 0x6f57, 0x6f57,
    0x6f57, 0x6f57, 0x6f57, 0x6f57, 0x4f17, 0x4f17, 0x4f17, 0x4ef9, 0x6f57, 0x6716, 0x6f57, 0x6f57,
    0x6f57, 0x6f57, 0x6f57, 0x6f57, 0x6f57, 0x6f57, 0x6f57, 0x6f57, 0x6f57, 0x6f57, 0x6f57, 0x6f57,
    0x6f57, 0x6f57, 0x6f57, 0x6f57, 0x6f57, 0x6f57, 0x6f57, 0x6f57, 0x6f57, 0x6f57, 0x6f57, 0x6f57,
    0x575c, 0x575c, 0x575c, 0x575c, 0x575c, 0x4ef9, 0x575c, 0x4ef9, 0x6716, 0x6716, 0x6716, 0x6716,
    0x6f57, 0x6f57, 0x6f57, 0x6f57, 0x6f57, 0x6f57, 0x6f57, 0x6f57, 0x6f57, 0x6f57, 0x6f57, 0x6f57,
    0x6f57, 0x6f57, 0x6f57, 0x6f57, 0x6f57, 0x6f57, 0x6f57, 0x6f57, 0x6f57, 0x6f57, 0x6f57, 0x6f57,
    0x6f57, 0x6f57, 0x6f57, 0x6f57, 0x6f57, 0x6f57, 0x6f57, 0x6f57, 0x6f57, 0x6f57, 0x6f57, 0x6f57,
    0x6f57, 0x6f57, 0x6f57, 0x6f57, 0x6f57, 0x6f57, 0x6f57, 0x6f57, 0x6f57, 0x6f57, 0x6716, 0x6716,
    0x6716, 0x6f57, 0x6f57, 0x6716, 0x6716, 0x6716, 0x6f57, 0x6716, 0x6716, 0x6716, 0x6716, 0x6716,
    0x6716, 0x6716, 0x6716, 0x6716, 0x6716, 0x6716, 0x6716, 0x6716, 0x6716, 0x6716, 0x6716, 0x6716,
    0x6716, 0x6716, 0x6716, 0x6716, 0x6716, 0x6716, 0x6716, 0x6716, 0x6716, 0x6f57, 0x6f57, 0x6f57,
    0x6f57, 0x6f57, 0x6f57, 0x6f57, 0x6f57, 0x6f57, 0x6f57, 0x6f57, 0x6f57, 0x6f57, 0x6f57, 0x6f57,
    0x6f57, 0x6f57, 0x6f57, 0x6f57, 0x6f57, 0x6f57, 0x6f57, 0x6716, 0x6716, 0x6716, 0x6716, 0x6716,
    0x6f57, 0x6f57, 0x6716, 0x6716, 0x6f57, 0x6716, 0x6716, 0x6f57, 0x6f57, 0x6f57, 0x6f57, 0x6f57,
    0x6f57, 0x6f57, 0x6f57, 0x6f57, 0x6f57, 0x6f57, 0x6f57, 0x6f57, 0x6f57, 0x6f57, 0x6f57, 0x6f57,
    0x6f57, 0x6f57, 0x6f57, 0x6f57, 0x6f57, 0x6f57, 0x6f57, 0x6f57, 0x6f57, 0x6f57, 0x6f57, 0x6f57,
    0x6f57, 0x6f57, 0x6f57, 0x6f57, 0x6f57, 0x6f57, 0x6f57, 0x6f57, 0x6f57, 0x6f57, 0x6f57, 0x6f57,
    0x6f57, 0x6f57, 0x6f57, 0x6f57, 0x6f57, 0x6f57, 0x6f57, 0x6f57, 0x6f57, 0x6f57, 0x6716, 0x6716,
    0x6f57, 0x6f57, 0x6f57, 0x6f57, 0x6f57, 0x6f57, 0x6f57, 0x6f57, 0x6f57, 0x6f57, 0x6f57, 0x6f57,
    0x6f57, 0x6f57, 0x6f57, 0x6f57, 0x6f57, 0x6f57, 0x6f57, 0x6f57, 0x6f57, 0x6f57, 0x6f57, 0x6f57,
    0x6f57, 0x6f57, 0x6716, 0x6f57, 0x4eb5, 0x4ef9, 0x4ef9, 0x4f17, 0x4eb5, 0x6716, 0x6f57, 0x6f57,
    0x6f57, 0x6f57, 0x6f57, 0x6f57, 0x6f57, 0x6f57, 0x6f57, 0x6f57, 0x6f57, 0x6f57, 0x6f57, 0x6f57,
    0x6f57, 0x6f57, 0x6f57, 0x6f57, 0x6f57, 0x6f57, 0x6f57, 0x6f57, 0x6f57, 0x6716, 0x6f57, 0x6f57,
    0x575c, 0x575c, 0x575c, 0x575c, 0x575c, 0x4ef9, 0x6716, 0x6716, 0x6716, 0x6716, 0x6716, 0x6716,
    0x6f57, 0x6f57, 0x6f57, 0x6f57, 0x6f57, 0x6f57, 0x6f57, 0x6f57, 0x6f57, 0x6f57, 0x6f57, 0x6f57,
    0x6f57, 0x6f57, 0x6f57, 0x6f57, 0x6f57, 0x6f57, 0x6f57, 0x6f57, 0x6f57, 0x6f57, 0x6f57, 0x6f57,
    0x6f57, 0x6f57, 0x6f57, 0x6f57, 0x6f57, 0x6f57, 0x6f57, 0x6f57, 0x6f57, 0x6f57, 0x6f57, 0x6f57,
    0x6f57, 0x6f57, 0x6f57, 0x6f57, 0x6f57, 0x6f57, 0x6f57, 0x6f57, 0x6f57, 0x6716, 0x6716, 0x6716,
    0x6716, 0x6f57, 0x6716, 0x6716, 0x6716, 0x6716, 0x6716, 0x6716, 0x6716, 0x6716, 0x6716, 0x6716,
    0x6716, 0x6716, 0x6716, 0x6716, 0x6716, 0x6716, 0x6716, 0x6716, 0x6716, 0x6716, 0x6716, 0x6716,
    0x6716, 0x6716, 0x6716, 0x6f57, 0x6716, 0x6f57, 0x6716, 0x6f57, 0x6716, 0x6f57, 0x6f57, 0x6f57,
    0x6f57, 0x6f57, 0x6f57, 0x6f57, 0x6f57, 0x6f57, 0x6f57, 0x6f57, 0x6716, 0x6716, 0x6716, 0x6716,
    0x6716, 0x6716, 0x6716, 0x6716, 0x6716, 0x6716, 0x6716, 0x6f57, 0x6716, 0x6f57, 0x6f57, 0x6716,
    0x6716, 0x6716, 0x6716, 0x6f57, 0x6f57, 0x6716, 0x6f57, 0x6716, 0x6f57, 0x6f57, 0x6f57, 0x6f57,
    0x6f57, 0x6f57, 0x6f57, 0x6716, 0x6f57, 0x6f57, 0x6f57, 0x6f57, 0x6f57, 0x6f57, 0x6f57, 0x6f57,
    0x6f57, 0x6f57, 0x6f57, 0x6f57, 0x6f57, 0x6f57, 0x6f57, 0x6f57, 0x6f57, 0x6f57, 0x6f57, 0x6f57,
    0x6f57, 0x6f57, 0x6f57, 0x6f57, 0x6f57, 0x6f57, 0x6f57, 0x6f57, 0x6f57, 0x6f57, 0x6f57, 0x6f57,
    0x6f57, 0x6f57, 0x6f57, 0x6f57, 0x6f57, 0x6716, 0x6f57, 0x6f57, 0x6f57, 0x6f57, 0x6f57, 0x6f57,
    0x6f57, 0x6f57, 0x6f57, 0x6f57, 0x6f57, 0x6f57, 0x6f57, 0x6f57, 0x6f57, 0x6f57, 0x6f57, 0x6f57,
    0x6f57, 0x6f57, 0x6f57, 0x6f57, 0x6f57, 0x6f57, 0x6f57, 0x6f57, 0x6f57, 0x6f57, 0x6f57, 0x6f57,
    0x6f57, 0x6f57, 0x6f57, 0x6716, 0x6f57, 0x4f17, 0x4ef9, 0x4ef9, 0x4f17, 0x4eb5, 0x6f57, 0x6f57,
    0x6f57, 0x6f57, 0x6f57, 0x6f57, 0x6f57, 0x6f57, 0x6f57, 0x6f57, 0x6f57, 0x6f57, 0x6f57, 0x6f57,
    0x6f57, 0x6f57, 0x575c, 0x575c, 0x6716, 0x6716, 0x6716, 0x6f57, 0x6f57, 0x6f57, 0x6f57, 0x4eb5,
    0x575c, 0x575c, 0x575c, 0x575c, 0x4ef9, 0x6716, 0x6716, 0x6716, 0x6716, 0x6716, 0x575c, 0x4ef9,
    0x6f57, 0x6f57, 0x6f57, 0x6f57, 0x6f57, 0x6f57, 0x6f57, 0x6f57, 0x6f57, 0x6f57, 0x6f57, 0x6f57,
    0x6f57, 0x6f57, 0x6f57, 0x6f57, 0x6f57, 0x6f57, 0x6f57, 0x6f57, 0x6f57, 0x6f57, 0x6f57, 0x6f57,
    0x6f57, 0x6f57, 0x6f57, 0x6f57, 0x6f57, 0x6f57, 0x6f57, 0x6f57, 0x6f57, 0x6f57, 0x6f57, 0x6f57,
    0x6f57, 0x6f57, 0x6f57, 0x6f57, 0x6f57, 0x6f57, 0x6f57, 0x6f57, 0x6716, 0x6716, 0x6716, 0x6716,
    0x6716, 0x6716, 0x6f57, 0x6716, 0x6716, 0x6f57, 0x6716, 0x4ef9, 0x4ef9, 0x4ef9, 0x4ef9, 0x4ef9,
    0x4ef9, 0x4ef9, 0x4ef9, 0x4ef9, 0x4ef9, 0x6716, 0x6716, 0x6716, 0x6f57, 0x6716, 0x6716, 0x6716,
    0x6716, 0x6f57, 0x6716, 0x6716, 0x6f57, 0x6f57, 0x6716, 0x6f57, 0x6716, 0x6716, 0x6716, 0x6f57,
    0x6f57, 0x6716, 0x6f57, 0x6f57, 0x6716, 0x6716, 0x6716, 0x6716, 0x6716, 0x6716, 0x6716, 0x6716,
    0x6716, 0x6716, 0x6716, 0x6716, 0x6716, 0x6716, 0x6716, 0x6f57, 0x6716, 0x6716, 0x6f57, 0x6716,
    0x6716, 0x6f57, 0x6f57, 0x6f57, 0x6716, 0x6716, 0x6716, 0x6716, 0x6716, 0x6716, 0x6716, 0x6716,
    0x6716, 0x6716, 0x6f57, 0x6f57, 0x6f57, 0x6f57, 0x6f57, 0x6f57, 0x6f57, 0x6f57, 0x6f57, 0x6f57,
    0x6f57, 0x6f57, 0x6f57, 0x6f57, 0x6f57, 0x6f57, 0x6f57, 0x6f57, 0x6f57, 0x6f57, 0x6f57, 0x6f57,
    0x6f57, 0x6f57, 0x6f57, 0x6f57, 0x6f57, 0x6f57, 0x6f57, 0x6f57, 0x6f57, 0x6f57, 0x6f57, 0x6f57,
    0x6f57, 0x6f57, 0x6f57, 0x6f57, 0x6716, 0x6f57, 0x6716, 0x6f57, 0x6f57, 0x6f57, 0x6f57, 0x6f57,
    0x6716, 0x6716, 0x6f57, 0x6f57, 0x6f57, 0x6f57, 0x6f57, 0x6f57, 0x6f57, 0x6f57, 0x6f57, 0x6f57,
    0x6f57, 0x6f57, 0x6f57, 0x6f57, 0x6f57, 0x6f57, 0x6f57, 0x6f57, 0x6f57, 0x6f57, 0x6f57, 0x6f57,
    0x6f57, 0x6f57, 0x6716, 0x6716, 0x6f57, 0x4f17, 0x4f17, 0x4ef9, 0x4f17, 0x6716, 0x6f57, 0x6f57,
    0x6f57, 0x6f57, 0x6f57, 0x6f57, 0x6f57, 0x6f57, 0x6f57, 0x6f57, 0x6f57, 0x6f57, 0x6f57, 0x6f57,
    0x4eb5, 0x575c, 0x575c, 0x575c, 0x575c, 0x575c, 0x575c, 0x575c, 0x575c, 0x575c, 0x73bd, 0x4ef9,
    0x575c, 0x575c, 0x575c, 0x575c, 0x575c, 0x6716, 0x6716, 0x6716, 0x575c, 0x575c, 0x575c, 0x575c,
    0x6f57, 0x6f57, 0x6f57, 0x6f57, 0x6f57, 0x6f57, 0x6f57, 0x6f57, 0x6f57, 0x6f57, 0x6f57, 0x6f57,
    0x6f57, 0x6f57, 0x6f57, 0x6f57, 0x6f57, 0x6f57, 0x6f57, 0x6f57, 0x6f57, 0x6f57, 0x6f57, 0x6f57,
    0x6f57, 0x6f57, 0x6f57, 0x6f57, 0x6f57, 0x6f57, 0x6f57, 0x6f57, 0x6f57, 0x6f57, 0x6f57, 0x6f57,
    0x6f57, 0x6f57, 0x6f57, 0x6f57, 0x6f57, 0x6f57, 0x6f57, 0x6f57, 0x6716, 0x6716, 0x6f57, 0x6f57,
    0x6f57, 0x6f57, 0x6716, 0x6f57, 0x6f57, 0x4f17, 0x4ef9, 0x4ef9, 0x4ef9, 0x4ef9, 0x4ef9, 0x4ef9,
    0x4ef9, 0x4ef9, 0x4ef9, 0x4ef9, 0x4ef9, 0x4ef9, 0x4ef9, 0x4ef9, 0x4ef9, 0x4f17, 0x6716, 0x6716,
    0x6716, 0x6f57, 0x6716, 0x6716, 0x6716, 0x6716, 0x6f57, 0x6716, 0x6716, 0x6716, 0x6716, 0x6716,
    0x6716, 0x6716, 0x6716, 0x6716, 0x6716, 0x6716, 0x6716, 0x6716, 0x6716, 0x6716, 0x6716, 0x6716,
    0x6716, 0x6716, 0x6716, 0x6716, 0x6716, 0x6716, 0x6716, 0x6716, 0x6716, 0x6716, 0x6716, 0x6716,
    0x6716, 0x6716, 0x6716, 0x6716, 0x6716, 0x6716, 0x6716, 0x6716, 0x6716, 0x6716, 0x6716, 0x6716,
    0x6716, 0x6f57, 0x6f57, 0x6f57, 0x6f57, 0x6f57, 0x6f57, 0x6716, 0x6716, 0x6716, 0x6f57, 0x6f57,
    0x6716, 0x6716, 0x6f57, 0x6716, 0x6716, 0x6f57, 0x6f57, 0x6f57, 0x6f57, 0x6f57, 0x6f57, 0x6f57,
    0x6f57, 0x6f57, 0x6f57, 0x6f57, 0x6f57, 0x6f57, 0x6f57, 0x6f57, 0x6f57, 0x6f57, 0x6f57, 0x6f57,
    0x6f57, 0x6f57, 0x6f57, 0x6f57, 0x6f57, 0x6f57, 0x6716, 0x6716, 0x6f57, 0x6f57, 0x6716, 0x6716,
    0x6f57, 0x6f57, 0x6f57, 0x6f57, 0x6f57, 0x6f57, 0x6f57, 0x6f57, 0x6f57, 0x6f57, 0x6f57, 0x6f57,
    0x6f57, 0x6f57, 0x6f57, 0x6f57, 0x6f57, 0x6f57, 0x6f57, 0x6f57, 0x6f57, 0x6f57, 0x6f57, 0x6f57,
    0x6f57, 0x6f57, 0x6f57, 0x6f57, 0x6716, 0x4eb5, 0x4f17, 0x4f17, 0x4f17, 0x6716, 0x6f57, 0x6f57,
    0x6f57, 0x6f57, 0x6f57, 0x6f57, 0x6f57, 0x6f57, 0x6f57, 0x6f57, 0x6f57, 0x6f57, 0x6716, 0x575c,
    0x575c, 0x575c, 0x575c, 0x575c, 0x575c, 0x4ef9, 0x6716, 0x6716, 0x575c, 0x575c, 0x575c, 0x575c,
    0x575c, 0x6716, 0x4eb5, 0x6716, 0x4f17, 0x6716, 0x6716, 0x575c, 0x575c, 0x575c, 0x575c, 0x575c,
    0x6f57, 0x6f57, 0x6f57, 0x6f57, 0x6f57, 0x6f57, 0x6f57, 0x6f57, 0x6f57, 0x6f57, 0x6f57, 0x6f57,
    0x6f57, 0x6f57, 0x6f57, 0x6f57, 0x6f57, 0x6f57, 0x6f57, 0x6f57, 0x6f57, 0x6f57, 0x6f57, 0x6f57,
    0x6f57, 0x6f57, 0x6f57, 0x6f57, 0x6f57, 0x6f57, 0x6f57, 0x6f57, 0x6f57, 0x6f57, 0x6f57, 0x6f57,
    0x6f57, 0x6f57, 0x6f57, 0x6f57, 0x6f57, 0x6716, 0x6716, 0x6716, 0x6716, 0x6f57, 0x6f57, 0x6716,
    0x6716, 0x6f57, 0x6716, 0x6716, 0x6716, 0x6716, 0x6716, 0x6716, 0x6716, 0x6716, 0x6716, 0x6716,
    0x6716, 0x6716, 0x6716, 0x6716, 0x6716, 0x6716, 0x6716, 0x6716, 0x6716, 0x6716, 0x6f57, 0x6716,
    0x6f57, 0x6716, 0x6716, 0x6f57, 0x6f57, 0x6716, 0x6716, 0x6716, 0x6716, 0x6716, 0x6716, 0x6716,
    0x6716, 0x6716, 0x6716, 0x6716, 0x6716, 0x6716, 0x6716, 0x6716, 0x6716, 0x6716, 0x6716, 0x6716,
    0x6716, 0x6716, 0x6716, 0x6716, 0x6716, 0x6716, 0x6716, 0x6716, 0x6716, 0x6716, 0x6716, 0x6716,
    0x6716, 0x6716, 0x6716, 0x6716, 0x6716, 0x6716, 0x6716, 0x6716, 0x6716, 0x6f57, 0x6f57, 0x6f57,
    0x6716, 0x6716, 0x6716, 0x6716, 0x6716, 0x6716, 0x6716, 0x6716, 0x6716, 0x6f57, 0x6f57, 0x6716,
    0x6716, 0x6f57, 0x6f57, 0x6f57, 0x6f57, 0x6f57, 0x6f57, 0x6f57, 0x6f57, 0x6f57, 0x6f57, 0x6f57,
    0x6f57, 0x6f57, 0x6f57, 0x6f57, 0x6f57, 0x6f57, 0x6f57, 0x6f57, 0x6f57, 0x6f57, 0x6f57, 0x6f57,
    0x6f57, 0x6f57, 0x6f57, 0x6f57, 0x6f57, 0x6716, 0x6716, 0x6716, 0x6f57, 0x6f57, 0x6f57, 0x6f57,
    0x6f57, 0x6f57, 0x6f57, 0x6f57, 0x6f57, 0x6f57, 0x6f57, 0x6f57, 0x6f57, 0x6f57, 0x6f57, 0x6f57,
    0x6f57, 0x6f57, 0x6f57, 0x6f57, 0x6f57, 0x6f57, 0x6f57, 0x6f57, 0x6f57, 0x6f57, 0x6f57, 0x6f57,
    0x6f57, 0x6f57, 0x6f57, 0x6f57, 0x6716, 0x6716, 0x4ef9, 0x4f17, 0x4eb5, 0x4eb5, 0x6f57, 0x6f57,
    0x6f57, 0x6f57, 0x6f57, 0x6f57, 0x6f57, 0x6f57, 0x6f57, 0x6f57, 0x6f57, 0x29ad, 0x575c, 0x575c,
    0x575c, 0x575c, 0x575c, 0x575c, 0x4ef9, 0x6716, 0x4ef9, 0x4ef9, 0x6716, 0x4ef9, 0x575c, 0x575c,
    0x6716, 0x6716, 0x6716, 0x6716, 0x6716, 0x6716, 0x6716, 0x4ef9, 0x575c, 0x575c, 0x575c, 0x575c,
    0x6f57, 0x6f57, 0x6f57, 0x6f57, 0x6f57, 0x6f57, 0x6f57, 0x6f57, 0x6f57, 0x6f57, 0x6f57, 0x6f57,
    0x6f57, 0x6f57, 0x6f57, 0x6f57, 0x6f57, 0x6f57, 0x6f57, 0x6f57, 0x6f57, 0x6f57, 0x6f57, 0x6f57,
    0x6f57, 0x6f57, 0x6f57, 0x6f57, 0x6f57, 0x6f57, 0x6f57, 0x6f57, 0x6f57, 0x6f57, 0x6f57, 0x6f57,
    0x6716, 0x6f57, 0x6f57, 0x575c, 0x6716, 0x6716, 0x6f57, 0x6716, 0x6f57, 0x6f57, 0x6f57, 0x6716,
    0x6716, 0x6716, 0x6716, 0x6716, 0x6716, 0x6716, 0x6716, 0x6716, 0x6716, 0x6716, 0x6716, 0x6716,
    0x6716, 0x6716, 0x6716, 0x6716, 0x6716, 0x6f57, 0x6716, 0x6f57, 0x6f57, 0x6716, 0x6f57, 0x6716,
    0x6716, 0x6f57, 0x6f57, 0x6f57, 0x6716, 0x6716, 0x6716, 0x6716, 0x6716, 0x6716, 0x6716, 0x6716,
    0x6716, 0x4ef9, 0x4ef9, 0x6716, 0x6716, 0x6716, 0x6716, 0x6716, 0x6716, 0x6716, 0x6716, 0x6716,
    0x6716, 0x6716, 0x6716, 0x6716, 0x6716, 0x6716, 0x6716, 0x6716, 0x6716, 0x6716, 0x6716, 0x6716,
    0x6716, 0x6716, 0x6716, 0x6716, 0x6716, 0x6716, 0x6f57, 0x6716, 0x6716, 0x6716, 0x6716, 0x6716,
    0x6716, 0x6716, 0x6716, 0x6716, 0x6716, 0x6716, 0x6716, 0x6716, 0x6716, 0x6716, 0x6716, 0x6f57,
    0x6716, 0x6f57, 0x6f57, 0x6f57, 0x6f57, 0x6f57, 0x6f57, 0x6f57, 0x6f57, 0x6f57, 0x6f57, 0x6f57,
    0x6f57, 0x6f57, 0x6f57, 0x6f57, 0x6f57, 0x6f57, 0x6f57, 0x6f57, 0x6f57, 0x6f57, 0x6f57, 0x6f57,
    0x6f57, 0x6f57, 0x6f57, 0x6716, 0x6f57, 0x6f57, 0x6716, 0x6f57, 0x6f57, 0x6f57, 0x6f57, 0x6f57,
    0x6f57, 0x6f57, 0x6f57, 0x6f57, 0x6f57, 0x6f57, 0x6f57, 0x6f57, 0x6f57, 0x6f57, 0x6f57, 0x6f57,
    0x6f57, 0x6f57, 0x6f57, 0x6f57, 0x6f57, 0x6f57, 0x6f57, 0x6f57, 0x6f57, 0x6f57, 0x6f57, 0x6f57,
    0x6f57, 0x6f57, 0x6f57, 0x6716, 0x6f57, 0x4f17, 0x4f17, 0x4f17, 0x4f17, 0x6716, 0x6f57, 0x6f57,
    0x6f57, 0x6f57, 0x6f57, 0x6f57, 0x6f57, 0x6f57, 0x6f57, 0x6f57, 0x6f57, 0x575c, 0x575c, 0x575c,
    0x575c, 0x575c, 0x575c, 0x4ef9, 0x4ef9, 0x6716, 0x4ef9, 0x4ef9, 0x4ef9, 0x4ef9, 0x4ef9, 0x4eb5,
    0x6716, 0x6716, 0x6716, 0x6716, 0x6716, 0x6716, 0x6716, 0x4eb5, 0x6716, 0x6716, 0x6716, 0x6716,
    0x6f57, 0x6f57, 0x6f57, 0x6f57, 0x6f57, 0x6f57, 0x6f57, 0x6f57, 0x6f57, 0x6f57, 0x6f57, 0x6f57,
    0x6f57, 0x6f57, 0x6f57, 0x6f57, 0x6f57, 0x6f57, 0x6f57, 0x6f57, 0x6f57, 0x6f57, 0x6f57, 0x6f57,
    0x6f57, 0x6f57, 0x6f57, 0x6f57, 0x6f57, 0x6f57, 0x6f57, 0x6f57, 0x6f57, 0x6f57, 0x6f57, 0x6f57,
    0x6f57, 0x6f57, 0x575c, 0x6f57, 0x6716, 0x6716, 0x6f57, 0x6f57, 0x575c, 0x6716, 0x6f57, 0x6f57,
    0x6716, 0x6f57, 0x6716, 0x6716, 0x6716, 0x6716, 0x6716, 0x6f57, 0x6716, 0x6716, 0x6716, 0x6716,
    0x6716, 0x6716, 0x6716, 0x6716, 0x6716, 0x6f57, 0x6716, 0x6f57, 0x6f57, 0x6f57, 0x6f57, 0x6716,
    0x6716, 0x6716, 0x6716, 0x6716, 0x6716, 0x6716, 0x6716, 0x6716, 0x6716, 0x4ef9, 0x4ef9, 0x4ef9,
    0x4ef9, 0x4ef9, 0x4ef9, 0x4ef9, 0x4ef9, 0x4ef9, 0x4ef9, 0x4ef9, 0x4ef9, 0x4ef9, 0x4ef9, 0x4ef9,
    0x4ef9, 0x4ef9, 0x4ef9, 0x4ef9, 0x6716, 0x6716, 0x6716, 0x4ef9, 0x4ef9, 0x4ef9, 0x4ef9, 0x4ef9,
    0x4ef9, 0x4ef9, 0x4ef9, 0x4ef9, 0x6716, 0x6716, 0x6716, 0x6716, 0x6716, 0x6716, 0x6716, 0x6716,
    0x6716, 0x6716, 0x6716, 0x6716, 0x6716, 0x6716, 0x6716, 0x6716, 0x6716, 0x6716, 0x6f57, 0x6f57,
    0x6f57, 0x6f57, 0x6f57, 0x6f57, 0x6f57, 0x6f57, 0x6f57, 0x6f57, 0x6f57, 0x6f57, 0x6f57, 0x6f57,
    0x6f57, 0x6f57, 0x6f57, 0x6f57, 0x6f57, 0x6f57, 0x6f57, 0x6f57, 0x6f57, 0x6f57, 0x6f57, 0x6f57,
    0x6f57, 0x6f57, 0x6f57, 0x6f57, 0x6f57, 0x6f57, 0x6f57, 0x6f57, 0x6f57, 0x6f57, 0x6f57, 0x6f57,
    0x6f57, 0x6f57, 0x6f57, 0x6f57, 0x6f57, 0x6f57, 0x6f57, 0x6f57, 0x6f57, 0x6f57, 0x6f57, 0x6f57,
    0x6f57, 0x6f57, 0x6f57, 0x6f57, 0x6f57, 0x6f57, 0x6f57, 0x6f57, 0x6f57, 0x6f57, 0x6f57, 0x6f57,
    0x6f57, 0x6f57, 0x6f57, 0x6f57, 0x6716, 0x4eb5, 0x4f17, 0x4f17, 0x4eb5, 0x6f57, 0x6f57, 0x6f57,
    0x6f57, 0x6f57, 0x6f57, 0x6f57, 0x6f57, 0x6f57, 0x6f57, 0x6f57, 0x2dd3, 0x575c, 0x575c, 0x575c,
    0x575c, 0x575c, 0x4ef9, 0x4ef9, 0x4ef9, 0x4ef9, 0x4ef9, 0x4ef9, 0x4ef9, 0x4ef9, 0x4eb5, 0x6716,
    0x6716, 0x6716, 0x6716, 0x6716, 0x6716, 0x6716, 0x6716, 0x6716, 0x6716, 0x6716, 0x6716, 0x6716,
    0x6716, 0x6f57, 0x6716, 0x6716, 0x6716, 0x6716, 0x6f57, 0x6f57, 0x6f57, 0x6f57, 0x6f57, 0x6f57,
    0x6f57, 0x6f57, 0x6f57, 0x6f57, 0x6f57, 0x6f57, 0x6f57, 0x6f57, 0x6f57, 0x6f57, 0x6f57, 0x6f57,
    0x6f57, 0x6f57, 0x6f57, 0x575c, 0x6f57, 0x575c, 0x6f57, 0x6f57, 0x6f57, 0x6f57, 0x575c, 0x575c,
    0x575c, 0x575c, 0x575c, 0x575c, 0x575c, 0x575c, 0x575c, 0x6f57, 0x6f57, 0x6716, 0x6716, 0x6f57,
    0x575c, 0x6716, 0x6716, 0x6716, 0x6f57, 0x6716, 0x6716, 0x6716, 0x6716, 0x6716, 0x6f57, 0x6716,
    0x6716, 0x6716, 0x6716, 0x6716, 0x6716, 0x6716, 0x6f57, 0x6f57, 0x6f57, 0x6f57, 0x6716, 0x6716,
    0x6716, 0x6716, 0x6716, 0x6716, 0x6716, 0x6716, 0x4ef9, 0x4ef9, 0x4ef9, 0x4ef9, 0x4ef9, 0x4ef9,
    0x4ef9, 0x4ef9, 0x4ef9, 0x4ef9, 0x4ef9, 0x4ef9, 0x4ef9, 0x4ef9, 0x4ef9, 0x4ef9, 0x4ef9, 0x4ef9,
    0x4ef9, 0x4ef9, 0x4ef9, 0x4ef9, 0x4ef9, 0x4ef9, 0x4ef9, 0x575c, 0x4ef9, 0x4ef9, 0x4ef9, 0x4ef9,
    0x4ef9, 0x4ef9, 0x6f57, 0x6f57, 0x6716, 0x6716, 0x6716, 0x6716, 0x6716, 0x6716, 0x6716, 0x6716,
    0x6716, 0x6716, 0x6716, 0x6716, 0x6716, 0x6716, 0x6716, 0x6f57, 0x6f57, 0x6f57, 0x6f57, 0x6f57,
    0x6f57, 0x6f57, 0x6f57, 0x6f57, 0x6f57, 0x6f57, 0x6f57, 0x6f57, 0x6f57, 0x6f57, 0x6f57, 0x6f57,
    0x6f57, 0x6f57, 0x6f57, 0x6f57, 0x6f57, 0x6f57, 0x6f57, 0x6f57, 0x6f57, 0x6f57, 0x6f57, 0x6f57,
    0x6f57, 0x6f57, 0x6f57, 0x6f57, 0x6f57, 0x6f57, 0x6f57, 0x6f57, 0x6f57, 0x6f57, 0x6f57, 0x6f57,
    0x6f57, 0x6f57, 0x6f57, 0x6f57, 0x6f57, 0x6f57, 0x6f57, 0x6f57, 0x6f57, 0x6f57, 0x6f57, 0x6f57,
    0x6f57, 0x6f57, 0x6f57, 0x6f57, 0x6f57, 0x6f57, 0x6f57, 0x6f57, 0x6f57, 0x6f57, 0x6f57, 0x6f57,
    0x6f57, 0x6f57, 0x6f57, 0x4eb5, 0x4eb5, 0x4f17, 0x4f17, 0x4f17, 0x4eb5, 0x6f57, 0x6f57, 0x6f57,
    0x6f57, 0x6f57, 0x6f57, 0x6f57, 0x6f57, 0x6f57, 0x6f57, 0x6f57, 0x4ef9, 0x575c, 0x575c, 0x575c,
    0x575c, 0x575c, 0x575c, 0x575c, 0x4ef9, 0x4ef9, 0x4ef9, 0x4ef9, 0x4ef9, 0x4ef9, 0x6716, 0x6716,
    0x6716, 0x6716, 0x6716, 0x6716, 0x6716, 0x6716, 0x6716, 0x6716, 0x6716, 0x6716, 0x6716, 0x6716,
    0x6f57, 0x6f57, 0x6f57, 0x6f57, 0x6716, 0x6716, 0x6716, 0x6716, 0x6716, 0x6716, 0x6716, 0x6f57,
    0x6f57, 0x6f57, 0x6f57, 0x6f57, 0x6f57, 0x6f57, 0x6f57, 0x6f57, 0x6f57, 0x6f57, 0x575c, 0x6f57,
    0x6f57, 0x575c, 0x575c, 0x575c, 0x575c, 0x575c, 0x575c, 0x575c, 0x575c, 0x575c, 0x575c, 0x575c,
    0x575c, 0x575c, 0x575c, 0x575c, 0x575c, 0x575c, 0x575c, 0x575c, 0x6f57, 0x575c, 0x575c, 0x575c,
    0x6716, 0x6716, 0x6716, 0x6716, 0x6716, 0x6716, 0x6716, 0x6f57, 0x6f57, 0x6f57, 0x6716, 0x6716,
    0x6716, 0x575c, 0x6f57, 0x6f57, 0x6f57, 0x6f57, 0x4ef9, 0x4ef9, 0x4ef9, 0x4ef9, 0x4ef9, 0x4ef9,
    0x4ef9, 0x4ef9, 0x4ef9, 0x4ef9, 0x4ef9, 0x4ef9, 0x4ef9, 0x4ef9, 0x4ef9, 0x4ef9, 0x4ef9, 0x4ef9,
    0x4ef9, 0x4ef9, 0x4ef9, 0x4ef9, 0x4ef9, 0x4ef9, 0x4ef9, 0x4ef9, 0x4ef9, 0x4ef9, 0x4ef9, 0x4ef9,
    0x4ef9, 0x4ef9, 0x4ef9, 0x4ef9, 0x4ef9, 0x4ef9, 0x4ef9, 0x4ef9, 0x4ef9, 0x4ef9, 0x4ef9, 0x6716,
    0x6f57, 0x6f57, 0x6f57, 0x6f57, 0x6f57, 0x6716, 0x6716, 0x6716, 0x6716, 0x6716, 0x6716, 0x6716,
    0x6716, 0x6716, 0x6716, 0x6716, 0x6f57, 0x6f57, 0x6f57, 0x6f57, 0x6f57, 0x6f57, 0x6f57, 0x6f57,
    0x6f57, 0x6f57, 0x6f57, 0x6f57, 0x6f57, 0x6f57, 0x6f57, 0x6f57, 0x6f57, 0x6f57, 0x6f57, 0x6f57,
    0x6f57, 0x6f57, 0x6f57, 0x6f57, 0x6f57, 0x6f57, 0x6f57, 0x6f57, 0x6f57, 0x6f57, 0x6f57, 0x6f57,
    0x6f57, 0x6f57, 0x6716, 0x6f57, 0x6f57, 0x6f57, 0x6f57, 0x6f57, 0x6f57, 0x6f57, 0x6f57, 0x6f57,
    0x6f57, 0x6f57, 0x6f57, 0x6f57, 0x6f57, 0x6f57, 0x6f57, 0x6f57, 0x6f57, 0x6f57, 0x6f57, 0x6f57,
    0x6f57, 0x6f57, 0x6f57, 0x6f57, 0x6f57, 0x6f57, 0x6f57, 0x6f57, 0x6f57, 0x6f57, 0x6f57, 0x6f57,
    0x6f57, 0x6f57, 0x4eb5, 0x4f17, 0x4f17, 0x4f17, 0x4f17, 0x3294, 0x6f57, 0x6f57, 0x6f57, 0x6f57,
    0x6f57, 0x6f57, 0x6f57, 0x6f57, 0x6f57, 0x6f57, 0x6f57, 0x6f57, 0x575c, 0x575c, 0x575c, 0x575c,
    0x575c, 0x575c, 0x575c, 0x575c, 0x575c, 0x575c, 0x4ef9, 0x4ef9, 0x6716, 0x4ef9, 0x6716, 0x6716,
    0x6716, 0x6716, 0x6716, 0x4eb5, 0x575c, 0x575c, 0x4ef9, 0x6716, 0x6716, 0x6716, 0x6716, 0x6716,
    0x6f57, 0x6f57, 0x6f57, 0x6f57, 0x6f57, 0x6f57, 0x6f57, 0x6716, 0x6716, 0x6716, 0x6716, 0x6716,
    0x6716, 0x6716, 0x6716, 0x6716, 0x6f57, 0x6f57, 0x6f57, 0x575c, 0x575c, 0x6f57, 0x6f57, 0x575c,
    0x575c, 0x575c, 0x575c, 0x575c, 0x575c, 0x575c, 0x575c, 0x575c, 0x575c, 0x575c, 0x575c, 0x575c,
    0x575c, 0x575c, 0x575c, 0x575c, 0x575c, 0x575c, 0x575c, 0x575c, 0x575c, 0x575c, 0x575c, 0x575c,
    0x575c, 0x575c, 0x575c, 0x575c, 0x575c, 0x575c, 0x6716, 0x575c, 0x575c, 0x575c, 0x6716, 0x6716,
    0x6716, 0x4ef9, 0x4ef9, 0x4ef9, 0x4ef9, 0x4ef9, 0x4ef9, 0x4ef9, 0x4ef9, 0x4ef9, 0x4ef9, 0x4ef9,
    0x4ef9, 0x4ef9, 0x4ef9, 0x4ef9, 0x4ef9, 0x4ef9, 0x4ef9, 0x4ef9, 0x575c, 0x575c, 0x4ef9, 0x4ef9,
    0x4ef9, 0x4ef9, 0x4ef9, 0x4ef9, 0x4ef9, 0x4ef9, 0x4ef9, 0x4ef9, 0x4ef9, 0x4ef9, 0x4ef9, 0x4ef9,
    0x4ef9, 0x4ef9, 0x4ef9, 0x4ef9, 0x4ef9, 0x4ef9, 0x4ef9, 0x4ef9, 0x6716, 0x6716, 0x6f57, 0x6716,
    0x6f57, 0x6f57, 0x6f57, 0x6f57, 0x6f57, 0x6f57, 0x6f57, 0x6f57, 0x6716, 0x6716, 0x6716, 0x6716,
    0x6f57, 0x6f57, 0x6f57, 0x6f57, 0x6f57, 0x6f57, 0x6f57, 0x6f57, 0x6f57, 0x6f57, 0x6f57, 0x6f57,
    0x6f57, 0x6f57, 0x6f57, 0x6f57, 0x6f57, 0x6f57, 0x6f57, 0x6f57, 0x6f57, 0x6f57, 0x6f57, 0x6f57,
    0x6f57, 0x6f57, 0x6f57, 0x6f57, 0x6f57, 0x6f57, 0x6f57, 0x6f57, 0x6f57, 0x6f57, 0x6f57, 0x6f57,
    0x6f57, 0x6f57, 0x6f57, 0x6f57, 0x6f57, 0x6f57, 0x6f57, 0x6f57, 0x6f57, 0x6f57, 0x6f57, 0x6f57,
    0x6f57, 0x6f57, 0x6f57, 0x6f57, 0x6f57, 0x6f57, 0x6f57, 0x6f57, 0x6f57, 0x6f57, 0x6f57, 0x6f57,
    0x6f57, 0x6f57, 0x6f57, 0x6716, 0x4f17, 0x4f17, 0x4eb5, 0x6f57, 0x6f57, 0x6f57, 0x6f57, 0x6f57,
    0x6f57, 0x4eb5, 0x4f17, 0x4f17, 0x4f17, 0x4eb5, 0x462f, 0x73bd, 0x6f57, 0x6f57, 0x6f57, 0x6f57,
    0x6f57, 0x6f57, 0x6f57, 0x6f57, 0x6f57, 0x6f57, 0x575c, 0x575c, 0x4ef9, 0x575c, 0x575c, 0x575c,
    0x575c, 0x575c, 0x575c, 0x575c, 0x575c, 0x575c, 0x575c, 0x4ef9, 0x4ef9, 0x575c, 0x6716, 0x6716,
    0x6716, 0x4eb5, 0x575c, 0x575c, 0x575c, 0x575c, 0x575c, 0x6716, 0x6716, 0x6716, 0x6716, 0x6716,
    0x6f57, 0x6f57, 0x6f57, 0x6f57, 0x6f57, 0x6f57, 0x6716, 0x4ef9, 0x4ef9, 0x4ef9, 0x4ef9, 0x4ef9,
    0x6716, 0x6716, 0x6716, 0x6716, 0x6716, 0x6716, 0x6716, 0x6716, 0x6716, 0x575c, 0x575c, 0x575c,
    0x575c, 0x575c, 0x575c, 0x575c, 0x575c, 0x575c, 0x575c, 0x575c, 0x575c, 0x575c, 0x575c, 0x575c,
    0x575c, 0x575c, 0x575c, 0x575c, 0x575c, 0x575c, 0x575c, 0x575c, 0x575c, 0x575c, 0x575c, 0x575c,
    0x575c, 0x575c, 0x575c, 0x575c, 0x575c, 0x575c, 0x575c, 0x575c, 0x575c, 0x575c, 0x575c, 0x575c,
    0x575c, 0x575c, 0x575c, 0x575c, 0x575c, 0x575c, 0x4ef9, 0x4ef9, 0x575c, 0x4ef9, 0x4ef9, 0x3f39,
    0x3f39, 0x3f39, 0x36b9, 0x36b9, 0x3f39, 0x575c, 0x575c, 0x575c, 0x575c, 0x4ef9, 0x575c, 0x4ef9,
    0x4ef9, 0x575c, 0x575c, 0x575c, 0x575c, 0x4ef9, 0x4ef9, 0x4ef9, 0x4ef9, 0x4ef9, 0x4ef9, 0x4ef9,
    0x4ef9, 0x4ef9, 0x575c, 0x6f57, 0x575c, 0x4ef9, 0x6f57, 0x6f57, 0x6716, 0x6716, 0x6716, 0x6f57,
    0x6f57, 0x6f57, 0x6f57, 0x6716, 0x6f57, 0x6f57, 0x6f57, 0x6f57, 0x6f57, 0x6f57, 0x6f57, 0x6f57,
    0x6f57, 0x6f57, 0x6f57, 0x6f57, 0x6f57, 0x6f57, 0x6f57, 0x6f57, 0x6f57, 0x6f57, 0x6f57, 0x6f57,
    0x6f57, 0x6f57, 0x6f57, 0x6f57, 0x6f57, 0x6f57, 0x6f57, 0x6f57, 0x6f57, 0x6f57, 0x6f57, 0x6f57,
    0x6f57, 0x6f57, 0x6f57, 0x6f57, 0x6f57, 0x6f57, 0x6f57, 0x6f57, 0x6f57, 0x6f57, 0x6f57, 0x6f57,
    0x6f57, 0x6f57, 0x6f57, 0x6f57, 0x6f57, 0x6f57, 0x6f57, 0x6f57, 0x6f57, 0x6f57, 0x6f57, 0x6f57,
    0x6f57, 0x6f57, 0x6f57, 0x6f57, 0x6f57, 0x6f57, 0x6f57, 0x6f57, 0x6f57, 0x6f57, 0x6f57, 0x6f57,
    0x6f57, 0x6f57, 0x4eb5, 0x575c, 0x575c, 0x575c, 0x575c, 0x575c, 0x575c, 0x6f57, 0x6f57, 0x6f57,
    0x4eb5, 0x4f17, 0x4f17, 0x4eb5, 0x4eb5, 0x6716, 0x73bd, 0x6f57, 0x6f57, 0x6f57, 0x6f57, 0x6f57,
    0x6f57, 0x6f57, 0x6f57, 0x4eb5, 0x4ef9, 0x575c, 0x575c, 0x4ef9, 0x575c, 0x575c, 0x575c, 0x575c,
    0x575c, 0x575c, 0x575c, 0x575c, 0x575c, 0x575c, 0x575c, 0x575c, 0x6716, 0x6716, 0x6716, 0x6716,
    0x4eb5, 0x575c, 0x575c, 0x575c, 0x575c, 0x575c, 0x575c, 0x6716, 0x6716, 0x6716, 0x6716, 0x6716,
    0x6f57, 0x6f57, 0x6f57, 0x6f57, 0x6f57, 0x6f57, 0x6716, 0x6716, 0x575c, 0x4ef9, 0x4ef9, 0x4ef9,
    0x4ef9, 0x4ef9, 0x4ef9, 0x4ef9, 0x6716, 0x6716, 0x6716, 0x6716, 0x6716, 0x6716, 0x6716, 0x4ef9,
    0x575c, 0x575c, 0x575c, 0x575c, 0x575c, 0x575c, 0x575c, 0x575c, 0x575c, 0x575c, 0x575c, 0x575c,
    0x575c, 0x575c, 0x575c, 0x575c, 0x575c, 0x575c, 0x575c, 0x575c, 0x575c, 0x575c, 0x575c, 0x575c,
    0x575c, 0x575c, 0x575c, 0x575c, 0x575c, 0x575c, 0x575c, 0x575c, 0x575c, 0x575c, 0x575c, 0x575c,
    0x575c, 0x575c, 0x575c, 0x575c, 0x575c, 0x575c, 0x575c, 0x575c, 0x575c, 0x575c, 0x575c, 0x575c,
    0x575c, 0x575c, 0x575c, 0x575c, 0x575c, 0x575c, 0x575c, 0x4ef9, 0x4ef9, 0x575c, 0x4ef9, 0x575c,
    0x575c, 0x575c, 0x575c, 0x4ef9, 0x4ef9, 0x4ef9, 0x4ef9, 0x4ef9, 0x4ef9, 0x4ef9, 0x575c, 0x6f57,
    0x6f57, 0x6716, 0x6716, 0x6f57, 0x6716, 0x6716, 0x6716, 0x6716, 0x6716, 0x6716, 0x6f57, 0x6716,
    0x6f57, 0x6f57, 0x575c, 0x575c, 0x575c, 0x6f57, 0x6f57, 0x6f57, 0x6f57, 0x6f57, 0x6f57, 0x6f57,
    0x6f57, 0x6f57, 0x6f57, 0x6f57, 0x6f57, 0x6f57, 0x6f57, 0x6f57, 0x6f57, 0x6f57, 0x6f57, 0x6f57,
    0x6f57, 0x6f57, 0x6f57, 0x6f57, 0x6f57, 0x6f57, 0x6f57, 0x6f57, 0x6f57, 0x6f57, 0x6f57, 0x6f57,
    0x6f57, 0x6f57, 0x6f57, 0x6f57, 0x6f57, 0x6f57, 0x6f57, 0x6f57, 0x6f57, 0x6f57, 0x6f57, 0x6f57,
    0x6f57, 0x6f57, 0x6f57, 0x6f57, 0x6f57, 0x6f57, 0x6f57, 0x6f57, 0x6f57, 0x6f57, 0x6f57, 0x6f57,
    0x6f57, 0x6f57, 0x6f57, 0x6f57, 0x6f57, 0x6f57, 0x6f57, 0x6f57, 0x6f57, 0x6f57, 0x6f57, 0x6f57,
    0x6f57, 0x6f57, 0x575c, 0x575c, 0x575c, 0x575c, 0x575c, 0x575c, 0x575c, 0x575c, 0x575c, 0x575c,
    0x4eb5, 0x4f17, 0x4eb5, 0x4f17, 0x575c, 0x575c, 0x575c, 0x575c, 0x575c, 0x4ef9, 0x575c, 0x6f57,
    0x6f57, 0x6f57, 0x4ef9, 0x575c, 0x575c, 0x575c, 0x575c, 0x575c, 0x575c, 0x575c, 0x575c, 0x575c,
    0x575c, 0x4ef9, 0x6716, 0x6716, 0x4ef9, 0x575c, 0x575c, 0x575c, 0x6716, 0x6716, 0x6716, 0x6716,
    0x4ef9, 0x575c, 0x575c, 0x575c, 0x4ef9, 0x575c, 0x6716, 0x6716, 0x6716, 0x6716, 0x6716, 0x6716,
    0x6f57, 0x6f57, 0x6f57, 0x6f57, 0x6f57, 0x6f57, 0x6f57, 0x6f57, 0x6f57, 0x6f57, 0x6716, 0x6f57,
    0x6f57, 0x575c, 0x575c, 0x575c, 0x4ef9, 0x3f39, 0x3f39, 0x4ef9, 0x4ef9, 0x4ef9, 0x4ef9, 0x4ef9,
    0x4ef9, 0x575c, 0x575c, 0x575c, 0x575c, 0x575c, 0x575c, 0x575c, 0x575c, 0x575c, 0x575c, 0x575c,
    0x575c, 0x575c, 0x575c, 0x575c, 0x575c, 0x575c, 0x575c, 0x575c, 0x575c, 0x575c, 0x575c, 0x575c,
    0x575c, 0x575c, 0x575c, 0x575c, 0x575c, 0x575c, 0x575c, 0x575c, 0x575c, 0x575c, 0x575c, 0x575c,
    0x575c, 0x575c, 0x575c, 0x575c, 0x575c, 0x575c, 0x575c, 0x575c, 0x575c, 0x575c, 0x575c, 0x575c,
    0x575c, 0x575c, 0x575c, 0x575c, 0x575c, 0x575c, 0x575c, 0x575c, 0x575c, 0x575c, 0x575c, 0x575c,
    0x575c, 0x575c, 0x575c, 0x575c, 0x575c, 0x6f57, 0x575c, 0x6716, 0x6716, 0x6f57, 0x6716, 0x6716,
    0x6716, 0x6716, 0x6716, 0x6716, 0x6f57, 0x6716, 0x6716, 0x6716, 0x6716, 0x6716, 0x6f57, 0x6716,
    0x575c, 0x575c, 0x575c, 0x575c, 0x575c, 0x575c, 0x575c, 0x575c, 0x6f57, 0x6f57, 0x6f57, 0x6f57,
    0x6f57, 0x6f57, 0x6f57, 0x6f57, 0x6f57, 0x6f57, 0x6f57, 0x6f57, 0x6f57, 0x6f57, 0x6f57, 0x6f57,
    0x6f57, 0x6f57, 0x6f57, 0x6f57, 0x6f57, 0x6f57, 0x6f57, 0x6f57, 0x6f57, 0x6f57, 0x6f57, 0x6f57,
    0x6f57, 0x6f57, 0x6f57, 0x6f57, 0x6f57, 0x6f57, 0x6f57, 0x6f57, 0x6f57, 0x6f57, 0x6716, 0x6f57,
    0x6f57, 0x6f57, 0x6f57, 0x6f57, 0x6f57, 0x6f57, 0x6f57, 0x6f57, 0x6f57, 0x6f57, 0x6f57, 0x6f57,
    0x6f57, 0x6f57, 0x6f57, 0x6f57, 0x6f57, 0x6f57, 0x6f57, 0x6f57, 0x6f57, 0x6f57, 0x6f57, 0x575c,
    0x575c, 0x575c, 0x575c, 0x575c, 0x575c, 0x575c, 0x575c, 0x575c, 0x575c, 0x575c, 0x575c, 0x575c,
    0x4f17, 0x4eb5, 0x4eb5, 0x575c, 0x575c, 0x575c, 0x575c, 0x575c, 0x575c, 0x575c, 0x575c, 0x575c,
    0x575c, 0x575c, 0x575c, 0x575c, 0x575c, 0x575c, 0x575c, 0x575c, 0x575c, 0x4ef9, 0x575c, 0x575c,
    0x575c, 0x6716, 0x6716, 0x6716, 0x6716, 0x6716, 0x6716, 0x6716, 0x6716, 0x6716, 0x6716, 0x4eb5,
    0x4ef9, 0x575c, 0x575c, 0x575c, 0x575c, 0x6716, 0x6716, 0x6716, 0x6716, 0x6716, 0x6716, 0x6716,
    0x6f57, 0x6f57, 0x6f57, 0x6f57, 0x6f57, 0x6f57, 0x575c, 0x6f57, 0x575c, 0x6f57, 0x575c, 0x575c,
    0x575c, 0x575c, 0x575c, 0x575c, 0x575c, 0x4ef9, 0x3f39, 0x3f39, 0x4ef9, 0x575c, 0x4ef9, 0x4ef9,
    0x4ef9, 0x4ef9, 0x4ef9, 0x36b9, 0x36b9, 0x4ef9, 0x575c, 0x575c, 0x575c, 0x575c, 0x575c, 0x575c,
    0x575c, 0x575c, 0x575c, 0x575c, 0x575c, 0x575c, 0x575c, 0x575c, 0x575c, 0x575c, 0x575c, 0x575c,
    0x575c, 0x575c, 0x575c, 0x575c, 0x575c, 0x575c, 0x575c, 0x575c, 0x575c, 0x575c, 0x575c, 0x575c,
    0x575c, 0x575c, 0x575c, 0x575c, 0x575c, 0x575c, 0x575c, 0x575c, 0x575c, 0x575c, 0x575c, 0x575c,
    0x575c, 0x575c, 0x575c, 0x575c, 0x575c, 0x575c, 0x575c, 0x575c, 0x575c, 0x575c, 0x575c, 0x575c,
    0x575c, 0x575c, 0x575c, 0x575c, 0x4ef9, 0x6716, 0x6716, 0x6716, 0x6716, 0x6716, 0x6716, 0x6716,
    0x575c, 0x575c, 0x4ef9, 0x6716, 0x6f57, 0x6716, 0x575c, 0x575c, 0x575c, 0x575c, 0x575c, 0x575c,
    0x575c, 0x575c, 0x575c, 0x575c, 0x575c, 0x575c, 0x575c, 0x575c, 0x575c, 0x6f57, 0x6f57, 0x6f57,
    0x6f57, 0x6f57, 0x6f57, 0x6f57, 0x6f57, 0x6f57, 0x6f57, 0x6f57, 0x6f57, 0x6f57, 0x6f57, 0x6f57,
    0x6f57, 0x6f57, 0x6f57, 0x6f57, 0x6f57, 0x6f57, 0x6f57, 0x6f57, 0x6f57, 0x6f57, 0x6f57, 0x6f57,
    0x6f57, 0x6f57, 0x6f57, 0x6f57, 0x6f57, 0x6f57, 0x6f57, 0x6f57, 0x6f57, 0x6f57, 0x6f57, 0x6f57,
    0x6f57, 0x6f57, 0x6f57, 0x6f57, 0x6f57, 0x6f57, 0x6f57, 0x6f57, 0x6f57, 0x6f57, 0x6f57, 0x6f57,
    0x6f57, 0x6f57, 0x6f57, 0x6f57, 0x6f57, 0x6f57, 0x6f57, 0x6f57, 0x6f57, 0x6f57, 0x575c, 0x575c,
    0x575c, 0x575c, 0x575c, 0x575c, 0x575c, 0x575c, 0x575c, 0x575c, 0x575c, 0x575c, 0x575c, 0x4ef9,
    0x4f17, 0x4f17, 0x575c, 0x575c, 0x575c, 0x575c, 0x575c, 0x575c, 0x575c, 0x575c, 0x575c, 0x575c,
    0x575c, 0x575c, 0x575c, 0x575c, 0x575c, 0x4ef9, 0x575c, 0x575c, 0x575c, 0x575c, 0x575c, 0x575c,
    0x575c, 0x575c, 0x6716, 0x6716, 0x6716, 0x6716, 0x6716, 0x6716, 0x6716, 0x6716, 0x6716, 0x6716,
    0x6716, 0x4ef9, 0x575c, 0x575c, 0x4ef9, 0x6716, 0x6716, 0x6716, 0x6716, 0x6716, 0x6716, 0x6716,
    0x6716, 0x6f57, 0x6f57, 0x6f57, 0x6f57, 0x6f57, 0x575c, 0x6f57, 0x575c, 0x575c, 0x575c, 0x575c,
    0x575c, 0x575c, 0x575c, 0x575c, 0x575c, 0x575c, 0x4ef9, 0x575c, 0x575c, 0x4ef9, 0x3f39, 0x575c,
    0x4ef9, 0x575c, 0x4ef9, 0x36b9, 0x36b9, 0x4ef9, 0x4ef9, 0x575c, 0x575c, 0x575c, 0x575c, 0x575c,
    0x575c, 0x575c, 0x575c, 0x575c, 0x575c, 0x575c, 0x575c, 0x575c, 0x575c, 0x575c, 0x4ef9, 0x575c,
    0x575c, 0x575c, 0x575c, 0x575c, 0x575c, 0x575c, 0x575c, 0x575c, 0x575c, 0x575c, 0x575c, 0x575c,
    0x575c, 0x575c, 0x575c, 0x575c, 0x575c, 0x575c, 0x575c, 0x575c, 0x575c, 0x575c, 0x575c, 0x575c,
    0x575c, 0x575c, 0x575c, 0x575c, 0x575c, 0x575c, 0x575c, 0x575c, 0x575c, 0x4ef9, 0x575c, 0x575c,
    0x575c, 0x575c, 0x575c, 0x575c, 0x575c, 0x575c, 0x575c, 0x575c, 0x4ef9, 0x575c, 0x575c, 0x575c,
    0x575c, 0x575c, 0x575c, 0x575c, 0x575c, 0x575c, 0x575c, 0x575c, 0x575c, 0x575c, 0x575c, 0x575c,
    0x575c, 0x575c, 0x575c, 0x575c, 0x575c, 0x575c, 0x575c, 0x575c, 0x6f57, 0x6f57, 0x6f57, 0x6f57,
    0x6f57, 0x6f57, 0x6f57, 0x6f57, 0x6f57, 0x6f57, 0x6f57, 0x6f57, 0x6f57, 0x6f57, 0x6f57, 0x6f57,
    0x6f57, 0x6f57, 0x6f57, 0x10ea, 0x462f, 0x73bd, 0x6f57, 0x6f57, 0x6f57, 0x6f57, 0x6f57, 0x6f57,
    0x6f57, 0x6f57, 0x6f57, 0x6f57, 0x6f57, 0x6f57, 0x6f57, 0x6f57, 0x6f57, 0x6716, 0x6f57, 0x6f57,
    0x6f57, 0x6f57, 0x6f57, 0x6f57, 0x6f57, 0x6f57, 0x6f57, 0x6f57, 0x6f57, 0x6f57, 0x6f57, 0x6f57,
    0x6f57, 0x6f57, 0x6f57, 0x6f57, 0x6f57, 0x6f57, 0x6f57, 0x6f57, 0x6f57, 0x73bd, 0x575c, 0x575c,
    0x575c, 0x575c, 0x575c, 0x575c, 0x575c, 0x575c, 0x575c, 0x575c, 0x575c, 0x575c, 0x575c, 0x4eb5,
    0x4eb5, 0x3294, 0x575c, 0x575c, 0x575c, 0x575c, 0x575c, 0x575c, 0x575c, 0x575c, 0x575c, 0x575c,
    0x575c, 0x575c, 0x4ef9, 0x4ef9, 0x6716, 0x6716, 0x6716, 0x6716, 0x575c, 0x575c, 0x575c, 0x4eb5,
    0x6716, 0x4eb5, 0x6716, 0x6716, 0x6716, 0x6716, 0x6716, 0x6716, 0x6716, 0x6716, 0x6716, 0x6716,
    0x6716, 0x6716, 0x6716, 0x6716, 0x6716, 0x6716, 0x6716, 0x6716, 0x6716, 0x6716, 0x6716, 0x6716,
    0x6716, 0x6716, 0x575c, 0x575c, 0x575c, 0x575c, 0x575c, 0x575c, 0x575c, 0x575c, 0x575c, 0x575c,
    0x575c, 0x575c, 0x575c, 0x575c, 0x575c, 0x575c, 0x575c, 0x575c, 0x575c, 0x575c, 0x575c, 0x4ef9,
    0x4ef9, 0x4ef9, 0x4ef9, 0x4ef9, 0x4ef9, 0x575c, 0x575c, 0x575c, 0x575c, 0x575c, 0x575c, 0x575c,
    0x575c, 0x575c, 0x575c, 0x575c, 0x575c, 0x575c, 0x575c, 0x575c, 0x575c, 0x575c, 0x575c, 0x575c,
    0x575c, 0x575c, 0x575c, 0x575c, 0x575c, 0x575c, 0x575c, 0x575c, 0x575c, 0x575c, 0x575c, 0x575c,
    0x575c, 0x575c, 0x575c, 0x575c, 0x575c, 0x575c, 0x575c, 0x575c, 0x575c, 0x575c, 0x575c, 0x575c,
    0x575c, 0x575c, 0x575c, 0x575c, 0x575c, 0x4ef9, 0x4ef9, 0x4ef9, 0x4ef9, 0x4ef9, 0x3f39, 0x3f39,
    0x4ef9, 0x4ef9, 0x575c, 0x575c, 0x575c, 0x575c, 0x575c, 0x575c, 0x575c, 0x575c, 0x575c, 0x575c,
    0x575c, 0x575c, 0x575c, 0x575c, 0x575c, 0x6f57, 0x575c, 0x575c, 0x575c, 0x575c, 0x575c, 0x575c,
    0x575c, 0x575c, 0x575c, 0x575c, 0x575c, 0x575c, 0x575c, 0x575c, 0x6f57, 0x6f57, 0x6f57, 0x575c,
    0x575c, 0x575c, 0x6f57, 0x6f57, 0x6f57, 0x6f57, 0x6f57, 0x6f57, 0x6f57, 0x6f57, 0x6f57, 0x6f57,
    0x6f57, 0x6f57, 0x884, 0x36b9, 0x4ef9, 0x10ea, 0x884, 0x10ea, 0x73bd, 0x6f57, 0x6f57, 0x6f57,
    0x6f57, 0x6f57, 0x6f57, 0x6f57, 0x6f57, 0x6f57, 0x6f57, 0x6f57, 0x6f57, 0x6f57, 0x6f57, 0x6f57,
    0x6f57, 0x6716, 0x6f57, 0x6f57, 0x6f57, 0x6f57, 0x6f57, 0x6f57, 0x6f57, 0x6f57, 0x6f57, 0x6f57,
    0x6f57, 0x6f57, 0x6f57, 0x6f57, 0x6f57, 0x4eb5, 0x4f17, 0x6f57, 0x6f57, 0x4ef9, 0x575c, 0x575c,
    0x575c, 0x575c, 0x575c, 0x575c, 0x4ef9, 0x575c, 0x575c, 0x575c, 0x575c, 0x575c, 0x575c, 0x4eb5,
    0x4eb5, 0x3294, 0x575c, 0x4ef9, 0x575c, 0x575c, 0x575c, 0x575c, 0x575c, 0x575c, 0x575c, 0x575c,
    0x4f17, 0x4f17, 0x575c, 0x575c, 0x4f17, 0x6716, 0x6716, 0x6716, 0x6716, 0x575c, 0x4ef9, 0x6716,
    0x4eb5, 0x6716, 0x6716, 0x6716, 0x6716, 0x6716, 0x6716, 0x6716, 0x6716, 0x6716, 0x6716, 0x6716,
    0x6716, 0x6716, 0x6716, 0x6716, 0x6716, 0x6716, 0x6716, 0x6716, 0x6716, 0x6716, 0x6716, 0x6716,
    0x6716, 0x6716, 0x4ef9, 0x575c, 0x575c, 0x575c, 0x575c, 0x575c, 0x575c, 0x575c, 0x575c, 0x575c,
    0x575c, 0x575c, 0x575c, 0x575c, 0x575c, 0x575c, 0x575c, 0x575c, 0x575c, 0x575c, 0x575c, 0x575c,
    0x575c, 0x4ef9, 0x4ef9, 0x4ef9, 0x4ef9, 0x4ef9, 0x4ef9, 0x4ef9, 0x575c, 0x4ef9, 0x4ef9, 0x575c,
    0x575c, 0x4ef9, 0x575c, 0x575c, 0x575c, 0x575c, 0x575c, 0x575c, 0x575c, 0x575c, 0x575c, 0x575c,
    0x575c, 0x575c, 0x575c, 0x575c, 0x575c, 0x575c, 0x575c, 0x575c, 0x575c, 0x575c, 0x575c, 0x575c,
    0x575c, 0x575c, 0x575c, 0x575c, 0x575c, 0x575c, 0x575c, 0x575c, 0x575c, 0x575c, 0x575c, 0x575c,
    0x575c, 0x36b9, 0x3f39, 0x3f39, 0x36b9, 0x36b9, 0x3f39, 0x36b9, 0x3f39, 0x3f39, 0x36b9, 0x36b9,
    0x36b9, 0x36b9, 0x36b9, 0x36b9, 0x36b9, 0x4ef9, 0x575c, 0x575c, 0x575c, 0x575c, 0x575c, 0x575c,
    0x575c, 0x575c, 0x575c, 0x575c, 0x575c, 0x575c, 0x575c, 0x575c, 0x575c, 0x575c, 0x575c, 0x575c,
    0x575c, 0x575c, 0x575c, 0x575c, 0x575c, 0x575c, 0x575c, 0x6f57, 0x6f57, 0x6f57, 0x575c, 0x575c,
    0x575c, 0x575c, 0x6f57, 0x6f57, 0x6f57, 0x6f57, 0x6f57, 0x6f57, 0x6f57, 0x6f57, 0x6f57, 0x6f57,
    0x6f57, 0x884, 0x2dd3, 0x10ea, 0x884, 0x884, 0x4ef9, 0x198b, 0x1d92, 0x198b, 0x884, 0x884,
    0x73bd, 0x6f57, 0x6f57, 0x6716, 0x6f57, 0x6f57, 0x6716, 0x6f57, 0x6f57, 0x6f57, 0x6f57, 0x6f57,
    0x6f57, 0x6f57, 0x6f57, 0x6f57, 0x6f57, 0x6f57, 0x6f57, 0x6f57, 0x6f57, 0x6f57, 0x6f57, 0x6f57,
    0x6f57, 0x6f57, 0x6f57, 0x462f, 0x575c, 0x575c, 0x575c, 0x575c, 0x4ef9, 0x575c, 0x575c, 0x575c,
    0x575c, 0x575c, 0x4ef9, 0x6716, 0x6716, 0x4f17, 0x4ef9, 0x575c, 0x575c, 0x575c, 0x575c, 0x575c,
    0x4ef9, 0x4eb5, 0x575c, 0x575c, 0x575c, 0x575c, 0x575c, 0x575c, 0x575c, 0x575c, 0x4eb5, 0x6716,
    0x6716, 0x6716, 0x4f17, 0x6716, 0x6716, 0x6716, 0x6716, 0x6716, 0x6716, 0x6716, 0x6716, 0x6716,
    0x6716, 0x6716, 0x6716, 0x6716, 0x6716, 0x6716, 0x6716, 0x6716, 0x6716, 0x6716, 0x4eb5, 0x4eb5,
    0x6716, 0x575c, 0x6716, 0x4f17, 0x6716, 0x6716, 0x6716, 0x6716, 0x6716, 0x4eb5, 0x575c, 0x6716,
    0x6716, 0x6716, 0x4ef9, 0x575c, 0x575c, 0x575c, 0x575c, 0x575c, 0x575c, 0x575c, 0x575c, 0x575c,
    0x575c, 0x575c, 0x575c, 0x575c, 0x575c, 0x575c, 0x575c, 0x575c, 0x575c, 0x575c, 0x575c, 0x575c,
    0x575c, 0x575c, 0x575c, 0x4ef9, 0x4ef9, 0x575c, 0x4ef9, 0x4ef9, 0x575c, 0x575c, 0x4ef9, 0x4ef9,
    0x575c, 0x575c, 0x4ef9, 0x4ef9, 0x4ef9, 0x4ef9, 0x4ef9, 0x4ef9, 0x4ef9, 0x4ef9, 0x575c, 0x575c,
    0x575c, 0x575c, 0x575c, 0x575c, 0x575c, 0x575c, 0x575c, 0x575c, 0x575c, 0x575c, 0x575c, 0x575c,
    0x575c, 0x575c, 0x575c, 0x575c, 0x575c, 0x575c, 0x575c, 0x575c, 0x575c, 0x575c, 0x575c, 0x575c,
    0x575c, 0x575c, 0x575c, 0x575c, 0x575c, 0x575c, 0x575c, 0x575c, 0x575c, 0x575c, 0x575c, 0x575c,
    0x575c, 0x575c, 0x575c, 0x575c, 0x575c, 0x575c, 0x575c, 0x575c, 0x575c, 0x575c, 0x575c, 0x575c,
    0x575c, 0x575c, 0x575c, 0x575c, 0x575c, 0x575c, 0x575c, 0x575c, 0x575c, 0x575c, 0x575c, 0x575c,
    0x575c, 0x575c, 0x575c, 0x575c, 0x575c, 0x6f57, 0x575c, 0x575c, 0x6f57, 0x6f57, 0x6f57, 0x6f57,
    0x6f57, 0x6f57, 0x6f57, 0x6f57, 0x6f57, 0x6f57, 0x6f57, 0x6f57, 0x6f57, 0x6f57, 0x6f57, 0x6f57,
    0x884, 0x884, 0x10ea, 0x1d92, 0x1d92, 0x1d92, 0x10ea, 0x10ea, 0x10ea, 0x884, 0x1d92, 0x2dd3,
    0x198b, 0x10ea, 0x884, 0x462f, 0x73bd, 0x6f57, 0x6f57, 0x6f57, 0x6716, 0x6716, 0x6f57, 0x6f57,
    0x6f57, 0x6f57, 0x6f57, 0x6f57, 0x6f57, 0x6f57, 0x6f57, 0x6f57, 0x6f57, 0x6f57, 0x6f57, 0x6f57,
    0x6f57, 0x6f57, 0x462f, 0x575c, 0x575c, 0x575c, 0x575c, 0x575c, 0x575c, 0x575c, 0x575c, 0x575c,
    0x575c, 0x4ef9, 0x4f17, 0x6716, 0x6716, 0x6716, 0x4ef9, 0x4ef9, 0x575c, 0x575c, 0x575c, 0x2dd3,
    0x29ad, 0x10ea, 0x10ea, 0x73bd, 0x4ef9, 0x4ef9, 0x4ef9, 0x4ef9, 0x6716, 0x6716, 0x6716, 0x6716,
    0x6716, 0x6716, 0x6716, 0x6716, 0x6716, 0x6716, 0x6716, 0x6716, 0x6716, 0x6716, 0x6716, 0x6716,
    0x6716, 0x6716, 0x6716, 0x6716, 0x6716, 0x6716, 0x6716, 0x4eb5, 0x575c, 0x575c, 0x575c, 0x575c,
    0x575c, 0x575c, 0x575c, 0x6716, 0x6716, 0x6716, 0x6716, 0x6716, 0x6716, 0x4ef9, 0x575c, 0x575c,
    0x6716, 0x4ef9, 0x4ef9, 0x4ef9, 0x575c, 0x575c, 0x575c, 0x575c, 0x575c, 0x575c, 0x575c, 0x575c,
    0x575c, 0x575c, 0x575c, 0x575c, 0x575c, 0x575c, 0x575c, 0x575c, 0x575c, 0x575c, 0x575c, 0x575c,
    0x575c, 0x575c, 0x575c, 0x575c, 0x575c, 0x575c, 0x575c, 0x575c, 0x575c, 0x575c, 0x575c, 0x4ef9,
    0x4ef9, 0x4ef9, 0x4ef9, 0x4ef9, 0x4ef9, 0x4ef9, 0x4ef9, 0x4ef9, 0x4ef9, 0x4ef9, 0x4ef9, 0x4ef9,
    0x575c, 0x575c, 0x575c, 0x575c, 0x575c, 0x575c, 0x575c, 0x575c, 0x575c, 0x575c, 0x575c, 0x575c,
    0x575c, 0x575c, 0x575c, 0x575c, 0x575c, 0x575c, 0x575c, 0x575c, 0x575c, 0x575c, 0x575c, 0x575c,
    0x575c, 0x575c, 0x575c, 0x575c, 0x575c, 0x575c, 0x575c, 0x575c, 0x575c, 0x575c, 0x575c, 0x575c,
    0x575c, 0x575c, 0x575c, 0x575c, 0x575c, 0x575c, 0x575c, 0x575c, 0x575c, 0x575c, 0x575c, 0x575c,
    0x575c, 0x575c, 0x575c, 0x575c, 0x575c, 0x575c, 0x575c, 0x575c, 0x575c, 0x575c, 0x575c, 0x575c,
    0x575c, 0x575c, 0x575c, 0x575c, 0x575c, 0x575c, 0x575c, 0x575c, 0x6f57, 0x6f57, 0x6f57, 0x6f57,
    0x6f57, 0x6f57, 0x6f57, 0x6f57, 0x6f57, 0x6f57, 0x6f57, 0x6f57, 0x6f57, 0x6f57, 0x73bd, 0x10ea,
    0x884, 0x10ea, 0x1d92, 0x884, 0x884, 0x1d92, 0x1d92, 0x1d92, 0x1d92, 0x10ea, 0x36b9, 0x884,
    0x884, 0x10ea, 0x2dd3, 0x884, 0x2dd3, 0x10ea, 0x29ad, 0x73bd, 0x6f57, 0x6716, 0x6716, 0x6f57,
    0x6f57, 0x6f57, 0x6f57, 0x6f57, 0x6f57, 0x6f57, 0x6f57, 0x6f57, 0x6f57, 0x6f57, 0x6f57, 0x6f57,
    0x6f57, 0x6f57, 0x575c, 0x575c, 0x575c, 0x575c, 0x575c, 0x575c, 0x575c, 0x575c, 0x575c, 0x575c,
    0x575c, 0x4ef9, 0x6716, 0x6716, 0x6716, 0x6716, 0x6716, 0x884, 0x2dd3, 0x36b9, 0x36b9, 0x29ad,
    0x884, 0x884, 0x884, 0x198b, 0x884, 0x6f57, 0x6716, 0x4f17, 0x6716, 0x6716, 0x6716, 0x6716,
    0x6716, 0x6716, 0x6716, 0x6716, 0x6716, 0x6716, 0x6716, 0x6716, 0x6716, 0x6716, 0x6716, 0x6716,
    0x6716, 0x6716, 0x6716, 0x6716, 0x6716, 0x6716, 0x6716, 0x575c, 0x575c, 0x575c, 0x575c, 0x575c,
    0x575c, 0x4f17, 0x6716, 0x6716, 0x6716, 0x6716, 0x6716, 0x6716, 0x6716, 0x575c, 0x575c, 0x575c,
    0x4ef9, 0x4ef9, 0x4ef9, 0x4ef9, 0x4ef9, 0x575c, 0x575c, 0x575c, 0x575c, 0x575c, 0x575c, 0x575c,
    0x575c, 0x575c, 0x575c, 0x575c, 0x575c, 0x575c, 0x575c, 0x575c, 0x575c, 0x575c, 0x575c, 0x575c,
    0x575c, 0x575c, 0x575c, 0x575c, 0x575c, 0x575c, 0x575c, 0x575c, 0x575c, 0x575c, 0x575c, 0x575c,
    0x575c, 0x575c, 0x575c, 0x575c, 0x575c, 0x575c, 0x575c, 0x575c, 0x575c, 0x575c, 0x4ef9, 0x4ef9,
    0x575c, 0x575c, 0x575c, 0x575c, 0x575c, 0x575c, 0x575c, 0x575c, 0x575c, 0x575c, 0x575c, 0x575c,
    0x575c, 0x575c, 0x575c, 0x575c, 0x575c, 0x575c, 0x575c, 0x575c, 0x575c, 0x575c, 0x575c, 0x575c,
    0x575c, 0x575c, 0x575c, 0x575c, 0x575c, 0x575c, 0x575c, 0x575c, 0x575c, 0x575c, 0x575c, 0x575c,
    0x575c, 0x575c, 0x575c, 0x575c, 0x575c, 0x575c, 0x575c, 0x575c, 0x575c, 0x575c, 0x575c, 0x575c,
    0x575c, 0x575c, 0x575c, 0x575c, 0x575c, 0x575c, 0x575c, 0x575c, 0x575c, 0x575c, 0x575c, 0x575c,
    0x575c, 0x575c, 0x575c, 0x575c, 0x575c, 0x575c, 0x575c, 0x575c, 0x575c, 0x575c, 0x6f57, 0x6f57,
    0x6f57, 0x6f57, 0x6f57, 0x6f57, 0x6f57, 0x6f57, 0x6f57, 0x6f57, 0x73bd, 0x884, 0x29ad, 0x884,
    0x1d92, 0x2dd3, 0x884, 0x884, 0x10ea, 0x10ea, 0x10ea, 0x10ea, 0x2dd3, 0x1d92, 0x1d92, 0x884,
    0x884, 0x10ea, 0x3294, 0x198b, 0x884, 0x198b, 0x2dd3, 0x2dd3, 0x1d92, 0x1d92, 0x884, 0x6f57,
    0x6f57, 0x6f57, 0x6f57, 0x6f57, 0x6f57, 0x6f57, 0x6f57, 0x6f57, 0x575c, 0x6f57, 0x6f57, 0x6f57,
    0x4eb5, 0x575c, 0x575c, 0x575c, 0x575c, 0x575c, 0x575c, 0x575c, 0x575c, 0x575c, 0x575c, 0x575c,
    0x575c, 0x4ef9, 0x6716, 0x6716, 0x6716, 0x6716, 0x4f17, 0x29ad, 0x884, 0x884, 0x884, 0x884,
    0x884, 0x2dd3, 0x884, 0x884, 0x884, 0x198b, 0x6716, 0x6716, 0x6716, 0x6716, 0x6716, 0x6716,
    0x6716, 0x6716, 0x6716, 0x6716, 0x6716, 0x6716, 0x6716, 0x6716, 0x6716, 0x6716, 0x6716, 0x6716,
    0x6716, 0x6716, 0x6716, 0x6716, 0x6716, 0x6716, 0x4f17, 0x575c, 0x575c, 0x575c, 0x575c, 0x575c,
    0x575c, 0x575c, 0x6716, 0x6716, 0x6716, 0x6716, 0x6716, 0x6716, 0x6716, 0x6716, 0x6716, 0x6716,
    0x4ef9, 0x4ef9, 0x4ef9, 0x4ef9, 0x4ef9, 0x4ef9, 0x4ef9, 0x4ef9, 0x575c, 0x575c, 0x575c, 0x575c,
    0x575c, 0x575c, 0x575c, 0x575c, 0x575c, 0x575c, 0x575c, 0x575c, 0x575c, 0x575c, 0x575c, 0x575c,
    0x575c, 0x575c, 0x575c, 0x575c, 0x575c, 0x575c, 0x575c, 0x575c, 0x575c, 0x575c, 0x575c, 0x575c,
    0x575c, 0x575c, 0x4ef9, 0x575c, 0x575c, 0x575c, 0x575c, 0x575c, 0x575c, 0x575c, 0x575c, 0x575c,
    0x575c, 0x575c, 0x575c, 0x4ef9, 0x575c, 0x4ef9, 0x575c, 0x4ef9, 0x575c, 0x575c, 0x575c, 0x575c,
    0x575c, 0x575c, 0x575c, 0x575c, 0x575c, 0x575c, 0x575c, 0x575c, 0x575c, 0x575c, 0x575c, 0x575c,
    0x575c, 0x575c, 0x575c, 0x575c, 0x575c, 0x575c, 0x575c, 0x575c, 0x575c, 0x575c, 0x575c, 0x575c,
    0x575c, 0x575c, 0x575c, 0x575c, 0x575c, 0x575c, 0x575c, 0x575c, 0x575c, 0x575c, 0x575c, 0x575c,
    0x575c, 0x575c, 0x575c, 0x575c, 0x575c, 0x575c, 0x575c, 0x575c, 0x575c, 0x575c, 0x575c, 0x575c,
    0x575c, 0x575c, 0x575c, 0x575c, 0x575c, 0x575c, 0x575c, 0x575c, 0x575c, 0x575c, 0x575c, 0x6f57,
    0x6f57, 0x6f57, 0x6f57, 0x6f57, 0x6f57, 0x6f57, 0x6f57, 0x29ad, 0x3294, 0x884, 0x10ea, 0x1d92,
    0x10ea, 0x884, 0x10ea, 0x10ea, 0x1d92, 0x1d92, 0x1d92, 0x10ea, 0x1d92, 0x884, 0x36b9, 0x1d92,
    0x1d92, 0x884, 0x36b9, 0x2dd3, 0x884, 0x198b, 0x29ad, 0x1d92, 0x884, 0x1d92, 0x2dd3, 0x36b9,
    0x10ea, 0x4f17, 0x73bd, 0x6f57, 0x6f57, 0x6f57, 0x6f57, 0x575c, 0x575c, 0x575c, 0x575c, 0x575c,
    0x575c, 0x575c, 0x575c, 0x575c, 0x575c, 0x575c, 0x575c, 0x4ef9, 0x6716, 0x4ef9, 0x575c, 0x575c,
    0x575c, 0x4ef9, 0x6716, 0x6716, 0x6716, 0x6716, 0x6716, 0x6716, 0x29ad, 0x2dd3, 0x2e2f, 0x884,
    0x884, 0x2dd3, 0x884, 0x1527, 0x10ea, 0x73bd, 0x6716, 0x6716, 0x6716, 0x6716, 0x6716, 0x6716,
    0x6716, 0x4eb5, 0x6716, 0x6716, 0x6716, 0x6716, 0x6716, 0x6716, 0x6716, 0x6716, 0x6716, 0x6716,
    0x6716, 0x6716, 0x6716, 0x6716, 0x6716, 0x6716, 0x6716, 0x4eb5, 0x4eb5, 0x4eb5, 0x4eb5, 0x4eb5,
    0x6716, 0x4ef9, 0x6716, 0x6716, 0x6716, 0x6716, 0x6716, 0x6716, 0x6716, 0x6716, 0x6716, 0x6716,
    0x4ef9, 0x4ef9, 0x4ef9, 0x4ef9, 0x4ef9, 0x4ef9, 0x4ef9, 0x4ef9, 0x4ef9, 0x4ef9, 0x575c, 0x575c,
    0x575c, 0x575c, 0x575c, 0x575c, 0x575c, 0x575c, 0x575c, 0x575c, 0x575c, 0x575c, 0x575c, 0x575c,
    0x575c, 0x575c, 0x575c, 0x575c, 0x575c, 0x575c, 0x575c, 0x4ef9, 0x575c, 0x575c, 0x575c, 0x4ef9,
    0x36b9, 0x36b9, 0x36b9, 0x4ef9, 0x4ef9, 0x4ef9, 0x3f39, 0x575c, 0x575c, 0x575c, 0x575c, 0x575c,
    0x575c, 0x575c, 0x575c, 0x575c, 0x575c, 0x575c, 0x575c, 0x575c, 0x575c, 0x575c, 0x575c, 0x575c,
    0x575c, 0x575c, 0x575c, 0x575c, 0x575c, 0x575c, 0x575c, 0x575c, 0x575c, 0x575c, 0x575c, 0x575c,
    0x575c, 0x575c, 0x575c, 0x575c, 0x575c, 0x575c, 0x575c, 0x575c, 0x575c, 0x575c, 0x575c, 0x575c,
    0x575c, 0x575c, 0x575c, 0x575c, 0x575c, 0x575c, 0x575c, 0x575c, 0x575c, 0x575c, 0x575c, 0x575c,
    0x575c, 0x575c, 0x575c, 0x575c, 0x575c, 0x575c, 0x575c, 0x575c, 0x575c, 0x575c, 0x575c, 0x575c,
    0x575c, 0x575c, 0x575c, 0x575c, 0x575c, 0x575c, 0x575c, 0x575c, 0x575c, 0x575c, 0x575c, 0x575c,
    0x575c, 0x6f57, 0x575c, 0x6f57, 0x6f57, 0x575c, 0x6f57, 0x29ad, 0x2dd3, 0x1d92, 0x1d92, 0x884,
    0x884, 0x10ea, 0x1d92, 0x884, 0x1d92, 0x1d92, 0x884, 0x884, 0x1d92, 0x1d92, 0x1d92, 0x884,
    0x36b9, 0x1d92, 0x1d92, 0x884, 0x198b, 0x10ea, 0x2dd3, 0x2dd3, 0x198b, 0x884, 0x2dd3, 0x10ea,
    0x10ea, 0x2dd3, 0x3294, 0x1d92, 0x1d92, 0x10ea, 0x73bd, 0x575c, 0x575c, 0x575c, 0x575c, 0x575c,
    0x575c, 0x575c, 0x575c, 0x575c, 0x575c, 0x4ef9, 0x4ef9, 0x4ef9, 0x4ef9, 0x4ef9, 0x4f17, 0x6716,
    0x6716, 0x6716, 0x6716, 0x6716, 0x6716, 0x6716, 0x6716, 0x4f17, 0x29ad, 0x29ad, 0x6716, 0x198b,
    0x10ea, 0x2dd3, 0x884, 0x462f, 0x198b, 0x6f57, 0x6716, 0x6716, 0x6716, 0x6716, 0x6716, 0x6716,
    0x6716, 0x6716, 0x6716, 0x6716, 0x6716, 0x6716, 0x6716, 0x6716, 0x6716, 0x6716, 0x6716, 0x6716,
    0x6716, 0x6716, 0x6716, 0x6716, 0x6716, 0x6716, 0x6716, 0x6716, 0x6716, 0x6716, 0x6716, 0x6716,
    0x6716, 0x6716, 0x6716, 0x6716, 0x6716, 0x6716, 0x6716, 0x6716, 0x6716, 0x6716, 0x6716, 0x6716,
    0x4ef9, 0x4ef9, 0x4ef9, 0x4ef9, 0x4ef9, 0x4ef9, 0x4ef9, 0x4ef9, 0x4ef9, 0x575c, 0x575c, 0x575c,
    0x575c, 0x575c, 0x575c, 0x575c, 0x575c, 0x575c, 0x575c, 0x575c, 0x575c, 0x575c, 0x575c, 0x575c,
    0x575c, 0x575c, 0x575c, 0x575c, 0x575c, 0x575c, 0x575c, 0x575c, 0x575c, 0x575c, 0x575c, 0x575c,
    0x575c, 0x575c, 0x575c, 0x575c, 0x4ef9, 0x36b9, 0x36b9, 0x36b9, 0x36b9, 0x3f39, 0x3f39, 0x575c,
    0x575c, 0x3f39, 0x36b9, 0x3f39, 0x575c, 0x575c, 0x575c, 0x575c, 0x575c, 0x575c, 0x575c, 0x3f39,
    0x3f39, 0x575c, 0x575c, 0x575c, 0x575c, 0x575c, 0x575c, 0x575c, 0x575c, 0x575c, 0x575c, 0x575c,
    0x575c, 0x575c, 0x575c, 0x575c, 0x575c, 0x575c, 0x575c, 0x575c, 0x575c, 0x575c, 0x575c, 0x575c,
    0x575c, 0x575c, 0x575c, 0x575c, 0x575c, 0x575c, 0x575c, 0x575c, 0x575c, 0x575c, 0x575c, 0x575c,
    0x575c, 0x575c, 0x575c, 0x575c, 0x575c, 0x575c, 0x575c, 0x575c, 0x575c, 0x575c, 0x575c, 0x575c,
    0x575c, 0x575c, 0x575c, 0x575c, 0x575c, 0x575c, 0x575c, 0x575c, 0x575c, 0x575c, 0x575c, 0x575c,
    0x575c, 0x575c, 0x575c, 0x575c, 0x6f57, 0x6716, 0x3294, 0x884, 0x1d92, 0x2dd3, 0x884, 0x10ea,
    0x1d92, 0x1d92, 0x884, 0x884, 0x1d92, 0x2dd3, 0x884, 0x884, 0x884, 0x884, 0x2dd3, 0x1d92,
    0x10ea, 0x884, 0x2dd3, 0x1d92, 0x1d92, 0x10ea, 0x36b9, 0x3294, 0x884, 0x36b9, 0x36b9, 0x29ad,
    0x884, 0x2dd3, 0x2dd3, 0x884, 0x884, 0x3294, 0x884, 0x1d92, 0x4eb5, 0x73bd, 0x575c, 0x575c,
    0x575c, 0x575c, 0x575c, 0x575c, 0x575c, 0x4ef9, 0x4ef9, 0x4ef9, 0x4ef9, 0x4ef9, 0x4f17, 0x6716,
    0x6716, 0x6716, 0x6716, 0x6716, 0x6716, 0x6716, 0x6716, 0x2e2f, 0x3f39, 0x3f39, 0x36b9, 0x2dd3,
    0x1527, 0x884, 0x884, 0x1527, 0x29ad, 0x884, 0x6716, 0x6716, 0x6716, 0x6716, 0x6716, 0x6716,
    0x6716, 0x575c, 0x575c, 0x575c, 0x6716, 0x6716, 0x6716, 0x6716, 0x6716, 0x6716, 0x6716, 0x6716,
    0x6716, 0x4f17, 0x4eb5, 0x6716, 0x6716, 0x6716, 0x6716, 0x6716, 0x6716, 0x6716, 0x6716, 0x6716,
    0x6716, 0x6716, 0x6716, 0x6716, 0x6716, 0x6716, 0x6716, 0x6716, 0x6716, 0x6716, 0x6716, 0x6716,
    0x36b9, 0x36b9, 0x36b9, 0x36b9, 0x36b9, 0x36b9, 0x4ef9, 0x4ef9, 0x4ef9, 0x575c, 0x575c, 0x4ef9,
    0x4ef9, 0x4ef9, 0x4ef9, 0x575c, 0x575c, 0x575c, 0x575c, 0x575c, 0x575c, 0x575c, 0x575c, 0x575c,
    0x575c, 0x575c, 0x575c, 0x575c, 0x575c, 0x4ef9, 0x575c, 0x575c, 0x575c, 0x575c, 0x575c, 0x575c,
    0x575c, 0x575c, 0x575c, 0x575c, 0x575c, 0x575c, 0x575c, 0x575c, 0x575c, 0x575c, 0x575c, 0x4ef9,
    0x4ef9, 0x3f39, 0x36b9, 0x36b9, 0x36b9, 0x36b9, 0x36b9, 0x36b9, 0x3f39, 0x3f39, 0x4ef9, 0x575c,
    0x575c, 0x575c, 0x575c, 0x575c, 0x575c, 0x575c, 0x575c, 0x575c, 0x575c, 0x575c, 0x575c, 0x575c,
    0x575c, 0x575c, 0x575c, 0x575c, 0x575c, 0x575c, 0x575c, 0x575c, 0x575c, 0x575c, 0x575c, 0x575c,
    0x575c, 0x575c, 0x575c, 0x575c, 0x575c, 0x575c, 0x575c, 0x575c, 0x575c, 0x575c, 0x575c, 0x575c,
    0x575c, 0x575c, 0x575c, 0x575c, 0x575c, 0x575c, 0x575c, 0x575c, 0x575c, 0x575c, 0x575c, 0x575c,
    0x575c, 0x575c, 0x575c, 0x575c, 0x575c, 0x575c, 0x575c, 0x575c, 0x575c, 0x575c, 0x575c, 0x575c,
    0x575c, 0x575c, 0x575c, 0x73bd, 0x10ea, 0x884, 0x884, 0x1d92, 0x1d92, 0x884, 0x10ea, 0x1d92,
    0x1d92, 0x10ea, 0x884, 0x884, 0x1d92, 0x2dd3, 0x884, 0x884, 0x884, 0x884, 0x884, 0x884, 0x1d92,
    0x1d92, 0x1d92, 0x884, 0x1d92, 0x1d92, 0x1d92, 0x884, 0x3294, 0x36b9, 0x884, 0x198b, 0x1527,
    0x36b9, 0x36b9, 0x29ad, 0x1d92, 0x36b9, 0x198b, 0x884, 0x198b, 0x2dd3, 0x36b9, 0x10ea, 0x29ad,
    0x575c, 0x575c, 0x575c, 0x575c, 0x4ef9, 0x4ef9, 0x4ef9, 0x4ef9, 0x4ef9, 0x6716, 0x6716, 0x6716,
    0x6716, 0x6716, 0x6716, 0x6716, 0x6716, 0x6716, 0x4eb5, 0x884, 0x10ea, 0x10ea, 0x1d92, 0x2dd3,
    0x2dd3, 0x29ad, 0x884, 0x884, 0x884, 0x6f57, 0x6716, 0x6716, 0x6716, 0x6716, 0x6716, 0x6716,
    0x575c, 0x575c, 0x575c, 0x575c, 0x6716, 0x6716, 0x6716, 0x6716, 0x575c, 0x6716, 0x6716, 0x575c,
    0x575c, 0x575c, 0x575c, 0x6716, 0x6716, 0x6716, 0x6716, 0x6716, 0x6716, 0x6716, 0x6716, 0x6716,
    0x6716, 0x6716, 0x6716, 0x6716, 0x6716, 0x6716, 0x6716, 0x6716, 0x6716, 0x6716, 0x6716, 0x36b9,
    0x36b9, 0x36b9, 0x36b9, 0x36b9, 0x36b9, 0x36b9, 0x36b9, 0x36b9, 0x36b9, 0x4ef9, 0x4ef9, 0x4ef9,
    0x4ef9, 0x4ef9, 0x4ef9, 0x4ef9, 0x4ef9, 0x4ef9, 0x4ef9, 0x4ef9, 0x4ef9, 0x4ef9, 0x4ef9, 0x4ef9,
    0x4ef9, 0x4ef9, 0x4ef9, 0x4ef9, 0x4ef9, 0x575c, 0x575c, 0x4ef9, 0x575c, 0x575c, 0x575c, 0x575c,
    0x575c, 0x575c, 0x575c, 0x575c, 0x575c, 0x575c, 0x575c, 0x575c, 0x575c, 0x575c, 0x575c, 0x575c,
    0x575c, 0x575c, 0x575c, 0x575c, 0x4ef9, 0x575c, 0x575c, 0x575c, 0x575c, 0x575c, 0x575c, 0x575c,
    0x575c, 0x575c, 0x575c, 0x575c, 0x575c, 0x575c, 0x575c, 0x575c, 0x575c, 0x575c, 0x575c, 0x575c,
    0x575c, 0x575c, 0x575c, 0x575c, 0x575c, 0x575c, 0x575c, 0x575c, 0x575c, 0x575c, 0x575c, 0x575c,
    0x575c, 0x575c, 0x575c, 0x575c, 0x575c, 0x575c, 0x575c, 0x575c, 0x575c, 0x575c, 0x575c, 0x575c,
    0x575c, 0x575c, 0x575c, 0x4ef9, 0x4ef9, 0x575c, 0x575c, 0x575c, 0x575c, 0x575c, 0x575c, 0x575c,
    0x575c, 0x575c, 0x575c, 0x575c, 0x575c, 0x575c, 0x575c, 0x575c, 0x575c, 0x575c, 0x575c, 0x575c,
    0x575c, 0x73bd, 0x884, 0x10ea, 0x884, 0x1d92, 0x884, 0x884, 0x10ea, 0x1d92, 0x884, 0x10ea,
    0x884, 0x884, 0x10ea, 0x10ea, 0x884, 0x884, 0x884, 0x884, 0x884, 0x884, 0x884, 0x884, 0x884,
    0x2dd3, 0x1d92, 0x1d92, 0x884, 0x1d92, 0x1d92, 0x1d92, 0x10ea, 0x884, 0x10ea, 0x884, 0x3294,
    0x1d92, 0x884, 0x198b, 0x1d92, 0x2dd3, 0x884, 0x2dd3, 0x36b9, 0x884, 0x884, 0x198b, 0x884,
    0x3294, 0x10ea, 0x4ef9, 0x29ad, 0x575c, 0x4ef9, 0x4ef9, 0x6716, 0x6716, 0x6716, 0x6716, 0x6716,
    0x6716, 0x6716, 0x6716, 0x6716, 0x6716, 0x4f17, 0x884, 0x36b9, 0x10ea, 0x1d92, 0x36b9, 0x36b9,
    0x29ad, 0x198b, 0x29ad, 0x198b, 0x6716, 0x6716, 0x6716, 0x6716, 0x6716, 0x6716, 0x6716, 0x6716,
    0x6716, 0x4eb5, 0x6716, 0x6716, 0x6716, 0x6716, 0x6716, 0x6716, 0x6716, 0x73bd, 0x4ef9, 0x6716,
    0x6716, 0x6716, 0x6716, 0x6716, 0x6716, 0x6716, 0x6716, 0x6716, 0x6716, 0x6716, 0x6716, 0x6716,
    0x6716, 0x6716, 0x6716, 0x6716, 0x6716, 0x6716, 0x6716, 0x6716, 0x6716, 0x6716, 0x36b9, 0x36b9,
    0x36b9, 0x36b9, 0x36b9, 0x36b9, 0x36b9, 0x36b9, 0x36b9, 0x36b9, 0x36b9, 0x36b9, 0x36b9, 0x36b9,
    0x36b9, 0x36b9, 0x4ef9, 0x4ef9, 0x4ef9, 0x4ef9, 0x4ef9, 0x4ef9, 0x4ef9, 0x4ef9, 0x4ef9, 0x4ef9,
    0x4ef9, 0x4ef9, 0x4ef9, 0x4ef9, 0x4ef9, 0x4ef9, 0x4ef9, 0x4ef9, 0x4ef9, 0x575c, 0x575c, 0x575c,
    0x575c, 0x575c, 0x575c, 0x575c, 0x575c, 0x575c, 0x575c, 0x575c, 0x575c, 0x575c, 0x575c, 0x575c,
    0x575c, 0x575c, 0x575c, 0x575c, 0x575c, 0x575c, 0x575c, 0x575c, 0x575c, 0x575c, 0x575c, 0x575c,
    0x575c, 0x575c, 0x575c, 0x575c, 0x575c, 0x575c, 0x575c, 0x575c, 0x575c, 0x575c, 0x575c, 0x575c,
    0x575c, 0x575c, 0x575c, 0x575c, 0x575c, 0x575c, 0x575c, 0x575c, 0x575c, 0x575c, 0x575c, 0x575c,
    0x575c, 0x575c, 0x575c, 0x575c, 0x575c, 0x575c, 0x575c, 0x575c, 0x575c, 0x575c, 0x4ef9, 0x575c,
    0x575c, 0x4ef9, 0x4ef9, 0x575c, 0x575c, 0x575c, 0x575c, 0x575c, 0x575c, 0x575c, 0x575c, 0x575c,
    0x575c, 0x575c, 0x575c, 0x575c, 0x575c, 0x575c, 0x575c, 0x575c, 0x575c, 0x575c, 0x575c, 0x73bd,
    0x2dd3, 0x3294, 0x884, 0x2dd3, 0x884, 0x884, 0x10ea, 0x1d92, 0x884, 0x884, 0x884, 0x884, 0x884,
    0x884, 0x10ea, 0x884, 0x10ea, 0x10ea, 0x884, 0x884, 0x884, 0x884, 0x10ea, 0x884, 0x10ea, 0x884,
    0x1d92, 0x1d92, 0x1d92, 0x10ea, 0x10ea, 0x1d92, 0x1d92, 0x1d92, 0x884, 0x3294, 0x884, 0x2dd3,
    0x3294, 0x3294, 0x36b9, 0x1d92, 0x2dd3, 0x36b9, 0x2dd3, 0x884, 0x3294, 0x2dd3, 0x2dd3, 0x884,
    0x198b, 0x10ea, 0x36b9, 0x10ea, 0x4ef9, 0x73bd, 0x6716, 0x6716, 0x6716, 0x6716, 0x6716, 0x6716,
    0x6716, 0x6716, 0x6716, 0x575c, 0x198b, 0x36b9, 0x36b9, 0x36b9, 0x1d92, 0x3294, 0x198b, 0x884,
    0x198b, 0x884, 0x6716, 0x6716, 0x6716, 0x6716, 0x6716, 0x6716, 0x6716, 0x6716, 0x6716, 0x6716,
    0x6716, 0x6716, 0x6716, 0x6716, 0x6716, 0x6716, 0x6716, 0x6716, 0x6716, 0x6716, 0x6716, 0x6716,
    0x6716, 0x6716, 0x6716, 0x6716, 0x6716, 0x6716, 0x6716, 0x6716, 0x6716, 0x6716, 0x6716, 0x6716,
    0x6716, 0x6716, 0x6716, 0x6716, 0x6716, 0x6716, 0x6716, 0x6716, 0x36b9, 0x36b9, 0x36b9, 0x36b9,
    0x36b9, 0x36b9, 0x36b9, 0x36b9, 0x36b9, 0x36b9, 0x36b9, 0x36b9, 0x36b9, 0x36b9, 0x36b9, 0x36b9,
    0x36b9, 0x36b9, 0x36b9, 0x36b9, 0x36b9, 0x36b9, 0x36b9, 0x4ef9, 0x575c, 0x36b9, 0x4ef9, 0x4ef9,
    0x36b9, 0x36b9, 0x36b9, 0x36b9, 0x36b9, 0x36b9, 0x36b9, 0x4ef9, 0x4ef9, 0x575c, 0x575c, 0x575c,
    0x575c, 0x575c, 0x575c, 0x575c, 0x575c, 0x575c, 0x575c, 0x575c, 0x575c, 0x575c, 0x575c, 0x575c,
    0x575c, 0x575c, 0x575c, 0x575c, 0x575c, 0x575c, 0x575c, 0x575c, 0x575c, 0x575c, 0x575c, 0x575c,
    0x575c, 0x575c, 0x575c, 0x575c, 0x575c, 0x575c, 0x575c, 0x575c, 0x575c, 0x575c, 0x575c, 0x575c,
    0x575c, 0x575c, 0x575c, 0x575c, 0x575c, 0x575c, 0x575c, 0x575c, 0x575c, 0x575c, 0x575c, 0x575c,
    0x575c, 0x575c, 0x575c, 0x575c, 0x575c, 0x575c, 0x575c, 0x4ef9, 0x4ef9, 0x4ef9, 0x4ef9, 0x4ef9,
    0x4ef9, 0x4ef9, 0x4ef9, 0x4ef9, 0x4ef9, 0x4ef9, 0x6716, 0x4ef9, 0x4ef9, 0x575c, 0x575c, 0x575c,
    0x575c, 0x575c, 0x575c, 0x575c, 0x575c, 0x575c, 0x575c, 0x73bd, 0x2dd3, 0x10ea, 0x884, 0x1d92,
    0x1d92, 0x884, 0x10ea, 0x1d92, 0x1d92, 0x10ea, 0x884, 0x884, 0x884, 0x884, 0x884, 0x10ea,
    0x884, 0x10ea, 0x884, 0x1d92, 0x1d92, 0x884, 0x10ea, 0x884, 0x884, 0x884, 0x884, 0x884, 0x884,
    0x884, 0x1d92, 0x1d92, 0x1d92, 0x10ea, 0x10ea, 0x36b9, 0x1d92, 0x1d92, 0x884, 0x3294, 0x198b,
    0x884, 0x3294, 0x10ea, 0x3294, 0x884, 0x10ea, 0x198b, 0x3294, 0x2dd3, 0x198b, 0x198b, 0x2dd3,
    0x3294, 0x884, 0x10ea, 0x2dd3, 0x3294, 0x884, 0x4eb5, 0x6716, 0x6f57, 0x6716, 0x6716, 0x6716,
    0x6716, 0x6716, 0x575c, 0x36b9, 0x36b9, 0x36b9, 0x3f39, 0x36b9, 0x2dd3, 0x1527, 0x198b, 0x198b,
    0x884, 0x6716, 0x6716, 0x6716, 0x6716, 0x6716, 0x6716, 0x6716, 0x6716, 0x6716, 0x6716, 0x6716,
    0x6716, 0x6716, 0x6716, 0x6716, 0x6716, 0x6716, 0x6716, 0x6716, 0x6716, 0x6716, 0x6716, 0x6716,
    0x6716, 0x6716, 0x6716, 0x6716, 0x6716, 0x6716, 0x6716, 0x6716, 0x6716, 0x6716, 0x198b, 0x462f,
    0x6716, 0x6716, 0x6716, 0x6716, 0x6716, 0x6716, 0x6716, 0x575c, 0x575c, 0x575c, 0x575c, 0x575c,
    0x575c, 0x36b9, 0x36b9, 0x36b9, 0x36b9, 0x36b9, 0x36b9, 0x36b9, 0x36b9, 0x36b9, 0x36b9, 0x36b9,
    0x36b9, 0x3f39, 0x575c, 0x575c, 0x575c, 0x575c, 0x575c, 0x575c, 0x36b9, 0x36b9, 0x575c, 0x575c,
    0x4ef9, 0x575c, 0x575c, 0x575c, 0x575c, 0x575c, 0x575c, 0x575c, 0x575c, 0x575c, 0x575c, 0x575c,
    0x575c, 0x575c, 0x575c, 0x575c, 0x575c, 0x575c, 0x575c, 0x575c, 0x575c, 0x575c, 0x575c, 0x575c,
    0x575c, 0x575c, 0x575c, 0x575c, 0x575c, 0x575c, 0x575c, 0x575c, 0x575c, 0x575c, 0x575c, 0x575c,
    0x575c, 0x575c, 0x575c, 0x575c, 0x575c, 0x575c, 0x575c, 0x575c, 0x575c, 0x575c, 0x575c, 0x575c,
    0x575c, 0x575c, 0x575c, 0x575c, 0x575c, 0x575c, 0x575c, 0x575c, 0x575c, 0x575c, 0x575c, 0x575c,
    0x575c, 0x575c, 0x575c, 0x575c, 0x575c, 0x575c, 0x36b9, 0x4ef9, 0x4ef9, 0x4ef9, 0x4ef9, 0x4ef9,
    0x4ef9, 0x4ef9, 0x4ef9, 0x4ef9, 0x6716, 0x6716, 0x6716, 0x4ef9, 0x575c, 0x575c, 0x575c, 0x575c,
    0x575c, 0x575c, 0x575c, 0x575c, 0x575c, 0x73bd, 0x198b, 0x36b9, 0x884, 0x1d92, 0x1d92, 0x884,
    0x10ea, 0x1d92, 0x10ea, 0x10ea, 0x884, 0x884, 0x884, 0x884, 0x884, 0x10ea, 0x884, 0x884, 0x884,
    0x884, 0x10ea, 0x1d92, 0x884, 0x884, 0x884, 0x884, 0x884, 0x884, 0x884, 0x884, 0x884, 0x884,
    0x884, 0x1d92, 0x1d92, 0x1d92, 0x10ea, 0x10ea, 0x36b9, 0x1d92, 0x1d92, 0x884, 0x3294, 0x2dd3,
    0x10ea, 0x10ea, 0x884, 0x1d92, 0x2dd3, 0x2dd3, 0x10ea, 0x884, 0x884, 0x3294, 0x2dd3, 0x10ea,
    0x36b9, 0x3294, 0x10ea, 0x884, 0x884, 0x198b, 0x198b, 0x1d92, 0x884, 0x462f, 0x73bd, 0x575c,
    0x73bd, 0x884, 0x4ef9, 0x3294, 0x3f39, 0x36b9, 0x36b9, 0x1527, 0x1527, 0x1527, 0x29ad, 0x6716,
    0x6716, 0x6716, 0x6716, 0x6716, 0x6716, 0x6716, 0x6716, 0x6716, 0x6716, 0x6716, 0x6716, 0x6716,
    0x6716, 0x6716, 0x6716, 0x6716, 0x6716, 0x6716, 0x6716, 0x6716, 0x6716, 0x6716, 0x6716, 0x6716,
    0x6716, 0x6716, 0x6716, 0x6716, 0x4eb5, 0x6716, 0x4ef9, 0x2dd3, 0x462f, 0x462f, 0x1527, 0x6716,
    0x6716, 0x6716, 0x6716, 0x6716, 0x6716, 0x575c, 0x575c, 0x575c, 0x575c, 0x575c, 0x575c, 0x575c,
    0x575c, 0x575c, 0x575c, 0x575c, 0x575c, 0x575c, 0x575c, 0x575c, 0x4ef9, 0x4ef9, 0x575c, 0x575c,
    0x575c, 0x575c, 0x36b9, 0x36b9, 0x36b9, 0x3f39, 0x575c, 0x575c, 0x4ef9, 0x4ef9, 0x4ef9, 0x575c,
    0x575c, 0x575c, 0x575c, 0x575c, 0x575c, 0x575c, 0x575c, 0x575c, 0x575c, 0x4ef9, 0x575c, 0x575c,
    0x575c, 0x575c, 0x575c, 0x575c, 0x575c, 0x575c, 0x575c, 0x575c, 0x575c, 0x575c, 0x575c, 0x575c,
    0x575c, 0x575c, 0x575c, 0x575c, 0x575c, 0x575c, 0x575c, 0x575c, 0x575c, 0x575c, 0x575c, 0x575c,
    0x575c, 0x575c, 0x575c, 0x575c, 0x575c, 0x575c, 0x575c, 0x575c, 0x575c, 0x575c, 0x575c, 0x575c,
    0x575c, 0x575c, 0x575c, 0x575c, 0x575c, 0x575c, 0x575c, 0x575c, 0x575c, 0x575c, 0x575c, 0x575c,
    0x575c, 0x575c, 0x575c, 0x4ef9, 0x4ef9, 0x4ef9, 0x4ef9, 0x4ef9, 0x6716, 0x4ef9, 0x4ef9, 0x6716,
    0x4ef9, 0x6716, 0x6716, 0x6716, 0x6716, 0x6716, 0x575c, 0x575c, 0x575c, 0x575c, 0x575c, 0x575c,
    0x575c, 0x575c, 0x4eb5, 0x2dd3, 0x10ea, 0x10ea, 0x1d92, 0x884, 0x884, 0x1d92, 0x1d92, 0x884,
    0x10ea, 0x884, 0x884, 0x884, 0x884, 0x10ea, 0x884, 0x10ea, 0x884, 0x884, 0x884, 0x884, 0x10ea,
    0x884, 0x884, 0x884, 0x884, 0x884, 0x884, 0x884, 0x884, 0x884, 0x884, 0x884, 0x884, 0x884,
    0x884, 0x1d92, 0x1d92, 0x1d92, 0x1d92, 0x884, 0x36b9, 0x2dd3, 0x1d92, 0x10ea, 0x36b9, 0x884,
    0x884, 0x1d92, 0x2dd3, 0x2dd3, 0x198b, 0x884, 0x884, 0x10ea, 0x2dd3, 0x198b, 0x3294, 0x1d92,
    0x198b, 0x29ad, 0x2dd3, 0x36b9, 0x29ad, 0x884, 0x884, 0x10ea, 0x36b9, 0x10ea, 0x73bd, 0x575c,
    0x36b9, 0x4ef9, 0x36b9, 0x3f39, 0x10ea, 0x884, 0x1527, 0x198b, 0x29ad, 0x6f57, 0x6716, 0x6716,
    0x6716, 0x6716, 0x6716, 0x6716, 0x6716, 0x6716, 0x6716, 0x6716, 0x6716, 0x6716, 0x6716, 0x6716,
    0x6716, 0x6716, 0x6716, 0x6716, 0x6716, 0x6716, 0x6716, 0x6716, 0x6716, 0x6716, 0x6716, 0x6716,
    0x6716, 0x6716, 0x6f57, 0x36b9, 0x36b9, 0x36b9, 0x462f, 0x462f, 0x462f, 0x6716, 0x1527, 0x6716,
    0x6716, 0x6716, 0x6716, 0x575c, 0x575c, 0x575c, 0x575c, 0x575c, 0x575c, 0x575c, 0x575c, 0x575c,
    0x575c, 0x575c, 0x575c, 0x575c, 0x575c, 0x575c, 0x575c, 0x575c, 0x4ef9, 0x4ef9, 0x575c, 0x4ef9,
    0x575c, 0x575c, 0x4ef9, 0x4ef9, 0x575c, 0x575c, 0x4ef9, 0x4ef9, 0x36b9, 0x36b9, 0x3f39, 0x575c,
    0x575c, 0x4ef9, 0x575c, 0x575c, 0x575c, 0x575c, 0x575c, 0x575c, 0x575c, 0x575c, 0x575c, 0x575c,
    0x575c, 0x575c, 0x575c, 0x575c, 0x575c, 0x575c, 0x575c, 0x575c, 0x575c, 0x575c, 0x575c, 0x575c,
    0x575c, 0x575c, 0x575c, 0x575c, 0x575c, 0x575c, 0x575c, 0x575c, 0x575c, 0x575c, 0x575c, 0x575c,
    0x575c, 0x575c, 0x575c, 0x575c, 0x575c, 0x575c, 0x575c, 0x575c, 0x575c, 0x575c, 0x575c, 0x575c,
    0x575c, 0x575c, 0x575c, 0x575c, 0x4ef9, 0x4ef9, 0x4ef9, 0x4ef9, 0x4ef9, 0x575c, 0x575c, 0x575c,
    0x4ef9, 0x4ef9, 0x4ef9, 0x4ef9, 0x4ef9, 0x4ef9, 0x4ef9, 0x4ef9, 0x4ef9, 0x4ef9, 0x4ef9, 0x4ef9,
    0x4ef9, 0x6716, 0x4ef9, 0x4ef9, 0x4ef9, 0x575c, 0x4ef9, 0x575c, 0x4ef9, 0x4ef9, 0x4eb5, 0x2dd3,
    0x1d92, 0x884, 0x1d92, 0x2dd3, 0x884, 0x884, 0x1d92, 0x1d92, 0x10ea, 0x884, 0x884, 0x884,
    0x884, 0x884, 0x10ea, 0x884, 0x884, 0x884, 0x884, 0x884, 0x10ea, 0x884, 0x10ea, 0x884, 0x884,
    0x884, 0x1d92, 0x884, 0x884, 0x884, 0x884, 0x10ea, 0x884, 0x884, 0x884, 0x884, 0x884, 0x884,
    0x884, 0x1d92, 0x1d92, 0x1d92, 0x1d92, 0x884, 0x36b9, 0x1d92, 0x1d92, 0x884, 0x10ea, 0x36b9,
    0x3294, 0x198b, 0x198b, 0x3294, 0x3294, 0x36b9, 0x1d92, 0x884, 0x10ea, 0x10ea, 0x198b, 0x2dd3,
    0x2dd3, 0x2dd3, 0x3294, 0x10ea, 0x3294, 0x36b9, 0x2dd3, 0x884, 0x2dd3, 0x3294, 0x10ea, 0x2dd3,
    0x36b9, 0x36b9, 0x3294, 0x884, 0x884, 0x29ad, 0x29ad, 0x6f57, 0x6716, 0x6716, 0x6716, 0x6716,
    0x6716, 0x6716, 0x6716, 0x6716, 0x6716, 0x6716, 0x6716, 0x6716, 0x6716, 0x6716, 0x6716, 0x6716,
    0x6716, 0x6716, 0x6716, 0x6716, 0x6716, 0x6716, 0x6716, 0x6716, 0x6716, 0x6716, 0x4ef9, 0x198b,
    0x36b9, 0x36b9, 0x36b9, 0x36b9, 0x29ad, 0x462f, 0x462f, 0x462f, 0x462f, 0x462f, 0x4eb5, 0x462f,
    0x462f, 0x575c, 0x575c, 0x575c, 0x575c, 0x575c, 0x575c, 0x575c, 0x575c, 0x575c, 0x575c, 0x575c,
    0x575c, 0x575c, 0x575c, 0x575c, 0x575c, 0x575c, 0x575c, 0x4ef9, 0x575c, 0x575c, 0x4ef9, 0x575c,
    0x575c, 0x575c, 0x4ef9, 0x575c, 0x3f39, 0x575c, 0x575c, 0x575c, 0x575c, 0x575c, 0x575c, 0x575c,
    0x575c, 0x575c, 0x575c, 0x575c, 0x575c, 0x575c, 0x575c, 0x575c, 0x575c, 0x575c, 0x575c, 0x575c,
    0x575c, 0x575c, 0x575c, 0x575c, 0x575c, 0x575c, 0x575c, 0x575c, 0x575c, 0x575c, 0x575c, 0x575c,
    0x575c, 0x575c, 0x575c, 0x575c, 0x575c, 0x575c, 0x575c, 0x575c, 0x575c, 0x575c, 0x575c, 0x575c,
    0x575c, 0x575c, 0x575c, 0x575c, 0x575c, 0x575c, 0x575c, 0x575c, 0x575c, 0x575c, 0x575c, 0x575c,
    0x36b9, 0x4ef9, 0x4ef9, 0x4ef9, 0x4ef9, 0x4ef9, 0x4ef9, 0x4ef9, 0x4ef9, 0x4ef9, 0x4ef9, 0x4ef9,
    0x4ef9, 0x4ef9, 0x4ef9, 0x4ef9, 0x4ef9, 0x4ef9, 0x4ef9, 0x4ef9, 0x4ef9, 0x4ef9, 0x4ef9, 0x6716,
    0x4ef9, 0x4ef9, 0x4ef9, 0x4ef9, 0x4ef9, 0x4ef9, 0x4ef9, 0x4ef9, 0x198b, 0x1d92, 0x884, 0x1d92,
    0x2dd3, 0x884, 0x1d92, 0x1d92, 0x10ea, 0x10ea, 0x884, 0x884, 0x884, 0x884, 0x884, 0x10ea,
    0x884, 0x884, 0x884, 0x884, 0x10ea, 0x884, 0x884, 0x884, 0x884, 0x884, 0x884, 0x884, 0x1d92,
    0x884, 0x884, 0x884, 0x884, 0x884, 0x884, 0x884, 0x884, 0x884, 0x884, 0x884, 0x884, 0x10ea,
    0x884, 0x10ea, 0x1d92, 0x1d92, 0x1d92, 0x10ea, 0x36b9, 0x198b, 0x1d92, 0x3294, 0x2dd3, 0x10ea,
    0x884, 0x2dd3, 0x1d92, 0x2dd3, 0x2dd3, 0x10ea, 0x2dd3, 0x2dd3, 0x2dd3, 0x2dd3, 0x198b, 0x1d92,
    0x884, 0x884, 0x2dd3, 0x36b9, 0x198b, 0x3294, 0x884, 0x2dd3, 0x2dd3, 0x2e2f, 0x29ad, 0x10ea,
    0x3294, 0x884, 0x1527, 0x29ad, 0x2e2f, 0x462f, 0x6716, 0x6716, 0x6716, 0x6716, 0x6716, 0x6716,
    0x6716, 0x6716, 0x6716, 0x6716, 0x6716, 0x6716, 0x6716, 0x6716, 0x6716, 0x6716, 0x6716, 0x6716,
    0x6716, 0x6716, 0x6716, 0x6716, 0x6716, 0x6716, 0x4f17, 0x4f17, 0x10ea, 0x3294, 0x36b9, 0x3294,
    0x4ef9, 0x4ef9, 0x198b, 0x462f, 0x462f, 0x462f, 0x462f, 0x462f, 0x462f, 0x462f, 0x462f, 0x575c,
    0x575c, 0x575c, 0x575c, 0x575c, 0x575c, 0x575c, 0x575c, 0x575c, 0x575c, 0x575c, 0x575c, 0x575c,
    0x575c, 0x575c, 0x575c, 0x575c, 0x575c, 0x575c, 0x575c, 0x575c, 0x575c, 0x575c, 0x4ef9, 0x575c,
    0x575c, 0x575c, 0x575c, 0x575c, 0x575c, 0x575c, 0x575c, 0x575c, 0x575c, 0x575c, 0x575c, 0x575c,
    0x575c, 0x575c, 0x575c, 0x575c, 0x575c, 0x575c, 0x575c, 0x575c, 0x575c, 0x575c, 0x575c, 0x575c,
    0x575c, 0x575c, 0x575c, 0x575c, 0x575c, 0x575c, 0x575c, 0x575c, 0x575c, 0x575c, 0x575c, 0x575c,
    0x575c, 0x575c, 0x575c, 0x575c, 0x575c, 0x575c, 0x575c, 0x575c, 0x575c, 0x575c, 0x575c, 0x575c,
    0x575c, 0x575c, 0x575c, 0x575c, 0x575c, 0x575c, 0x575c, 0x575c, 0x575c, 0x36b9, 0x4ef9, 0x4ef9,
    0x4ef9, 0x4ef9, 0x4ef9, 0x4ef9, 0x4ef9, 0x4ef9, 0x4ef9, 0x4ef9, 0x4ef9, 0x4ef9, 0x4ef9, 0x4ef9,
    0x4ef9, 0x4ef9, 0x4ef9, 0x4ef9, 0x4ef9, 0x4ef9, 0x4ef9, 0x4ef9, 0x4ef9, 0x4ef9, 0x4ef9, 0x4ef9,
    0x4ef9, 0x4ef9, 0x4ef9, 0x4ef9, 0x575c, 0x4eb5, 0x198b, 0x10ea, 0x1d92, 0x10ea, 0x884, 0x1d92,
    0x1d92, 0x884, 0x10ea, 0x884, 0x884, 0x884, 0x884, 0x10ea, 0x10ea, 0x10ea, 0x884, 0x884, 0x884,
    0x10ea, 0x884, 0x10ea, 0x884, 0x884, 0x884, 0x884, 0x884, 0x884, 0x10ea, 0x10ea, 0x884, 0x884,
    0x884, 0x10ea, 0x10ea, 0x884, 0x10ea, 0x10ea, 0x10ea, 0x10ea, 0x10ea, 0x10ea, 0x10ea, 0x10ea,
    0x884, 0x10ea, 0x1d92, 0x2dd3, 0x10ea, 0x2dd3, 0x36b9, 0x10ea, 0x1d92, 0x10ea, 0x2dd3, 0x2dd3,
    0x198b, 0x2dd3, 0x2dd3, 0x1d92, 0x10ea, 0x884, 0x36b9, 0x2dd3, 0x884, 0x1d92, 0x36b9, 0x3294,
    0x2dd3, 0x198b, 0x2dd3, 0x1d92, 0x1d92, 0x3294, 0x884, 0x462f, 0x462f, 0x2e2f, 0x2e2f, 0x884,
    0x29ad, 0x29ad, 0x29ad, 0x884, 0x4eb5, 0x6716, 0x6716, 0x6716, 0x6716, 0x6716, 0x6716, 0x6716,
    0x6716, 0x6716, 0x6716, 0x6716, 0x6716, 0x6716, 0x6716, 0x6716, 0x6716, 0x6716, 0x6716, 0x6716,
    0x6716, 0x6716, 0x6716, 0x4f17, 0x2e2f, 0x3294, 0x36b9, 0x4ef9, 0x36b9, 0x36b9, 0x36b9, 0x36b9,
    0x198b, 0x462f, 0x462f, 0x462f, 0x462f, 0x462f, 0x462f, 0x462f, 0x462f, 0x575c, 0x575c, 0x575c,
    0x575c, 0x575c, 0x575c, 0x575c, 0x575c, 0x575c, 0x575c, 0x575c, 0x575c, 0x575c, 0x575c, 0x575c,
    0x575c, 0x575c, 0x575c, 0x575c, 0x575c, 0x575c, 0x575c, 0x4ef9, 0x575c, 0x575c, 0x575c, 0x575c,
    0x575c, 0x575c, 0x575c, 0x575c, 0x575c, 0x575c, 0x575c, 0x575c, 0x575c, 0x575c, 0x575c, 0x575c,
    0x575c, 0x575c, 0x575c, 0x575c, 0x575c, 0x575c, 0x575c, 0x575c, 0x575c, 0x575c, 0x575c, 0x575c,
    0x575c, 0x575c, 0x575c, 0x575c, 0x575c, 0x575c, 0x575c, 0x575c, 0x575c, 0x575c, 0x575c, 0x575c,
    0x575c, 0x575c, 0x575c, 0x575c, 0x575c, 0x575c, 0x575c, 0x575c, 0x4ef9, 0x4ef9, 0x4ef9, 0x4ef9,
    0x4ef9, 0x575c, 0x575c, 0x4ef9, 0x4ef9, 0x4ef9, 0x4ef9, 0x4ef9, 0x4ef9, 0x4ef9, 0x4ef9, 0x4ef9,
    0x4ef9, 0x4ef9, 0x4ef9, 0x4ef9, 0x4ef9, 0x4ef9, 0x4ef9, 0x4ef9, 0x4ef9, 0x4ef9, 0x4ef9, 0x4ef9,
    0x4ef9, 0x4ef9, 0x4ef9, 0x4ef9, 0x4ef9, 0x4ef9, 0x4ef9, 0x4ef9, 0x4ef9, 0x4ef9, 0x4ef9, 0x4ef9,
    0x4ef9, 0x4ef9, 0x2dd3, 0x884, 0x10ea, 0x1d92, 0x884, 0x884, 0x10ea, 0x1d92, 0x884, 0x884,
    0x884, 0x884, 0x884, 0x884, 0x10ea, 0x884, 0x10ea, 0x884, 0x884, 0x884, 0x10ea, 0x884, 0x884,
    0x884, 0x10ea, 0x10ea, 0x10ea, 0x10ea, 0x10ea, 0x10ea, 0x10ea, 0x10ea, 0x884, 0x884, 0x884,
    0x10ea, 0x10ea, 0x1d92, 0x1d92, 0x1d92, 0x10ea, 0x10ea, 0x10ea, 0x10ea, 0x884, 0x884, 0x884,
    0x1d92, 0x1d92, 0x1d92, 0x1d92, 0x884, 0x198b, 0x884, 0x36b9, 0x2dd3, 0x1d92, 0x10ea, 0x2dd3,
    0x10ea, 0x29ad, 0x884, 0x10ea, 0x36b9, 0x2dd3, 0x1d92, 0x10ea, 0x3294, 0x3294, 0x36b9, 0x884,
    0x3294, 0x2dd3, 0x1d92, 0x1d92, 0x1d92, 0x884, 0x2dd3, 0x884, 0x2e2f, 0x2e2f, 0x884, 0x1527,
    0x1527, 0x884, 0x884, 0x2dd3, 0x884, 0x29ad, 0x6716, 0x6f57, 0x6716, 0x6716, 0x6716, 0x6716,
    0x4ef9, 0x4ef9, 0x6716, 0x6716, 0x6716, 0x6716, 0x6716, 0x6716, 0x6716, 0x6716, 0x6716, 0x6716,
    0x4eb5, 0x4eb5, 0x4ef9, 0x4ef9, 0x4ef9, 0x3294, 0x4ef9, 0x4ef9, 0x3f39, 0x3294, 0x2dd3, 0x2e2f,
    0x198b, 0x462f, 0x462f, 0x462f, 0x462f, 0x462f, 0x462f, 0x462f, 0x575c, 0x575c, 0x575c, 0x575c,
    0x575c, 0x575c, 0x575c, 0x575c, 0x575c, 0x575c, 0x575c, 0x575c, 0x575c, 0x575c, 0x575c, 0x575c,
    0x575c, 0x575c, 0x575c, 0x575c, 0x575c, 0x575c, 0x575c, 0x575c, 0x575c, 0x575c, 0x575c, 0x575c,
    0x575c, 0x575c, 0x575c, 0x575c, 0x575c, 0x575c, 0x575c, 0x575c, 0x575c, 0x575c, 0x575c, 0x575c,
    0x575c, 0x575c, 0x575c, 0x575c, 0x575c, 0x575c, 0x575c, 0x575c, 0x575c, 0x575c, 0x575c, 0x575c,
    0x575c, 0x575c, 0x575c, 0x575c, 0x575c, 0x575c, 0x575c, 0x575c, 0x575c, 0x575c, 0x4ef9, 0x4ef9,
    0x4ef9, 0x4ef9, 0x4ef9, 0x4ef9, 0x4ef9, 0x4ef9, 0x4ef9, 0x4ef9, 0x4ef9, 0x4ef9, 0x4ef9, 0x4ef9,
    0x4ef9, 0x4ef9, 0x4ef9, 0x4ef9, 0x4ef9, 0x4ef9, 0x4ef9, 0x4ef9, 0x4ef9, 0x4ef9, 0x4ef9, 0x4ef9,
    0x4ef9, 0x4ef9, 0x4ef9, 0x4ef9, 0x4ef9, 0x4ef9, 0x4ef9, 0x4ef9, 0x4ef9, 0x4ef9, 0x4ef9, 0x4ef9,
    0x4ef9, 0x4ef9, 0x4ef9, 0x4ef9, 0x4ef9, 0x4ef9, 0x4ef9, 0x4ef9, 0x4ef9, 0x4ef9, 0x575c, 0x4ef9,
    0x884, 0x10ea, 0x1d92, 0x1d92, 0x884, 0x884, 0x1d92, 0x10ea, 0x10ea, 0x884, 0x884, 0x884,
    0x884, 0x884, 0x10ea, 0x884, 0x884, 0x884, 0x884, 0x884, 0x10ea, 0x884, 0x884, 0x10ea, 0x884,
    0x884, 0x10ea, 0x10ea, 0x1d92, 0x1d92, 0x10ea, 0x10ea, 0x10ea, 0x1d92, 0x10ea, 0x884, 0x884,
    0x10ea, 0x1d92, 0x1d92, 0x1d92, 0x1d92, 0x1d92, 0x10ea, 0x10ea, 0x1d92, 0x1d92, 0x884, 0x10ea,
    0x1d92, 0x1d92, 0x1d92, 0x884, 0x10ea, 0x1d92, 0x1d92, 0x884, 0x36b9, 0x2dd3, 0x1d92, 0x10ea,
    0x10ea, 0x2dd3, 0x10ea, 0x2dd3, 0x10ea, 0x884, 0x884, 0x4ef9, 0x3294, 0x198b, 0x884, 0x198b,
    0x884, 0x1d92, 0x2dd3, 0x1d92, 0x884, 0x884, 0x198b, 0x2dd3, 0x884, 0x884, 0x1527, 0x198b,
    0x1527, 0x1527, 0x1527, 0x198b, 0x884, 0x10ea, 0x36b9, 0x198b, 0x10ea, 0x6f57, 0x4ef9, 0x4ef9,
    0x575c, 0x6716, 0x6716, 0x4ef9, 0x6716, 0x6716, 0x6716, 0x6716, 0x6716, 0x6716, 0x4eb5, 0x4ef9,
    0x4ef9, 0x36b9, 0x3294, 0x36b9, 0x36b9, 0x3294, 0x4eb5, 0x3294, 0x29ad, 0x29ad, 0x4eb5, 0x4ef9,
    0x3294, 0x462f, 0x462f, 0x462f, 0x29ad, 0x2e2f, 0x2e2f, 0x575c, 0x575c, 0x575c, 0x575c, 0x575c,
    0x575c, 0x575c, 0x575c, 0x575c, 0x575c, 0x575c, 0x575c, 0x575c, 0x575c, 0x575c, 0x575c, 0x575c,
    0x575c, 0x575c, 0x575c, 0x575c, 0x575c, 0x575c, 0x575c, 0x575c, 0x575c, 0x575c, 0x575c, 0x575c,
    0x575c, 0x575c, 0x575c, 0x575c, 0x575c, 0x575c, 0x575c, 0x575c, 0x575c, 0x575c, 0x575c, 0x575c,
    0x575c, 0x575c, 0x575c, 0x575c, 0x575c, 0x575c, 0x575c, 0x575c, 0x575c, 0x575c, 0x575c, 0x575c,
    0x575c, 0x575c, 0x575c, 0x575c, 0x4ef9, 0x3f39, 0x4ef9, 0x4ef9, 0x4ef9, 0x4ef9, 0x4ef9, 0x4ef9,
    0x4ef9, 0x4ef9, 0x4ef9, 0x4ef9, 0x4ef9, 0x4ef9, 0x4ef9, 0x4ef9, 0x4ef9, 0x4ef9, 0x4ef9, 0x4ef9,
    0x4ef9, 0x4ef9, 0x4ef9, 0x36b9, 0x36b9, 0x36b9, 0x36b9, 0x36b9, 0x36b9, 0x36b9, 0x36b9, 0x36b9,
    0x4ef9, 0x4ef9, 0x4ef9, 0x4ef9, 0x4ef9, 0x575c, 0x575c, 0x4ef9, 0x4ef9, 0x4ef9, 0x4ef9, 0x4ef9,
    0x4ef9, 0x4ef9, 0x4ef9, 0x4ef9, 0x4ef9, 0x4ef9, 0x4ef9, 0x4ef9, 0x575c, 0x10ea, 0x1d92, 0x884,
    0x1d92, 0x1d92, 0x884, 0x1d92, 0x1d92, 0x884, 0x10ea, 0x884, 0x884, 0x884, 0x884, 0x884,
    0x10ea, 0x884, 0x884, 0x884, 0x884, 0x884, 0x884, 0x10ea, 0x884, 0x884, 0x884, 0x884, 0x884,
    0x884, 0x884, 0x10ea, 0x10ea, 0x10ea, 0x1d92, 0x884, 0x884, 0x884, 0x884, 0x10ea, 0x884,
    0x1d92, 0x1d92, 0x1d92, 0x1d92, 0x1d92, 0x1d92, 0x1d92, 0x10ea, 0x10ea, 0x884, 0x1d92, 0x1d92,
    0x1d92, 0x1d92, 0x10ea, 0x10ea, 0x1d92, 0x10ea, 0x1d92, 0x1d92, 0x884, 0x2dd3, 0x2dd3, 0x1d92,
    0x1d92, 0x884, 0x36b9, 0x2dd3, 0x10ea, 0x36b9, 0x36b9, 0x198b, 0x3294, 0x10ea, 0x884, 0x36b9,
    0x3294, 0x198b, 0x2dd3, 0x884, 0x2dd3, 0x3294, 0x2dd3, 0x10ea, 0x2dd3, 0x198b, 0x884, 0x884,
    0x29ad, 0x884, 0x29ad, 0x2dd3, 0x2dd3, 0x29ad, 0x884, 0x884, 0x2dd3, 0x73bd, 0x4ef9, 0x4ef9,
    0x4ef9, 0x4ef9, 0x4ef9, 0x4ef9, 0x4ef9, 0x6716, 0x6716, 0x6716, 0x29ad, 0x36b9, 0x36b9, 0x36b9,
    0x36b9, 0x3294, 0x36b9, 0x3294, 0x3294, 0x3294, 0x2dd3, 0x29ad, 0x4ef9, 0x4ef9, 0x4ef9, 0x36b9,
    0x3294, 0x3294, 0x462f, 0x462f, 0x2e2f, 0x10ea, 0x575c, 0x575c, 0x575c, 0x575c, 0x575c, 0x575c,
    0x575c, 0x575c, 0x575c, 0x575c, 0x4ef9, 0x4ef9, 0x4ef9, 0x4ef9, 0x575c, 0x575c, 0x4ef9, 0x4ef9,
    0x4ef9, 0x575c, 0x575c, 0x4ef9, 0x4ef9, 0x4ef9, 0x4ef9, 0x36b9, 0x36b9, 0x4ef9, 0x4ef9, 0x4ef9,
    0x4ef9, 0x4ef9, 0x4ef9, 0x36b9, 0x36b9, 0x4ef9, 0x575c, 0x575c, 0x575c, 0x575c, 0x575c, 0x575c,
    0x575c, 0x575c, 0x575c, 0x575c, 0x575c, 0x575c, 0x575c, 0x575c, 0x575c, 0x575c, 0x575c, 0x575c,
    0x575c, 0x575c, 0x575c, 0x575c, 0x575c, 0x575c, 0x575c, 0x36b9, 0x36b9, 0x36b9, 0x36b9, 0x36b9,
    0x36b9, 0x36b9, 0x36b9, 0x36b9, 0x36b9, 0x36b9, 0x36b9, 0x36b9, 0x36b9, 0x36b9, 0x36b9, 0x36b9,
    0x36b9, 0x36b9, 0x36b9, 0x36b9, 0x36b9, 0x36b9, 0x36b9, 0x3f39, 0x3f39, 0x36b9, 0x36b9, 0x36b9,
    0x36b9, 0x4ef9, 0x4ef9, 0x575c, 0x4ef9, 0x4ef9, 0x4ef9, 0x4ef9, 0x4ef9, 0x4ef9, 0x4ef9, 0x4ef9,
    0x4ef9, 0x4ef9, 0x4ef9, 0x4ef9, 0x4ef9, 0x4ef9, 0x575c, 0x10ea, 0x198b, 0x10ea, 0x1d92, 0x884,
    0x884, 0x1d92, 0x1d92, 0x884, 0x1d92, 0x10ea, 0x884, 0x884, 0x884, 0x884, 0x10ea, 0x10ea,
    0x884, 0x884, 0x884, 0x884, 0x884, 0x884, 0x884, 0x10ea, 0x884, 0x10ea, 0x10ea, 0x10ea, 0x10ea,
    0x10ea, 0x10ea, 0x10ea, 0x1d92, 0x1d92, 0x1d92, 0x10ea, 0x10ea, 0x884, 0x884, 0x884, 0x884,
    0x884, 0x10ea, 0x1d92, 0x1d92, 0x1d92, 0x1d92, 0x1d92, 0x884, 0x1d92, 0x1d92, 0x1d92, 0x1d92,
    0x1d92, 0x1d92, 0x10ea, 0x36b9, 0x884, 0x884, 0x1d92, 0x1d92, 0x1d92, 0x884, 0x1d92, 0x36b9,
    0x2dd3, 0x1d92, 0x10ea, 0x2dd3, 0x2dd3, 0x1d92, 0x2dd3, 0x2dd3, 0x884, 0x2dd3, 0x2dd3, 0x1d92,
    0x884, 0x1d92, 0x3294, 0x1d92, 0x198b, 0x2dd3, 0x2dd3, 0x10ea, 0x10ea, 0x29ad, 0x1527, 0x10ea,
    0x884, 0x884, 0x884, 0x29ad, 0x198b, 0x884, 0x198b, 0x2dd3, 0x3294, 0x198b, 0x4eb5, 0x4ef9,
    0x4ef9, 0x6716, 0x4ef9, 0x575c, 0x462f, 0x2dd3, 0x3294, 0x3294, 0x3294, 0x36b9, 0x36b9, 0x3294,
    0x36b9, 0x36b9, 0x3294, 0x3294, 0x3294, 0x4eb5, 0x4ef9, 0x4ef9, 0x575c, 0x4ef9, 0x1e2f, 0x3294,
    0x3294, 0x3294, 0x2e2f, 0x10ea, 0x36b9, 0x575c, 0x575c, 0x575c, 0x575c, 0x575c, 0x575c, 0x575c,
    0x575c, 0x575c, 0x575c, 0x575c, 0x575c, 0x575c, 0x575c, 0x575c, 0x575c, 0x575c, 0x575c, 0x4ef9,
    0x575c, 0x575c, 0x4ef9, 0x4ef9, 0x4ef9, 0x4ef9, 0x4ef9, 0x4ef9, 0x4ef9, 0x575c, 0x575c, 0x575c,
    0x575c, 0x36b9, 0x4ef9, 0x4ef9, 0x4ef9, 0x36b9, 0x3f39, 0x575c, 0x575c, 0x575c, 0x575c, 0x575c,
    0x575c, 0x575c, 0x575c, 0x575c, 0x575c, 0x575c, 0x575c, 0x575c, 0x575c, 0x575c, 0x575c, 0x575c,
    0x575c, 0x575c, 0x575c, 0x575c, 0x575c, 0x575c, 0x575c, 0x575c, 0x575c, 0x575c, 0x575c, 0x3f39,
    0x575c, 0x575c, 0x3f39, 0x3f39, 0x36b9, 0x36b9, 0x36b9, 0x36b9, 0x36b9, 0x36b9, 0x36b9, 0x36b9,
    0x36b9, 0x36b9, 0x36b9, 0x36b9, 0x36b9, 0x36b9, 0x36b9, 0x36b9, 0x3f39, 0x575c, 0x575c, 0x575c,
    0x4ef9, 0x36b9, 0x4ef9, 0x4ef9, 0x4ef9, 0x4ef9, 0x4ef9, 0x4ef9, 0x4ef9, 0x4ef9, 0x575c, 0x4ef9,
    0x4ef9, 0x4ef9, 0x4ef9, 0x575c, 0x10ea, 0x1d92, 0x884, 0x1d92, 0x2dd3, 0x884, 0x884, 0x1d92,
    0x10ea, 0x10ea, 0x1d92, 0x1d92, 0x10ea, 0x10ea, 0x10ea, 0x10ea, 0x10ea, 0x10ea, 0x884, 0x884,
    0x884, 0x884, 0x884, 0x884, 0x10ea, 0x10ea, 0x884, 0x884, 0x884, 0x884, 0x884, 0x884, 0x884,
    0x10ea, 0x10ea, 0x10ea, 0x1d92, 0x1d92, 0x10ea, 0x10ea, 0x884, 0x10ea, 0x1d92, 0x1d92, 0x1d92,
    0x1d92, 0x10ea, 0x10ea, 0x884, 0x884, 0x884, 0x1d92, 0x1d92, 0x1d92, 0x1d92, 0x1d92, 0x1d92,
    0x1d92, 0x10ea, 0x10ea, 0x10ea, 0x884, 0x884, 0x884, 0x1d92, 0x1d92, 0x1d92, 0x10ea, 0x198b,
    0x36b9, 0x1d92, 0x10ea, 0x884, 0x3294, 0x10ea, 0x2dd3, 0x2dd3, 0x2dd3, 0x1d92, 0x884, 0x198b,
    0x1d92, 0x3294, 0x36b9, 0x29ad, 0x884, 0x198b, 0x10ea, 0x3294, 0x2dd3, 0x198b, 0x884, 0x884,
    0x1527, 0x198b, 0x29ad, 0x884, 0x884, 0x1527, 0x29ad, 0x884, 0x884, 0x884, 0x884, 0x575c,
    0x6f57, 0x2dd3, 0x575c, 0x36b9, 0x36b9, 0x36b9, 0x36b9, 0x36b9, 0x36b9, 0x3294, 0x4ef9, 0x4ef9,
    0x36b9, 0x4ef9, 0x3294, 0x3294, 0x3294, 0x4ef9, 0x2dd3, 0x3294, 0x2dd3, 0x3294, 0x2e2f, 0x1e2f,
    0x3294, 0x3294, 0x36b9, 0x2dd3, 0x575c, 0x575c, 0x575c, 0x575c, 0x575c, 0x575c, 0x575c, 0x575c,
    0x575c, 0x575c, 0x575c, 0x575c, 0x575c, 0x575c, 0x575c, 0x575c, 0x575c, 0x575c, 0x575c, 0x575c,
    0x575c, 0x575c, 0x575c, 0x575c, 0x575c, 0x575c, 0x575c, 0x575c, 0x575c, 0x575c, 0x575c, 0x575c,
    0x575c, 0x575c, 0x575c, 0x575c, 0x3f39, 0x575c, 0x575c, 0x575c, 0x575c, 0x575c, 0x575c, 0x575c,
    0x575c, 0x575c, 0x575c, 0x575c, 0x575c, 0x575c, 0x575c, 0x575c, 0x575c, 0x575c, 0x575c, 0x575c,
    0x575c, 0x575c, 0x575c, 0x575c, 0x575c, 0x575c, 0x575c, 0x575c, 0x575c, 0x575c, 0x575c, 0x575c,
    0x575c, 0x575c, 0x575c, 0x575c, 0x575c, 0x575c, 0x575c, 0x575c, 0x575c, 0x575c, 0x575c, 0x575c,
    0x575c, 0x575c, 0x575c, 0x575c, 0x575c, 0x575c, 0x575c, 0x575c, 0x575c, 0x575c, 0x36b9, 0x36b9,
    0x36b9, 0x4ef9, 0x4ef9, 0x4ef9, 0x4ef9, 0x4ef9, 0x4ef9, 0x4ef9, 0x4ef9, 0x4ef9, 0x4ef9, 0x4ef9,
    0x4ef9, 0x29ad, 0x2dd3, 0x198b, 0x10ea, 0x2dd3, 0x3294, 0x884, 0x10ea, 0x1d92, 0x884, 0x10ea,
    0x884, 0x1d92, 0x1d92, 0x884, 0x10ea, 0x10ea, 0x10ea, 0x10ea, 0x10ea, 0x10ea, 0x884, 0x10ea,
    0x10ea, 0x10ea, 0x884, 0x884, 0x10ea, 0x10ea, 0x10ea, 0x10ea, 0x10ea, 0x10ea, 0x10ea, 0x1d92,
    0x1d92, 0x10ea, 0x10ea, 0x10ea, 0x884, 0x10ea, 0x10ea, 0x884, 0x10ea, 0x1d92, 0x1d92, 0x884,
    0x884, 0x884, 0x884, 0x10ea, 0x29ad, 0x1d92, 0x1d92, 0x1d92, 0x1d92, 0x1d92, 0x1d92, 0x1d92,
    0x1d92, 0x1d92, 0x884, 0x10ea, 0x10ea, 0x884, 0x884, 0x884, 0x884, 0x1d92, 0x1d92, 0x1d92,
    0x10ea, 0x10ea, 0x36b9, 0x1d92, 0x1d92, 0x884, 0x2dd3, 0x1d92, 0x884, 0x10ea, 0x884, 0x1d92,
    0x1d92, 0x198b, 0x10ea, 0x884, 0x10ea, 0x29ad, 0x2dd3, 0x2dd3, 0x2dd3, 0x2dd3, 0x2dd3, 0x2e2f,
    0x29ad, 0x29ad, 0x10ea, 0x884, 0x884, 0x884, 0x884, 0x198b, 0x10ea, 0x10ea, 0x29ad, 0x3294,
    0x884, 0x36b9, 0x36b9, 0x36b9, 0x36b9, 0x36b9, 0x36b9, 0x36b9, 0x3294, 0x36b9, 0x36b9, 0x36b9,
    0x36b9, 0x575c, 0x575c, 0x4eb5, 0x3294, 0x2dd3, 0x2dd3, 0x2dd3, 0x2dd3, 0x2dd3, 0x2dd3, 0x2e2f,
    0x2dd3, 0x3294, 0x2dd3, 0x2dd3, 0x575c, 0x575c, 0x575c, 0x575c, 0x575c, 0x575c, 0x575c, 0x575c,
    0x575c, 0x575c, 0x575c, 0x575c, 0x575c, 0x575c, 0x575c, 0x575c, 0x575c, 0x575c, 0x575c, 0x575c,
    0x575c, 0x575c, 0x575c, 0x575c, 0x575c, 0x575c, 0x575c, 0x575c, 0x575c, 0x575c, 0x575c, 0x575c,
    0x575c, 0x575c, 0x575c, 0x575c, 0x575c, 0x575c, 0x575c, 0x575c, 0x575c, 0x575c, 0x575c, 0x575c,
    0x575c, 0x575c, 0x575c, 0x575c, 0x575c, 0x575c, 0x575c, 0x575c, 0x575c, 0x575c, 0x575c, 0x575c,
    0x575c, 0x575c, 0x575c, 0x575c, 0x575c, 0x575c, 0x575c, 0x575c, 0x575c, 0x575c, 0x575c, 0x575c,
    0x575c, 0x3f39, 0x36b9, 0x36b9, 0x36b9, 0x36b9, 0x36b9, 0x3f39, 0x3f39, 0x36b9, 0x3f39, 0x3f39,
    0x3f39, 0x575c, 0x575c, 0x575c, 0x575c, 0x575c, 0x575c, 0x3f39, 0x4ef9, 0x36b9, 0x4ef9, 0x575c,
    0x575c, 0x575c, 0x36b9, 0x4ef9, 0x4ef9, 0x4ef9, 0x36b9, 0x4ef9, 0x4ef9, 0x575c, 0x575c, 0x575c,
    0x575c, 0x884, 0x884, 0x1d92, 0x36b9, 0x10ea, 0x884, 0x1d92, 0x1d92, 0x884, 0x10ea, 0x884,
    0x884, 0x10ea, 0x884, 0x884, 0x884, 0x10ea, 0x10ea, 0x884, 0x884, 0x10ea, 0x10ea, 0x10ea,
    0x884, 0x884, 0x884, 0x884, 0x884, 0x884, 0x884, 0x884, 0x884, 0x884, 0x884, 0x884, 0x884,
    0x884, 0x884, 0x10ea, 0x1d92, 0x10ea, 0x10ea, 0x884, 0x10ea, 0x10ea, 0x1d92, 0x884, 0x884,
    0x10ea, 0x29ad, 0x462f, 0x1d92, 0x1d92, 0x1d92, 0x1d92, 0x1d92, 0x1d92, 0x1d92, 0x1d92, 0x1d92,
    0x10ea, 0x10ea, 0x1d92, 0x884, 0x884, 0x884, 0x884, 0x884, 0x884, 0x884, 0x1d92, 0x1d92,
    0x1d92, 0x10ea, 0x884, 0x36b9, 0x1d92, 0x1d92, 0x884, 0x36b9, 0x36b9, 0x10ea, 0x3294, 0x1d92,
    0x884, 0x2dd3, 0x2dd3, 0x10ea, 0x1d92, 0x3294, 0x1d92, 0x884, 0x10ea, 0x884, 0x884, 0x29ad,
    0x29ad, 0x884, 0x10ea, 0x884, 0x1527, 0x2e2f, 0x2e2f, 0x884, 0x198b, 0x29ad, 0x1527, 0x198b,
    0x462f, 0x884, 0x198b, 0x36b9, 0x36b9, 0x36b9, 0x3f39, 0x36b9, 0x36b9, 0x36b9, 0x36b9, 0x4ef9,
    0x3f39, 0x3294, 0x3294, 0x3294, 0x3294, 0x2dd3, 0x2dd3, 0x3294, 0x3294, 0x2e2f, 0x3294, 0x2dd3,
    0x2dd3, 0x36b9, 0x3294, 0x575c, 0x575c, 0x575c, 0x575c, 0x575c, 0x575c, 0x575c, 0x575c, 0x575c,
    0x575c, 0x575c, 0x884, 0x4eb5, 0x29ad, 0x3f39, 0x29ad, 0x575c, 0x575c, 0x575c, 0x575c, 0x575c,
    0x575c, 0x575c, 0x575c, 0x575c, 0x575c, 0x575c, 0x575c, 0x575c, 0x575c, 0x575c, 0x575c, 0x575c,
    0x575c, 0x575c, 0x575c, 0x575c, 0x3f39, 0x3f39, 0x3f39, 0x3f39, 0x575c, 0x575c, 0x575c, 0x575c,
    0x575c, 0x575c, 0x575c, 0x575c, 0x575c, 0x575c, 0x575c, 0x575c, 0x575c, 0x575c, 0x575c, 0x575c,
    0x575c, 0x575c, 0x575c, 0x575c, 0x575c, 0x575c, 0x575c, 0x575c, 0x575c, 0x575c, 0x575c, 0x575c,
    0x575c, 0x575c, 0x36b9, 0x36b9, 0x36b9, 0x36b9, 0x3f39, 0x575c, 0x36b9, 0x36b9, 0x3f39, 0x575c,
    0x575c, 0x575c, 0x575c, 0x4ef9, 0x4ef9, 0x4ef9, 0x4ef9, 0x4ef9, 0x4ef9, 0x4ef9, 0x4ef9, 0x575c,
    0x575c, 0x575c, 0x575c, 0x575c, 0x575c, 0x575c, 0x575c, 0x575c, 0x575c, 0x575c, 0x73bd, 0x884,
    0x884, 0x1d92, 0x1d92, 0x884, 0x884, 0x1d92, 0x10ea, 0x10ea, 0x884, 0x884, 0x884, 0x10ea,
    0x884, 0x10ea, 0x884, 0x884, 0x1d92, 0x884, 0x884, 0x884, 0x884, 0x884, 0x884, 0x884, 0x884,
    0x884, 0x884, 0x10ea, 0x10ea, 0x10ea, 0x10ea, 0x10ea, 0x884, 0x884, 0x884, 0x884, 0x10ea,
    0x884, 0x10ea, 0x1d92, 0x10ea, 0x10ea, 0x884, 0x10ea, 0x10ea, 0x1d92, 0x884, 0x884, 0x29ad,
    0x462f, 0x884, 0x1d92, 0x1d92, 0x1d92, 0x1d92, 0x1d92, 0x1d92, 0x1d92, 0x1d92, 0x1d92, 0x884,
    0x10ea, 0x36b9, 0x884, 0x884, 0x884, 0x884, 0x884, 0x884, 0x884, 0x884, 0x884, 0x1d92, 0x1d92,
    0x1d92, 0x1d92, 0x884, 0x36b9, 0x1d92, 0x1d92, 0x884, 0x1d92, 0x10ea, 0x10ea, 0x3294, 0x884,
    0x1d92, 0x10ea, 0x10ea, 0x1d92, 0x10ea, 0x198b, 0x1d92, 0x36b9, 0x1e2f, 0x884, 0x884, 0x29ad,
    0x2e2f, 0x29ad, 0x29ad, 0x198b, 0x198b, 0x29ad, 0x29ad, 0x2e2f, 0x29ad, 0x29ad, 0x884, 0x1527,
    0x2dd3, 0x2e2f, 0x29ad, 0x36b9, 0x36b9, 0x36b9, 0x3294, 0x36b9, 0x3294, 0x3294, 0x3294, 0x3294,
    0x3294, 0x3294, 0x2dd3, 0x3294, 0x2dd3, 0x3294, 0x1e2f, 0x3294, 0x36b9, 0x2dd3, 0x3294, 0x3294,
    0x4ef9, 0x575c, 0x575c, 0x575c, 0x575c, 0x575c, 0x575c, 0x29ad, 0x29ad, 0x10ea, 0x4eb5, 0x462f,
    0x462f, 0x462f, 0x462f, 0x2dd3, 0x36b9, 0x36b9, 0x1d92, 0x575c, 0x575c, 0x575c, 0x575c, 0x575c,
    0x575c, 0x575c, 0x575c, 0x575c, 0x575c, 0x575c, 0x575c, 0x575c, 0x575c, 0x575c, 0x575c, 0x575c,
    0x575c, 0x575c, 0x3f39, 0x3f39, 0x3f39, 0x575c, 0x575c, 0x575c, 0x575c, 0x575c, 0x575c, 0x575c,
    0x575c, 0x575c, 0x575c, 0x575c, 0x575c, 0x575c, 0x575c, 0x575c, 0x575c, 0x575c, 0x575c, 0x575c,
    0x575c, 0x575c, 0x575c, 0x575c, 0x575c, 0x575c, 0x575c, 0x575c, 0x575c, 0x575c, 0x575c, 0x4ef9,
    0x4ef9, 0x4ef9, 0x575c, 0x4ef9, 0x575c, 0x575c, 0x575c, 0x575c, 0x575c, 0x4ef9, 0x4ef9, 0x575c,
    0x4ef9, 0x4ef9, 0x575c, 0x575c, 0x4ef9, 0x4ef9, 0x4ef9, 0x4ef9, 0x4ef9, 0x4ef9, 0x4ef9, 0x4ef9,
    0x4ef9, 0x4ef9, 0x4ef9, 0x4ef9, 0x4ef9, 0x4ef9, 0x73bd, 0x10ea, 0x3294, 0x884, 0x1d92, 0x1d92,
    0x884, 0x10ea, 0x1d92, 0x884, 0x10ea, 0x884, 0x884, 0x884, 0x884, 0x884, 0x884, 0x10ea, 0x884,
    0x884, 0x1d92, 0x10ea, 0x10ea, 0x10ea, 0x10ea, 0x884, 0x884, 0x10ea, 0x884, 0x884, 0x10ea,
    0x10ea, 0x10ea, 0x10ea, 0x10ea, 0x10ea, 0x884, 0x884, 0x1527, 0x1527, 0x884, 0x29ad, 0x10ea,
    0x1d92, 0x10ea, 0x10ea, 0x884, 0x10ea, 0x1d92, 0x1d92, 0x884, 0x884, 0x29ad, 0x884, 0x1d92,
    0x1d92, 0x1d92, 0x1d92, 0x1d92, 0x1d92, 0x1d92, 0x1d92, 0x1d92, 0x1d92, 0x1d92, 0x884, 0x10ea,
    0x10ea, 0x10ea, 0x10ea, 0x10ea, 0x10ea, 0x10ea, 0x10ea, 0x10ea, 0x10ea, 0x10ea, 0x884, 0x1d92,
    0x1d92, 0x1d92, 0x1d92, 0x884, 0x36b9, 0x2dd3, 0x1d92, 0x884, 0x10ea, 0x4ef9, 0x884, 0x2dd3,
    0x884, 0x884, 0x884, 0x884, 0x884, 0x10ea, 0x884, 0x10ea, 0x884, 0x1d92, 0x1d92, 0x2dd3,
    0x2dd3, 0x10ea, 0x884, 0x29ad, 0x2e2f, 0x2e2f, 0x29ad, 0x29ad, 0x884, 0x10ea, 0x29ad, 0x198b,
    0x884, 0x1527, 0x29ad, 0x884, 0x36b9, 0x36b9, 0x36b9, 0x3294, 0x3294, 0x3294, 0x3294, 0x3294,
    0x3294, 0x3294, 0x3294, 0x3294, 0x36b9, 0x3294, 0x3294, 0x3294, 0x3294, 0x3294, 0x4ef9, 0x4ef9,
    0x575c, 0x575c, 0x575c, 0x575c, 0x575c, 0x462f, 0x462f, 0x462f, 0x462f, 0x462f, 0x462f, 0x462f,
    0x462f, 0x462f, 0x462f, 0x3294, 0x36b9, 0x36b9, 0x36b9, 0x36b9, 0x575c, 0x575c, 0x575c, 0x575c,
    0x575c, 0x4ef9, 0x575c, 0x575c, 0x575c, 0x575c, 0x575c, 0x575c, 0x575c, 0x575c, 0x575c, 0x575c,
    0x575c, 0x3f39, 0x3f39, 0x3f39, 0x3f39, 0x3f39, 0x3f39, 0x3f39, 0x575c, 0x575c, 0x575c, 0x575c,
    0x575c, 0x575c, 0x575c, 0x575c, 0x575c, 0x575c, 0x575c, 0x575c, 0x575c, 0x575c, 0x575c, 0x575c,
    0x575c, 0x575c, 0x575c, 0x575c, 0x575c, 0x575c, 0x575c, 0x575c, 0x575c, 0x575c, 0x575c, 0x575c,
    0x575c, 0x575c, 0x575c, 0x575c, 0x575c, 0x4ef9, 0x4ef9, 0x4ef9, 0x4ef9, 0x4ef9, 0x575c, 0x4ef9,
    0x575c, 0x4ef9, 0x4ef9, 0x575c, 0x4ef9, 0x4ef9, 0x575c, 0x4ef9, 0x4ef9, 0x4ef9, 0x4ef9, 0x4ef9,
    0x4ef9, 0x4ef9, 0x4ef9, 0x4ef9, 0x4ef9, 0x2dd3, 0x884, 0x10ea, 0x1d92, 0x10ea, 0x884, 0x1d92,
    0x1d92, 0x884, 0x10ea, 0x884, 0x884, 0x884, 0x884, 0x10ea, 0x884, 0x10ea, 0x884, 0x884, 0x884,
    0x884, 0x10ea, 0x884, 0x884, 0x10ea, 0x884, 0x884, 0x884, 0x10ea, 0x884, 0x10ea, 0x10ea,
    0x10ea, 0x10ea, 0x10ea, 0x10ea, 0x884, 0x884, 0x1527, 0x1527, 0x884, 0x462f, 0x10ea, 0x1d92,
    0x10ea, 0x10ea, 0x884, 0x10ea, 0x1d92, 0x1d92, 0x884, 0x884, 0x1527, 0x1d92, 0x1d92, 0x1d92,
    0x4eb5, 0x1d92, 0x1d92, 0x1d92, 0x1d92, 0x1d92, 0x1d92, 0x1d92, 0x1d92, 0x1d92, 0x884, 0x1d92,
    0x10ea, 0x884, 0x884, 0x884, 0x884, 0x884, 0x10ea, 0x10ea, 0x10ea, 0x884, 0x884, 0x884, 0x10ea,
    0x1d92, 0x1d92, 0x1d92, 0x884, 0x36b9, 0x2dd3, 0x1d92, 0x10ea, 0x884, 0x36b9, 0x1527, 0x884,
    0x10ea, 0x29ad, 0x884, 0x884, 0x884, 0x884, 0x884, 0x10ea, 0x884, 0x10ea, 0x1d92, 0x1d92,
    0x1d92, 0x2dd3, 0x3294, 0x2dd3, 0x884, 0x10ea, 0x29ad, 0x884, 0x29ad, 0x29ad, 0x29ad, 0x884,
    0x198b, 0x29ad, 0x29ad, 0x2dd3, 0x36b9, 0x3294, 0x3294, 0x3294, 0x3294, 0x3294, 0x3294, 0x3294,
    0x2dd3, 0x4ef9, 0x3294, 0x3294, 0x3294, 0x3294, 0x3294, 0x3294, 0x36b9, 0x3294, 0x575c, 0x575c,
    0x575c, 0x575c, 0x462f, 0x462f, 0x462f, 0x462f, 0x462f, 0x462f, 0x462f, 0x462f, 0x462f, 0x462f,
    0x462f, 0x462f, 0x462f, 0x36b9, 0x36b9, 0x36b9, 0x36b9, 0x575c, 0x575c, 0x29ad, 0x29ad, 0x462f,
    0x36b9, 0x4ef9, 0x3f39, 0x3f39, 0x3f39, 0x575c, 0x575c, 0x575c, 0x575c, 0x575c, 0x3f39, 0x3f39,
    0x3f39, 0x3f39, 0x3f39, 0x3f39, 0x3f39, 0x3f39, 0x3f39, 0x3f39, 0x3f39, 0x3f39, 0x3f39, 0x3f39,
    0x575c, 0x575c, 0x575c, 0x575c, 0x3f39, 0x575c, 0x575c, 0x3f39, 0x575c, 0x575c, 0x575c, 0x575c,
    0x575c, 0x575c, 0x575c, 0x575c, 0x3f39, 0x575c, 0x575c, 0x575c, 0x575c, 0x575c, 0x575c, 0x575c,
    0x575c, 0x575c, 0x575c, 0x575c, 0x575c, 0x575c, 0x575c, 0x575c, 0x575c, 0x575c, 0x575c, 0x575c,
    0x575c, 0x575c, 0x575c, 0x575c, 0x575c, 0x575c, 0x575c, 0x575c, 0x575c, 0x575c, 0x575c, 0x575c,
    0x575c, 0x575c, 0x29ad, 0x198b, 0x1d92, 0x1d92, 0x884, 0x884, 0x1d92, 0x1d92, 0x10ea, 0x884,
    0x884, 0x10ea, 0x884, 0x884, 0x884, 0x884, 0x884, 0x884, 0x884, 0x884, 0x10ea, 0x884, 0x884,
    0x884, 0x10ea, 0x10ea, 0x884, 0x884, 0x884, 0x884, 0x884, 0x10ea, 0x10ea, 0x10ea, 0x10ea,
    0x10ea, 0x884, 0x884, 0x884, 0x1527, 0x884, 0x884, 0x198b, 0x10ea, 0x1d92, 0x10ea, 0x1d92,
    0x884, 0x10ea, 0x1d92, 0x1d92, 0x884, 0x884, 0x1d92, 0x1d92, 0x1d92, 0x4eb5, 0x575c, 0x4ef9,
    0x1d92, 0x1d92, 0x1d92, 0x10ea, 0x1d92, 0x1d92, 0x1d92, 0x10ea, 0x1d92, 0x36b9, 0x884, 0x10ea,
    0x10ea, 0x1d92, 0x10ea, 0x10ea, 0x10ea, 0x10ea, 0x10ea, 0x10ea, 0x10ea, 0x10ea, 0x10ea, 0x884,
    0x10ea, 0x1d92, 0x1d92, 0x1d92, 0x884, 0x36b9, 0x1d92, 0x2dd3, 0x1d92, 0x884, 0x36b9, 0x1d92,
    0x198b, 0x29ad, 0x884, 0x884, 0x198b, 0x198b, 0x884, 0x884, 0x884, 0x884, 0x884, 0x884, 0x884,
    0x10ea, 0x10ea, 0x1d92, 0x2dd3, 0x2dd3, 0x2dd3, 0x884, 0x884, 0x29ad, 0x2e2f, 0x29ad, 0x29ad,
    0x29ad, 0x1527, 0x10ea, 0x10ea, 0x884, 0x36b9, 0x3294, 0x3294, 0x3294, 0x4ef9, 0x1e2f, 0x3294,
    0x3294, 0x3294, 0x3294, 0x3294, 0x3294, 0x3294, 0x2e2f, 0x3294, 0x462f, 0x29ad, 0x29ad, 0x462f,
    0x462f, 0x462f, 0x462f, 0x462f, 0x462f, 0x462f, 0x462f, 0x462f, 0x462f, 0x462f, 0x462f, 0x29ad,
    0x462f, 0x462f, 0x36b9, 0x36b9, 0x36b9, 0x10ea, 0x462f, 0x462f, 0x462f, 0x462f, 0x36b9, 0x36b9,
    0x575c, 0x575c, 0x575c, 0x575c, 0x575c, 0x575c, 0x575c, 0x575c, 0x3f39, 0x3f39, 0x3f39, 0x3f39,
    0x3f39, 0x3f39, 0x3f39, 0x3f39, 0x3f39, 0x3f39, 0x3f39, 0x3f39, 0x3f39, 0x3f39, 0x3f39, 0x3f39,
    0x3f39, 0x575c, 0x3f39, 0x3f39, 0x3f39, 0x575c, 0x575c, 0x575c, 0x575c, 0x575c, 0x575c, 0x575c,
    0x575c, 0x575c, 0x575c, 0x3f39, 0x575c, 0x575c, 0x575c, 0x575c, 0x575c, 0x575c, 0x575c, 0x575c,
    0x575c, 0x575c, 0x575c, 0x575c, 0x575c, 0x575c, 0x575c, 0x575c, 0x575c, 0x575c, 0x575c, 0x575c,
    0x575c, 0x575c, 0x575c, 0x575c, 0x575c, 0x575c, 0x575c, 0x575c, 0x575c, 0x575c, 0x10ea, 0x1d92,
    0x884, 0x1d92, 0x1d92, 0x884, 0x10ea, 0x1d92, 0x884, 0x10ea, 0x884, 0x884, 0x884, 0x884, 0x884,
    0x10ea, 0x884, 0x884, 0x884, 0x884, 0x884, 0x10ea, 0x884, 0x884, 0x884, 0x884, 0x884, 0x1d92,
    0x10ea, 0x10ea, 0x10ea, 0x10ea, 0x884, 0x10ea, 0x884, 0x10ea, 0x10ea, 0x10ea, 0x884, 0x884,
    0x884, 0x29ad, 0x462f, 0x198b, 0x462f, 0x10ea, 0x1d92, 0x884, 0x1d92, 0x884, 0x10ea, 0x1d92,
    0x1d92, 0x1d92, 0x1d92, 0x1d92, 0x1d92, 0x575c, 0x575c, 0x575c, 0x73bd, 0x1d92, 0x1d92, 0x10ea,
    0x4ef9, 0x10ea, 0x1d92, 0x1d92, 0x884, 0x10ea, 0x2dd3, 0x884, 0x1d92, 0x10ea, 0x1d92, 0x1d92,
    0x1d92, 0x10ea, 0x10ea, 0x10ea, 0x10ea, 0x10ea, 0x10ea, 0x10ea, 0x10ea, 0x884, 0x884, 0x884,
    0x2dd3, 0x1d92, 0x10ea, 0x884, 0x1d92, 0x1d92, 0x1d92, 0x1d92, 0x884, 0x10ea, 0x198b, 0x3294,
    0x3294, 0x2dd3, 0x2dd3, 0x10ea, 0x1527, 0x29ad, 0x884, 0x198b, 0x198b, 0x884, 0x884, 0x884,
    0x884, 0x10ea, 0x10ea, 0x10ea, 0x1d92, 0x1d92, 0x2dd3, 0x2dd3, 0x198b, 0x10ea, 0x198b, 0x198b,
    0x2e2f, 0x462f, 0x29ad, 0x10ea, 0x29ad, 0x4ef9, 0x36b9, 0x3294, 0x3294, 0x3294, 0x3294, 0x3294,
    0x3294, 0x3294, 0x3294, 0x3294, 0x3294, 0x3294, 0x462f, 0x462f, 0x4eb5, 0x462f, 0x462f, 0x462f,
    0x462f, 0x462f, 0x462f, 0x462f, 0x462f, 0x462f, 0x462f, 0x462f, 0x462f, 0x29ad, 0x462f, 0x462f,
    0x462f, 0x36b9, 0x4ef9, 0x36b9, 0x4eb5, 0x462f, 0x462f, 0x4eb5, 0x36b9, 0x36b9, 0x1d92, 0x575c,
    0x575c, 0x575c, 0x3f39, 0x3f39, 0x36b9, 0x36b9, 0x36b9, 0x36b9, 0x36b9, 0x36b9, 0x36b9, 0x36b9,
    0x36b9, 0x36b9, 0x36b9, 0x36b9, 0x36b9, 0x3f39, 0x3f39, 0x3f39, 0x3f39, 0x3f39, 0x3f39, 0x3f39,
    0x3f39, 0x3f39, 0x3f39, 0x3f39, 0x3f39, 0x3f39, 0x3f39, 0x3f39, 0x3f39, 0x3f39, 0x575c, 0x3f39,
    0x3f39, 0x36b9, 0x3f39, 0x3f39, 0x4ef9, 0x4ef9, 0x4ef9, 0x575c, 0x575c, 0x575c, 0x575c, 0x575c,
    0x575c, 0x575c, 0x575c, 0x575c, 0x575c, 0x575c, 0x575c, 0x575c, 0x575c, 0x575c, 0x575c, 0x575c,
    0x575c, 0x575c, 0x575c, 0x575c, 0x575c, 0x575c, 0x575c, 0x10ea, 0x2dd3, 0x884, 0x1d92, 0x884,
    0x884, 0x10ea, 0x1d92, 0x884, 0x10ea, 0x884, 0x884, 0x884, 0x884, 0x884, 0x884, 0x10ea, 0x884,
    0x884, 0x884, 0x884, 0x884, 0x884, 0x884, 0x884, 0x884, 0x10ea, 0x10ea, 0x10ea, 0x10ea, 0x884,
    0x884, 0x10ea, 0x884, 0x1d92, 0x36b9, 0x10ea, 0x1d92, 0x1d92, 0x1d92, 0x1d92, 0x1d92, 0x29ad,
    0x462f, 0x29ad, 0x462f, 0x10ea, 0x1d92, 0x884, 0x1d92, 0x884, 0x10ea, 0x884, 0x1d92, 0x1d92,
    0x1d92, 0x1d92, 0x1d92, 0x1d92, 0x575c, 0x575c, 0x575c, 0x1d92, 0x4eb5, 0x4ef9, 0x575c, 0x4ef9,
    0x1d92, 0x1d92, 0x1d92, 0x1d92, 0x884, 0x1d92, 0x1d92, 0x884, 0x10ea, 0x10ea, 0x10ea, 0x10ea,
    0x10ea, 0x1d92, 0x1d92, 0x1d92, 0x1d92, 0x1d92, 0x1d92, 0x1d92, 0x1d92, 0x884, 0x884, 0x884,
    0x1d92, 0x1d92, 0x10ea, 0x10ea, 0x198b, 0x2dd3, 0x1d92, 0x1d92, 0x884, 0x2dd3, 0x10ea, 0x884,
    0x884, 0x884, 0x10ea, 0x4eb5, 0x462f, 0x2dd3, 0x884, 0x884, 0x10ea, 0x29ad, 0x198b, 0x10ea,
    0x884, 0x884, 0x884, 0x884, 0x10ea, 0x10ea, 0x10ea, 0x1d92, 0x2dd3, 0x884, 0x884, 0x1d92,
    0x884, 0x884, 0x29ad, 0x462f, 0x2dd3, 0x4ef9, 0x3294, 0x3294, 0x3294, 0x3294, 0x3294, 0x3294,
    0x3294, 0x3294, 0x3294, 0x3294, 0x462f, 0x462f, 0x29ad, 0x462f, 0x462f, 0x462f, 0x462f, 0x462f,
    0x462f, 0x462f, 0x462f, 0x462f, 0x462f, 0x462f, 0x462f, 0x462f, 0x462f, 0x462f, 0x462f, 0x462f,
    0x462f, 0x462f, 0x4eb5, 0x29ad, 0x3294, 0x3294, 0x36b9, 0x2dd3, 0x36b9, 0x575c, 0x3f39, 0x3f39,
    0x3f39, 0x3f39, 0x3f39, 0x36b9, 0x36b9, 0x36b9, 0x36b9, 0x36b9, 0x36b9, 0x36b9, 0x36b9, 0x36b9,
    0x36b9, 0x36b9, 0x36b9, 0x36b9, 0x36b9, 0x36b9, 0x36b9, 0x36b9, 0x36b9, 0x36b9, 0x36b9, 0x36b9,
    0x3f39, 0x3f39, 0x3f39, 0x3f39, 0x3f39, 0x3f39, 0x36b9, 0x36b9, 0x36b9, 0x36b9, 0x36b9, 0x36b9,
    0x3f39, 0x36b9, 0x4ef9, 0x575c, 0x575c, 0x575c, 0x4ef9, 0x4ef9, 0x575c, 0x4ef9, 0x4ef9, 0x36b9,
    0x36b9, 0x36b9, 0x36b9, 0x36b9, 0x36b9, 0x3f39, 0x3f39, 0x3f39, 0x575c, 0x575c, 0x575c, 0x575c,
    0x575c, 0x575c, 0x575c, 0x2dd3, 0x3294, 0x884, 0x10ea, 0x1d92, 0x884, 0x884, 0x10ea, 0x1d92,
    0x10ea, 0x884, 0x884, 0x884, 0x884, 0x884, 0x10ea, 0x884, 0x884, 0x884, 0x884, 0x884, 0x10ea,
    0x884, 0x884, 0x884, 0x10ea, 0x10ea, 0x10ea, 0x884, 0x884, 0x884, 0x884, 0x884, 0x10ea, 0x10ea,
    0x1d92, 0x10ea, 0x198b, 0x198b, 0x2dd3, 0x1527, 0x198b, 0x1527, 0x1527, 0x1527, 0x462f, 0x462f,
    0x462f, 0x10ea, 0x1d92, 0x884, 0x1d92, 0x10ea, 0x10ea, 0x1d92, 0x1d92, 0x1d92, 0x1d92, 0x1d92,
    0x1d92, 0x1d92, 0x73bd, 0x575c, 0x575c, 0x575c, 0x4ef9, 0x4ef9, 0x575c, 0x73bd, 0x1d92, 0x1d92,
    0x1d92, 0x1d92, 0x10ea, 0x1d92, 0x10ea, 0x10ea, 0x10ea, 0x1d92, 0x1d92, 0x1d92, 0x1d92, 0x1d92,
    0x1d92, 0x1d92, 0x1d92, 0x1d92, 0x1d92, 0x36b9, 0x1d92, 0x884, 0x884, 0x884, 0x884, 0x884,
    0x1d92, 0x1d92, 0x10ea, 0x884, 0x10ea, 0x1d92, 0x1d92, 0x1d92, 0x884, 0x4eb5, 0x198b, 0x3294,
    0x2dd3, 0x2dd3, 0x3294, 0x198b, 0x10ea, 0x10ea, 0x29ad, 0x2dd3, 0x3294, 0x2e2f, 0x884, 0x10ea,
    0x10ea, 0x198b, 0x10ea, 0x884, 0x884, 0x884, 0x10ea, 0x10ea, 0x884, 0x10ea, 0x1d92, 0x2dd3,
    0x1d92, 0x1d92, 0x884, 0x884, 0x10ea, 0x4eb5, 0x3294, 0x4eb5, 0x3294, 0x36b9, 0x3294, 0x3294,
    0x3294, 0x3294, 0x462f, 0x462f, 0x462f, 0x462f, 0x462f, 0x462f, 0x462f, 0x462f, 0x462f, 0x462f,
    0x462f, 0x462f, 0x462f, 0x462f, 0x462f, 0x462f, 0x29ad, 0x462f, 0x462f, 0x462f, 0x462f, 0x462f,
    0x462f, 0x462f, 0x2dd3, 0x462f, 0x36b9, 0x36b9, 0x36b9, 0x3294, 0x575c, 0x575c, 0x575c, 0x3f39,
    0x3f39, 0x36b9, 0x36b9, 0x36b9, 0x36b9, 0x36b9, 0x36b9, 0x36b9, 0x36b9, 0x36b9, 0x36b9, 0x36b9,
    0x36b9, 0x36b9, 0x36b9, 0x36b9, 0x36b9, 0x36b9, 0x36b9, 0x36b9, 0x36b9, 0x36b9, 0x36b9, 0x36b9,
    0x36b9, 0x36b9, 0x36b9, 0x36b9, 0x36b9, 0x36b9, 0x36b9, 0x36b9, 0x36b9, 0x36b9, 0x36b9, 0x36b9,
    0x36b9, 0x36b9, 0x36b9, 0x36b9, 0x36b9, 0x36b9, 0x3f39, 0x575c, 0x3f39, 0x575c, 0x575c, 0x575c,
    0x575c, 0x575c, 0x575c, 0x575c, 0x575c, 0x575c, 0x575c, 0x575c, 0x575c, 0x575c, 0x575c, 0x575c,
    0x884, 0x10ea, 0x884, 0x10ea, 0x1d92, 0x884, 0x884, 0x1d92, 0x884, 0x10ea, 0x884, 0x884, 0x884,
    0x10ea, 0x884, 0x10ea, 0x884, 0x884, 0x884, 0x884, 0x884, 0x10ea, 0x884, 0x884, 0x884, 0x884,
    0x884, 0x884, 0x884, 0x884, 0x10ea, 0x10ea, 0x884, 0x10ea, 0x10ea, 0x2dd3, 0x1e2f, 0x1e2f,
    0x198b, 0x1527, 0x1527, 0x198b, 0x1527, 0x1527, 0x1527, 0x884, 0x29ad, 0x29ad, 0x1527, 0x884,
    0x884, 0x884, 0x10ea, 0x1d92, 0x1d92, 0x36b9, 0x1d92, 0x1d92, 0x1d92, 0x1d92, 0x1d92, 0x1d92,
    0x6f57, 0x575c, 0x575c, 0x4ef9, 0x4ef9, 0x4ef9, 0x575c, 0x2dd3, 0x1d92, 0x1d92, 0x1d92, 0x884,
    0x10ea, 0x36b9, 0x884, 0x10ea, 0x1d92, 0x1d92, 0x2dd3, 0x2dd3, 0x2dd3, 0x2dd3, 0x1d92, 0x1d92,
    0x1d92, 0x1d92, 0x1d92, 0x1d92, 0x1d92, 0x884, 0x884, 0x884, 0x884, 0x884, 0x884, 0x884,
    0x1d92, 0x1d92, 0x10ea, 0x884, 0x10ea, 0x36b9, 0x1d92, 0x1d92, 0x884, 0x198b, 0x884, 0x10ea,
    0x2dd3, 0x2dd3, 0x884, 0x198b, 0x2dd3, 0x2dd3, 0x2dd3, 0x884, 0x884, 0x198b, 0x3294, 0x2dd3,
    0x10ea, 0x884, 0x29ad, 0x29ad, 0x10ea, 0x10ea, 0x10ea, 0x884, 0x884, 0x884, 0x10ea, 0x10ea,
    0x198b, 0x2dd3, 0x2dd3, 0x1d92, 0x884, 0x198b, 0x4eb5, 0x2dd3, 0x10ea, 0x4eb5, 0x4eb5, 0x4f17,
    0x462f, 0x462f, 0x462f, 0x462f, 0x462f, 0x462f, 0x462f, 0x462f, 0x462f, 0x462f, 0x462f, 0x29ad,
    0x462f, 0x462f, 0x462f, 0x462f, 0x29ad, 0x462f, 0x462f, 0x462f, 0x462f, 0x462f, 0x2dd3, 0x36b9,
    0x36b9, 0x3294, 0x3294, 0x36b9, 0x36b9, 0x36b9, 0x575c, 0x575c, 0x575c, 0x575c, 0x3f39, 0x36b9,
    0x3f39, 0x575c, 0x3f39, 0x36b9, 0x36b9, 0x3f39, 0x3f39, 0x3f39, 0x575c, 0x575c, 0x575c, 0x36b9,
    0x36b9, 0x36b9, 0x36b9, 0x36b9, 0x36b9, 0x36b9, 0x36b9, 0x36b9, 0x3f39, 0x575c, 0x3f39, 0x575c,
    0x3f39, 0x36b9, 0x36b9, 0x36b9, 0x36b9, 0x36b9, 0x36b9, 0x36b9, 0x36b9, 0x36b9, 0x36b9, 0x36b9,
    0x36b9, 0x575c, 0x575c, 0x575c, 0x575c, 0x575c, 0x575c, 0x575c, 0x575c, 0x575c, 0x575c, 0x575c,
    0x575c, 0x3f39, 0x3f39, 0x575c, 0x575c, 0x575c, 0x575c, 0x3f39, 0x575c, 0x3294, 0x198b, 0x36b9,
    0x1d92, 0x1d92, 0x884, 0x10ea, 0x1d92, 0x884, 0x10ea, 0x884, 0x884, 0x884, 0x884, 0x884, 0x884,
    0x10ea, 0x884, 0x884, 0x884, 0x884, 0x884, 0x884, 0x884, 0x884, 0x10ea, 0x10ea, 0x10ea, 0x884,
    0x10ea, 0x10ea, 0x10ea, 0x10ea, 0x10ea, 0x10ea, 0x884, 0x1d92, 0x884, 0x1527, 0x884, 0x1527,
    0x884, 0x884, 0x1e2f, 0x884, 0x10ea, 0x884, 0x1d92, 0x1d92, 0x1d92, 0x1d92, 0x10ea, 0x10ea,
    0x884, 0x884, 0x1d92, 0x1d92, 0x1d92, 0x1d92, 0x1d92, 0x1d92, 0x1d92, 0x1d92, 0x1d92, 0x575c,
    0x575c, 0x4ef9, 0x4ef9, 0x4ef9, 0x10ea, 0x1d92, 0x1d92, 0x1d92, 0x1d92, 0x1d92, 0x10ea, 0x198b,
    0x10ea, 0x1d92, 0x1d92, 0x1d92, 0x2dd3, 0x3294, 0x2dd3, 0x2dd3, 0x1d92, 0x1d92, 0x10ea, 0x10ea,
    0x10ea, 0x10ea, 0x10ea, 0x884, 0x884, 0x884, 0x884, 0x884, 0x884, 0x884, 0x884, 0x884, 0x2dd3,
    0x1d92, 0x1d92, 0x10ea, 0x884, 0x4ef9, 0x10ea, 0x884, 0x884, 0x884, 0x884, 0x884, 0x884, 0x884,
    0x884, 0x10ea, 0x10ea, 0x2dd3, 0x462f, 0x3294, 0x2dd3, 0x884, 0x10ea, 0x10ea, 0x198b, 0x2e2f,
    0x29ad, 0x884, 0x198b, 0x884, 0x10ea, 0x10ea, 0x884, 0x10ea, 0x884, 0x884, 0x10ea, 0x884,
    0x10ea, 0x1d92, 0x2dd3, 0x3294, 0x10ea, 0x884, 0x3294, 0x3294, 0x462f, 0x462f, 0x462f, 0x462f,
    0x462f, 0x462f, 0x462f, 0x462f, 0x462f, 0x4eb5, 0x4eb5, 0x4eb5, 0x29ad, 0x462f, 0x462f, 0x462f,
    0x462f, 0x462f, 0x29ad, 0x462f, 0x462f, 0x4eb5, 0x36b9, 0x36b9, 0x36b9, 0x2dd3, 0x3294, 0x36b9,
    0x36b9, 0x2dd3, 0x36b9, 0x36b9, 0x575c, 0x575c, 0x3f39, 0x575c, 0x575c, 0x575c, 0x575c, 0x575c,
    0x575c, 0x575c, 0x575c, 0x575c, 0x575c, 0x575c, 0x575c, 0x575c, 0x575c, 0x575c, 0x575c, 0x575c,
    0x575c, 0x575c, 0x575c, 0x575c, 0x575c, 0x575c, 0x575c, 0x575c, 0x575c, 0x575c, 0x3f39, 0x575c,
    0x575c, 0x575c, 0x575c, 0x575c, 0x575c, 0x575c, 0x575c, 0x575c, 0x575c, 0x575c, 0x575c, 0x575c,
    0x3f39, 0x3f39, 0x3f39, 0x3f39, 0x3f39, 0x3f39, 0x3f39, 0x3f39, 0x3f39, 0x3f39, 0x575c, 0x575c,
    0x575c, 0x575c, 0x3f39, 0x4ef9, 0x10ea, 0x1d92, 0x10ea, 0x1d92, 0x884, 0x884, 0x10ea, 0x1d92,
    0x884, 0x10ea, 0x884, 0x884, 0x884, 0x884, 0x10ea, 0x884, 0x884, 0x884, 0x884, 0x884, 0x884,
    0x884, 0x884, 0x884, 0x884, 0x884, 0x10ea, 0x884, 0x884, 0x884, 0x884, 0x884, 0x10ea, 0x1d92,
    0x1d92, 0x1d92, 0x1d92, 0x884, 0x1d92, 0x1d92, 0x1d92, 0x10ea, 0x1d92, 0x10ea, 0x10ea, 0x1d92,
    0x1d92, 0x884, 0x884, 0x10ea, 0x10ea, 0x1d92, 0x1d92, 0x1d92, 0x1d92, 0x1d92, 0x1d92, 0x1d92,
    0x1d92, 0x1d92, 0x1d92, 0x1d92, 0x1d92, 0x1d92, 0x73bd, 0x575c, 0x575c, 0x4ef9, 0x6716, 0x10ea,
    0x1d92, 0x1d92, 0x1d92, 0x1d92, 0x1d92, 0x1d92, 0x1d92, 0x884, 0x1d92, 0x1d92, 0x1d92, 0x1d92,
    0x36b9, 0x36b9, 0x2dd3, 0x2dd3, 0x36b9, 0x2dd3, 0x1d92, 0x1d92, 0x1d92, 0x1d92, 0x1d92, 0x884,
    0x1d92, 0x884, 0x884, 0x884, 0x884, 0x884, 0x884, 0x884, 0x884, 0x884, 0x36b9, 0x2dd3, 0x1d92,
    0x1d92, 0x4eb5, 0x3294, 0x3294, 0x29ad, 0x198b, 0x884, 0x884, 0x884, 0x884, 0x884, 0x884,
    0x884, 0x884, 0x884, 0x10ea, 0x29ad, 0x884, 0x4eb5, 0x4eb5, 0x29ad, 0x884, 0x10ea, 0x29ad,
    0x29ad, 0x2dd3, 0x2dd3, 0x462f, 0x29ad, 0x198b, 0x884, 0x198b, 0x10ea, 0x884, 0x884, 0x884,
    0x884, 0x884, 0x198b, 0x1d92, 0x2dd3, 0x462f, 0x462f, 0x462f, 0x462f, 0x462f, 0x462f, 0x462f,
    0x462f, 0x462f, 0x462f, 0x6716, 0x4eb5, 0x4eb5, 0x462f, 0x462f, 0x462f, 0x462f, 0x462f, 0x4eb5,
    0x4eb5, 0x4ef9, 0x4eb5, 0x29ad, 0x4ef9, 0x36b9, 0x3294, 0x36b9, 0x1d92, 0x36b9, 0x36b9, 0x36b9,
    0x36b9, 0x36b9, 0x36b9, 0x36b9, 0x3f39, 0x3f39, 0x3f39, 0x3f39, 0x3f39, 0x3f39, 0x3f39, 0x3f39,
    0x3f39, 0x3f39, 0x3f39, 0x3f39, 0x36b9, 0x3f39, 0x36b9, 0x36b9, 0x36b9, 0x3f39, 0x3f39, 0x3f39,
    0x3f39, 0x3f39, 0x575c, 0x575c, 0x575c, 0x575c, 0x575c, 0x575c, 0x575c, 0x575c, 0x3f39, 0x3f39,
    0x3f39, 0x3f39, 0x3f39, 0x36b9, 0x36b9, 0x36b9, 0x36b9, 0x3f39, 0x3f39, 0x3f39, 0x3f39, 0x3f39,
    0x3f39, 0x575c, 0x575c, 0x575c, 0x3f39, 0x575c, 0x575c, 0x575c, 0x3f39, 0x3f39, 0x3f39, 0x3f39,
    0x1d92, 0x884, 0x1d92, 0x2dd3, 0x884, 0x10ea, 0x1d92, 0x10ea, 0x1d92, 0x884, 0x10ea, 0x10ea,
    0x884, 0x884, 0x884, 0x884, 0x884, 0x884, 0x884, 0x884, 0x884, 0x884, 0x884, 0x884, 0x884,
    0x884, 0x10ea, 0x10ea, 0x10ea, 0x10ea, 0x10ea, 0x10ea, 0x10ea, 0x1d92, 0x884, 0x1d92, 0x1d92,
    0x1d92, 0x1d92, 0x36b9, 0x1d92, 0x1d92, 0x1d92, 0x10ea, 0x10ea, 0x884, 0x884, 0x884, 0x884,
    0x10ea, 0x1d92, 0x884, 0x1d92, 0x884, 0x1d92, 0x1d92, 0x884, 0x884, 0x1d92, 0x1d92, 0x1d92,
    0x1d92, 0x1d92, 0x10ea, 0x73bd, 0x575c, 0x575c, 0x575c, 0x4ef9, 0x4f17, 0x1d92, 0x1d92, 0x1d92,
    0x1d92, 0x1d92, 0x1d92, 0x1d92, 0x10ea, 0x1d92, 0x36b9, 0x884, 0x1d92, 0x1d92, 0x1d92, 0x36b9,
    0x36b9, 0x3294, 0x36b9, 0x1d92, 0x2dd3, 0x1d92, 0x1d92, 0x1d92, 0x1d92, 0x884, 0x2dd3, 0x884,
    0x884, 0x884, 0x884, 0x884, 0x884, 0x884, 0x884, 0x884, 0x10ea, 0x884, 0x1d92, 0x2dd3, 0x884,
    0x884, 0x884, 0x198b, 0x29ad, 0x29ad, 0x198b, 0x198b, 0x1527, 0x29ad, 0x1527, 0x884, 0x884,
    0x884, 0x884, 0x884, 0x884, 0x884, 0x884, 0x884, 0x884, 0x884, 0x29ad, 0x2dd3, 0x3294, 0x198b,
    0x2dd3, 0x884, 0x884, 0x198b, 0x4eb5, 0x3294, 0x29ad, 0x884, 0x198b, 0x198b, 0x10ea, 0x884,
    0x884, 0x10ea, 0x462f, 0x4eb5, 0x462f, 0x462f, 0x462f, 0x462f, 0x462f, 0x462f, 0x462f, 0x462f,
    0x462f, 0x6716, 0x6716, 0x6716, 0x4eb5, 0x6716, 0x4eb5, 0x4eb5, 0x462f, 0x462f, 0x462f, 0x4eb5,
    0x4eb5, 0x462f, 0x29ad, 0x36b9, 0x462f, 0x2dd3, 0x1d92, 0x3294, 0x2dd3, 0x36b9, 0x36b9, 0x4ef9,
    0x575c, 0x575c, 0x3f39, 0x3f39, 0x3f39, 0x3f39, 0x3f39, 0x3f39, 0x3f39, 0x3f39, 0x3f39, 0x3f39,
    0x3f39, 0x3f39, 0x3f39, 0x3f39, 0x3f39, 0x3f39, 0x575c, 0x3f39, 0x575c, 0x575c, 0x575c, 0x575c,
    0x575c, 0x575c, 0x575c, 0x3f39, 0x3f39, 0x575c, 0x36b9, 0x36b9, 0x36b9, 0x36b9, 0x36b9, 0x36b9,
    0x36b9, 0x36b9, 0x36b9, 0x36b9, 0x3f39, 0x3f39, 0x3f39, 0x3f39, 0x3f39, 0x3f39, 0x3f39, 0x3f39,
    0x3f39, 0x3f39, 0x36b9, 0x3f39, 0x3f39, 0x3f39, 0x3f39, 0x2dd3, 0x36b9, 0x884, 0x1d92, 0x10ea,
    0x884, 0x10ea, 0x1d92, 0x884, 0x1d92, 0x1d92, 0x1d92, 0x10ea, 0x10ea, 0x10ea, 0x10ea, 0x10ea,
    0x884, 0x884, 0x884, 0x10ea, 0x10ea, 0x884, 0x884, 0x10ea, 0x10ea, 0x10ea, 0x10ea, 0x10ea,
    0x10ea, 0x10ea, 0x10ea, 0x10ea, 0x10ea, 0x10ea, 0x1d92, 0x884, 0x1d92, 0x1d92, 0x884, 0x1d92,
    0x10ea, 0x884, 0x884, 0x884, 0x884, 0x884, 0x884, 0x884, 0x884, 0x884, 0x884, 0x1d92, 0x884,
    0x1d92, 0x1d92, 0x1d92, 0x1d92, 0x10ea, 0x36b9, 0x1d92, 0x1d92, 0x1d92, 0x1d92, 0x1d92, 0x575c,
    0x575c, 0x575c, 0x575c, 0x4ef9, 0x4ef9, 0x4ef9, 0x10ea, 0x1d92, 0x1d92, 0x1d92, 0x1d92, 0x1d92,
    0x1d92, 0x1d92, 0x1d92, 0x36b9, 0x884, 0x1d92, 0x1d92, 0x1d92, 0x1d92, 0x1d92, 0x1d92, 0x10ea,
    0x10ea, 0x10ea, 0x10ea, 0x884, 0x10ea, 0x1d92, 0x1d92, 0x10ea, 0x10ea, 0x10ea, 0x884, 0x884,
    0x884, 0x10ea, 0x884, 0x884, 0x884, 0x884, 0x884, 0x884, 0x884, 0x884, 0x10ea, 0x884, 0x884,
    0x884, 0x884, 0x884, 0x884, 0x1527, 0x198b, 0x29ad, 0x29ad, 0x198b, 0x29ad, 0x29ad, 0x198b,
    0x884, 0x884, 0x884, 0x884, 0x884, 0x884, 0x884, 0x884, 0x198b, 0x884, 0x884, 0x10ea, 0x2dd3,
    0x29ad, 0x2dd3, 0x198b, 0x10ea, 0x884, 0x3294, 0x3294, 0x10ea, 0x884, 0x29ad, 0x29ad, 0x4eb5,
    0x4eb5, 0x4eb5, 0x4eb5, 0x4eb5, 0x462f, 0x29ad, 0x462f, 0x462f, 0x462f, 0x462f, 0x462f, 0x462f,
    0x462f, 0x462f, 0x6716, 0x6716, 0x6716, 0x462f, 0x462f, 0x462f, 0x462f, 0x462f, 0x4eb5, 0x462f,
    0x462f, 0x462f, 0x462f, 0x4eb5, 0x36b9, 0x3294, 0x3294, 0x36b9, 0x36b9, 0x3294, 0x575c, 0x575c,
    0x3f39, 0x575c, 0x3f39, 0x3f39, 0x575c, 0x3f39, 0x3f39, 0x3f39, 0x575c, 0x575c, 0x575c, 0x575c,
    0x575c, 0x3f39, 0x3f39, 0x3f39, 0x3f39, 0x3f39, 0x3f39, 0x3f39, 0x3f39, 0x3f39, 0x575c, 0x575c,
    0x575c, 0x3f39, 0x3f39, 0x3f39, 0x3f39, 0x575c, 0x575c, 0x575c, 0x575c, 0x3f39, 0x3f39, 0x3f39,
    0x3f39, 0x3f39, 0x36b9, 0x36b9, 0x36b9, 0x36b9, 0x36b9, 0x36b9, 0x36b9, 0x36b9, 0x36b9, 0x36b9,
    0x36b9, 0x36b9, 0x3f39, 0x884, 0x10ea, 0x1d92, 0x1d92, 0x884, 0x884, 0x10ea, 0x1d92, 0x884,
    0x10ea, 0x10ea, 0x1d92, 0x1d92, 0x10ea, 0x10ea, 0x10ea, 0x10ea, 0x884, 0x10ea, 0x10ea, 0x10ea,
    0x10ea, 0x10ea, 0x10ea, 0x884, 0x10ea, 0x10ea, 0x10ea, 0x10ea, 0x10ea, 0x10ea, 0x884, 0x884,
    0x884, 0x884, 0x884, 0x1d92, 0x884, 0x1d92, 0x1d92, 0x1d92, 0x1d92, 0x36b9, 0x1d92, 0x1d92,
    0x884, 0x1d92, 0x884, 0x1d92, 0x884, 0x1d92, 0x1d92, 0x884, 0x1d92, 0x1d92, 0x1d92, 0x884,
    0x884, 0x1d92, 0x1d92, 0x1d92, 0x884, 0x1d92, 0x1d92, 0x1d92, 0x10ea, 0x575c, 0x575c, 0x575c,
    0x2dd3, 0x4ef9, 0x4ef9, 0x4ef9, 0x4ef9, 0x1d92, 0x1d92, 0x1d92, 0x1d92, 0x1d92, 0x1d92, 0x1d92,
    0x884, 0x10ea, 0x1d92, 0x1d92, 0x1d92, 0x1d92, 0x1d92, 0x1d92, 0x1d92, 0x1d92, 0x1d92, 0x1d92,
    0x1d92, 0x1d92, 0x1d92, 0x1d92, 0x1d92, 0x1d92, 0x10ea, 0x10ea, 0x884, 0x884, 0x884, 0x884,
    0x884, 0x884, 0x884, 0x884, 0x884, 0x884, 0x10ea, 0x10ea, 0x884, 0x884, 0x884, 0x884, 0x884,
    0x884, 0x10ea, 0x884, 0x10ea, 0x884, 0x884, 0x884, 0x884, 0x1527, 0x198b, 0x29ad, 0x29ad,
    0x198b, 0x29ad, 0x29ad, 0x1527, 0x884, 0x884, 0x10ea, 0x884, 0x884, 0x884, 0x884, 0x884, 0x884,
    0x884, 0x198b, 0x2dd3, 0x2dd3, 0x2e2f, 0x2dd3, 0x198b, 0x198b, 0x462f, 0x4eb5, 0x4eb5, 0x4eb5,
    0x4eb5, 0x462f, 0x29ad, 0x29ad, 0x29ad, 0x29ad, 0x29ad, 0x462f, 0x462f, 0x462f, 0x462f, 0x462f,
    0x462f, 0x4eb5, 0x462f, 0x462f, 0x462f, 0x462f, 0x462f, 0x462f, 0x29ad, 0x462f, 0x29ad, 0x29ad,
    0x462f, 0x462f, 0x2dd3, 0x3294, 0x3294, 0x3294, 0x36b9, 0x36b9, 0x36b9, 0x575c, 0x575c, 0x575c,
    0x575c, 0x575c, 0x575c, 0x575c, 0x575c, 0x575c, 0x575c, 0x575c, 0x575c, 0x575c, 0x575c, 0x575c,
    0x575c, 0x575c, 0x575c, 0x575c, 0x575c, 0x3f39, 0x3f39, 0x3f39, 0x3f39, 0x36b9, 0x3f39, 0x3f39,
    0x36b9, 0x36b9, 0x36b9, 0x36b9, 0x3f39, 0x3f39, 0x3f39, 0x3f39, 0x575c, 0x575c, 0x575c, 0x575c,
    0x575c, 0x575c, 0x575c, 0x575c, 0x3f39, 0x575c, 0x575c, 0x575c, 0x575c, 0x575c, 0x575c, 0x575c,
    0x4ef9, 0x884, 0x1d92, 0x36b9, 0x884, 0x884, 0x10ea, 0x1d92, 0x10ea, 0x884, 0x884, 0x884,
    0x884, 0x884, 0x884, 0x884, 0x884, 0x884, 0x884, 0x884, 0x884, 0x884, 0x884, 0x884, 0x884,
    0x884, 0x884, 0x884, 0x10ea, 0x10ea, 0x10ea, 0x10ea, 0x10ea, 0x10ea, 0x10ea, 0x10ea, 0x1d92,
    0x1d92, 0x884, 0x1d92, 0x1d92, 0x884, 0x1d92, 0x884, 0x884, 0x1d92, 0x1d92, 0x1d92, 0x10ea,
    0x1d92, 0x884, 0x884, 0x1d92, 0x10ea, 0x1d92, 0x1d92, 0x1d92, 0x884, 0x884, 0x1d92, 0x10ea,
    0x1d92, 0x884, 0x1d92, 0x1d92, 0x1d92, 0x1d92, 0x575c, 0x575c, 0x10ea, 0x1d92, 0x4f17, 0x4ef9,
    0x4ef9, 0x575c, 0x1d92, 0x1d92, 0x1d92, 0x1d92, 0x1d92, 0x1d92, 0x10ea, 0x1d92, 0x10ea, 0x1d92,
    0x10ea, 0x1d92, 0x1d92, 0x1d92, 0x1d92, 0x1d92, 0x36b9, 0x36b9, 0x2dd3, 0x1d92, 0x1d92, 0x1d92,
    0x1d92, 0x1d92, 0x1d92, 0x2dd3, 0x1d92, 0x10ea, 0x884, 0x884, 0x884, 0x884, 0x884, 0x884,
    0x884, 0x884, 0x884, 0x884, 0x10ea, 0x884, 0x884, 0x884, 0x884, 0x884, 0x884, 0x884, 0x10ea,
    0x884, 0x884, 0x884, 0x884, 0x10ea, 0x10ea, 0x884, 0x884, 0x884, 0x884, 0x884, 0x1527, 0x29ad,
    0x29ad, 0x29ad, 0x29ad, 0x884, 0x1527, 0x884, 0x884, 0x884, 0x884, 0x884, 0x884, 0x884, 0x884,
    0x884, 0x884, 0x198b, 0x4eb5, 0x198b, 0x4eb5, 0x4eb5, 0x4eb5, 0x4eb5, 0x4eb5, 0x462f, 0x4eb5,
    0x29ad, 0x29ad, 0x462f, 0x462f, 0x462f, 0x462f, 0x462f, 0x462f, 0x462f, 0x462f, 0x462f, 0x462f,
    0x462f, 0x462f, 0x462f, 0x462f, 0x29ad, 0x29ad, 0x462f, 0x462f, 0x462f, 0x462f, 0x3294, 0x3294,
    0x36b9, 0x36b9, 0x4ef9, 0x36b9, 0x36b9, 0x36b9, 0x36b9, 0x575c, 0x575c, 0x575c, 0x575c, 0x575c,
    0x575c, 0x575c, 0x575c, 0x575c, 0x575c, 0x575c, 0x575c, 0x575c, 0x575c, 0x575c, 0x575c, 0x575c,
    0x575c, 0x575c, 0x3f39, 0x3f39, 0x3f39, 0x3f39, 0x3f39, 0x3f39, 0x36b9, 0x3f39, 0x575c, 0x575c,
    0x575c, 0x575c, 0x575c, 0x3f39, 0x3f39, 0x3f39, 0x575c, 0x575c, 0x575c, 0x3f39, 0x575c, 0x575c,
    0x575c, 0x575c, 0x575c, 0x575c, 0x575c, 0x575c, 0x575c, 0x575c, 0x575c, 0x884, 0x1d92, 0x884,
    0x884, 0x1d92, 0x884, 0x10ea, 0x884, 0x884, 0x884, 0x884, 0x10ea, 0x884, 0x10ea, 0x1d92, 0x884,
    0x10ea, 0x10ea, 0x10ea, 0x10ea, 0x10ea, 0x10ea, 0x10ea, 0x10ea, 0x884, 0x10ea, 0x10ea, 0x10ea,
    0x10ea, 0x10ea, 0x10ea, 0x10ea, 0x10ea, 0x1d92, 0x1d92, 0x1d92, 0x1d92, 0x884, 0x1d92, 0x1d92,
    0x884, 0x1d92, 0x884, 0x884, 0x36b9, 0x884, 0x1d92, 0x884, 0x1d92, 0x884, 0x1d92, 0x1d92,
    0x1d92, 0x1d92, 0x884, 0x1d92, 0x36b9, 0x1d92, 0x1d92, 0x10ea, 0x1d92, 0x1d92, 0x10ea, 0x1d92,
    0x1d92, 0x1d92, 0x73bd, 0x10ea, 0x1d92, 0x1d92, 0x10ea, 0x4ef9, 0x575c, 0x73bd, 0x1d92, 0x1d92,
    0x1d92, 0x1d92, 0x1d92, 0x10ea, 0x10ea, 0x10ea, 0x10ea, 0x36b9, 0x884, 0x1d92, 0x1d92, 0x1d92,
    0x1d92, 0x1d92, 0x36b9, 0x2dd3, 0x1d92, 0x1d92, 0x10ea, 0x10ea, 0x10ea, 0x10ea, 0x10ea, 0x1d92,
    0x1d92, 0x1d92, 0x884, 0x10ea, 0x884, 0x884, 0x884, 0x884, 0x884, 0x10ea, 0x10ea, 0x884, 0x884,
    0x884, 0x884, 0x884, 0x884, 0x884, 0x884, 0x884, 0x884, 0x884, 0x884, 0x884, 0x884, 0x884,
    0x884, 0x10ea, 0x884, 0x884, 0x884, 0x884, 0x884, 0x884, 0x1d92, 0x884, 0x884, 0x884, 0x1527,
    0x29ad, 0x198b, 0x29ad, 0x29ad, 0x884, 0x1527, 0x884, 0x884, 0x10ea, 0x884, 0x884, 0x884,
    0x884, 0x4eb5, 0x4eb5, 0x462f, 0x462f, 0x462f, 0x29ad, 0x2e2f, 0x462f, 0x2e2f, 0x29ad, 0x462f,
    0x462f, 0x462f, 0x462f, 0x462f, 0x462f, 0x462f, 0x462f, 0x29ad, 0x462f, 0x462f, 0x462f, 0x29ad,
    0x462f, 0x462f, 0x462f, 0x462f, 0x462f, 0x2e2f, 0x29ad, 0x2dd3, 0x36b9, 0x3294, 0x2dd3, 0x36b9,
    0x36b9, 0x3f39, 0x36b9, 0x2dd3, 0x575c, 0x575c, 0x575c, 0x575c, 0x575c, 0x575c, 0x575c, 0x575c,
    0x575c, 0x575c, 0x575c, 0x575c, 0x575c, 0x575c, 0x575c, 0x575c, 0x575c, 0x575c, 0x575c, 0x575c,
    0x575c, 0x575c, 0x575c, 0x575c, 0x575c, 0x575c, 0x575c, 0x575c, 0x575c, 0x575c, 0x575c, 0x575c,
    0x575c, 0x575c, 0x575c, 0x575c, 0x575c, 0x575c, 0x575c, 0x575c, 0x575c, 0x575c, 0x575c, 0x575c,
    0x575c, 0x575c, 0x1d92, 0x1d92, 0x884, 0x884, 0x884, 0x1d92, 0x1d92, 0x884, 0x1d92, 0x884,
    0x10ea, 0x10ea, 0x884, 0x10ea, 0x884, 0x10ea, 0x10ea, 0x884, 0x1d92, 0x10ea, 0x10ea, 0x884,
    0x10ea, 0x10ea, 0x10ea, 0x10ea, 0x10ea, 0x884, 0x10ea, 0x10ea, 0x884, 0x884, 0x884, 0x884,
    0x10ea, 0x10ea, 0x1d92, 0x1d92, 0x1d92, 0x1d92, 0x884, 0x1d92, 0x1d92, 0x1d92, 0x1d92, 0x1d92,
    0x1d92, 0x1d92, 0x10ea, 0x1d92, 0x884, 0x1d92, 0x1d92, 0x1d92, 0x1d92, 0x10ea, 0x1d92, 0x884,
    0x1d92, 0x1d92, 0x1d92, 0x1d92, 0x884, 0x1d92, 0x10ea, 0x1d92, 0x1d92, 0x1d92, 0x1d92, 0x1d92,
    0x1d92, 0x1d92, 0x1d92, 0x1d92, 0x4ef9, 0x4ef9, 0x1d92, 0x1d92, 0x1d92, 0x1d92, 0x884, 0x884,
    0x10ea, 0x10ea, 0x10ea, 0x10ea, 0x2dd3, 0x10ea, 0x1d92, 0x1d92, 0x1d92, 0x1d92, 0x1d92, 0x1d92,
    0x1d92, 0x1d92, 0x1d92, 0x1d92, 0x1d92, 0x1d92, 0x1d92, 0x1d92, 0x1d92, 0x1d92, 0x10ea, 0x884,
    0x884, 0x884, 0x884, 0x884, 0x884, 0x10ea, 0x10ea, 0x884, 0x884, 0x884, 0x884, 0x884, 0x884,
    0x884, 0x884, 0x884, 0x884, 0x884, 0x884, 0x884, 0x884, 0x884, 0x884, 0x884, 0x884, 0x884,
    0x884, 0x884, 0x884, 0x884, 0x884, 0x884, 0x884, 0x884, 0x884, 0x884, 0x10ea, 0x884, 0x884,
    0x884, 0x884, 0x29ad, 0x29ad, 0x29ad, 0x29ad, 0x29ad, 0x198b, 0x884, 0x884, 0x6716, 0x462f,
    0x462f, 0x29ad, 0x462f, 0x462f, 0x462f, 0x4eb5, 0x4eb5, 0x3294, 0x2e2f, 0x3294, 0x462f, 0x462f,
    0x462f, 0x462f, 0x462f, 0x29ad, 0x462f, 0x462f, 0x462f, 0x462f, 0x29ad, 0x462f, 0x462f, 0x462f,
    0x2e2f, 0x462f, 0x2e2f, 0x2e2f, 0x2e2f, 0x3294, 0x36b9, 0x3294, 0x36b9, 0x2dd3, 0x198b, 0x198b,
    0x575c, 0x36b9, 0x3294, 0x3f39, 0x575c, 0x575c, 0x575c, 0x575c, 0x575c, 0x575c, 0x575c, 0x575c,
    0x575c, 0x575c, 0x575c, 0x575c, 0x575c, 0x575c, 0x575c, 0x575c, 0x575c, 0x575c, 0x575c, 0x3f39,
    0x575c, 0x575c, 0x575c, 0x575c, 0x575c, 0x575c, 0x575c, 0x575c, 0x575c, 0x575c, 0x575c, 0x575c,
    0x575c, 0x575c, 0x36b9, 0x3294, 0x575c, 0x575c, 0x575c, 0x575c, 0x575c, 0x575c, 0x575c, 0x3294,
    0x884, 0x884, 0x10ea, 0x884, 0x1d92, 0x884, 0x10ea, 0x10ea, 0x10ea, 0x10ea, 0x884, 0x1d92,
    0x884, 0x884, 0x10ea, 0x10ea, 0x884, 0x10ea, 0x884, 0x884, 0x884, 0x884, 0x884, 0x884, 0x10ea,
    0x10ea, 0x884, 0x10ea, 0x10ea, 0x10ea, 0x10ea, 0x10ea, 0x10ea, 0x1d92, 0x1d92, 0x1d92, 0x1d92,
    0x1d92, 0x1d92, 0x884, 0x1d92, 0x1d92, 0x10ea, 0x1d92, 0x1d92, 0x1d92, 0x1d92, 0x10ea, 0x1d92,
    0x10ea, 0x1d92, 0x1d92, 0x1d92, 0x1d92, 0x1d92, 0x1d92, 0x1d92, 0x1d92, 0x1d92, 0x1d92, 0x1d92,
    0x1d92, 0x1d92, 0x1d92, 0x10ea, 0x1d92, 0x1d92, 0x1d92, 0x1d92, 0x1d92, 0x1d92, 0x1d92, 0x1d92,
    0x1d92, 0x1d92, 0x1d92, 0x1d92, 0x1d92, 0x884, 0x10ea, 0x884, 0x10ea, 0x10ea, 0x10ea, 0x29ad,
    0x884, 0x1d92, 0x10ea, 0x1d92, 0x1d92, 0x1d92, 0x1d92, 0x1d92, 0x1d92, 0x36b9, 0x2dd3, 0x36b9,
    0x1d92, 0x1d92, 0x2dd3, 0x2dd3, 0x2dd3, 0x1d92, 0x2dd3, 0x1d92, 0x884, 0x884, 0x884, 0x884,
    0x884, 0x10ea, 0x884, 0x884, 0x884, 0x884, 0x884, 0x884, 0x884, 0x884, 0x884, 0x884, 0x884,
    0x884, 0x884, 0x884, 0x884, 0x884, 0x884, 0x884, 0x884, 0x884, 0x884, 0x884, 0x884, 0x884,
    0x884, 0x884, 0x10ea, 0x884, 0x884, 0x884, 0x884, 0x884, 0x884, 0x884, 0x884, 0x10ea, 0x10ea,
    0x884, 0x884, 0x884, 0x884, 0x198b, 0x29ad, 0x6716, 0x6716, 0x462f, 0x462f, 0x462f, 0x462f,
    0x4eb5, 0x6716, 0x6716, 0x4eb5, 0x3294, 0x3294, 0x3294, 0x3294, 0x2e2f, 0x462f, 0x29ad, 0x462f,
    0x29ad, 0x462f, 0x462f, 0x462f, 0x462f, 0x2e2f, 0x462f, 0x462f, 0x2e2f, 0x462f, 0x462f, 0x462f,
    0x2e2f, 0x2e2f, 0x3294, 0x36b9, 0x3294, 0x3294, 0x3294, 0x3294, 0x2dd3, 0x2dd3, 0x2dd3, 0x36b9,
    0x36b9, 0x1d92, 0x3f39, 0x575c, 0x575c, 0x575c, 0x575c, 0x575c, 0x575c, 0x575c, 0x575c, 0x575c,
    0x575c, 0x575c, 0x575c, 0x575c, 0x575c, 0x3294, 0x36b9, 0x36b9, 0x4ef9, 0x3294, 0x575c, 0x575c,
    0x575c, 0x575c, 0x575c, 0x575c, 0x575c, 0x575c, 0x575c, 0x575c, 0x4ef9, 0x36b9, 0x36b9, 0x4ef9,
    0x29ad, 0x575c, 0x575c, 0x3294, 0x575c, 0x575c, 0x575c, 0x575c, 0x575c, 0x575c, 0x575c, 0x575c,
    0x10ea, 0x884, 0x3f39, 0x198b, 0x198b, 0x884, 0x10ea, 0x198b, 0x884, 0x10ea, 0x10ea, 0x884,
    0x10ea, 0x10ea, 0x10ea, 0x884, 0x1d92, 0x10ea, 0x10ea, 0x10ea, 0x10ea, 0x10ea, 0x884, 0x10ea,
    0x10ea, 0x10ea, 0x10ea, 0x10ea, 0x10ea, 0x1d92, 0x1d92, 0x1d92, 0x1d92, 0x1d92, 0x1d92, 0x884,
    0x1d92, 0x1d92, 0x1d92, 0x10ea, 0x10ea, 0x10ea, 0x884, 0x884, 0x884, 0x884, 0x884, 0x884,
    0x884, 0x10ea, 0x10ea, 0x1d92, 0x1d92, 0x1d92, 0x1d92, 0x10ea, 0x10ea, 0x10ea, 0x884, 0x884,
    0x884, 0x10ea, 0x1d92, 0x1d92, 0x1d92, 0x1d92, 0x1d92, 0x1d92, 0x1d92, 0x1d92, 0x1d92, 0x1d92,
    0x1d92, 0x884, 0x10ea, 0x10ea, 0x884, 0x10ea, 0x1d92, 0x1d92, 0x2dd3, 0x2dd3, 0x2dd3, 0x884,
    0x1d92, 0x1d92, 0x1d92, 0x1d92, 0x1d92, 0x1d92, 0x36b9, 0x1d92, 0x36b9, 0x36b9, 0x1d92, 0x1d92,
    0x1d92, 0x1d92, 0x1d92, 0x1d92, 0x1d92, 0x1d92, 0x884, 0x884, 0x884, 0x10ea, 0x10ea, 0x10ea,
    0x884, 0x10ea, 0x10ea, 0x884, 0x884, 0x884, 0x884, 0x884, 0x884, 0x884, 0x10ea, 0x10ea, 0x884,
    0x884, 0x884, 0x884, 0x884, 0x884, 0x884, 0x884, 0x884, 0x884, 0x884, 0x884, 0x884, 0x884,
    0x884, 0x884, 0x884, 0x884, 0x884, 0x884, 0x884, 0x884, 0x884, 0x884, 0x884, 0x884, 0x884,
    0x10ea, 0x1d92, 0x884, 0x6716, 0x6716, 0x6716, 0x4eb5, 0x6716, 0x462f, 0x4eb5, 0x6716, 0x6716,
    0x6716, 0x4eb5, 0x3294, 0x3294, 0x4eb5, 0x3294, 0x29ad, 0x462f, 0x462f, 0x462f, 0x462f, 0x2e2f,
    0x462f, 0x4eb5, 0x462f, 0x462f, 0x2e2f, 0x462f, 0x2e2f, 0x3294, 0x3294, 0x2e2f, 0x2e2f, 0x3294,
    0x2e2f, 0x2e2f, 0x2dd3, 0x3294, 0x3294, 0x3294, 0x3294, 0x2dd3, 0x36b9, 0x3294, 0x36b9, 0x36b9,
    0x1d92, 0x575c, 0x575c, 0x575c, 0x575c, 0x575c, 0x575c, 0x575c, 0x575c, 0x575c, 0x575c, 0x575c,
    0x3294, 0x4ef9, 0x3f39, 0x36b9, 0x36b9, 0x4ef9, 0x4ef9, 0x4ef9, 0x4ef9, 0x3294, 0x36b9, 0x2dd3,
    0x4ef9, 0x3f39, 0x36b9, 0x3294, 0x36b9, 0x36b9, 0x36b9, 0x36b9, 0x4ef9, 0x4ef9, 0x4eb5, 0x4ef9,
    0x4ef9, 0x4eb5, 0x575c, 0x575c, 0x575c, 0x575c, 0x575c, 0x575c, 0x575c, 0x3f39, 0x575c, 0x575c,
    0x575c, 0x575c, 0x575c, 0x575c, 0x575c, 0x575c, 0x575c, 0x575c, 0x4eb5, 0x884, 0x3294, 0x2dd3,
    0x884, 0x1d92, 0x884, 0x10ea, 0x10ea, 0x10ea, 0x10ea, 0x884, 0x884, 0x10ea, 0x10ea, 0x10ea,
    0x10ea, 0x10ea, 0x1d92, 0x1d92, 0x1d92, 0x1d92, 0x1d92, 0x1d92, 0x884, 0x1d92, 0x884, 0x884,
    0x884, 0x884, 0x884, 0x884, 0x884, 0x10ea, 0x1d92, 0x1d92, 0x1d92, 0x1d92, 0x1d92, 0x1d92,
    0x36b9, 0x2dd3, 0x1d92, 0x1d92, 0x1d92, 0x1d92, 0x1d92, 0x2dd3, 0x1d92, 0x1d92, 0x884, 0x1d92,
    0x1d92, 0x1d92, 0x1d92, 0x1d92, 0x1d92, 0x1d92, 0x1d92, 0x1d92, 0x1d92, 0x10ea, 0x10ea, 0x10ea,
    0x10ea, 0x10ea, 0x10ea, 0x884, 0x884, 0x884, 0x10ea, 0x36b9, 0x10ea, 0x884, 0x884, 0x1d92,
    0x884, 0x884, 0x884, 0x10ea, 0x10ea, 0x36b9, 0x1d92, 0x10ea, 0x10ea, 0x10ea, 0x884, 0x2dd3,
    0x2dd3, 0x10ea, 0x1d92, 0x884, 0x884, 0x884, 0x10ea, 0x10ea, 0x10ea, 0x884, 0x10ea, 0x884,
    0x884, 0x884, 0x10ea, 0x10ea, 0x10ea, 0x10ea, 0x10ea, 0x10ea, 0x884, 0x884, 0x884, 0x884,
    0x10ea, 0x10ea, 0x10ea, 0x10ea, 0x884, 0x884, 0x884, 0x884, 0x884, 0x884, 0x884, 0x884, 0x884,
    0x884, 0x884, 0x884, 0x884, 0x884, 0x884, 0x884, 0x10ea, 0x884, 0x884, 0x884, 0x884, 0x884,
    0x884, 0x6716, 0x6716, 0x6716, 0x6716, 0x6716, 0x6716, 0x6716, 0x6716, 0x6716, 0x6716, 0x6716,
    0x6716, 0x6716, 0x6716, 0x6716, 0x2e2f, 0x2e2f, 0x462f, 0x462f, 0x3294, 0x462f, 0x462f, 0x462f,
    0x2e2f, 0x2e2f, 0x2e2f, 0x462f, 0x462f, 0x3294, 0x3294, 0x3294, 0x3294, 0x3294, 0x3294, 0x3294,
    0x3294, 0x2dd3, 0x3294, 0x3294, 0x2e2f, 0x3294, 0x3294, 0x3294, 0x36b9, 0x36b9, 0x36b9, 0x575c,
    0x575c, 0x575c, 0x575c, 0x575c, 0x575c, 0x575c, 0x575c, 0x575c, 0x36b9, 0x575c, 0x575c, 0x3f39,
    0x36b9, 0x36b9, 0x4ef9, 0x4ef9, 0x4ef9, 0x4ef9, 0x4ef9, 0x4ef9, 0x4ef9, 0x4ef9, 0x4ef9, 0x4ef9,
    0x36b9, 0x36b9, 0x36b9, 0x36b9, 0x36b9, 0x36b9, 0x4eb5, 0x4eb5, 0x4eb5, 0x4ef9, 0x4ef9, 0x4eb5,
    0x462f, 0x575c, 0x575c, 0x575c, 0x575c, 0x575c, 0x575c, 0x575c, 0x575c, 0x575c, 0x575c, 0x575c,
    0x575c, 0x575c, 0x575c, 0x575c, 0x575c, 0x575c, 0x575c, 0x575c, 0x575c, 0x575c, 0x575c, 0x198b,
    0x884, 0x884, 0x884, 0x884, 0x884, 0x884, 0x10ea, 0x10ea, 0x10ea, 0x10ea, 0x10ea, 0x1d92,
    0x1d92, 0x1d92, 0x1d92, 0x1d92, 0x1d92, 0x1d92, 0x1d92, 0x1d92, 0x1d92, 0x1d92, 0x1d92, 0x1d92,
    0x1d92, 0x1d92, 0x1d92, 0x10ea, 0x10ea, 0x884, 0x884, 0x884, 0x884, 0x884, 0x884, 0x884, 0x884,
    0x884, 0x884, 0x884, 0x884, 0x884, 0x884, 0x884, 0x884, 0x1d92, 0x1d92, 0x1d92, 0x1d92, 0x1d92,
    0x1d92, 0x1d92, 0x1d92, 0x1d92, 0x10ea, 0x10ea, 0x10ea, 0x884, 0x884, 0x884, 0x884, 0x884,
    0x1d92, 0x1d92, 0x884, 0x198b, 0x1d92, 0x1d92, 0x884, 0x36b9, 0x884, 0x10ea, 0x10ea, 0x1d92,
    0x884, 0x1d92, 0x884, 0x10ea, 0x10ea, 0x1d92, 0x1d92, 0x884, 0x1d92, 0x884, 0x1d92, 0x884,
    0x884, 0x884, 0x10ea, 0x1d92, 0x884, 0x884, 0x884, 0x884, 0x884, 0x10ea, 0x10ea, 0x10ea,
    0x10ea, 0x10ea, 0x10ea, 0x10ea, 0x10ea, 0x10ea, 0x10ea, 0x884, 0x884, 0x884, 0x884, 0x884,
    0x884, 0x884, 0x884, 0x10ea, 0x884, 0x884, 0x10ea, 0x10ea, 0x884, 0x884, 0x884, 0x884, 0x884,
    0x884, 0x884, 0x884, 0x884, 0x884, 0x884, 0x884, 0x884, 0x884, 0x10ea, 0x6716, 0x6716, 0x6716,
    0x6716, 0x6716, 0x6716, 0x6716, 0x6716, 0x6716, 0x6716, 0x6716, 0x6716, 0x6716, 0x6716, 0x6716,
    0x6716, 0x6716, 0x4eb5, 0x3294, 0x3294, 0x3294, 0x4eb5, 0x4eb5, 0x462f, 0x462f, 0x462f, 0x4eb5,
    0x4eb5, 0x4f17, 0x4f17, 0x4eb5, 0x4eb5, 0x4eb5, 0x3294, 0x2e2f, 0x2e2f, 0x3294, 0x3294, 0x3294,
    0x2e2f, 0x3294, 0x462f, 0x4f17, 0x3294, 0x3294, 0x36b9, 0x2dd3, 0x575c, 0x575c, 0x4ef9, 0x4ef9,
    0x575c, 0x4ef9, 0x575c, 0x575c, 0x575c, 0x36b9, 0x36b9, 0x36b9, 0x36b9, 0x4ef9, 0x4ef9, 0x4ef9,
    0x4ef9, 0x4ef9, 0x3294, 0x4ef9, 0x4ef9, 0x4ef9, 0x2dd3, 0x4ef9, 0x4ef9, 0x4ef9, 0x4ef9, 0x4ef9,
    0x4eb5, 0x4eb5, 0x4eb5, 0x4eb5, 0x4eb5, 0x4eb5, 0x4eb5, 0x4eb5, 0x4eb5, 0x6716, 0x575c, 0x575c,
    0x575c, 0x575c, 0x575c, 0x575c, 0x575c, 0x575c, 0x575c, 0x575c, 0x575c, 0x575c, 0x575c, 0x575c,
    0x575c, 0x575c, 0x575c, 0x575c, 0x575c, 0x575c, 0x3294, 0x4eb5, 0x575c, 0x36b9, 0x884, 0x10ea,
    0x884, 0x884, 0x10ea, 0x10ea, 0x10ea, 0x10ea, 0x10ea, 0x10ea, 0x10ea, 0x884, 0x884, 0x10ea,
    0x884, 0x10ea, 0x1d92, 0x1d92, 0x10ea, 0x1d92, 0x884, 0x884, 0x884, 0x884, 0x884, 0x884, 0x884,
    0x1d92, 0x1d92, 0x884, 0x884, 0x884, 0x884, 0x884, 0x884, 0x10ea, 0x10ea, 0x884, 0x884, 0x884,
    0x884, 0x10ea, 0x884, 0x1d92, 0x1d92, 0x1d92, 0x1d92, 0x1d92, 0x1d92, 0x1d92, 0x1d92, 0x884,
    0x884, 0x10ea, 0x10ea, 0x10ea, 0x884, 0x884, 0x884, 0x884, 0x884, 0x1d92, 0x198b, 0x884,
    0x1d92, 0x884, 0x884, 0x1d92, 0x884, 0x10ea, 0x10ea, 0x10ea, 0x884, 0x884, 0x884, 0x884, 0x884,
    0x884, 0x884, 0x884, 0x10ea, 0x884, 0x1d92, 0x884, 0x884, 0x884, 0x10ea, 0x10ea, 0x10ea, 0x884,
    0x10ea, 0x10ea, 0x10ea, 0x10ea, 0x10ea, 0x10ea, 0x884, 0x884, 0x884, 0x884, 0x884, 0x884,
    0x884, 0x884, 0x884, 0x884, 0x884, 0x884, 0x884, 0x884, 0x884, 0x10ea, 0x884, 0x884, 0x884,
    0x10ea, 0x884, 0x884, 0x884, 0x10ea, 0x884, 0x10ea, 0x884, 0x884, 0x198b, 0x884, 0x884, 0x884,
    0x10ea, 0x884, 0x10ea, 0x6716, 0x6716, 0x6716, 0x6716, 0x6716, 0x6716, 0x6716, 0x6716, 0x6716,
    0x6716, 0x6716, 0x6716, 0x6716, 0x6716, 0x6716, 0x6716, 0x6716, 0x6716, 0x4f17, 0x4eb5, 0x3294,
    0x4eb5, 0x4eb5, 0x4eb5, 0x4f17, 0x6716, 0x4f17, 0x4ef9, 0x4f17, 0x4eb5, 0x4ef9, 0x4eb5, 0x4eb5,
    0x4eb5, 0x2e2f, 0x2e2f, 0x2e2f, 0x36b9, 0x36b9, 0x2e2f, 0x462f, 0x3294, 0x3294, 0x3294, 0x3294,
    0x3294, 0x3294, 0x575c, 0x575c, 0x4ef9, 0x4ef9, 0x4ef9, 0x4ef9, 0x36b9, 0x36b9, 0x4ef9, 0x4ef9,
    0x3f39, 0x36b9, 0x4ef9, 0x4ef9, 0x4ef9, 0x4ef9, 0x4ef9, 0x4ef9, 0x4ef9, 0x4ef9, 0x462f, 0x4ef9,
    0x4ef9, 0x4ef9, 0x4eb5, 0x4ef9, 0x4ef9, 0x4ef9, 0x4ef9, 0x4f17, 0x4eb5, 0x4eb5, 0x6716, 0x6716,
    0x4eb5, 0x6716, 0x6716, 0x4eb5, 0x6716, 0x4eb5, 0x575c, 0x575c, 0x575c, 0x575c, 0x2dd3, 0x4eb5,
    0x4ef9, 0x6716, 0x2dd3, 0x575c, 0x575c, 0x575c, 0x575c, 0x575c, 0x575c, 0x4eb5, 0x4eb5, 0x4eb5,
    0x4eb5, 0x4eb5, 0x4eb5, 0x10ea, 0x10ea, 0x10ea, 0x10ea, 0x884, 0x10ea, 0x884, 0x884, 0x1d92,
    0x1d92, 0x10ea, 0x10ea, 0x884, 0x1d92, 0x884, 0x10ea, 0x10ea, 0x1d92, 0x1d92, 0x10ea, 0x1d92,
    0x884, 0x10ea, 0x10ea, 0x884, 0x884, 0x884, 0x884, 0x884, 0x884, 0x884, 0x884, 0x884, 0x884,
    0x884, 0x884, 0x884, 0x884, 0x884, 0x884, 0x884, 0x884, 0x884, 0x884, 0x1d92, 0x1d92, 0x1d92,
    0x1d92, 0x1d92, 0x1d92, 0x884, 0x1d92, 0x884, 0x10ea, 0x10ea, 0x884, 0x884, 0x884, 0x10ea,
    0x10ea, 0x10ea, 0x10ea, 0x10ea, 0x10ea, 0x1d92, 0x36b9, 0x884, 0x1d92, 0x1d92, 0x1d92, 0x1d92,
    0x1d92, 0x1d92, 0x1d92, 0x1d92, 0x1d92, 0x1d92, 0x1d92, 0x1d92, 0x1d92, 0x1d92, 0x1d92, 0x884,
    0x1d92, 0x884, 0x884, 0x10ea, 0x10ea, 0x1d92, 0x10ea, 0x10ea, 0x10ea, 0x10ea, 0x10ea, 0x10ea,
    0x10ea, 0x884, 0x10ea, 0x10ea, 0x10ea, 0x10ea, 0x10ea, 0x10ea, 0x884, 0x884, 0x884, 0x884,
    0x10ea, 0x10ea, 0x10ea, 0x10ea, 0x884, 0x884, 0x884, 0x884, 0x10ea, 0x884, 0x884, 0x884, 0x884,
    0x10ea, 0x884, 0x10ea, 0x884, 0x884, 0x198b, 0x884, 0x10ea, 0x884, 0x10ea, 0x884, 0x10ea,
    0x6716, 0x6716, 0x6716, 0x6716, 0x6716, 0x6716, 0x6716, 0x6716, 0x6716, 0x6716, 0x6716, 0x6716,
    0x6716, 0x6716, 0x6716, 0x6716, 0x6716, 0x6716, 0x4eb5, 0x4eb5, 0x4eb5, 0x4f17, 0x4f17, 0x6716,
    0x6716, 0x4f17, 0x4f17, 0x4f17, 0x4f17, 0x4f17, 0x4f17, 0x4eb5, 0x4eb5, 0x3294, 0x2e2f, 0x2e2f,
    0x2e2f, 0x2dd3, 0x36b9, 0x36b9, 0x3294, 0x29ad, 0x462f, 0x3294, 0x4eb5, 0x4eb5, 0x3294, 0x2dd3,
    0x575c, 0x4ef9, 0x4ef9, 0x4ef9, 0x4ef9, 0x4ef9, 0x575c, 0x4ef9, 0x4ef9, 0x36b9, 0x4ef9, 0x4ef9,
    0x4ef9, 0x4ef9, 0x4ef9, 0x4ef9, 0x4ef9, 0x4ef9, 0x4ef9, 0x4ef9, 0x4ef9, 0x29ad, 0x4ef9, 0x4ef9,
    0x4ef9, 0x4ef9, 0x4f17, 0x4eb5, 0x4eb5, 0x4eb5, 0x462f, 0x6716, 0x4eb5, 0x6716, 0x6716, 0x6716,
    0x6716, 0x4eb5, 0x4eb5, 0x6716, 0x462f, 0x4ef9, 0x575c, 0x575c, 0x575c, 0x575c, 0x575c, 0x4ef9,
    0x6716, 0x4eb5, 0x36b9, 0x575c, 0x462f, 0x4eb5, 0x4eb5, 0x4eb5, 0x4eb5, 0x4eb5, 0x4eb5, 0x4eb5,
    0x4eb5, 0x884, 0x10ea, 0x10ea, 0x884, 0x10ea, 0x10ea, 0x10ea, 0x884, 0x1d92, 0x10ea, 0x1d92,
    0x10ea, 0x884, 0x884, 0x10ea, 0x10ea, 0x884, 0x884, 0x1d92, 0x1d92, 0x1d92, 0x10ea, 0x884,
    0x884, 0x884, 0x884, 0x10ea, 0x10ea, 0x10ea, 0x10ea, 0x884, 0x884, 0x884, 0x884, 0x10ea,
    0x10ea, 0x10ea, 0x884, 0x884, 0x884, 0x884, 0x10ea, 0x10ea, 0x1d92, 0x1d92, 0x1d92, 0x1d92,
    0x10ea, 0x10ea, 0x10ea, 0x10ea, 0x10ea, 0x10ea, 0x10ea, 0x10ea, 0x10ea, 0x10ea, 0x10ea, 0x10ea,
    0x10ea, 0x10ea, 0x884, 0x884, 0x884, 0x36b9, 0x10ea, 0x10ea, 0x10ea, 0x1d92, 0x10ea, 0x10ea,
    0x10ea, 0x1d92, 0x10ea, 0x10ea, 0x10ea, 0x10ea, 0x10ea, 0x10ea, 0x1d92, 0x1d92, 0x884, 0x1d92,
    0x884, 0x884, 0x884, 0x884, 0x1d92, 0x10ea, 0x884, 0x884, 0x884, 0x10ea, 0x10ea, 0x10ea,
    0x198b, 0x198b, 0x10ea, 0x10ea, 0x10ea, 0x10ea, 0x10ea, 0x10ea, 0x10ea, 0x10ea, 0x10ea, 0x10ea,
    0x10ea, 0x10ea, 0x10ea, 0x884, 0x884, 0x884, 0x884, 0x10ea, 0x10ea, 0x884, 0x10ea, 0x10ea,
    0x10ea, 0x884, 0x10ea, 0x884, 0x884, 0x198b, 0x884, 0x884, 0x10ea, 0x10ea, 0x884, 0x10ea,
    0x6716, 0x6716, 0x6716, 0x6716, 0x6716, 0x6716, 0x6716, 0x6716, 0x6716, 0x6716, 0x6716, 0x6716,
    0x6716, 0x6716, 0x6716, 0x6716, 0x6716, 0x6716, 0x6716, 0x4eb5, 0x6716, 0x4f17, 0x6716, 0x6716,
    0x4f17, 0x4eb5, 0x4eb5, 0x4eb5, 0x4eb5, 0x4eb5, 0x4f17, 0x3294, 0x462f, 0x2e2f, 0x2e2f, 0x2e2f,
    0x2e2f, 0x29ad, 0x2dd3, 0x36b9, 0x36b9, 0x3294, 0x462f, 0x4eb5, 0x3294, 0x4eb5, 0x3294, 0x3294,
    0x884, 0x4ef9, 0x4ef9, 0x4ef9, 0x4ef9, 0x575c, 0x4ef9, 0x4ef9, 0x4ef9, 0x4ef9, 0x4ef9, 0x4ef9,
    0x4ef9, 0x4ef9, 0x4ef9, 0x4ef9, 0x4eb5, 0x4ef9, 0x4ef9, 0x4eb5, 0x4ef9, 0x4ef9, 0x4ef9, 0x4ef9,
    0x4ef9, 0x4ef9, 0x4ef9, 0x4ef9, 0x4ef9, 0x4eb5, 0x4f17, 0x6716, 0x6716, 0x4eb5, 0x6716, 0x6716,
    0x6716, 0x6716, 0x4eb5, 0x6716, 0x6716, 0x6716, 0x6716, 0x462f, 0x575c, 0x575c, 0x575c, 0x575c,
    0x73bd, 0x462f, 0x29ad, 0x4eb5, 0x4eb5, 0x4eb5, 0x4eb5, 0x6716, 0x4eb5, 0x4eb5, 0x4eb5, 0x4eb5,
    0x4eb5, 0x884, 0x1d92, 0x884, 0x884, 0x10ea, 0x1d92, 0x1d92, 0x1d92, 0x1d92, 0x1d92, 0x1d92,
    0x1d92, 0x1d92, 0x1d92, 0x1d92, 0x1d92, 0x1d92, 0x1d92, 0x1d92, 0x1d92, 0x1d92, 0x1d92, 0x1d92,
    0x1d92, 0x1d92, 0x10ea, 0x10ea, 0x10ea, 0x10ea, 0x10ea, 0x10ea, 0x884, 0x10ea, 0x10ea, 0x10ea,
    0x884, 0x10ea, 0x884, 0x884, 0x884, 0x884, 0x10ea, 0x10ea, 0x10ea, 0x1d92, 0x1d92, 0x884,
    0x10ea, 0x10ea, 0x1d92, 0x1d92, 0x1d92, 0x1d92, 0x1d92, 0x1d92, 0x1d92, 0x10ea, 0x10ea, 0x10ea,
    0x10ea, 0x10ea, 0x10ea, 0x1d92, 0x36b9, 0x884, 0x1d92, 0x1d92, 0x1d92, 0x1d92, 0x1d92, 0x1d92,
    0x1d92, 0x1d92, 0x1d92, 0x1d92, 0x1d92, 0x1d92, 0x1d92, 0x1d92, 0x1d92, 0x1d92, 0x884, 0x1d92,
    0x10ea, 0x10ea, 0x10ea, 0x10ea, 0x10ea, 0x10ea, 0x10ea, 0x10ea, 0x10ea, 0x10ea, 0x884, 0x884,
    0x884, 0x884, 0x884, 0x884, 0x884, 0x884, 0x10ea, 0x10ea, 0x10ea, 0x10ea, 0x10ea, 0x10ea,
    0x10ea, 0x884, 0x10ea, 0x884, 0x10ea, 0x884, 0x884, 0x10ea, 0x10ea, 0x884, 0x10ea, 0x10ea,
    0x10ea, 0x10ea, 0x10ea, 0x884, 0x884, 0x198b, 0x884, 0x884, 0x10ea, 0x1d92, 0x10ea, 0x10ea,
    0x4eb5, 0x6716, 0x4eb5, 0x6716, 0x6716, 0x4eb5, 0x6716, 0x6716, 0x6716, 0x6716, 0x6716, 0x6716,
    0x6716, 0x6716, 0x6716, 0x6716, 0x6716, 0x6716, 0x6716, 0x4eb5, 0x4f17, 0x4f17, 0x4eb5, 0x4eb5,
    0x3294, 0x3294, 0x462f, 0x4eb5, 0x4eb5, 0x4eb5, 0x3294, 0x3294, 0x2e2f, 0x2e2f, 0x29ad, 0x29ad,
    0x2e2f, 0x29ad, 0x3294, 0x3294, 0x3294, 0x4ef9, 0x36b9, 0x3294, 0x4eb5, 0x4eb5, 0x4eb5, 0x4eb5,
    0x3294, 0x4ef9, 0x4ef9, 0x4ef9, 0x4ef9, 0x4ef9, 0x4ef9, 0x4ef9, 0x4ef9, 0x4ef9, 0x4ef9, 0x4ef9,
    0x575c, 0x4ef9, 0x4ef9, 0x4ef9, 0x4ef9, 0x4ef9, 0x4ef9, 0x4ef9, 0x4ef9, 0x4ef9, 0x4ef9, 0x4ef9,
    0x4ef9, 0x4eb5, 0x4f17, 0x4ef9, 0x4ef9, 0x4f17, 0x6716, 0x6716, 0x6716, 0x6716, 0x6716, 0x6716,
    0x6716, 0x6716, 0x6716, 0x6716, 0x6716, 0x6716, 0x6716, 0x6716, 0x6716, 0x6716, 0x4eb5, 0x4eb5,
    0x4eb5, 0x4eb5, 0x4eb5, 0x4eb5, 0x4eb5, 0x4eb5, 0x4eb5, 0x6716, 0x4eb5, 0x4eb5, 0x6716, 0x4eb5,
    0x4eb5, 0x1527, 0x1d92, 0x884, 0x884, 0x10ea, 0x1d92, 0x1d92, 0x1d92, 0x1d92, 0x10ea, 0x10ea,
    0x884, 0x884, 0x884, 0x884, 0x884, 0x10ea, 0x884, 0x1d92, 0x1d92, 0x1d92, 0x1d92, 0x1d92,
    0x1d92, 0x1d92, 0x1d92, 0x1d92, 0x1d92, 0x1d92, 0x1d92, 0x1d92, 0x1d92, 0x10ea, 0x10ea, 0x10ea,
    0x10ea, 0x1d92, 0x1d92, 0x884, 0x884, 0x884, 0x10ea, 0x10ea, 0x884, 0x1d92, 0x884, 0x1d92,
    0x1d92, 0x1d92, 0x1d92, 0x1d92, 0x1d92, 0x1d92, 0x1d92, 0x1d92, 0x1d92, 0x1d92, 0x1d92, 0x1d92,
    0x1d92, 0x1d92, 0x1d92, 0x1d92, 0x1d92, 0x10ea, 0x1d92, 0x884, 0x1d92, 0x10ea, 0x884, 0x884,
    0x884, 0x884, 0x884, 0x884, 0x884, 0x884, 0x884, 0x884, 0x884, 0x884, 0x10ea, 0x884, 0x884,
    0x884, 0x10ea, 0x884, 0x884, 0x884, 0x884, 0x884, 0x884, 0x884, 0x10ea, 0x10ea, 0x10ea, 0x10ea,
    0x10ea, 0x10ea, 0x10ea, 0x10ea, 0x10ea, 0x10ea, 0x10ea, 0x10ea, 0x884, 0x884, 0x884, 0x884,
    0x10ea, 0x884, 0x10ea, 0x884, 0x884, 0x10ea, 0x10ea, 0x884, 0x10ea, 0x10ea, 0x10ea, 0x10ea,
    0x10ea, 0x884, 0x884, 0x198b, 0x884, 0x10ea, 0x10ea, 0x198b, 0x10ea, 0x10ea, 0x4eb5, 0x4eb5,
    0x462f, 0x462f, 0x462f, 0x462f, 0x6716, 0x6716, 0x4eb5, 0x198b, 0x1527, 0x6716, 0x6716, 0x4eb5,
    0x4eb5, 0x4f17, 0x6716, 0x6716, 0x4eb5, 0x4eb5, 0x4eb5, 0x4eb5, 0x2dd3, 0x2dd3, 0x3294, 0x3294,
    0x2e2f, 0x2e2f, 0x2e2f, 0x2e2f, 0x3294, 0x3294, 0x2e2f, 0x29ad, 0x29ad, 0x29ad, 0x2e2f, 0x2e2f,
    0x4eb5, 0x3294, 0x3294, 0x3294, 0x4eb5, 0x4eb5, 0x462f, 0x4eb5, 0x3294, 0x4eb5, 0x3294, 0x198b,
    0x4ef9, 0x4ef9, 0x4ef9, 0x4ef9, 0x4ef9, 0x4ef9, 0x4ef9, 0x575c, 0x4ef9, 0x575c, 0x575c, 0x4ef9,
    0x4ef9, 0x4ef9, 0x4ef9, 0x4ef9, 0x4ef9, 0x4ef9, 0x4ef9, 0x4ef9, 0x4ef9, 0x4ef9, 0x4f17, 0x575c,
    0x6716, 0x6716, 0x6716, 0x6716, 0x6716, 0x6716, 0x575c, 0x6716, 0x6716, 0x6716, 0x6716, 0x6716,
    0x6716, 0x6716, 0x6716, 0x6716, 0x462f, 0x462f, 0x462f, 0x4eb5, 0x4eb5, 0x4eb5, 0x4eb5, 0x4eb5,
    0x4eb5, 0x4eb5, 0x6716, 0x6716, 0x4eb5, 0x4eb5, 0x4eb5, 0x4eb5, 0x4eb5, 0x4eb5, 0x4eb5, 0x6716,
    0x36b9, 0x884, 0x10ea, 0x884, 0x884, 0x10ea, 0x1d92, 0x1d92, 0x1d92, 0x1d92, 0x1d92, 0x1d92,
    0x1d92, 0x10ea, 0x10ea, 0x1d92, 0x884, 0x1d92, 0x1d92, 0x1d92, 0x1d92, 0x1d92, 0x884, 0x884,
    0x884, 0x884, 0x884, 0x884, 0x884, 0x884, 0x1d92, 0x10ea, 0x10ea, 0x10ea, 0x10ea, 0x10ea,
    0x1d92, 0x884, 0x10ea, 0x884, 0x884, 0x884, 0x884, 0x884, 0x1d92, 0x1d92, 0x884, 0x1d92,
    0x1d92, 0x884, 0x884, 0x884, 0x10ea, 0x10ea, 0x884, 0x884, 0x884, 0x884, 0x884, 0x884, 0x10ea,
    0x1d92, 0x1d92, 0x1d92, 0x36b9, 0x884, 0x3f39, 0x2e2f, 0x1d92, 0x1d92, 0x1d92, 0x1d92, 0x1d92,
    0x1d92, 0x1d92, 0x1d92, 0x10ea, 0x36b9, 0x36b9, 0x36b9, 0x3294, 0x575c, 0x1d92, 0x3294, 0x29ad,
    0x29ad, 0x198b, 0x198b, 0x198b, 0x29ad, 0x29ad, 0x29ad, 0x198b, 0x884, 0x884, 0x884, 0x884,
    0x884, 0x10ea, 0x10ea, 0x10ea, 0x10ea, 0x10ea, 0x10ea, 0x10ea, 0x10ea, 0x10ea, 0x10ea, 0x10ea,
    0x884, 0x884, 0x884, 0x884, 0x10ea, 0x10ea, 0x10ea, 0x10ea, 0x10ea, 0x10ea, 0x10ea, 0x10ea,
    0x884, 0x884, 0x198b, 0x884, 0x10ea, 0x10ea, 0x198b, 0x10ea, 0x1d92, 0x4eb5, 0x4eb5, 0x3294,
    0x884, 0x462f, 0x462f, 0x462f, 0x29ad, 0x462f, 0x462f, 0x462f, 0x29ad, 0x1527, 0x4eb5, 0x4eb5,
    0x4eb5, 0x4eb5, 0x4eb5, 0x4eb5, 0x462f, 0x2dd3, 0x2dd3, 0x3294, 0x3294, 0x3294, 0x3294, 0x462f,
    0x462f, 0x2e2f, 0x2e2f, 0x2e2f, 0x2e2f, 0x2e2f, 0x29ad, 0x29ad, 0x29ad, 0x2e2f, 0x2e2f, 0x2e2f,
    0x3294, 0x3294, 0x3294, 0x4eb5, 0x462f, 0x462f, 0x4eb5, 0x4eb5, 0x462f, 0x462f, 0x2dd3, 0x575c,
    0x575c, 0x4ef9, 0x575c, 0x575c, 0x4ef9, 0x4ef9, 0x575c, 0x575c, 0x575c, 0x575c, 0x575c, 0x575c,
    0x575c, 0x4ef9, 0x4ef9, 0x6716, 0x6716, 0x6716, 0x6716, 0x6716, 0x4ef9, 0x6716, 0x575c, 0x575c,
    0x575c, 0x575c, 0x575c, 0x575c, 0x575c, 0x575c, 0x6716, 0x6716, 0x6716, 0x6716, 0x6716, 0x6716,
    0x6716, 0x462f, 0x4eb5, 0x4eb5, 0x4eb5, 0x4eb5, 0x4eb5, 0x4eb5, 0x4eb5, 0x6716, 0x4eb5, 0x4eb5,
    0x4eb5, 0x4eb5, 0x4eb5, 0x6716, 0x4eb5, 0x4eb5, 0x4eb5, 0x4eb5, 0x4eb5, 0x6716, 0x4f17, 0x36b9,
    0x884, 0x10ea, 0x10ea, 0x10ea, 0x1d92, 0x1d92, 0x1d92, 0x1d92, 0x10ea, 0x10ea, 0x10ea, 0x10ea,
    0x10ea, 0x10ea, 0x10ea, 0x884, 0x1d92, 0x1d92, 0x1d92, 0x1d92, 0x1d92, 0x10ea, 0x884, 0x884,
    0x1d92, 0x10ea, 0x1d92, 0x10ea, 0x10ea, 0x10ea, 0x10ea, 0x1d92, 0x10ea, 0x10ea, 0x1d92, 0x1d92,
    0x10ea, 0x10ea, 0x884, 0x10ea, 0x10ea, 0x10ea, 0x1d92, 0x1d92, 0x1d92, 0x10ea, 0x1d92, 0x1d92,
    0x884, 0x10ea, 0x1d92, 0x1d92, 0x1d92, 0x1d92, 0x1d92, 0x1d92, 0x1d92, 0x1d92, 0x1d92, 0x884,
    0x1d92, 0x1d92, 0x10ea, 0x36b9, 0x1d92, 0x575c, 0x575c, 0x1d92, 0x198b, 0x10ea, 0x884, 0x884,
    0x884, 0x884, 0x884, 0x36b9, 0x36b9, 0x36b9, 0x36b9, 0x3294, 0x575c, 0x575c, 0x3294, 0x198b,
    0x198b, 0x29ad, 0x29ad, 0x29ad, 0x10ea, 0x198b, 0x29ad, 0x29ad, 0x29ad, 0x29ad, 0x198b, 0x198b,
    0x29ad, 0x29ad, 0x884, 0x29ad, 0x884, 0x884, 0x884, 0x884, 0x884, 0x884, 0x884, 0x10ea, 0x884,
    0x884, 0x884, 0x884, 0x884, 0x884, 0x884, 0x884, 0x884, 0x884, 0x884, 0x884, 0x884, 0x884,
    0x29ad, 0x10ea, 0x10ea, 0x10ea, 0x198b, 0x884, 0x1d92, 0x10ea, 0x1e2f, 0x1e2f, 0x884, 0x462f,
    0x462f, 0x462f, 0x462f, 0x462f, 0x462f, 0x462f, 0x462f, 0x29ad, 0x29ad, 0x462f, 0x4eb5, 0x462f,
    0x4eb5, 0x4eb5, 0x4eb5, 0x462f, 0x2dd3, 0x3294, 0x2dd3, 0x462f, 0x462f, 0x462f, 0x2e2f, 0x2e2f,
    0x2e2f, 0x2e2f, 0x2e2f, 0x2e2f, 0x2e2f, 0x29ad, 0x2e2f, 0x29ad, 0x29ad, 0x462f, 0x3294, 0x462f,
    0x3294, 0x462f, 0x462f, 0x4eb5, 0x462f, 0x4eb5, 0x4eb5, 0x462f, 0x4eb5, 0x29ad, 0x575c, 0x575c,
    0x4ef9, 0x575c, 0x575c, 0x575c, 0x575c, 0x575c, 0x575c, 0x575c, 0x575c, 0x575c, 0x575c, 0x575c,
    0x4ef9, 0x4ef9, 0x575c, 0x575c, 0x6716, 0x575c, 0x575c, 0x575c, 0x575c, 0x575c, 0x575c, 0x575c,
    0x575c, 0x575c, 0x575c, 0x6716, 0x6716, 0x6716, 0x6716, 0x6f57, 0x4eb5, 0x462f, 0x4eb5, 0x4eb5,
    0x4eb5, 0x4eb5, 0x4eb5, 0x4eb5, 0x4eb5, 0x4eb5, 0x3294, 0x10ea, 0x884, 0x4eb5, 0x1e2f, 0x2e2f,
    0x4eb5, 0x4eb5, 0x6716, 0x4eb5, 0x4eb5, 0x4eb5, 0x4eb5, 0x4eb5, 0x29ad, 0x36b9, 0x884, 0x884,
    0x10ea, 0x10ea, 0x1d92, 0x1d92, 0x1d92, 0x1d92, 0x10ea, 0x10ea, 0x884, 0x462f, 0x10ea, 0x4eb5,
    0x10ea, 0x884, 0x10ea, 0x1d92, 0x10ea, 0x10ea, 0x1d92, 0x10ea, 0x884, 0x884, 0x884, 0x4eb5,
    0x10ea, 0x198b, 0x4eb5, 0x10ea, 0x10ea, 0x10ea, 0x10ea, 0x10ea, 0x10ea, 0x1d92, 0x10ea, 0x884,
    0x884, 0x10ea, 0x10ea, 0x1d92, 0x884, 0x1d92, 0x1d92, 0x10ea, 0x1d92, 0x1d92, 0x884, 0x10ea,
    0x10ea, 0x1d92, 0x884, 0x884, 0x1d92, 0x1d92, 0x884, 0x10ea, 0x1d92, 0x884, 0x1d92, 0x1d92,
    0x36b9, 0x884, 0x1d92, 0x3294, 0x3f39, 0x4ef9, 0x29ad, 0x884, 0x884, 0x884, 0x1d92, 0x884,
    0x884, 0x575c, 0x36b9, 0x36b9, 0x36b9, 0x1d92, 0x575c, 0x575c, 0x3294, 0x10ea, 0x198b, 0x198b,
    0x29ad, 0x29ad, 0x884, 0x10ea, 0x884, 0x29ad, 0x29ad, 0x29ad, 0x29ad, 0x29ad, 0x29ad, 0x29ad,
    0x29ad, 0x29ad, 0x29ad, 0x29ad, 0x198b, 0x29ad, 0x29ad, 0x29ad, 0x29ad, 0x462f, 0x29ad, 0x29ad,
    0x10ea, 0x10ea, 0x10ea, 0x10ea, 0x198b, 0x10ea, 0x198b, 0x198b, 0x198b, 0x198b, 0x10ea, 0x884,
    0x29ad, 0x10ea, 0x10ea, 0x10ea, 0x198b, 0x884, 0x1d92, 0x36b9, 0x198b, 0x1e2f, 0x29ad, 0x29ad,
    0x29ad, 0x29ad, 0x29ad, 0x462f, 0x462f, 0x462f, 0x29ad, 0x29ad, 0x29ad, 0x29ad, 0x29ad, 0x29ad,
    0x29ad, 0x4eb5, 0x6716, 0x4eb5, 0x462f, 0x462f, 0x462f, 0x462f, 0x462f, 0x2e2f, 0x462f, 0x2e2f,
    0x2e2f, 0x2e2f, 0x2e2f, 0x2e2f, 0x2e2f, 0x2e2f, 0x2e2f, 0x3294, 0x2e2f, 0x2e2f, 0x4ef9, 0x3294,
    0x2dd3, 0x3294, 0x4eb5, 0x4eb5, 0x4eb5, 0x462f, 0x462f, 0x4eb5, 0x462f, 0x462f, 0x2e2f, 0x575c,
    0x4ef9, 0x4ef9, 0x4ef9, 0x4ef9, 0x575c, 0x575c, 0x575c, 0x4ef9, 0x575c, 0x575c, 0x4ef9, 0x575c,
    0x4ef9, 0x575c, 0x575c, 0x575c, 0x575c, 0x575c, 0x575c, 0x4ef9, 0x575c, 0x575c, 0x6716, 0x6716,
    0x6716, 0x6716, 0x6716, 0x6716, 0x6f57, 0x462f, 0x462f, 0x4eb5, 0x4eb5, 0x4eb5, 0x4eb5, 0x4eb5,
    0x4eb5, 0x4eb5, 0x2dd3, 0x10ea, 0x6716, 0x4eb5, 0x3294, 0x3294, 0x3294, 0x198b, 0x1e2f, 0x1e2f,
    0x6716, 0x4eb5, 0x6716, 0x4eb5, 0x4eb5, 0x4eb5, 0x4eb5, 0x4eb5, 0x6716, 0x36b9, 0x884, 0x884,
    0x10ea, 0x10ea, 0x1d92, 0x1d92, 0x1d92, 0x1d92, 0x10ea, 0x10ea, 0x884, 0x462f, 0x10ea, 0x6716,
    0x10ea, 0x884, 0x1d92, 0x1d92, 0x1d92, 0x1d92, 0x1d92, 0x10ea, 0x884, 0x884, 0x884, 0x4eb5,
    0x10ea, 0x1527, 0x4eb5, 0x10ea, 0x10ea, 0x1d92, 0x10ea, 0x1d92, 0x1d92, 0x1d92, 0x1d92, 0x884,
    0x884, 0x10ea, 0x1d92, 0x1d92, 0x884, 0x1d92, 0x1d92, 0x1d92, 0x1d92, 0x1d92, 0x10ea, 0x10ea,
    0x1d92, 0x1d92, 0x1d92, 0x1d92, 0x36b9, 0x1d92, 0x884, 0x1d92, 0x1d92, 0x884, 0x1d92, 0x1d92,
    0x36b9, 0x2dd3, 0x1d92, 0x884, 0x36b9, 0x3f39, 0x29ad, 0x884, 0x884, 0x29ad, 0x2dd3, 0x462f,
    0x884, 0x3f39, 0x575c, 0x3f39, 0x36b9, 0x1d92, 0x3f39, 0x3f39, 0x2dd3, 0x10ea, 0x29ad, 0x198b,
    0x29ad, 0x29ad, 0x29ad, 0x29ad, 0x29ad, 0x29ad, 0x29ad, 0x29ad, 0x29ad, 0x2e2f, 0x884, 0x884,
    0x884, 0x29ad, 0x29ad, 0x462f, 0x29ad, 0x462f, 0x462f, 0x29ad, 0x29ad, 0x29ad, 0x29ad, 0x29ad,
    0x884, 0x884, 0x884, 0x884, 0x884, 0x884, 0x10ea, 0x10ea, 0x10ea, 0x10ea, 0x884, 0x884, 0x29ad,
    0x10ea, 0x10ea, 0x10ea, 0x198b, 0x884, 0x1d92, 0x36b9, 0x36b9, 0x462f, 0x29ad, 0x29ad, 0x29ad,
    0x29ad, 0x29ad, 0x29ad, 0x462f, 0x29ad, 0x462f, 0x29ad, 0x29ad, 0x29ad, 0x29ad, 0x29ad, 0x29ad,
    0x29ad, 0x4eb5, 0x6716, 0x462f, 0x4eb5, 0x462f, 0x462f, 0x462f, 0x462f, 0x462f, 0x462f, 0x462f,
    0x2e2f, 0x2e2f, 0x2e2f, 0x2e2f, 0x2e2f, 0x3294, 0x3294, 0x36b9, 0x462f, 0x2e2f, 0x3294, 0x36b9,
    0x3294, 0x3294, 0x2e2f, 0x2e2f, 0x4eb5, 0x2e2f, 0x462f, 0x462f, 0x462f, 0x462f, 0x4eb5, 0x29ad,
    0x4ef9, 0x4ef9, 0x4ef9, 0x4ef9, 0x4ef9, 0x575c, 0x575c, 0x575c, 0x575c, 0x4ef9, 0x4ef9, 0x575c,
    0x575c, 0x575c, 0x575c, 0x575c, 0x575c, 0x575c, 0x575c, 0x575c, 0x6716, 0x6716, 0x6716, 0x4f17,
    0x6716, 0x6716, 0x29ad, 0x6716, 0x4eb5, 0x4eb5, 0x4eb5, 0x4eb5, 0x4eb5, 0x4eb5, 0x4eb5, 0x4eb5,
    0x4eb5, 0x4eb5, 0x1d92, 0x1d92, 0x3294, 0x36b9, 0x1e2f, 0x1e2f, 0x1e2f, 0x1e2f, 0x1e2f, 0x3f39,
    0x6716, 0x4eb5, 0x6716, 0x6716, 0x4eb5, 0x4eb5, 0x4eb5, 0x6716, 0x36b9, 0x884, 0x884, 0x10ea,
    0x1d92, 0x1d92, 0x1d92, 0x1d92, 0x1d92, 0x10ea, 0x10ea, 0x1d92, 0x10ea, 0x1d92, 0x10ea, 0x10ea,
    0x884, 0x1d92, 0x1d92, 0x1d92, 0x1d92, 0x1d92, 0x10ea, 0x884, 0x884, 0x10ea, 0x10ea, 0x1d92,
    0x10ea, 0x10ea, 0x10ea, 0x10ea, 0x1d92, 0x1d92, 0x1d92, 0x1d92, 0x1d92, 0x1d92, 0x884, 0x884,
    0x10ea, 0x884, 0x1527, 0x884, 0x884, 0x1d92, 0x1d92, 0x1d92, 0x1d92, 0x10ea, 0x10ea, 0x1d92,
    0x1d92, 0x884, 0x1d92, 0x1d92, 0x1d92, 0x1d92, 0x1d92, 0x1d92, 0x884, 0x1d92, 0x1d92, 0x36b9,
    0x575c, 0x36b9, 0x10ea, 0x3f39, 0x3f39, 0x29ad, 0x884, 0x884, 0x1527, 0x2dd3, 0x462f, 0x884,
    0x4ef9, 0x4ef9, 0x36b9, 0x36b9, 0x36b9, 0x36b9, 0x10ea, 0x1d92, 0x198b, 0x29ad, 0x29ad, 0x29ad,
    0x29ad, 0x10ea, 0x10ea, 0x29ad, 0x29ad, 0x29ad, 0x29ad, 0x29ad, 0x29ad, 0x10ea, 0x198b, 0x10ea,
    0x884, 0x884, 0x10ea, 0x462f, 0x29ad, 0x29ad, 0x29ad, 0x29ad, 0x1527, 0x29ad, 0x29ad, 0x884,
    0x884, 0x10ea, 0x10ea, 0x10ea, 0x10ea, 0x10ea, 0x10ea, 0x10ea, 0x10ea, 0x884, 0x884, 0x29ad,
    0x10ea, 0x10ea, 0x10ea, 0x198b, 0x884, 0x1d92, 0x1e2f, 0x36b9, 0x1e2f, 0x29ad, 0x29ad, 0x29ad,
    0x29ad, 0x29ad, 0x29ad, 0x29ad, 0x462f, 0x462f, 0x29ad, 0x29ad, 0x29ad, 0x29ad, 0x29ad, 0x29ad,
    0x29ad, 0x4eb5, 0x884, 0x4eb5, 0x6716, 0x462f, 0x462f, 0x462f, 0x462f, 0x462f, 0x462f, 0x462f,
    0x462f, 0x198b, 0x2e2f, 0x2e2f, 0x2e2f, 0x3294, 0x3294, 0x36b9, 0x36b9, 0x36b9, 0x3294, 0x3294,
    0x3294, 0x2e2f, 0x2e2f, 0x2e2f, 0x2e2f, 0x3294, 0x3294, 0x462f, 0x462f, 0x198b, 0x462f, 0x462f,
    0x29ad, 0x575c, 0x4ef9, 0x4ef9, 0x4ef9, 0x4ef9, 0x575c, 0x575c, 0x575c, 0x575c, 0x575c, 0x4ef9,
    0x4ef9, 0x4ef9, 0x4ef9, 0x6716, 0x4f17, 0x575c, 0x575c, 0x575c, 0x575c, 0x6716, 0x6716, 0x6716,
    0x462f, 0x4eb5, 0x4eb5, 0x4eb5, 0x4eb5, 0x4eb5, 0x4eb5, 0x4eb5, 0x4eb5, 0x4eb5, 0x4eb5, 0x4eb5,
    0x6716, 0x462f, 0x36b9, 0x36b9, 0x1e2f, 0x1e2f, 0x1e2f, 0x1527, 0x198b, 0x198b, 0x198b, 0x3294,
    0x4eb5, 0x29ad, 0x1e2f, 0x1e2f, 0x29ad, 0x6716, 0x4eb5, 0x4eb5, 0x36b9, 0x884, 0x884, 0x884,
    0x884, 0x884, 0x10ea, 0x1d92, 0x1d92, 0x10ea, 0x1d92, 0x462f, 0x4eb5, 0x10ea, 0x4eb5, 0x10ea,
    0x884, 0x1d92, 0x1d92, 0x1d92, 0x1d92, 0x2dd3, 0x10ea, 0x884, 0x884, 0x884, 0x462f, 0x10ea,
    0x884, 0x4eb5, 0x10ea, 0x10ea, 0x1d92, 0x1d92, 0x1d92, 0x1d92, 0x1d92, 0x1d92, 0x10ea, 0x884,
    0x10ea, 0x1d92, 0x4f17, 0x884, 0x884, 0x1d92, 0x1d92, 0x1d92, 0x1d92, 0x884, 0x10ea, 0x1d92,
    0x1d92, 0x1d92, 0x36b9, 0x36b9, 0x1d92, 0x1d92, 0x1d92, 0x1d92, 0x884, 0x1d92, 0x1d92, 0x36b9,
    0x3f39, 0x198b, 0x1d92, 0x575c, 0x3f39, 0x29ad, 0x884, 0x884, 0x10ea, 0x1d92, 0x884, 0x884,
    0x3f39, 0x3f39, 0x36b9, 0x36b9, 0x36b9, 0x36b9, 0x36b9, 0x36b9, 0x884, 0x29ad, 0x29ad, 0x29ad,
    0x29ad, 0x29ad, 0x29ad, 0x29ad, 0x29ad, 0x29ad, 0x29ad, 0x2e2f, 0x2e2f, 0x10ea, 0x884, 0x884,
    0x10ea, 0x10ea, 0x884, 0x462f, 0x2e2f, 0x29ad, 0x29ad, 0x29ad, 0x29ad, 0x29ad, 0x462f, 0x884,
    0x884, 0x10ea, 0x10ea, 0x884, 0x884, 0x10ea, 0x10ea, 0x10ea, 0x10ea, 0x884, 0x884, 0x29ad,
    0x10ea, 0x10ea, 0x10ea, 0x198b, 0x10ea, 0x1d92, 0x29ad, 0x29ad, 0x462f, 0x462f, 0x29ad, 0x29ad,
    0x29ad, 0x29ad, 0x29ad, 0x29ad, 0x29ad, 0x462f, 0x29ad, 0x29ad, 0x29ad, 0x29ad, 0x29ad, 0x29ad,
    0x29ad, 0x1527, 0x29ad, 0x2e2f, 0x6716, 0x4eb5, 0x4eb5, 0x462f, 0x462f, 0x462f, 0x462f, 0x2e2f,
    0x462f, 0x29ad, 0x29ad, 0x2e2f, 0x2e2f, 0x4eb5, 0x4eb5, 0x36b9, 0x36b9, 0x3294, 0x3294, 0x3294,
    0x36b9, 0x2e2f, 0x2e2f, 0x2e2f, 0x2e2f, 0x2e2f, 0x3294, 0x2e2f, 0x2e2f, 0x462f, 0x462f, 0x462f,
    0x462f, 0x462f, 0x1527, 0x29ad, 0x2e2f, 0x4ef9, 0x4f17, 0x575c, 0x4ef9, 0x4ef9, 0x4ef9, 0x4ef9,
    0x4ef9, 0x4ef9, 0x6716, 0x4eb5, 0x6716, 0x4eb5, 0x4eb5, 0x4eb5, 0x462f, 0x4eb5, 0x462f, 0x4eb5,
    0x4eb5, 0x4eb5, 0x4eb5, 0x4eb5, 0x4eb5, 0x4eb5, 0x4eb5, 0x4eb5, 0x4eb5, 0x29ad, 0x4eb5, 0x4eb5,
    0x198b, 0x36b9, 0x36b9, 0x1e2f, 0x1e2f, 0x1e2f, 0x1e2f, 0x1527, 0x198b, 0x1e2f, 0x198b, 0x1e2f,
    0x6716, 0x884, 0x1e2f, 0x1e2f, 0x3294, 0x198b, 0x4eb5, 0x6716, 0x36b9, 0x884, 0x10ea, 0x10ea,
    0x1d92, 0x1d92, 0x1d92, 0x1d92, 0x36b9, 0x10ea, 0x1d92, 0x29ad, 0x4eb5, 0x10ea, 0x4eb5, 0x10ea,
    0x884, 0x1d92, 0x1d92, 0x1d92, 0x1d92, 0x1d92, 0x10ea, 0x884, 0x884, 0x884, 0x29ad, 0x10ea,
    0x884, 0x29ad, 0x10ea, 0x10ea, 0x1d92, 0x1d92, 0x1d92, 0x1d92, 0x1d92, 0x1d92, 0x10ea, 0x884,
    0x10ea, 0x1d92, 0x29ad, 0x10ea, 0x884, 0x1d92, 0x1d92, 0x1d92, 0x1d92, 0x10ea, 0x10ea, 0x1d92,
    0x1d92, 0x1d92, 0x1d92, 0x884, 0x884, 0x1d92, 0x10ea, 0x1d92, 0x10ea, 0x1d92, 0x1d92, 0x36b9,
    0x3f39, 0x10ea, 0x1d92, 0x198b, 0x3f39, 0x29ad, 0x884, 0x2e2f, 0x462f, 0x1d92, 0x462f, 0x884,
    0x36b9, 0x36b9, 0x36b9, 0x3f39, 0x36b9, 0x3f39, 0x10ea, 0x36b9, 0x10ea, 0x29ad, 0x29ad, 0x29ad,
    0x29ad, 0x29ad, 0x29ad, 0x29ad, 0x29ad, 0x29ad, 0x29ad, 0x29ad, 0x2e2f, 0x884, 0x884, 0x884,
    0x10ea, 0x198b, 0x884, 0x29ad, 0x29ad, 0x29ad, 0x29ad, 0x29ad, 0x29ad, 0x29ad, 0x29ad, 0x884,
    0x884, 0x10ea, 0x884, 0x10ea, 0x10ea, 0x10ea, 0x10ea, 0x10ea, 0x10ea, 0x884, 0x884, 0x29ad,
    0x10ea, 0x198b, 0x10ea, 0x198b, 0x10ea, 0x1d92, 0x462f, 0x462f, 0x462f, 0x462f, 0x462f, 0x462f,
    0x462f, 0x29ad, 0x29ad, 0x29ad, 0x29ad, 0x29ad, 0x29ad, 0x29ad, 0x29ad, 0x29ad, 0x29ad, 0x29ad,
    0x29ad, 0x29ad, 0x29ad, 0x29ad, 0x198b, 0x462f, 0x4eb5, 0x4eb5, 0x4eb5, 0x6716, 0x4eb5, 0x4eb5,
    0x2e2f, 0x462f, 0x462f, 0x29ad, 0x1527, 0x4eb5, 0x4eb5, 0x3294, 0x36b9, 0x36b9, 0x36b9, 0x36b9,
    0x36b9, 0x4eb5, 0x29ad, 0x462f, 0x2e2f, 0x462f, 0x2e2f, 0x2e2f, 0x462f, 0x462f, 0x462f, 0x462f,
    0x462f, 0x462f, 0x462f, 0x462f, 0x462f, 0x462f, 0x4ef9, 0x4ef9, 0x4ef9, 0x4ef9, 0x4ef9, 0x4ef9,
    0x4ef9, 0x4ef9, 0x4ef9, 0x4f17, 0x4eb5, 0x4eb5, 0x4eb5, 0x4eb5, 0x4eb5, 0x4eb5, 0x4eb5, 0x4eb5,
    0x4eb5, 0x4eb5, 0x4eb5, 0x4eb5, 0x4eb5, 0x4eb5, 0x4eb5, 0x4eb5, 0x4ef9, 0x36b9, 0x36b9, 0x4eb5,
    0x4f17, 0x36b9, 0x1d92, 0x1e2f, 0x1e2f, 0x1e2f, 0x1e2f, 0x1527, 0x198b, 0x198b, 0x198b, 0x1527,
    0x198b, 0x1e2f, 0x1e2f, 0x1e2f, 0x1e2f, 0x1e2f, 0x6716, 0x4eb5, 0x36b9, 0x884, 0x10ea, 0x884,
    0x10ea, 0x10ea, 0x1d92, 0x36b9, 0x36b9, 0x10ea, 0x10ea, 0x36b9, 0x36b9, 0x2dd3, 0x3f39, 0x10ea,
    0x884, 0x1d92, 0x884, 0x1d92, 0x1d92, 0x1d92, 0x10ea, 0x884, 0x884, 0x36b9, 0x36b9, 0x2dd3,
    0x4ef9, 0x4ef9, 0x10ea, 0x10ea, 0x1d92, 0x1d92, 0x1d92, 0x1d92, 0x1d92, 0x1d92, 0x10ea, 0x884,
    0x10ea, 0x1d92, 0x884, 0x884, 0x10ea, 0x1d92, 0x1d92, 0x1d92, 0x1d92, 0x10ea, 0x10ea, 0x1d92,
    0x1d92, 0x1d92, 0x1d92, 0x10ea, 0x1d92, 0x1d92, 0x10ea, 0x1d92, 0x10ea, 0x1d92, 0x1d92, 0x36b9,
    0x3f39, 0x575c, 0x2dd3, 0x884, 0x575c, 0x198b, 0x1d92, 0x1d92, 0x1d92, 0x1d92, 0x29ad, 0x884,
    0x36b9, 0x36b9, 0x36b9, 0x3f39, 0x3f39, 0x36b9, 0x4ef9, 0x3294, 0x198b, 0x29ad, 0x29ad, 0x29ad,
    0x29ad, 0x29ad, 0x29ad, 0x29ad, 0x29ad, 0x29ad, 0x29ad, 0x29ad, 0x29ad, 0x10ea, 0x10ea, 0x10ea,
    0x1d92, 0x198b, 0x884, 0x29ad, 0x29ad, 0x29ad, 0x462f, 0x2e2f, 0x29ad, 0x29ad, 0x2e2f, 0x10ea,
    0x10ea, 0x10ea, 0x884, 0x10ea, 0x10ea, 0x10ea, 0x884, 0x10ea, 0x10ea, 0x884, 0x884, 0x29ad,
    0x10ea, 0x198b, 0x10ea, 0x884, 0x10ea, 0x1d92, 0x462f, 0x462f, 0x462f, 0x462f, 0x462f, 0x462f,
    0x462f, 0x29ad, 0x29ad, 0x29ad, 0x29ad, 0x29ad, 0x29ad, 0x462f, 0x462f, 0x29ad, 0x29ad, 0x29ad,
    0x29ad, 0x29ad, 0x29ad, 0x29ad, 0x29ad, 0x29ad, 0x4f17, 0x29ad, 0x29ad, 0x4eb5, 0x4eb5, 0x4eb5,
    0x4eb5, 0x462f, 0x462f, 0x2e2f, 0x2e2f, 0x4f17, 0x4eb5, 0x4eb5, 0x3294, 0x4eb5, 0x36b9, 0x3294,
    0x3294, 0x4eb5, 0x2e2f, 0x2e2f, 0x462f, 0x462f, 0x462f, 0x462f, 0x462f, 0x462f, 0x462f, 0x462f,
    0x462f, 0x462f, 0x462f, 0x462f, 0x462f, 0x462f, 0x198b, 0x198b, 0x4ef9, 0x4eb5, 0x4ef9, 0x4ef9,
    0x4ef9, 0x4ef9, 0x4ef9, 0x4ef9, 0x4eb5, 0x4eb5, 0x4eb5, 0x4eb5, 0x4eb5, 0x4eb5, 0x4eb5, 0x4eb5,
    0x4eb5, 0x4eb5, 0x4eb5, 0x4eb5, 0x4eb5, 0x462f, 0x4eb5, 0x4eb5, 0x10ea, 0x1e2f, 0x1e2f, 0x3294,
    0x4eb5, 0x1d92, 0x36b9, 0x1e2f, 0x1e2f, 0x1e2f, 0x198b, 0x198b, 0x198b, 0x198b, 0x198b, 0x198b,
    0x1e2f, 0x1e2f, 0x198b, 0x198b, 0x198b, 0x1e2f, 0x1e2f, 0x4eb5, 0x36b9, 0x1d92, 0x3f39, 0x1d92,
    0x1d92, 0x1d92, 0x1d92, 0x1d92, 0x1d92, 0x10ea, 0x1d92, 0x884, 0x884, 0x10ea, 0x10ea, 0x10ea,
    0x884, 0x575c, 0x10ea, 0x3f39, 0x10ea, 0x36b9, 0x1d92, 0x884, 0x884, 0x884, 0x1527, 0x10ea,
    0x884, 0x1527, 0x10ea, 0x884, 0x1d92, 0x1d92, 0x1d92, 0x1d92, 0x1d92, 0x1d92, 0x10ea, 0x884,
    0x10ea, 0x1d92, 0x1d92, 0x1d92, 0x1d92, 0x10ea, 0x1d92, 0x1d92, 0x1d92, 0x10ea, 0x10ea, 0x1d92,
    0x1d92, 0x1d92, 0x1d92, 0x1d92, 0x1d92, 0x10ea, 0x10ea, 0x1d92, 0x10ea, 0x1d92, 0x1d92, 0x3f39,
    0x575c, 0x575c, 0x36b9, 0x1d92, 0x2dd3, 0x1d92, 0x1d92, 0x10ea, 0x198b, 0x1527, 0x884, 0x884,
    0x3f39, 0x36b9, 0x36b9, 0x575c, 0x575c, 0x575c, 0x575c, 0x575c, 0x29ad, 0x29ad, 0x2e2f, 0x29ad,
    0x29ad, 0x29ad, 0x29ad, 0x29ad, 0x29ad, 0x29ad, 0x29ad, 0x29ad, 0x29ad, 0x884, 0x884, 0x29ad,
    0x1d92, 0x198b, 0x884, 0x29ad, 0x29ad, 0x29ad, 0x462f, 0x29ad, 0x29ad, 0x29ad, 0x29ad, 0x10ea,
    0x10ea, 0x10ea, 0x884, 0x10ea, 0x884, 0x10ea, 0x884, 0x10ea, 0x10ea, 0x884, 0x884, 0x29ad,
    0x10ea, 0x198b, 0x10ea, 0x198b, 0x10ea, 0x198b, 0x462f, 0x462f, 0x462f, 0x462f, 0x462f, 0x462f,
    0x462f, 0x462f, 0x29ad, 0x462f, 0x29ad, 0x29ad, 0x462f, 0x462f, 0x462f, 0x29ad, 0x29ad, 0x29ad,
    0x29ad, 0x29ad, 0x29ad, 0x29ad, 0x29ad, 0x29ad, 0x29ad, 0x29ad, 0x198b, 0x462f, 0x4eb5, 0x4eb5,
    0x4eb5, 0x462f, 0x462f, 0x462f, 0x462f, 0x2e2f, 0x2e2f, 0x4f17, 0x3294, 0x4eb5, 0x4eb5, 0x4eb5,
    0x4eb5, 0x4eb5, 0x462f, 0x29ad, 0x2e2f, 0x462f, 0x462f, 0x2e2f, 0x462f, 0x462f, 0x462f, 0x462f,
    0x462f, 0x462f, 0x462f, 0x462f, 0x462f, 0x462f, 0x462f, 0x462f, 0x1527, 0x4eb5, 0x4ef9, 0x4ef9,
    0x4ef9, 0x4ef9, 0x4ef9, 0x4ef9, 0x4eb5, 0x4eb5, 0x4eb5, 0x4eb5, 0x4eb5, 0x4eb5, 0x4eb5, 0x4eb5,
    0x4eb5, 0x4eb5, 0x4eb5, 0x4eb5, 0x4ef9, 0x36b9, 0x10ea, 0x10ea, 0x1d92, 0x1d92, 0x1e2f, 0x1e2f,
    0x1e2f, 0x1e2f, 0x1e2f, 0x1e2f, 0x1e2f, 0x198b, 0x198b, 0x198b, 0x198b, 0x198b, 0x198b, 0x198b,
    0x198b, 0x198b, 0x198b, 0x198b, 0x198b, 0x1e2f, 0x1e2f, 0x10ea, 0x3f39, 0x1d92, 0x1d92, 0x198b,
    0x198b, 0x198b, 0x1527, 0x10ea, 0x1527, 0x10ea, 0x3294, 0x10ea, 0x884, 0x198b, 0x10ea, 0x1d92,
    0x1d92, 0x198b, 0x198b, 0x10ea, 0x1d92, 0x10ea, 0x1e2f, 0x1527, 0x575c, 0x10ea, 0x10ea, 0x884,
    0x884, 0x884, 0x10ea, 0x10ea, 0x1d92, 0x1d92, 0x1d92, 0x1d92, 0x1d92, 0x1d92, 0x10ea, 0x884,
    0x1d92, 0x1d92, 0x10ea, 0x1d92, 0x1d92, 0x884, 0x1d92, 0x1d92, 0x1d92, 0x10ea, 0x10ea, 0x1d92,
    0x1d92, 0x1d92, 0x10ea, 0x1d92, 0x1d92, 0x10ea, 0x1d92, 0x1d92, 0x10ea, 0x1d92, 0x1d92, 0x575c,
    0x36b9, 0x575c, 0x884, 0x1d92, 0x4ef9, 0x10ea, 0x1e2f, 0x198b, 0x884, 0x884, 0x884, 0x884,
    0x36b9, 0x36b9, 0x4ef9, 0x575c, 0x575c, 0x575c, 0x575c, 0x575c, 0x29ad, 0x29ad, 0x29ad, 0x29ad,
    0x29ad, 0x29ad, 0x29ad, 0x29ad, 0x29ad, 0x29ad, 0x29ad, 0x29ad, 0x29ad, 0x884, 0x884, 0x29ad,
    0x1d92, 0x29ad, 0x884, 0x29ad, 0x29ad, 0x29ad, 0x29ad, 0x29ad, 0x462f, 0x29ad, 0x29ad, 0x10ea,
    0x10ea, 0x10ea, 0x884, 0x10ea, 0x884, 0x10ea, 0x10ea, 0x10ea, 0x10ea, 0x884, 0x884, 0x29ad,
    0x10ea, 0x198b, 0x884, 0x29ad, 0x10ea, 0x29ad, 0x462f, 0x462f, 0x462f, 0x29ad, 0x29ad, 0x462f,
    0x462f, 0x462f, 0x462f, 0x462f, 0x462f, 0x462f, 0x462f, 0x462f, 0x462f, 0x2e2f, 0x2e2f, 0x2e2f,
    0x29ad, 0x29ad, 0x29ad, 0x2e2f, 0x29ad, 0x29ad, 0x29ad, 0x29ad, 0x29ad, 0x29ad, 0x6716, 0x4eb5,
    0x4eb5, 0x6716, 0x462f, 0x462f, 0x462f, 0x462f, 0x2e2f, 0x2e2f, 0x2e2f, 0x198b, 0x462f, 0x1527,
    0x4f17, 0x4eb5, 0x462f, 0x29ad, 0x29ad, 0x29ad, 0x462f, 0x462f, 0x462f, 0x462f, 0x462f, 0x462f,
    0x462f, 0x462f, 0x462f, 0x462f, 0x462f, 0x462f, 0x462f, 0x462f, 0x462f, 0x3294, 0x4ef9, 0x4ef9,
    0x4ef9, 0x4ef9, 0x4ef9, 0x4ef9, 0x4ef9, 0x4ef9, 0x4eb5, 0x4eb5, 0x4eb5, 0x4eb5, 0x4eb5, 0x4eb5,
    0x4eb5, 0x4eb5, 0x4ef9, 0x4ef9, 0x198b, 0x36b9, 0x1e2f, 0x1d92, 0x36b9, 0x1d92, 0x1e2f, 0x1e2f,
    0x1e2f, 0x1e2f, 0x1e2f, 0x1e2f, 0x1e2f, 0x1e2f, 0x198b, 0x198b, 0x198b, 0x198b, 0x198b, 0x198b,
    0x198b, 0x198b, 0x198b, 0x198b, 0x1e2f, 0x198b, 0x1527, 0x1d92, 0x1e2f, 0x1e2f, 0x10ea, 0x884,
    0x1527, 0x1e2f, 0x1e2f, 0x884, 0x1527, 0x1527, 0x10ea, 0x462f, 0x29ad, 0x73bd, 0x10ea, 0x198b,
    0x1e2f, 0x198b, 0x198b, 0x1527, 0x1527, 0x1527, 0x1527, 0x884, 0x884, 0x198b, 0x884, 0x884,
    0x884, 0x884, 0x10ea, 0x10ea, 0x1d92, 0x10ea, 0x10ea, 0x1d92, 0x1d92, 0x1d92, 0x10ea, 0x884,
    0x1d92, 0x1d92, 0x1d92, 0x1d92, 0x10ea, 0x884, 0x1d92, 0x1d92, 0x1d92, 0x10ea, 0x10ea, 0x1d92,
    0x1d92, 0x1d92, 0x1d92, 0x1d92, 0x884, 0x10ea, 0x10ea, 0x1d92, 0x10ea, 0x1d92, 0x1d92, 0x575c,
    0x3f39, 0x4ef9, 0x198b, 0x1d92, 0x884, 0x198b, 0x884, 0x884, 0x884, 0x10ea, 0x884, 0x884,
    0x36b9, 0x36b9, 0x575c, 0x575c, 0x575c, 0x575c, 0x575c, 0x4ef9, 0x29ad, 0x29ad, 0x29ad, 0x462f,
    0x29ad, 0x2e2f, 0x198b, 0x198b, 0x462f, 0x462f, 0x2e2f, 0x2e2f, 0x29ad, 0x10ea, 0x10ea, 0x10ea,
    0x1d92, 0x29ad, 0x884, 0x29ad, 0x29ad, 0x29ad, 0x29ad, 0x29ad, 0x29ad, 0x29ad, 0x29ad, 0x10ea,
    0x10ea, 0x10ea, 0x884, 0x10ea, 0x884, 0x10ea, 0x10ea, 0x10ea, 0x10ea, 0x884, 0x884, 0x29ad,
    0x884, 0x29ad, 0x10ea, 0x29ad, 0x10ea, 0x29ad, 0x2e2f, 0x3294, 0x29ad, 0x1e2f, 0x198b, 0x29ad,
    0x198b, 0x1d92, 0x29ad, 0x462f, 0x462f, 0x462f, 0x1527, 0x462f, 0x462f, 0x462f, 0x462f, 0x462f,
    0x2e2f, 0x29ad, 0x29ad, 0x29ad, 0x29ad, 0x29ad, 0x29ad, 0x29ad, 0x29ad, 0x29ad, 0x29ad, 0x6716,
    0x4eb5, 0x4eb5, 0x4eb5, 0x462f, 0x462f, 0x462f, 0x2e2f, 0x2e2f, 0x2e2f, 0x2e2f, 0x2e2f, 0x29ad,
    0x29ad, 0x1527, 0x29ad, 0x462f, 0x462f, 0x462f, 0x462f, 0x462f, 0x462f, 0x462f, 0x462f, 0x462f,
    0x462f, 0x462f, 0x462f, 0x462f, 0x462f, 0x462f, 0x462f, 0x462f, 0x462f, 0x462f, 0x4f17, 0x4ef9,
    0x29ad, 0x4ef9, 0x4ef9, 0x4ef9, 0x4eb5, 0x4eb5, 0x4eb5, 0x4eb5, 0x4ef9, 0x4eb5, 0x4eb5, 0x4eb5,
    0x4f17, 0x4f17, 0x4ef9, 0x4ef9, 0x884, 0x36b9, 0x1d92, 0x1e2f, 0x1e2f, 0x36b9, 0x1e2f, 0x1e2f,
    0x10ea, 0x1e2f, 0x1e2f, 0x1e2f, 0x1e2f, 0x1e2f, 0x198b, 0x198b, 0x884, 0x36b9, 0x36b9, 0x36b9,
    0x1d92, 0x1d92, 0x1d92, 0x1d92, 0x1d92, 0x1d92, 0x1d92, 0x10ea, 0x10ea, 0x198b, 0x884, 0x1e2f,
    0x198b, 0x884, 0x1527, 0x884, 0x884, 0x884, 0x884, 0x10ea, 0x10ea, 0x10ea, 0x10ea, 0x10ea,
    0x884, 0x884, 0x1d92, 0x198b, 0x1527, 0x884, 0x884, 0x884, 0x884, 0x884, 0x884, 0x884, 0x884,
    0x884, 0x884, 0x884, 0x884, 0x884, 0x10ea, 0x10ea, 0x884, 0x1d92, 0x10ea, 0x884, 0x1d92,
    0x1d92, 0x1d92, 0x1d92, 0x1d92, 0x1d92, 0x1d92, 0x1d92, 0x1d92, 0x10ea, 0x10ea, 0x1d92, 0x1d92,
    0x1d92, 0x1d92, 0x1d92, 0x1d92, 0x1d92, 0x1d92, 0x1d92, 0x10ea, 0x1d92, 0x1d92, 0x3f39, 0x1d92,
    0x575c, 0x575c, 0x36b9, 0x884, 0x462f, 0x1d92, 0x1d92, 0x1d92, 0x10ea, 0x1d92, 0x884, 0x36b9,
    0x575c, 0x575c, 0x575c, 0x575c, 0x575c, 0x3f39, 0x4ef9, 0x198b, 0x29ad, 0x29ad, 0x462f, 0x29ad,
    0x2e2f, 0x198b, 0x198b, 0x198b, 0x2e2f, 0x29ad, 0x462f, 0x29ad, 0x29ad, 0x462f, 0x462f, 0x29ad,
    0x29ad, 0x198b, 0x462f, 0x29ad, 0x29ad, 0x29ad, 0x29ad, 0x29ad, 0x29ad, 0x29ad, 0x10ea, 0x10ea,
    0x10ea, 0x884, 0x10ea, 0x884, 0x10ea, 0x10ea, 0x10ea, 0x10ea, 0x884, 0x10ea, 0x29ad, 0x884,
    0x29ad, 0x884, 0x29ad, 0x10ea, 0x29ad, 0x198b, 0x198b, 0x198b, 0x198b, 0x1e2f, 0x1d92, 0x198b,
    0x198b, 0x1527, 0x462f, 0x462f, 0x462f, 0x1527, 0x462f, 0x462f, 0x2e2f, 0x2e2f, 0x29ad, 0x29ad,
    0x2e2f, 0x29ad, 0x29ad, 0x29ad, 0x29ad, 0x29ad, 0x29ad, 0x2e2f, 0x2e2f, 0x29ad, 0x462f, 0x6716,
    0x4eb5, 0x4f17, 0x4f17, 0x462f, 0x462f, 0x462f, 0x2e2f, 0x2e2f, 0x2e2f, 0x2e2f, 0x2e2f, 0x29ad,
    0x29ad, 0x29ad, 0x29ad, 0x29ad, 0x462f, 0x462f, 0x462f, 0x29ad, 0x462f, 0x462f, 0x462f, 0x462f,
    0x462f, 0x462f, 0x462f, 0x462f, 0x462f, 0x462f, 0x4eb5, 0x4eb5, 0x4eb5, 0x4eb5, 0x462f, 0x4eb5,
    0x198b, 0x4eb5, 0x4ef9, 0x4ef9, 0x4ef9, 0x4f17, 0x4ef9, 0x4ef9, 0x4ef9, 0x4ef9, 0x4ef9, 0x4ef9,
    0x4ef9, 0x4ef9, 0x4ef9, 0x29ad, 0x10ea, 0x10ea, 0x1e2f, 0x1e2f, 0x1e2f, 0x198b, 0x1e2f, 0x1e2f,
    0x1e2f, 0x1e2f, 0x1e2f, 0x1e2f, 0x1e2f, 0x198b, 0x198b, 0x1527, 0x884, 0x884, 0x884, 0x884,
    0x884, 0x884, 0x884, 0x884, 0x884, 0x884, 0x884, 0x1d92, 0x884, 0x1d92, 0x1d92, 0x1d92, 0x1d92,
    0x10ea, 0x1d92, 0x884, 0x10ea, 0x884, 0x884, 0x884, 0x884, 0x1d92, 0x10ea, 0x1d92, 0x10ea,
    0x1d92, 0x884, 0x1d92, 0x1d92, 0x1d92, 0x884, 0x10ea, 0x884, 0x884, 0x884, 0x884, 0x884, 0x884,
    0x884, 0x884, 0x884, 0x884, 0x884, 0x884, 0x1d92, 0x10ea, 0x884, 0x1d92, 0x10ea, 0x1d92,
    0x1d92, 0x1d92, 0x1d92, 0x1d92, 0x1d92, 0x1d92, 0x10ea, 0x1d92, 0x884, 0x1d92, 0x1d92, 0x1d92,
    0x1d92, 0x1d92, 0x1d92, 0x1d92, 0x1d92, 0x884, 0x1d92, 0x1d92, 0x36b9, 0x36b9, 0x2dd3, 0x575c,
    0x36b9, 0x1d92, 0x575c, 0x10ea, 0x10ea, 0x10ea, 0x10ea, 0x884, 0x198b, 0x36b9, 0x3f39, 0x4ef9,
    0x575c, 0x3f39, 0x575c, 0x2dd3, 0x1d92, 0x884, 0x1527, 0x198b, 0x29ad, 0x462f, 0x462f, 0x29ad,
    0x198b, 0x29ad, 0x2e2f, 0x2e2f, 0x29ad, 0x29ad, 0x29ad, 0x29ad, 0x29ad, 0x29ad, 0x29ad, 0x462f,
    0x29ad, 0x29ad, 0x198b, 0x29ad, 0x29ad, 0x29ad, 0x29ad, 0x462f, 0x10ea, 0x10ea, 0x884, 0x10ea,
    0x10ea, 0x884, 0x10ea, 0x884, 0x10ea, 0x10ea, 0x884, 0x10ea, 0x29ad, 0x10ea, 0x29ad, 0x884,
    0x29ad, 0x10ea, 0x29ad, 0x198b, 0x198b, 0x198b, 0x198b, 0x198b, 0x198b, 0x198b, 0x198b, 0x3294,
    0x2e2f, 0x29ad, 0x462f, 0x884, 0x884, 0x29ad, 0x29ad, 0x29ad, 0x29ad, 0x29ad, 0x198b, 0x462f,
    0x29ad, 0x29ad, 0x29ad, 0x29ad, 0x29ad, 0x29ad, 0x2e2f, 0x2e2f, 0x2e2f, 0x2e2f, 0x3294, 0x4eb5,
    0x4eb5, 0x4eb5, 0x2e2f, 0x462f, 0x2e2f, 0x462f, 0x2e2f, 0x2e2f, 0x462f, 0x2e2f, 0x29ad, 0x29ad,
    0x462f, 0x462f, 0x462f, 0x462f, 0x29ad, 0x462f, 0x462f, 0x462f, 0x462f, 0x462f, 0x462f, 0x462f,
    0x462f, 0x462f, 0x462f, 0x462f, 0x4eb5, 0x4eb5, 0x4eb5, 0x4eb5, 0x4eb5, 0x4eb5, 0x462f, 0x4eb5,
    0x29ad, 0x4ef9, 0x4f17, 0x4ef9, 0x4ef9, 0x4ef9, 0x4ef9, 0x4ef9, 0x4ef9, 0x4ef9, 0x4ef9, 0x4f17,
    0x4ef9, 0x4ef9, 0x4eb5, 0x29ad, 0x36b9, 0x1e2f, 0x1e2f, 0x1e2f, 0x1e2f, 0x1e2f, 0x1e2f, 0x1e2f,
    0x1e2f, 0x1527, 0x198b, 0x884, 0x198b, 0x198b, 0x36b9, 0x884, 0x1d92, 0x1d92, 0x1d92, 0x1d92,
    0x1d92, 0x1d92, 0x1d92, 0x1d92, 0x1d92, 0x884, 0x10ea, 0x10ea, 0x10ea, 0x10ea, 0x10ea, 0x10ea,
    0x10ea, 0x884, 0x884, 0x10ea, 0x1d92, 0x1d92, 0x1d92, 0x884, 0x10ea, 0x1d92, 0x1d92, 0x1d92,
    0x1d92, 0x1d92, 0x1d92, 0x1d92, 0x10ea, 0x10ea, 0x10ea, 0x10ea, 0x884, 0x1d92, 0x10ea, 0x10ea,
    0x10ea, 0x10ea, 0x10ea, 0x10ea, 0x10ea, 0x884, 0x1d92, 0x10ea, 0x884, 0x10ea, 0x10ea, 0x1d92,
    0x1d92, 0x10ea, 0x1d92, 0x1d92, 0x1d92, 0x1d92, 0x10ea, 0x884, 0x884, 0x884, 0x1d92, 0x1d92,
    0x1d92, 0x1d92, 0x1d92, 0x1d92, 0x1d92, 0x884, 0x1d92, 0x1d92, 0x36b9, 0x36b9, 0x3f39, 0x4ef9,
    0x884, 0x1d92, 0x3294, 0x4ef9, 0x575c, 0x575c, 0x575c, 0x575c, 0x36b9, 0x4ef9, 0x198b, 0x1d92,
    0x2dd3, 0x1d92, 0x884, 0x36b9, 0x2dd3, 0x884, 0x198b, 0x198b, 0x29ad, 0x462f, 0x2e2f, 0x462f,
    0x2e2f, 0x29ad, 0x2e2f, 0x29ad, 0x2e2f, 0x2e2f, 0x29ad, 0x29ad, 0x29ad, 0x29ad, 0x29ad, 0x462f,
    0x29ad, 0x29ad, 0x29ad, 0x29ad, 0x29ad, 0x29ad, 0x29ad, 0x29ad, 0x198b, 0x884, 0x884, 0x884,
    0x884, 0x884, 0x884, 0x884, 0x884, 0x10ea, 0x884, 0x10ea, 0x29ad, 0x10ea, 0x29ad, 0x884,
    0x29ad, 0x1527, 0x29ad, 0x1d92, 0x10ea, 0x884, 0x198b, 0x198b, 0x198b, 0x198b, 0x1e2f, 0x1e2f,
    0x198b, 0x29ad, 0x462f, 0x1527, 0x1527, 0x462f, 0x29ad, 0x29ad, 0x29ad, 0x29ad, 0x884, 0x29ad,
    0x29ad, 0x29ad, 0x29ad, 0x29ad, 0x29ad, 0x29ad, 0x29ad, 0x2e2f, 0x2e2f, 0x2e2f, 0x29ad, 0x4eb5,
    0x198b, 0x4eb5, 0x1527, 0x3294, 0x2e2f, 0x2e2f, 0x2e2f, 0x2e2f, 0x2e2f, 0x462f, 0x462f, 0x462f,
    0x462f, 0x462f, 0x462f, 0x462f, 0x29ad, 0x29ad, 0x462f, 0x462f, 0x462f, 0x462f, 0x462f, 0x462f,
    0x462f, 0x462f, 0x462f, 0x462f, 0x4eb5, 0x4eb5, 0x4eb5, 0x4eb5, 0x4eb5, 0x4eb5, 0x4eb5, 0x462f,
    0x4eb5, 0x462f, 0x2e2f, 0x10ea, 0x4ef9, 0x4eb5, 0x4ef9, 0x4ef9, 0x4ef9, 0x4ef9, 0x4ef9, 0x4ef9,
    0x4eb5, 0x4ef9, 0x4f17, 0x4f17, 0x36b9, 0x1e2f, 0x1e2f, 0x1e2f, 0x1e2f, 0x1e2f, 0x1e2f, 0x1e2f,
    0x1e2f, 0x198b, 0x198b, 0x1527, 0x198b, 0x198b, 0x36b9, 0x884, 0x1d92, 0x884, 0x1d92, 0x884,
    0x1d92, 0x884, 0x1d92, 0x884, 0x1d92, 0x1d92, 0x1d92, 0x10ea, 0x10ea, 0x10ea, 0x884, 0x10ea,
    0x884, 0x10ea, 0x884, 0x884, 0x1d92, 0x884, 0x1d92, 0x884, 0x1d92, 0x10ea, 0x1d92, 0x10ea,
    0x10ea, 0x10ea, 0x10ea, 0x10ea, 0x10ea, 0x10ea, 0x10ea, 0x884, 0x884, 0x1d92, 0x10ea, 0x884,
    0x10ea, 0x884, 0x10ea, 0x884, 0x10ea, 0x884, 0x1d92, 0x884, 0x884, 0x10ea, 0x10ea, 0x10ea,
    0x1d92, 0x10ea, 0x1d92, 0x1d92, 0x1d92, 0x1d92, 0x10ea, 0x1d92, 0x884, 0x1d92, 0x1d92, 0x1d92,
    0x1d92, 0x1d92, 0x1d92, 0x1d92, 0x1d92, 0x884, 0x1d92, 0x1d92, 0x3f39, 0x3f39, 0x4ef9, 0x575c,
    0x2dd3, 0x1d92, 0x884, 0x4ef9, 0x575c, 0x575c, 0x575c, 0x3f39, 0x36b9, 0x1d92, 0x36b9, 0x2dd3,
    0x2dd3, 0x1d92, 0x575c, 0x36b9, 0x2dd3, 0x884, 0x1527, 0x1527, 0x198b, 0x10ea, 0x29ad, 0x29ad,
    0x29ad, 0x2e2f, 0x29ad, 0x29ad, 0x462f, 0x462f, 0x462f, 0x462f, 0x462f, 0x29ad, 0x462f, 0x462f,
    0x462f, 0x462f, 0x29ad, 0x884, 0x29ad, 0x29ad, 0x29ad, 0x29ad, 0x198b, 0x29ad, 0x29ad, 0x29ad,
    0x29ad, 0x29ad, 0x29ad, 0x29ad, 0x29ad, 0x29ad, 0x884, 0x10ea, 0x29ad, 0x198b, 0x29ad, 0x884,
    0x29ad, 0x1527, 0x29ad, 0x36b9, 0x36b9, 0x884, 0x198b, 0x198b, 0x198b, 0x198b, 0x1e2f, 0x1e2f,
    0x1e2f, 0x462f, 0x884, 0x1527, 0x1527, 0x884, 0x29ad, 0x462f, 0x29ad, 0x29ad, 0x1527, 0x29ad,
    0x29ad, 0x29ad, 0x29ad, 0x29ad, 0x29ad, 0x29ad, 0x2e2f, 0x2e2f, 0x2e2f, 0x2e2f, 0x2e2f, 0x2e2f,
    0x2e2f, 0x2e2f, 0x1527, 0x4eb5, 0x2e2f, 0x29ad, 0x2e2f, 0x462f, 0x462f, 0x2e2f, 0x462f, 0x2e2f,
    0x462f, 0x462f, 0x462f, 0x462f, 0x462f, 0x29ad, 0x29ad, 0x29ad, 0x462f, 0x462f, 0x462f, 0x462f,
    0x462f, 0x462f, 0x462f, 0x29ad, 0x462f, 0x4eb5, 0x4eb5, 0x4eb5, 0x4eb5, 0x4eb5, 0x4eb5, 0x4eb5,
    0x29ad, 0x4eb5, 0x4eb5, 0x4eb5, 0x4f17, 0x4eb5, 0x4eb5, 0x29ad, 0x575c, 0x4ef9, 0x4ef9, 0x4f17,
    0x1d92, 0x10ea, 0x1d92, 0x1e2f, 0x36b9, 0x10ea, 0x1e2f, 0x1e2f, 0x1e2f, 0x1e2f, 0x1e2f, 0x1e2f,
    0x198b, 0x1527, 0x1527, 0x1527, 0x198b, 0x198b, 0x36b9, 0x884, 0x1d92, 0x884, 0x1d92, 0x884,
    0x1d92, 0x10ea, 0x1d92, 0x36b9, 0x1d92, 0x1d92, 0x1d92, 0x1d92, 0x1d92, 0x1d92, 0x10ea, 0x1d92,
    0x10ea, 0x1d92, 0x1d92, 0x1d92, 0x1d92, 0x1d92, 0x1d92, 0x10ea, 0x1d92, 0x1d92, 0x1d92, 0x1d92,
    0x884, 0x1d92, 0x884, 0x1d92, 0x1d92, 0x10ea, 0x1d92, 0x10ea, 0x884, 0x1d92, 0x10ea, 0x10ea,
    0x10ea, 0x10ea, 0x10ea, 0x884, 0x10ea, 0x884, 0x10ea, 0x884, 0x884, 0x10ea, 0x10ea, 0x884,
    0x1d92, 0x884, 0x1d92, 0x1d92, 0x1d92, 0x1d92, 0x10ea, 0x1d92, 0x10ea, 0x1d92, 0x10ea, 0x10ea,
    0x10ea, 0x10ea, 0x10ea, 0x1d92, 0x1d92, 0x884, 0x1d92, 0x1d92, 0x575c, 0x575c, 0x575c, 0x3f39,
    0x575c, 0x36b9, 0x10ea, 0x3f39, 0x575c, 0x575c, 0x575c, 0x575c, 0x3f39, 0x36b9, 0x4ef9, 0x4ef9,
    0x3294, 0x575c, 0x575c, 0x1d92, 0x198b, 0x1527, 0x29ad, 0x29ad, 0x29ad, 0x29ad, 0x29ad, 0x1527,
    0x1527, 0x462f, 0x462f, 0x462f, 0x462f, 0x29ad, 0x198b, 0x462f, 0x462f, 0x462f, 0x29ad, 0x29ad,
    0x462f, 0x29ad, 0x29ad, 0x2dd3, 0x462f, 0x462f, 0x29ad, 0x884, 0x29ad, 0x10ea, 0x198b, 0x198b,
    0x29ad, 0x198b, 0x198b, 0x198b, 0x198b, 0x198b, 0x884, 0x198b, 0x29ad, 0x198b, 0x29ad, 0x884,
    0x29ad, 0x1527, 0x29ad, 0x1e2f, 0x1e2f, 0x1d92, 0x36b9, 0x198b, 0x198b, 0x198b, 0x198b, 0x1527,
    0x198b, 0x198b, 0x198b, 0x1527, 0x1527, 0x884, 0x29ad, 0x462f, 0x884, 0x198b, 0x1527, 0x884,
    0x29ad, 0x29ad, 0x29ad, 0x29ad, 0x29ad, 0x29ad, 0x29ad, 0x2e2f, 0x2e2f, 0x2e2f, 0x2e2f, 0x2e2f,
    0x2e2f, 0x2e2f, 0x2e2f, 0x2e2f, 0x2e2f, 0x2e2f, 0x2e2f, 0x4f17, 0x2e2f, 0x462f, 0x2e2f, 0x462f,
    0x2e2f, 0x2e2f, 0x462f, 0x462f, 0x2e2f, 0x29ad, 0x462f, 0x462f, 0x462f, 0x2e2f, 0x462f, 0x462f,
    0x462f, 0x462f, 0x462f, 0x462f, 0x462f, 0x2e2f, 0x4eb5, 0x4eb5, 0x4eb5, 0x4eb5, 0x4eb5, 0x4eb5,
    0x4eb5, 0x4eb5, 0x4eb5, 0x4eb5, 0x4eb5, 0x4eb5, 0x4eb5, 0x4eb5, 0x4eb5, 0x3294, 0x29ad, 0x575c,
    0x1e2f, 0x36b9, 0x36b9, 0x36b9, 0x36b9, 0x1e2f, 0x1e2f, 0x1e2f, 0x1e2f, 0x198b, 0x1527, 0x198b,
    0x198b, 0x198b, 0x1527, 0x1527, 0x1527, 0x1527, 0x36b9, 0x884, 0x1d92, 0x10ea, 0x36b9, 0x1d92,
    0x1d92, 0x1d92, 0x1d92, 0x10ea, 0x1d92, 0x1d92, 0x1d92, 0x10ea, 0x10ea, 0x1d92, 0x1d92, 0x1d92,
    0x1d92, 0x1d92, 0x884, 0x10ea, 0x1d92, 0x10ea, 0x1d92, 0x10ea, 0x1d92, 0x10ea, 0x1d92, 0x1d92,
    0x1d92, 0x1d92, 0x10ea, 0x1d92, 0x1d92, 0x10ea, 0x1d92, 0x1d92, 0x884, 0x1d92, 0x10ea, 0x10ea,
    0x10ea, 0x884, 0x10ea, 0x884, 0x884, 0x884, 0x198b, 0x884, 0x884, 0x10ea, 0x10ea, 0x884,
    0x1d92, 0x884, 0x1d92, 0x1d92, 0x1d92, 0x1d92, 0x10ea, 0x1d92, 0x1d92, 0x1d92, 0x1d92, 0x1d92,
    0x1d92, 0x1d92, 0x10ea, 0x1d92, 0x1d92, 0x884, 0x1d92, 0x1d92, 0x36b9, 0x3294, 0x575c, 0x575c,
    0x3f39, 0x2dd3, 0x1d92, 0x575c, 0x575c, 0x3f39, 0x575c, 0x575c, 0x36b9, 0x36b9, 0x36b9, 0x4ef9,
    0x1d92, 0x10ea, 0x1d92, 0x2dd3, 0x36b9, 0x10ea, 0x198b, 0x1527, 0x198b, 0x29ad, 0x29ad, 0x29ad,
    0x29ad, 0x462f, 0x4eb5, 0x1527, 0x1527, 0x1527, 0x1527, 0x462f, 0x29ad, 0x2e2f, 0x29ad, 0x462f,
    0x1d92, 0x29ad, 0x29ad, 0x10ea, 0x29ad, 0x1d92, 0x2e2f, 0x462f, 0x198b, 0x1527, 0x884, 0x29ad,
    0x884, 0x884, 0x29ad, 0x29ad, 0x29ad, 0x29ad, 0x10ea, 0x198b, 0x29ad, 0x29ad, 0x29ad, 0x884,
    0x29ad, 0x1527, 0x29ad, 0x884, 0x1e2f, 0x1e2f, 0x884, 0x10ea, 0x198b, 0x29ad, 0x198b, 0x198b,
    0x1527, 0x1527, 0x884, 0x1527, 0x1527, 0x1527, 0x2e2f, 0x1527, 0x1527, 0x884, 0x1527, 0x884,
    0x29ad, 0x29ad, 0x2e2f, 0x2e2f, 0x2e2f, 0x29ad, 0x29ad, 0x2e2f, 0x2e2f, 0x2e2f, 0x2e2f, 0x2e2f,
    0x2e2f, 0x2e2f, 0x2e2f, 0x2e2f, 0x2e2f, 0x2e2f, 0x2e2f, 0x4ef9, 0x3f39, 0x36b9, 0x2e2f, 0x2e2f,
    0x462f, 0x462f, 0x462f, 0x1527, 0x462f, 0x462f, 0x462f, 0x462f, 0x29ad, 0x29ad, 0x29ad, 0x462f,
    0x462f, 0x462f, 0x462f, 0x462f, 0x462f, 0x462f, 0x4eb5, 0x4eb5, 0x4eb5, 0x4eb5, 0x4eb5, 0x4eb5,
    0x4eb5, 0x4eb5, 0x4eb5, 0x4eb5, 0x4eb5, 0x4eb5, 0x4eb5, 0x4eb5, 0x4eb5, 0x4eb5, 0x4eb5, 0x884,
    0x3294, 0x36b9, 0x36b9, 0x1e2f, 0x3294, 0x1e2f, 0x1e2f, 0x1e2f, 0x1e2f, 0x1527, 0x198b, 0x884,
    0x1527, 0x1527, 0x1527, 0x1527, 0x1527, 0x1527, 0x36b9, 0x884, 0x36b9, 0x1d92, 0x36b9, 0x10ea,
    0x1d92, 0x36b9, 0x1d92, 0x10ea, 0x10ea, 0x10ea, 0x1d92, 0x10ea, 0x1d92, 0x1d92, 0x1d92, 0x1d92,
    0x1d92, 0x1d92, 0x884, 0x884, 0x1d92, 0x1d92, 0x1d92, 0x1d92, 0x1d92, 0x884, 0x1d92, 0x1d92,
    0x1d92, 0x1d92, 0x10ea, 0x1d92, 0x884, 0x10ea, 0x1d92, 0x1d92, 0x884, 0x1d92, 0x10ea, 0x884,
    0x10ea, 0x884, 0x10ea, 0x884, 0x884, 0x884, 0x10ea, 0x884, 0x884, 0x10ea, 0x1d92, 0x884,
    0x1d92, 0x884, 0x1d92, 0x1d92, 0x1d92, 0x1d92, 0x10ea, 0x10ea, 0x1d92, 0x1d92, 0x1d92, 0x1d92,
    0x1d92, 0x1d92, 0x1d92, 0x1d92, 0x1d92, 0x884, 0x1d92, 0x1d92, 0x36b9, 0x36b9, 0x3294, 0x2dd3,
    0x36b9, 0x10ea, 0x1d92, 0x10ea, 0x36b9, 0x36b9, 0x575c, 0x4ef9, 0x4ef9, 0x4ef9, 0x4ef9, 0x4ef9,
    0x2dd3, 0x2dd3, 0x2dd3, 0x2dd3, 0x1d92, 0x10ea, 0x198b, 0x198b, 0x29ad, 0x29ad, 0x29ad, 0x2e2f,
    0x1527, 0x1527, 0x1527, 0x884, 0x198b, 0x198b, 0x1527, 0x884, 0x1527, 0x462f, 0x462f, 0x462f,
    0x2dd3, 0x884, 0x198b, 0x10ea, 0x29ad, 0x10ea, 0x29ad, 0x29ad, 0x1527, 0x29ad, 0x1527, 0x884,
    0x29ad, 0x884, 0x884, 0x1527, 0x198b, 0x29ad, 0x29ad, 0x29ad, 0x29ad, 0x198b, 0x29ad, 0x884,
    0x1527, 0x1527, 0x29ad, 0x198b, 0x198b, 0x10ea, 0x36b9, 0x10ea, 0x198b, 0x198b, 0x198b, 0x198b,
    0x1527, 0x198b, 0x1527, 0x1527, 0x1527, 0x1527, 0x884, 0x1e2f, 0x198b, 0x884, 0x1527, 0x1527,
    0x1527, 0x2e2f, 0x2e2f, 0x2e2f, 0x3294, 0x3294, 0x3f39, 0x1d92, 0x10ea, 0x1e2f, 0x2e2f, 0x2e2f,
    0x2e2f, 0x2e2f, 0x2e2f, 0x2e2f, 0x2e2f, 0x2e2f, 0x2e2f, 0x2e2f, 0x3f39, 0x2e2f, 0x3f39, 0x36b9,
    0x3294, 0x10ea, 0x462f, 0x1527, 0x462f, 0x462f, 0x462f, 0x462f, 0x462f, 0x462f, 0x2e2f, 0x462f,
    0x2e2f, 0x462f, 0x462f, 0x462f, 0x462f, 0x4eb5, 0x4eb5, 0x4eb5, 0x4eb5, 0x4eb5, 0x4eb5, 0x4eb5,
    0x4eb5, 0x4eb5, 0x4eb5, 0x4eb5, 0x4eb5, 0x4eb5, 0x4eb5, 0x4eb5, 0x4eb5, 0x4eb5, 0x4eb5, 0x4eb5,
    0x4f17, 0x4f17, 0x198b, 0x1e2f, 0x1e2f, 0x1e2f, 0x198b, 0x1e2f, 0x1e2f, 0x1e2f, 0x198b, 0x1527,
    0x884, 0x1527, 0x884, 0x1527, 0x1527, 0x1527, 0x36b9, 0x884, 0x2dd3, 0x884, 0x1d92, 0x884,
    0x1d92, 0x884, 0x1d92, 0x10ea, 0x10ea, 0x1d92, 0x1d92, 0x1d92, 0x1d92, 0x1d92, 0x884, 0x1d92,
    0x1d92, 0x1d92, 0x884, 0x1d92, 0x1d92, 0x1d92, 0x1d92, 0x10ea, 0x1d92, 0x884, 0x1d92, 0x1d92,
    0x1d92, 0x1d92, 0x884, 0x1d92, 0x884, 0x10ea, 0x1d92, 0x1d92, 0x884, 0x1d92, 0x10ea, 0x884,
    0x10ea, 0x884, 0x10ea, 0x884, 0x10ea, 0x884, 0x10ea, 0x10ea, 0x884, 0x10ea, 0x1d92, 0x10ea,
    0x1d92, 0x10ea, 0x1d92, 0x1d92, 0x1d92, 0x1d92, 0x10ea, 0x10ea, 0x1d92, 0x10ea, 0x1d92, 0x1d92,
    0x1d92, 0x1d92, 0x1d92, 0x1d92, 0x1d92, 0x884, 0x1d92, 0x1d92, 0x3f39, 0x2dd3, 0x36b9, 0x2dd3,
    0x36b9, 0x2dd3, 0x1d92, 0x884, 0x36b9, 0x36b9, 0x575c, 0x575c, 0x575c, 0x2dd3, 0x4ef9, 0x4ef9,
    0x36b9, 0x36b9, 0x2dd3, 0x1d92, 0x2dd3, 0x10ea, 0x29ad, 0x1527, 0x1527, 0x1527, 0x462f, 0x884,
    0x1527, 0x1527, 0x884, 0x3294, 0x198b, 0x198b, 0x1527, 0x1527, 0x1527, 0x2e2f, 0x884, 0x1527,
    0x1527, 0x29ad, 0x29ad, 0x884, 0x198b, 0x884, 0x884, 0x10ea, 0x29ad, 0x29ad, 0x10ea, 0x10ea,
    0x1527, 0x198b, 0x884, 0x884, 0x884, 0x884, 0x1527, 0x198b, 0x198b, 0x1527, 0x884, 0x884,
    0x884, 0x884, 0x29ad, 0x2e2f, 0x198b, 0x198b, 0x198b, 0x198b, 0x198b, 0x198b, 0x198b, 0x198b,
    0x198b, 0x198b, 0x884, 0x1527, 0x1527, 0x1527, 0x884, 0x884, 0x1527, 0x1527, 0x1527, 0x1527,
    0x1527, 0x3294, 0x3294, 0x198b, 0x1e2f, 0x3294, 0x1e2f, 0x1d92, 0x1d92, 0x884, 0x2e2f, 0x29ad,
    0x29ad, 0x1e2f, 0x3294, 0x198b, 0x29ad, 0x2e2f, 0x2e2f, 0x2e2f, 0x3294, 0x3294, 0x36b9, 0x36b9,
    0x3f39, 0x884, 0x575c, 0x198b, 0x4f17, 0x4eb5, 0x462f, 0x462f, 0x462f, 0x462f, 0x462f, 0x1e2f,
    0x1d92, 0x198b, 0x462f, 0x462f, 0x462f, 0x4eb5, 0x4eb5, 0x4eb5, 0x4eb5, 0x4eb5, 0x4eb5, 0x4eb5,
    0x4eb5, 0x4eb5, 0x4eb5, 0x4eb5, 0x4eb5, 0x4eb5, 0x4eb5, 0x4eb5, 0x4eb5, 0x4eb5, 0x4eb5, 0x4eb5,
    0x4f17, 0x10ea, 0x884, 0x1d92, 0x1e2f, 0x1e2f, 0x1e2f, 0x1d92, 0x198b, 0x1e2f, 0x198b, 0x1527,
    0x1527, 0x884, 0x884, 0x1527, 0x1527, 0x884, 0x36b9, 0x884, 0x36b9, 0x1d92, 0x36b9, 0x1d92,
    0x1d92, 0x1d92, 0x1d92, 0x1d92, 0x10ea, 0x1d92, 0x1d92, 0x1d92, 0x1d92, 0x1d92, 0x1d92, 0x1d92,
    0x1d92, 0x1d92, 0x1d92, 0x1d92, 0x1d92, 0x1d92, 0x1d92, 0x10ea, 0x1d92, 0x1d92, 0x1d92, 0x1d92,
    0x10ea, 0x1d92, 0x10ea, 0x1d92, 0x1d92, 0x1d92, 0x1d92, 0x1d92, 0x884, 0x1d92, 0x10ea, 0x10ea,
    0x10ea, 0x10ea, 0x10ea, 0x10ea, 0x10ea, 0x884, 0x10ea, 0x10ea, 0x884, 0x884, 0x884, 0x884,
    0x884, 0x884, 0x1d92, 0x1d92, 0x1d92, 0x1d92, 0x10ea, 0x10ea, 0x1d92, 0x1d92, 0x1d92, 0x1d92,
    0x1d92, 0x1d92, 0x1d92, 0x1d92, 0x1d92, 0x884, 0x1d92, 0x1d92, 0x3f39, 0x3f39, 0x3f39, 0x36b9,
    0x36b9, 0x575c, 0x36b9, 0x1d92, 0x36b9, 0x36b9, 0x4ef9, 0x10ea, 0x36b9, 0x2dd3, 0x2dd3, 0x1d92,
    0x3f39, 0x3294, 0x3294, 0x2dd3, 0x2dd3, 0x884, 0x29ad, 0x29ad, 0x29ad, 0x462f, 0x198b, 0x2e2f,
    0x884, 0x1527, 0x2e2f, 0x3294, 0x4f17, 0x198b, 0x1527, 0x1527, 0x1527, 0x884, 0x1527, 0x884,
    0x1527, 0x198b, 0x2e2f, 0x29ad, 0x198b, 0x10ea, 0x462f, 0x198b, 0x884, 0x2e2f, 0x29ad, 0x29ad,
    0x884, 0x1527, 0x29ad, 0x884, 0x1527, 0x198b, 0x884, 0x884, 0x29ad, 0x1527, 0x884, 0x884,
    0x1527, 0x884, 0x884, 0x462f, 0x29ad, 0x29ad, 0x198b, 0x198b, 0x198b, 0x1527, 0x198b, 0x198b,
    0x1527, 0x884, 0x884, 0x1527, 0x1527, 0x1527, 0x1527, 0x1527, 0x1527, 0x1527, 0x1527, 0x1527,
    0x1527, 0x3294, 0x198b, 0x198b, 0x198b, 0x1e2f, 0x1e2f, 0x1d92, 0x1e2f, 0x1e2f, 0x3294, 0x3294,
    0x3294, 0x3294, 0x36b9, 0x36b9, 0x3294, 0x198b, 0x29ad, 0x3294, 0x3294, 0x3294, 0x3294, 0x36b9,
    0x2dd3, 0x884, 0x3294, 0x198b, 0x3f39, 0x4eb5, 0x4eb5, 0x4eb5, 0x4eb5, 0x3294, 0x2e2f, 0x1d92,
    0x1e2f, 0x3294, 0x1e2f, 0x10ea, 0x4eb5, 0x462f, 0x4eb5, 0x4eb5, 0x4eb5, 0x4eb5, 0x4eb5, 0x4eb5,
    0x4eb5, 0x4eb5, 0x4eb5, 0x4eb5, 0x4eb5, 0x4eb5, 0x884, 0x1d92, 0x36b9, 0x4eb5, 0x4ef9, 0x4eb5,
    0x3294, 0x1e2f, 0x1d92, 0x1e2f, 0x884, 0x884, 0x1e2f, 0x1e2f, 0x10ea, 0x198b, 0x198b, 0x1527,
    0x1527, 0x1527, 0x1527, 0x1527, 0x1527, 0x198b, 0x1d92, 0x884, 0x10ea, 0x10ea, 0x10ea, 0x10ea,
    0x10ea, 0x884, 0x884, 0x884, 0x884, 0x884, 0x884, 0x884, 0x884, 0x884, 0x884, 0x884, 0x884,
    0x884, 0x884, 0x884, 0x884, 0x884, 0x10ea, 0x10ea, 0x10ea, 0x10ea, 0x1d92, 0x1d92, 0x10ea,
    0x1d92, 0x1d92, 0x1d92, 0x1d92, 0x1d92, 0x1d92, 0x1d92, 0x10ea, 0x1d92, 0x10ea, 0x10ea, 0x884,
    0x10ea, 0x884, 0x884, 0x884, 0x884, 0x10ea, 0x10ea, 0x884, 0x1d92, 0x1d92, 0x198b, 0x10ea,
    0x10ea, 0x10ea, 0x1d92, 0x1d92, 0x1d92, 0x10ea, 0x10ea, 0x1d92, 0x1d92, 0x1d92, 0x1d92, 0x1d92,
    0x1d92, 0x1d92, 0x1d92, 0x1d92, 0x884, 0x1d92, 0x1d92, 0x36b9, 0x3294, 0x3f39, 0x575c, 0x575c,
    0x575c, 0x10ea, 0x1d92, 0x3f39, 0x3f39, 0x3f39, 0x1d92, 0x2dd3, 0x1d92, 0x1d92, 0x1d92, 0x4ef9,
    0x3294, 0x2dd3, 0x2dd3, 0x3294, 0x884, 0x29ad, 0x29ad, 0x198b, 0x1527, 0x884, 0x1e2f, 0x198b,
    0x1e2f, 0x1e2f, 0x198b, 0x1527, 0x198b, 0x884, 0x198b, 0x6f57, 0x884, 0x1527, 0x1527, 0x1527,
    0x1527, 0x884, 0x1527, 0x10ea, 0x29ad, 0x1527, 0x1d92, 0x198b, 0x884, 0x29ad, 0x884, 0x1527,
    0x884, 0x198b, 0x29ad, 0x29ad, 0x29ad, 0x884, 0x1527, 0x1527, 0x884, 0x884, 0x1527, 0x198b,
    0x198b, 0x1527, 0x198b, 0x884, 0x1527, 0x198b, 0x198b, 0x198b, 0x198b, 0x1527, 0x1527, 0x1527,
    0x1527, 0x1527, 0x884, 0x884, 0x1527, 0x1527, 0x1527, 0x1527, 0x1527, 0x1527, 0x1527, 0x1527,
    0x1527, 0x198b, 0x198b, 0x198b, 0x1e2f, 0x198b, 0x1527, 0x1d92, 0x1e2f, 0x36b9, 0x3294, 0x3294,
    0x3294, 0x3294, 0x3294, 0x2e2f, 0x2e2f, 0x3294, 0x4ef9, 0x2dd3, 0x3294, 0x3f39, 0x1527, 0x884,
    0x1527, 0x198b, 0x198b, 0x1e2f, 0x36b9, 0x10ea, 0x1d92, 0x10ea, 0x29ad, 0x1d92, 0x1e2f, 0x1e2f,
    0x36b9, 0x1d92, 0x1e2f, 0x1e2f, 0x1e2f, 0x462f, 0x198b, 0x4eb5, 0x4eb5, 0x4eb5, 0x4eb5, 0x4eb5,
    0x4eb5, 0x4eb5, 0x4eb5, 0x3294, 0x29ad, 0x1d92, 0x3294, 0x2dd3, 0x198b, 0x36b9, 0x4eb5, 0x3294,
    0x10ea, 0x1e2f, 0x36b9, 0x10ea, 0x1e2f, 0x10ea, 0x1e2f, 0x1e2f, 0x1527, 0x884, 0x884, 0x1527,
    0x1527, 0x1527, 0x1527, 0x1527, 0x198b, 0x1d92, 0x1d92, 0x1d92, 0x1d92, 0x1d92, 0x1d92, 0x1d92,
    0x1d92, 0x1d92, 0x1d92, 0x1d92, 0x1d92, 0x1d92, 0x1d92, 0x1d92, 0x1d92, 0x1d92, 0x1d92, 0x1d92,
    0x1d92, 0x10ea, 0x10ea, 0x10ea, 0x10ea, 0x884, 0x884, 0x884, 0x884, 0x884, 0x884, 0x884, 0x884,
    0x884, 0x884, 0x884, 0x884, 0x10ea, 0x10ea, 0x10ea, 0x1d92, 0x10ea, 0x10ea, 0x10ea, 0x1e2f,
    0x10ea, 0x10ea, 0x1d92, 0x1d92, 0x198b, 0x10ea, 0x884, 0x36b9, 0x1d92, 0x1d92, 0x10ea, 0x10ea,
    0x884, 0x10ea, 0x1d92, 0x1d92, 0x10ea, 0x10ea, 0x1d92, 0x1d92, 0x1d92, 0x1d92, 0x1d92, 0x1d92,
    0x1d92, 0x1d92, 0x1d92, 0x884, 0x1d92, 0x1d92, 0x36b9, 0x36b9, 0x3f39, 0x3f39, 0x3f39, 0x3f39,
    0x884, 0x1d92, 0x884, 0x36b9, 0x3f39, 0x3f39, 0x3f39, 0x36b9, 0x36b9, 0x575c, 0x3f39, 0x4ef9,
    0x1d92, 0x36b9, 0x2dd3, 0x29ad, 0x10ea, 0x29ad, 0x198b, 0x29ad, 0x29ad, 0x1527, 0x1e2f, 0x1e2f,
    0x1e2f, 0x1e2f, 0x884, 0x198b, 0x1527, 0x1527, 0x884, 0x1527, 0x1527, 0x1527, 0x884, 0x1527,
    0x884, 0x884, 0x884, 0x884, 0x1527, 0x884, 0x884, 0x2dd3, 0x29ad, 0x884, 0x884, 0x884, 0x884,
    0x884, 0x884, 0x884, 0x884, 0x884, 0x884, 0x884, 0x884, 0x884, 0x884, 0x1527, 0x1527, 0x198b,
    0x1e2f, 0x1e2f, 0x2e2f, 0x2e2f, 0x198b, 0x2e2f, 0x198b, 0x1527, 0x1527, 0x1527, 0x1527, 0x1527,
    0x1527, 0x884, 0x884, 0x884, 0x1527, 0x1527, 0x1527, 0x1527, 0x1527, 0x1527, 0x198b, 0x198b,
    0x198b, 0x198b, 0x198b, 0x198b, 0x1e2f, 0x1d92, 0x3294, 0x2e2f, 0x3294, 0x3294, 0x3294, 0x3294,
    0x3294, 0x3294, 0x3294, 0x10ea, 0x10ea, 0x3294, 0x36b9, 0x1527, 0x884, 0x1527, 0x198b, 0x198b,
    0x198b, 0x884, 0x1e2f, 0x1e2f, 0x1e2f, 0x1e2f, 0x29ad, 0x1e2f, 0x1e2f, 0x1e2f, 0x1e2f, 0x1e2f,
    0x1e2f, 0x3294, 0x2dd3, 0x3294, 0x3294, 0x1d92, 0x3294, 0x3294, 0x1e2f, 0x3294, 0x36b9, 0x1d92,
    0x4f17, 0x884, 0x1d92, 0x1e2f, 0x1e2f, 0x1e2f, 0x2dd3, 0x2dd3, 0x10ea, 0x1e2f, 0x36b9, 0x1e2f,
    0x1e2f, 0x1d92, 0x1e2f, 0x1e2f, 0x1e2f, 0x198b, 0x198b, 0x198b, 0x1527, 0x1527, 0x1527, 0x1527,
    0x1527, 0x1527, 0x1527, 0x1527, 0x1527, 0x1527, 0x1527, 0x1527, 0x884, 0x884, 0x884, 0x884,
    0x884, 0x884, 0x884, 0x884, 0x884, 0x884, 0x884, 0x884, 0x884, 0x10ea, 0x10ea, 0x1d92, 0x1d92,
    0x1d92, 0x1d92, 0x1d92, 0x1d92, 0x1d92, 0x1d92, 0x1d92, 0x1d92, 0x1d92, 0x1d92, 0x1d92, 0x1d92,
    0x1d92, 0x1d92, 0x1d92, 0x1d92, 0x1d92, 0x10ea, 0x198b, 0x1e2f, 0x4eb5, 0x198b, 0x884, 0x4f17,
    0x2dd3, 0x1d92, 0x10ea, 0x884, 0x1d92, 0x10ea, 0x1d92, 0x10ea, 0x884, 0x884, 0x10ea, 0x10ea,
    0x10ea, 0x10ea, 0x10ea, 0x1d92, 0x1d92, 0x1d92, 0x1d92, 0x1d92, 0x1d92, 0x1d92, 0x1d92, 0x1d92,
    0x884, 0x1d92, 0x1d92, 0x36b9, 0x36b9, 0x3f39, 0x2dd3, 0x3f39, 0x3f39, 0x29ad, 0x2dd3, 0x884,
    0x36b9, 0x36b9, 0x1d92, 0x36b9, 0x2dd3, 0x36b9, 0x36b9, 0x10ea, 0x3294, 0x198b, 0x36b9, 0x3294,
    0x2dd3, 0x198b, 0x198b, 0x198b, 0x198b, 0x884, 0x884, 0x198b, 0x1e2f, 0x884, 0x4f17, 0x198b,
    0x198b, 0x198b, 0x198b, 0x884, 0x884, 0x1527, 0x1527, 0x1527, 0x1527, 0x884, 0x1527, 0x884,
    0x884, 0x1527, 0x1527, 0x1527, 0x884, 0x198b, 0x29ad, 0x884, 0x1527, 0x884, 0x884, 0x884,
    0x884, 0x1527, 0x1527, 0x1527, 0x1527, 0x884, 0x1527, 0x1527, 0x1527, 0x1527, 0x1e2f, 0x884,
    0x884, 0x2e2f, 0x2e2f, 0x2e2f, 0x2e2f, 0x3294, 0x3294, 0x1e2f, 0x1e2f, 0x198b, 0x1527, 0x198b,
    0x1e2f, 0x1e2f, 0x1e2f, 0x1e2f, 0x1527, 0x884, 0x1527, 0x1527, 0x1527, 0x1527, 0x1527, 0x198b,
    0x1527, 0x198b, 0x198b, 0x198b, 0x198b, 0x1e2f, 0x3294, 0x3294, 0x3294, 0x3294, 0x3294, 0x3294,
    0x3294, 0x2dd3, 0x1e2f, 0x1e2f, 0x1e2f, 0x10ea, 0x1e2f, 0x1e2f, 0x198b, 0x1527, 0x1527, 0x198b,
    0x3294, 0x1e2f, 0x198b, 0x1e2f, 0x1e2f, 0x1e2f, 0x29ad, 0x29ad, 0x1e2f, 0x1e2f, 0x1e2f, 0x1e2f,
    0x1e2f, 0x1e2f, 0x3294, 0x1e2f, 0x1e2f, 0x1e2f, 0x1e2f, 0x3294, 0x36b9, 0x36b9, 0x36b9, 0x884,
    0x1d92, 0x1d92, 0x1e2f, 0x1e2f, 0x1e2f, 0x1d92, 0x10ea, 0x1d92, 0x36b9, 0x1e2f, 0x1e2f, 0x1e2f,
    0x1e2f, 0x1e2f, 0x1e2f, 0x1e2f, 0x1527, 0x1527, 0x1527, 0x1527, 0x884, 0x1527, 0x1527, 0x1527,
    0x1527, 0x1527, 0x1527, 0x1527, 0x1527, 0x1527, 0x1527, 0x1527, 0x1527, 0x1527, 0x884, 0x198b,
    0x198b, 0x10ea, 0x10ea, 0x198b, 0x10ea, 0x10ea, 0x884, 0x10ea, 0x10ea, 0x884, 0x10ea, 0x198b,
    0x198b, 0x10ea, 0x10ea, 0x10ea, 0x884, 0x198b, 0x198b, 0x198b, 0x10ea, 0x10ea, 0x884, 0x10ea,
    0x10ea, 0x10ea, 0x884, 0x884, 0x884, 0x198b, 0x1e2f, 0x198b, 0x198b, 0x1e2f, 0x198b, 0x1527,
    0x1527, 0x1e2f, 0x884, 0x10ea, 0x36b9, 0x10ea, 0x1d92, 0x1d92, 0x10ea, 0x10ea, 0x10ea, 0x10ea,
    0x10ea, 0x10ea, 0x10ea, 0x1d92, 0x1d92, 0x10ea, 0x1d92, 0x1d92, 0x1d92, 0x1d92, 0x1d92, 0x1d92,
    0x884, 0x1d92, 0x1d92, 0x36b9, 0x10ea, 0x3f39, 0x2dd3, 0x36b9, 0x10ea, 0x575c, 0x3f39, 0x1d92,
    0x3f39, 0x3f39, 0x4ef9, 0x1d92, 0x3294, 0x3294, 0x36b9, 0x10ea, 0x884, 0x2dd3, 0x2dd3, 0x10ea,
    0x2dd3, 0x29ad, 0x29ad, 0x1527, 0x884, 0x1e2f, 0x1e2f, 0x1e2f, 0x1e2f, 0x884, 0x1527, 0x1527,
    0x1527, 0x1527, 0x1527, 0x884, 0x884, 0x462f, 0x884, 0x884, 0x1527, 0x884, 0x884, 0x884, 0x884,
    0x884, 0x884, 0x884, 0x884, 0x884, 0x884, 0x884, 0x1527, 0x884, 0x1527, 0x1527, 0x1527, 0x1527,
    0x1527, 0x1527, 0x1527, 0x1527, 0x1527, 0x1527, 0x1527, 0x1527, 0x198b, 0x1e2f, 0x3294, 0x1e2f,
    0x1e2f, 0x1e2f, 0x1e2f, 0x3294, 0x3294, 0x3294, 0x1e2f, 0x1e2f, 0x1e2f, 0x1e2f, 0x1e2f, 0x3294,
    0x3294, 0x1e2f, 0x1e2f, 0x1e2f, 0x1e2f, 0x1e2f, 0x884, 0x1527, 0x1527, 0x1527, 0x1527, 0x198b,
    0x198b, 0x198b, 0x198b, 0x1e2f, 0x10ea, 0x3294, 0x3294, 0x3294, 0x3294, 0x3294, 0x3294, 0x3294,
    0x3294, 0x36b9, 0x36b9, 0x36b9, 0x3294, 0x1e2f, 0x198b, 0x198b, 0x1527, 0x198b, 0x36b9, 0x36b9,
    0x36b9, 0x36b9, 0x36b9, 0x198b, 0x29ad, 0x29ad, 0x29ad, 0x1e2f, 0x1e2f, 0x1e2f, 0x1e2f, 0x2e2f,
    0x1e2f, 0x2e2f, 0x1e2f, 0x1e2f, 0x2dd3, 0x1e2f, 0x1e2f, 0x884, 0x1d92, 0x10ea, 0x1d92, 0x1e2f,
    0x1d92, 0x1e2f, 0x884, 0x1e2f, 0x1d92, 0x884, 0x1e2f, 0x1e2f, 0x1e2f, 0x1e2f, 0x1e2f, 0x1e2f,
    0x1e2f, 0x1e2f, 0x1527, 0x1527, 0x884, 0x1527, 0x884, 0x1527, 0x884, 0x1527, 0x884, 0x1527,
    0x1527, 0x1527, 0x1527, 0x1527, 0x1527, 0x1527, 0x1527, 0x884, 0x1527, 0x29ad, 0x198b, 0x198b,
    0x198b, 0x198b, 0x198b, 0x10ea, 0x10ea, 0x1527, 0x884, 0x884, 0x198b, 0x198b, 0x198b, 0x198b,
    0x198b, 0x198b, 0x198b, 0x198b, 0x198b, 0x1527, 0x884, 0x884, 0x10ea, 0x198b, 0x10ea, 0x198b,
    0x10ea, 0x10ea, 0x884, 0x3294, 0x884, 0x1e2f, 0x198b, 0x1e2f, 0x1527, 0x1527, 0x1527, 0x1527,
    0x198b, 0x884, 0x2dd3, 0x10ea, 0x1d92, 0x10ea, 0x10ea, 0x10ea, 0x10ea, 0x1d92, 0x10ea, 0x10ea,
    0x10ea, 0x1d92, 0x1d92, 0x1d92, 0x1d92, 0x1d92, 0x1d92, 0x1d92, 0x1d92, 0x1d92, 0x884, 0x1d92,
    0x10ea, 0x3f39, 0x1e2f, 0x1d92, 0x198b, 0x1e2f, 0x3294, 0x4ef9, 0x36b9, 0x1d92, 0x2dd3, 0x36b9,
    0x3294, 0x3294, 0x1d92, 0x36b9, 0x36b9, 0x36b9, 0x3294, 0x198b, 0x3294, 0x2dd3, 0x2dd3, 0x198b,
    0x198b, 0x1527, 0x1527, 0x884, 0x198b, 0x1e2f, 0x1e2f, 0x1527, 0x884, 0x1527, 0x1527, 0x1527,
    0x884, 0x884, 0x884, 0x884, 0x884, 0x884, 0x884, 0x884, 0x884, 0x884, 0x884, 0x884, 0x884,
    0x884, 0x884, 0x1527, 0x1527, 0x1527, 0x1527, 0x1527, 0x1527, 0x1527, 0x884, 0x1527, 0x1527,
    0x1527, 0x1527, 0x1527, 0x1527, 0x1527, 0x1527, 0x1527, 0x1527, 0x3294, 0x3294, 0x3294, 0x3294,
    0x3294, 0x1e2f, 0x1e2f, 0x3294, 0x3294, 0x3294, 0x3294, 0x3294, 0x36b9, 0x36b9, 0x3294, 0x36b9,
    0x36b9, 0x36b9, 0x36b9, 0x1d92, 0x1d92, 0x1e2f, 0x1e2f, 0x884, 0x1527, 0x1527, 0x1527, 0x1527,
    0x198b, 0x198b, 0x1527, 0x1e2f, 0x1d92, 0x3294, 0x3294, 0x3294, 0x3294, 0x3294, 0x3294, 0x3294,
    0x3294, 0x1e2f, 0x1527, 0x3294, 0x3294, 0x198b, 0x198b, 0x884, 0x198b, 0x36b9, 0x36b9, 0x36b9,
    0x36b9, 0x36b9, 0x36b9, 0x1e2f, 0x198b, 0x1527, 0x29ad, 0x1e2f, 0x1e2f, 0x1e2f, 0x1e2f, 0x2e2f,
    0x1e2f, 0x1d92, 0x1527, 0x2dd3, 0x1e2f, 0x1e2f, 0x1527, 0x1d92, 0x1d92, 0x1d92, 0x1d92, 0x1d92,
    0x1d92, 0x884, 0x1d92, 0x1e2f, 0x1e2f, 0x1e2f, 0x1527, 0x10ea, 0x1e2f, 0x1e2f, 0x198b, 0x1e2f,
    0x1e2f, 0x1527, 0x1527, 0x1527, 0x1527, 0x884, 0x1527, 0x1527, 0x884, 0x884, 0x884, 0x1527,
    0x1527, 0x884, 0x884, 0x884, 0x1527, 0x1527, 0x1527, 0x1527, 0x884, 0x884, 0x198b, 0x10ea,
    0x198b, 0x198b, 0x884, 0x2dd3, 0x2dd3, 0x29ad, 0x198b, 0x884, 0x884, 0x884, 0x884, 0x884,
    0x884, 0x884, 0x884, 0x1527, 0x29ad, 0x29ad, 0x29ad, 0x29ad, 0x884, 0x36b9, 0x1e2f, 0x198b,
    0x3294, 0x884, 0x1e2f, 0x1e2f, 0x198b, 0x884, 0x3294, 0x1527, 0x1527, 0x1527, 0x1527, 0x1527,
    0x10ea, 0x884, 0x10ea, 0x10ea, 0x10ea, 0x10ea, 0x10ea, 0x10ea, 0x10ea, 0x10ea, 0x10ea, 0x10ea,
    0x1d92, 0x1d92, 0x1d92, 0x1d92, 0x1d92, 0x1d92, 0x1d92, 0x1d92, 0x1d92, 0x884, 0x1d92, 0x10ea,
    0x36b9, 0x3294, 0x198b, 0x1e2f, 0x1527, 0x1527, 0x1d92, 0x884, 0x1d92, 0x884, 0x36b9, 0x3294,
    0x36b9, 0x2dd3, 0x3294, 0x1e2f, 0x884, 0x884, 0x10ea, 0x884, 0x2dd3, 0x2dd3, 0x884, 0x1527,
    0x1527, 0x198b, 0x884, 0x1527, 0x198b, 0x1e2f, 0x884, 0x1527, 0x1527, 0x1527, 0x1527, 0x884,
    0x884, 0x884, 0x884, 0x884, 0x884, 0x884, 0x884, 0x884, 0x884, 0x884, 0x884, 0x884, 0x1527,
    0x1527, 0x1527, 0x1527, 0x1527, 0x1527, 0x1527, 0x1527, 0x1527, 0x1527, 0x1527, 0x1527, 0x1527,
    0x884, 0x1527, 0x1527, 0x1527, 0x1527, 0x1527, 0x1e2f, 0x198b, 0x198b, 0x3294, 0x3294, 0x1e2f,
    0x1e2f, 0x3294, 0x198b, 0x198b, 0x1e2f, 0x10ea, 0x10ea, 0x36b9, 0x36b9, 0x36b9, 0x36b9, 0x36b9,
    0x36b9, 0x36b9, 0x36b9, 0x36b9, 0x36b9, 0x36b9, 0x36b9, 0x1d92, 0x1d92, 0x884, 0x884, 0x198b,
    0x198b, 0x198b, 0x198b, 0x198b, 0x3294, 0x3294, 0x3294, 0x3294, 0x1e2f, 0x198b, 0x3294, 0x3294,
    0x2e2f, 0x2e2f, 0x2e2f, 0x2e2f, 0x198b, 0x29ad, 0x198b, 0x198b, 0x1e2f, 0x3294, 0x3294, 0x3294,
    0x3294, 0x36b9, 0x36b9, 0x3294, 0x3294, 0x3294, 0x3294, 0x3294, 0x10ea, 0x1d92, 0x36b9, 0x1d92,
    0x1e2f, 0x36b9, 0x198b, 0x1e2f, 0x2dd3, 0x1d92, 0x1d92, 0x198b, 0x198b, 0x198b, 0x1d92, 0x198b,
    0x198b, 0x36b9, 0x1e2f, 0x1e2f, 0x10ea, 0x198b, 0x1e2f, 0x1e2f, 0x884, 0x1527, 0x1e2f, 0x1527,
    0x1527, 0x1527, 0x1527, 0x1527, 0x1527, 0x884, 0x884, 0x884, 0x884, 0x884, 0x884, 0x884, 0x884,
    0x884, 0x36b9, 0x36b9, 0x1d92, 0x36b9, 0x1527, 0x36b9, 0x2dd3, 0x2dd3, 0x1d92, 0x2dd3, 0x3294,
    0x884, 0x198b, 0x198b, 0x2dd3, 0x884, 0x10ea, 0x10ea, 0x1d92, 0x1d92, 0x1d92, 0x1d92, 0x1d92,
    0x1d92, 0x1d92, 0x884, 0x29ad, 0x29ad, 0x884, 0x1d92, 0x36b9, 0x36b9, 0x1e2f, 0x36b9, 0x1e2f,
    0x1e2f, 0x1e2f, 0x1e2f, 0x1e2f, 0x1527, 0x1527, 0x1527, 0x1527, 0x1527, 0x884, 0x1527, 0x1527,
    0x884, 0x198b, 0x1d92, 0x1d92, 0x884, 0x884, 0x884, 0x884, 0x10ea, 0x1d92, 0x29ad, 0x1d92,
    0x10ea, 0x884, 0x884, 0x884, 0x884, 0x884, 0x884, 0x884, 0x1d92, 0x1d92, 0x1d92, 0x1e2f, 0x884,
    0x1527, 0x884, 0x1527, 0x10ea, 0x29ad, 0x2dd3, 0x884, 0x4ef9, 0x575c, 0x3f39, 0x884, 0x884,
    0x1e2f, 0x884, 0x1e2f, 0x10ea, 0x1527, 0x198b, 0x2dd3, 0x884, 0x198b, 0x198b, 0x198b, 0x1527,
    0x1527, 0x884, 0x198b, 0x198b, 0x1527, 0x884, 0x884, 0x1527, 0x884, 0x884, 0x884, 0x884, 0x884,
    0x884, 0x884, 0x884, 0x884, 0x1527, 0x884, 0x1527, 0x1527, 0x1527, 0x1527, 0x1527, 0x1527,
    0x1527, 0x198b, 0x198b, 0x1527, 0x1527, 0x1527, 0x1527, 0x1527, 0x1527, 0x4f17, 0x1527, 0x1527,
    0x884, 0x884, 0x1527, 0x1e2f, 0x1e2f, 0x1e2f, 0x10ea, 0x3294, 0x3294, 0x3294, 0x10ea, 0x1e2f,
    0x1e2f, 0x1e2f, 0x1e2f, 0x10ea, 0x198b, 0x36b9, 0x3294, 0x36b9, 0x36b9, 0x36b9, 0x36b9, 0x36b9,
    0x36b9, 0x36b9, 0x36b9, 0x36b9, 0x1d92, 0x1d92, 0x1d92, 0x36b9, 0x1d92, 0x1e2f, 0x1e2f, 0x3294,
    0x2dd3, 0x3294, 0x3294, 0x3294, 0x3294, 0x3294, 0x2e2f, 0x2e2f, 0x2e2f, 0x2e2f, 0x2e2f, 0x2e2f,
    0x2e2f, 0x2e2f, 0x2e2f, 0x2e2f, 0x2e2f, 0x2e2f, 0x2e2f, 0x2e2f, 0x2e2f, 0x2e2f, 0x2e2f, 0x3294,
    0x3294, 0x3294, 0x3294, 0x3294, 0x1e2f, 0x36b9, 0x36b9, 0x1d92, 0x1e2f, 0x1e2f, 0x1e2f, 0x2e2f,
    0x1e2f, 0x1e2f, 0x884, 0x198b, 0x198b, 0x198b, 0x198b, 0x198b, 0x198b, 0x198b, 0x1e2f, 0x1e2f,
    0x1e2f, 0x198b, 0x1527, 0x884, 0x1e2f, 0x198b, 0x1527, 0x1527, 0x1527, 0x1527, 0x1527, 0x1527,
    0x1527, 0x1527, 0x884, 0x884, 0x884, 0x884, 0x884, 0x884, 0x1d92, 0x1d92, 0x1d92, 0x1d92,
    0x36b9, 0x1d92, 0x198b, 0x1e2f, 0x36b9, 0x2dd3, 0x2dd3, 0x10ea, 0x4ef9, 0x3f39, 0x1d92, 0x2dd3,
    0x2dd3, 0x884, 0x36b9, 0x884, 0x29ad, 0x198b, 0x884, 0x884, 0x10ea, 0x884, 0x884, 0x36b9,
    0x36b9, 0x3294, 0x10ea, 0x1d92, 0x1d92, 0x1d92, 0x1e2f, 0x1e2f, 0x1e2f, 0x884, 0x1e2f, 0x198b,
    0x198b, 0x198b, 0x1527, 0x1527, 0x1527, 0x884, 0x1527, 0x1527, 0x1527, 0x1527, 0x1527, 0x1d92,
    0x10ea, 0x884, 0x198b, 0x198b, 0x198b, 0x10ea, 0x10ea, 0x10ea, 0x10ea, 0x198b, 0x2dd3, 0x4eb5,
    0x4ef9, 0x575c, 0x575c, 0x575c, 0x2dd3, 0x884, 0x884, 0x10ea, 0x1d92, 0x1d92, 0x1d92, 0x1d92,
    0x10ea, 0x10ea, 0x2dd3, 0x3294, 0x36b9, 0x1d92, 0x10ea, 0x198b, 0x1d92, 0x1d92, 0x10ea, 0x10ea,
    0x10ea, 0x884, 0x884, 0x884, 0x884, 0x29ad, 0x884, 0x198b, 0x884, 0x198b, 0x198b, 0x884,
    0x1527, 0x1527, 0x884, 0x884, 0x884, 0x884, 0x1527, 0x884, 0x884, 0x884, 0x884, 0x884, 0x1527,
    0x1527, 0x1527, 0x884, 0x1527, 0x1527, 0x1527, 0x1527, 0x1527, 0x1527, 0x1527, 0x198b, 0x1527,
    0x1527, 0x1527, 0x1527, 0x1527, 0x1527, 0x1527, 0x1527, 0x1527, 0x29ad, 0x198b, 0x884, 0x1527,
    0x1527, 0x1527, 0x3294, 0x1e2f, 0x1e2f, 0x1e2f, 0x3294, 0x3294, 0x3294, 0x1e2f, 0x1e2f, 0x1e2f,
    0x1e2f, 0x1e2f, 0x3294, 0x36b9, 0x1e2f, 0x3294, 0x3294, 0x3294, 0x36b9, 0x36b9, 0x36b9, 0x36b9,
    0x36b9, 0x36b9, 0x36b9, 0x36b9, 0x1d92, 0x36b9, 0x1d92, 0x1d92, 0x1d92, 0x3294, 0x1e2f, 0x36b9,
    0x36b9, 0x36b9, 0x10ea, 0x1e2f, 0x2e2f, 0x2e2f, 0x2e2f, 0x2e2f, 0x2e2f, 0x2e2f, 0x2e2f, 0x3294,
    0x3294, 0x3294, 0x3294, 0x3294, 0x3294, 0x3294, 0x462f, 0x3294, 0x3294, 0x3294, 0x3294, 0x3294,
    0x3294, 0x3294, 0x3294, 0x1e2f, 0x36b9, 0x1e2f, 0x1e2f, 0x1e2f, 0x1e2f, 0x1e2f, 0x10ea, 0x10ea,
    0x1e2f, 0x198b, 0x198b, 0x198b, 0x198b, 0x198b, 0x198b, 0x3294, 0x1e2f, 0x1e2f, 0x1e2f, 0x1e2f,
    0x1527, 0x198b, 0x1e2f, 0x1e2f, 0x198b, 0x1527, 0x1527, 0x1527, 0x1527, 0x198b, 0x1527, 0x884,
    0x1527, 0x884, 0x884, 0x884, 0x884, 0x10ea, 0x36b9, 0x36b9, 0x1d92, 0x1d92, 0x1d92, 0x1d92,
    0x198b, 0x1d92, 0x1e2f, 0x4ef9, 0x575c, 0x4ef9, 0x36b9, 0x2dd3, 0x2dd3, 0x36b9, 0x4ef9, 0x36b9,
    0x36b9, 0x36b9, 0x884, 0x29ad, 0x198b, 0x884, 0x10ea, 0x198b, 0x884, 0x10ea, 0x3294, 0x1d92,
    0x2e2f, 0x1d92, 0x36b9, 0x1e2f, 0x1e2f, 0x1e2f, 0x1e2f, 0x3294, 0x198b, 0x1527, 0x3f39, 0x3f39,
    0x884, 0x884, 0x1527, 0x884, 0x884, 0x884, 0x884, 0x884, 0x884, 0x884, 0x1d92, 0x198b, 0x884,
    0x1e2f, 0x2dd3, 0x3294, 0x3294, 0x3294, 0x3294, 0x3294, 0x3294, 0x3294, 0x3294, 0x2dd3, 0x2dd3,
    0x2dd3, 0x2dd3, 0x1527, 0x1527, 0x1527, 0x1527, 0x4eb5, 0x884, 0x1d92, 0x1d92, 0x10ea, 0x884,
    0x29ad, 0x2e2f, 0x2dd3, 0x1d92, 0x1d92, 0x10ea, 0x2dd3, 0x10ea, 0x10ea, 0x884, 0x884, 0x884,
    0x884, 0x10ea, 0x884, 0x29ad, 0x198b, 0x884, 0x1527, 0x1527, 0x884, 0x1527, 0x884, 0x884,
    0x884, 0x1527, 0x884, 0x1527, 0x1527, 0x1527, 0x1527, 0x1527, 0x1527, 0x1527, 0x1527, 0x1527,
    0x1527, 0x1527, 0x1527, 0x1527, 0x1527, 0x1527, 0x198b, 0x1527, 0x1527, 0x1527, 0x1527, 0x1527,
    0x1527, 0x1527, 0x884, 0x1527, 0x198b, 0x198b, 0x198b, 0x198b, 0x198b, 0x198b, 0x198b, 0x198b,
    0x198b, 0x1e2f, 0x1e2f, 0x1e2f, 0x1e2f, 0x3f39, 0x884, 0x198b, 0x1e2f, 0x1e2f, 0x1e2f, 0x1e2f,
    0x1e2f, 0x3294, 0x1e2f, 0x36b9, 0x198b, 0x1e2f, 0x3294, 0x3294, 0x3294, 0x1d92, 0x36b9, 0x36b9,
    0x36b9, 0x36b9, 0x1d92, 0x1d92, 0x1d92, 0x1d92, 0x1d92, 0x1d92, 0x1d92, 0x1d92, 0x3294, 0x36b9,
    0x36b9, 0x36b9, 0x36b9, 0x36b9, 0x198b, 0x2e2f, 0x2e2f, 0x2e2f, 0x2e2f, 0x2e2f, 0x2e2f, 0x3294,
    0x3294, 0x3294, 0x3294, 0x3294, 0x3294, 0x3294, 0x3294, 0x3294, 0x3294, 0x3294, 0x3294, 0x3294,
    0x3294, 0x3294, 0x884, 0x1d92, 0x1e2f, 0x1e2f, 0x1e2f, 0x1e2f, 0x1e2f, 0x1e2f, 0x1e2f, 0x198b,
    0x1e2f, 0x1d92, 0x198b, 0x198b, 0x1527, 0x1527, 0x884, 0x1e2f, 0x1e2f, 0x1527, 0x1527, 0x198b,
    0x198b, 0x198b, 0x1527, 0x1527, 0x198b, 0x1527, 0x198b, 0x1527, 0x1527, 0x884, 0x1527, 0x1527,
    0x884, 0x884, 0x884, 0x1527, 0x1527, 0x36b9, 0x36b9, 0x1d92, 0x884, 0x1d92, 0x198b, 0x1527,
    0x1e2f, 0x198b, 0x4eb5, 0x3294, 0x575c, 0x3294, 0x3294, 0x3294, 0x2dd3, 0x2dd3, 0x2dd3, 0x36b9,
    0x36b9, 0x884, 0x29ad, 0x198b, 0x884, 0x884, 0x1d92, 0x884, 0x884, 0x3294, 0x4ef9, 0x3f39,
    0x1e2f, 0x1e2f, 0x1e2f, 0x198b, 0x198b, 0x1e2f, 0x198b, 0x198b, 0x1527, 0x1527, 0x1527, 0x1527,
    0x1527, 0x1527, 0x884, 0x884, 0x884, 0x1527, 0x884, 0x1527, 0x884, 0x1d92, 0x4ef9, 0x575c,
    0x575c, 0x73bd, 0x73bd, 0x575c, 0x575c, 0x4ef9, 0x3294, 0x2dd3, 0x198b, 0x10ea, 0x884, 0x884,
    0x884, 0x198b, 0x198b, 0x198b, 0x1527, 0x1527, 0x198b, 0x1527, 0x1d92, 0x1d92, 0x10ea, 0x884,
    0x884, 0x1527, 0x884, 0x1d92, 0x884, 0x10ea, 0x884, 0x1d92, 0x1d92, 0x10ea, 0x1d92, 0x1d92,
    0x1d92, 0x10ea, 0x198b, 0x198b, 0x1e2f, 0x1e2f, 0x1e2f, 0x1527, 0x198b, 0x1e2f, 0x1527, 0x884,
    0x1527, 0x1527, 0x1527, 0x1527, 0x1527, 0x1527, 0x1527, 0x1527, 0x1527, 0x1527, 0x1527, 0x1527,
    0x198b, 0x198b, 0x198b, 0x198b, 0x198b, 0x1527, 0x198b, 0x1527, 0x1527, 0x1527, 0x1527, 0x1527,
    0x1527, 0x1527, 0x1527, 0x198b, 0x198b, 0x198b, 0x198b, 0x198b, 0x198b, 0x198b, 0x198b, 0x198b,
    0x198b, 0x1e2f, 0x1e2f, 0x1e2f, 0x1e2f, 0x1e2f, 0x1e2f, 0x1527, 0x198b, 0x1e2f, 0x1e2f, 0x1e2f,
    0x1e2f, 0x1e2f, 0x1e2f, 0x1e2f, 0x1e2f, 0x1e2f, 0x1e2f, 0x3294, 0x3294, 0x3294, 0x1e2f, 0x36b9,
    0x36b9, 0x36b9, 0x36b9, 0x36b9, 0x36b9, 0x10ea, 0x1d92, 0x1d92, 0x1d92, 0x36b9, 0x1d92, 0x1d92,
    0x36b9, 0x36b9, 0x36b9, 0x36b9, 0x36b9, 0x1d92, 0x1d92, 0x1527, 0x1527, 0x198b, 0x198b, 0x29ad,
    0x1e2f, 0x2e2f, 0x3294, 0x3294, 0x3294, 0x3294, 0x3294, 0x3294, 0x3294, 0x3294, 0x3294, 0x1e2f,
    0x36b9, 0x1d92, 0x1e2f, 0x1d92, 0x1e2f, 0x1e2f, 0x1e2f, 0x198b, 0x1e2f, 0x1e2f, 0x1e2f, 0x198b,
    0x198b, 0x1e2f, 0x198b, 0x10ea, 0x1527, 0x198b, 0x1e2f, 0x1e2f, 0x1e2f, 0x198b, 0x198b, 0x198b,
    0x1527, 0x884, 0x1527, 0x1527, 0x198b, 0x884, 0x198b, 0x1527, 0x1527, 0x884, 0x884, 0x884,
    0x884, 0x1527, 0x1527, 0x36b9, 0x1d92, 0x1d92, 0x1d92, 0x1d92, 0x1d92, 0x198b, 0x198b, 0x884,
    0x198b, 0x1527, 0x4ef9, 0x3294, 0x3294, 0x1d92, 0x198b, 0x198b, 0x198b, 0x575c, 0x3294, 0x3f39,
    0x36b9, 0x884, 0x29ad, 0x1d92, 0x884, 0x884, 0x198b, 0x884, 0x884, 0x3294, 0x10ea, 0x1e2f,
    0x1e2f, 0x1e2f, 0x198b, 0x198b, 0x198b, 0x1e2f, 0x884, 0x1527, 0x1527, 0x884, 0x884, 0x1527,
    0x1527, 0x884, 0x884, 0x884, 0x884, 0x1e2f, 0x884, 0x884, 0x884, 0x2dd3, 0x2dd3, 0x2dd3,
    0x3294, 0x3294, 0x3294, 0x2dd3, 0x2dd3, 0x29ad, 0x10ea, 0x10ea, 0x198b, 0x1d92, 0x1e2f, 0x1e2f,
    0x884, 0x1527, 0x1527, 0x198b, 0x1e2f, 0x1e2f, 0x198b, 0x1e2f, 0x10ea, 0x198b, 0x884, 0x884,
    0x1527, 0x1e2f, 0x1527, 0x2dd3, 0x884, 0x10ea, 0x884, 0x1e2f, 0x1e2f, 0x198b, 0x884, 0x10ea,
    0x1e2f, 0x1e2f, 0x1e2f, 0x1e2f, 0x198b, 0x198b, 0x1e2f, 0x198b, 0x1e2f, 0x1527, 0x1e2f, 0x198b,
    0x1527, 0x1e2f, 0x1527, 0x1e2f, 0x3294, 0x1e2f, 0x1e2f, 0x1e2f, 0x1e2f, 0x3294, 0x198b, 0x198b,
    0x1e2f, 0x198b, 0x198b, 0x198b, 0x198b, 0x1527, 0x1527, 0x198b, 0x198b, 0x198b, 0x198b, 0x198b,
    0x1527, 0x1527, 0x198b, 0x198b, 0x198b, 0x1527, 0x1e2f, 0x1e2f, 0x3f39, 0x1e2f, 0x1e2f, 0x3f39,
    0x1e2f, 0x1527, 0x1e2f, 0x1e2f, 0x884, 0x10ea, 0x1e2f, 0x198b, 0x198b, 0x1e2f, 0x1e2f, 0x1e2f,
    0x1e2f, 0x1e2f, 0x884, 0x36b9, 0x36b9, 0x3294, 0x3294, 0x3294, 0x3294, 0x3294, 0x3294, 0x3294,
    0x3294, 0x3294, 0x3294, 0x1e2f, 0x3294, 0x3294, 0x3294, 0x3f39, 0x3294, 0x36b9, 0x36b9, 0x36b9,
    0x36b9, 0x36b9, 0x36b9, 0x36b9, 0x36b9, 0x36b9, 0x36b9, 0x36b9, 0x36b9, 0x36b9, 0x36b9, 0x36b9,
    0x36b9, 0x36b9, 0x36b9, 0x36b9, 0x36b9, 0x1e2f, 0x198b, 0x1e2f, 0x3294, 0x3294, 0x3294, 0x1d92,
    0x1d92, 0x1e2f, 0x1e2f, 0x1e2f, 0x1e2f, 0x198b, 0x198b, 0x198b, 0x198b, 0x1527, 0x198b, 0x198b,
    0x198b, 0x884, 0x10ea, 0x1e2f, 0x1527, 0x198b, 0x198b, 0x10ea, 0x884, 0x198b, 0x198b, 0x198b,
    0x198b, 0x198b, 0x1527, 0x1527, 0x1527, 0x3294, 0x884, 0x884, 0x884, 0x884, 0x884, 0x1527,
    0x29ad, 0x36b9, 0x1d92, 0x1d92, 0x1d92, 0x36b9, 0x1d92, 0x1e2f, 0x198b, 0x198b, 0x1527, 0x1527,
    0x1527, 0x884, 0x36b9, 0x3294, 0x3294, 0x2dd3, 0x36b9, 0x36b9, 0x36b9, 0x3f39, 0x3294, 0x36b9,
    0x1d92, 0x884, 0x2dd3, 0x1d92, 0x884, 0x198b, 0x198b, 0x1527, 0x884, 0x3f39, 0x198b, 0x1e2f,
    0x1e2f, 0x1e2f, 0x1527, 0x1e2f, 0x1527, 0x1527, 0x1e2f, 0x198b, 0x884, 0x1e2f, 0x1e2f, 0x1e2f,
    0x1e2f, 0x1e2f, 0x1e2f, 0x198b, 0x1e2f, 0x198b, 0x198b, 0x1527, 0x198b, 0x1527, 0x884, 0x884,
    0x884, 0x884, 0x884, 0x198b, 0x29ad, 0x2dd3, 0x2dd3, 0x3294, 0x3294, 0x1e2f, 0x198b, 0x198b,
    0x1e2f, 0x1e2f, 0x1e2f, 0x198b, 0x1527, 0x1527, 0x198b, 0x1e2f, 0x1e2f, 0x3294, 0x1e2f, 0x1e2f,
    0x1e2f, 0x1e2f, 0x3294, 0x36b9, 0x10ea, 0x1d92, 0x884, 0x3294, 0x1e2f, 0x3294, 0x1e2f, 0x1e2f,
    0x1e2f, 0x3294, 0x1e2f, 0x3294, 0x1e2f, 0x1e2f, 0x1e2f, 0x1e2f, 0x1e2f, 0x1e2f, 0x1527, 0x1e2f,
    0x1e2f, 0x1e2f, 0x1e2f, 0x1e2f, 0x1e2f, 0x1e2f, 0x1e2f, 0x1e2f, 0x1e2f, 0x3294, 0x1e2f, 0x1e2f,
    0x1e2f, 0x1e2f, 0x1527, 0x1527, 0x198b, 0x1527, 0x1e2f, 0x1e2f, 0x1527, 0x198b, 0x1527, 0x1e2f,
    0x1e2f, 0x1e2f, 0x1e2f, 0x1e2f, 0x1e2f, 0x1e2f, 0x1e2f, 0x3294, 0x3294, 0x1e2f, 0x3294, 0x1e2f,
    0x1e2f, 0x1527, 0x198b, 0x1e2f, 0x198b, 0x1e2f, 0x198b, 0x198b, 0x198b, 0x1e2f, 0x10ea, 0x884,
    0x1e2f, 0x1e2f, 0x1e2f, 0x3294, 0x3294, 0x1e2f, 0x884, 0x1e2f, 0x3294, 0x3294, 0x1e2f, 0x1e2f,
    0x1e2f, 0x1e2f, 0x1e2f, 0x1e2f, 0x1e2f, 0x1e2f, 0x3294, 0x3294, 0x3f39, 0x3f39, 0x3294, 0x3294,
    0x3294, 0x3294, 0x3f39, 0x3f39, 0x3f39, 0x3f39, 0x36b9, 0x36b9, 0x36b9, 0x36b9, 0x36b9, 0x36b9,
    0x36b9, 0x36b9, 0x36b9, 0x36b9, 0x36b9, 0x36b9, 0x36b9, 0x3294, 0x3294, 0x3294, 0x1e2f, 0x1e2f,
    0x1e2f, 0x1e2f, 0x1e2f, 0x198b, 0x198b, 0x198b, 0x1527, 0x1527, 0x1527, 0x1527, 0x1527, 0x1527,
    0x198b, 0x198b, 0x198b, 0x198b, 0x1527, 0x198b, 0x198b, 0x10ea, 0x2dd3, 0x2dd3, 0x2dd3, 0x3294,
    0x36b9, 0x36b9, 0x3294, 0x2dd3, 0x10ea, 0x2dd3, 0x884, 0x884, 0x884, 0x884, 0x1527, 0x1527,
    0x1527, 0x29ad, 0x198b, 0x198b, 0x10ea, 0x1d92, 0x1d92, 0x198b, 0x1527, 0x1527, 0x1527, 0x1527,
    0x884, 0x1527, 0x4ef9, 0x36b9, 0x3f39, 0x36b9, 0x2dd3, 0x2dd3, 0x2dd3, 0x2dd3, 0x1d92, 0x198b,
    0x36b9, 0x884, 0x10ea, 0x10ea, 0x1d92, 0x1d92, 0x1d92, 0x3294, 0x10ea, 0x198b, 0x1e2f, 0x3294,
    0x1e2f, 0x1e2f, 0x1e2f, 0x3294, 0x1e2f, 0x3294, 0x1e2f, 0x1e2f, 0x1e2f, 0x3294, 0x1e2f, 0x1e2f,
    0x1e2f, 0x1e2f, 0x1527, 0x1527, 0x884, 0x884, 0x1527, 0x2e2f, 0x10ea, 0x2dd3, 0x3294, 0x198b,
    0x29ad, 0x2dd3, 0x3294, 0x4eb5, 0x36b9, 0x4ef9, 0x3f39, 0x3f39, 0x3f39, 0x3294, 0x1e2f, 0x1e2f,
    0x3294, 0x1e2f, 0x3294, 0x1e2f, 0x1e2f, 0x1e2f, 0x1e2f, 0x198b, 0x198b, 0x1e2f, 0x3294, 0x1e2f,
    0x1e2f, 0x1e2f, 0x1e2f, 0x3294, 0x1d92, 0x1d92, 0x10ea, 0x36b9, 0x3294, 0x3294, 0x3294, 0x3294,
    0x3f39, 0x198b, 0x3294, 0x3294, 0x3294, 0x3294, 0x3294, 0x1e2f, 0x1e2f, 0x1e2f, 0x1e2f, 0x1e2f,
    0x1e2f, 0x1e2f, 0x1e2f, 0x198b, 0x1e2f, 0x198b, 0x198b, 0x1e2f, 0x1e2f, 0x198b, 0x1e2f, 0x1e2f,
    0x1e2f, 0x198b, 0x1e2f, 0x1e2f, 0x1e2f, 0x1e2f, 0x1e2f, 0x1e2f, 0x1e2f, 0x1e2f, 0x1e2f, 0x1e2f,
    0x1e2f, 0x1e2f, 0x1e2f, 0x3294, 0x1e2f, 0x1e2f, 0x1e2f, 0x1e2f, 0x1e2f, 0x1e2f, 0x1e2f, 0x1e2f,
    0x1e2f, 0x198b, 0x198b, 0x198b, 0x198b, 0x198b, 0x198b, 0x198b, 0x198b, 0x198b, 0x1527, 0x1527,
    0x1e2f, 0x198b, 0x1e2f, 0x1e2f, 0x3294, 0x884, 0x3294, 0x3294, 0x1e2f, 0x3294, 0x3294, 0x3294,
    0x3294, 0x3294, 0x3294, 0x3294, 0x3294, 0x3294, 0x3294, 0x3294, 0x3294, 0x3294, 0x1e2f, 0x1e2f,
    0x3294, 0x3294, 0x3294, 0x3294, 0x3294, 0x3294, 0x3294, 0x3294, 0x3294, 0x36b9, 0x36b9, 0x36b9,
    0x36b9, 0x36b9, 0x36b9, 0x36b9, 0x36b9, 0x36b9, 0x36b9, 0x36b9, 0x3294, 0x36b9, 0x1d92, 0x1e2f,
    0x198b, 0x1e2f, 0x198b, 0x198b, 0x1527, 0x198b, 0x1527, 0x1527, 0x3294, 0x1e2f, 0x198b, 0x198b,
    0x198b, 0x1527, 0x884, 0x10ea, 0x2dd3, 0x3294, 0x3294, 0x10ea, 0x2dd3, 0x884, 0x884, 0x1527,
    0x1527, 0x1527, 0x1527, 0x1527, 0x198b, 0x2dd3, 0x1527, 0x1527, 0x1527, 0x1527, 0x198b, 0x198b,
    0x1527, 0x1e2f, 0x1527, 0x10ea, 0x1d92, 0x1d92, 0x1d92, 0x1527, 0x1527, 0x1527, 0x1527, 0x884,
    0x884, 0x884, 0x3294, 0x2dd3, 0x1d92, 0x2dd3, 0x3294, 0x2dd3, 0x3294, 0x10ea, 0x36b9, 0x4ef9,
    0x36b9, 0x36b9, 0x36b9, 0x2dd3, 0x3f39, 0x2dd3, 0x1e2f, 0x36b9, 0x36b9, 0x3294, 0x3294, 0x3294,
    0x1e2f, 0x1e2f, 0x3294, 0x1e2f, 0x1e2f, 0x1e2f, 0x1e2f, 0x3294, 0x1e2f, 0x1527, 0x1e2f, 0x1e2f,
    0x1e2f, 0x884, 0x1527, 0x198b, 0x1e2f, 0x2e2f, 0x3294, 0x3294, 0x3294, 0x3294, 0x3294, 0x3294,
    0x3294, 0x36b9, 0x3294, 0x3294, 0x36b9, 0x1e2f, 0x3294, 0x1e2f, 0x3294, 0x3294, 0x1e2f, 0x1e2f,
    0x3294, 0x3f39, 0x575c, 0x3294, 0x3294, 0x3294, 0x3294, 0x36b9, 0x198b, 0x1e2f, 0x1e2f, 0x1e2f,
    0x1e2f, 0x1e2f, 0x1e2f, 0x10ea, 0x10ea, 0x10ea, 0x10ea, 0x1e2f, 0x1e2f, 0x3294, 0x3294, 0x1e2f,
    0x1e2f, 0x1e2f, 0x1e2f, 0x1e2f, 0x1e2f, 0x1e2f, 0x1e2f, 0x1e2f, 0x1e2f, 0x1e2f, 0x1e2f, 0x1e2f,
    0x1e2f, 0x198b, 0x198b, 0x1e2f, 0x198b, 0x1e2f, 0x1e2f, 0x1e2f, 0x1e2f, 0x1e2f, 0x1e2f, 0x1e2f,
    0x198b, 0x1e2f, 0x1e2f, 0x1e2f, 0x198b, 0x198b, 0x1e2f, 0x1e2f, 0x1e2f, 0x1e2f, 0x1e2f, 0x1e2f,
    0x1e2f, 0x1e2f, 0x1e2f, 0x1e2f, 0x1e2f, 0x1e2f, 0x1e2f, 0x1e2f, 0x1e2f, 0x1e2f, 0x1e2f, 0x1e2f,
    0x198b, 0x1527, 0x198b, 0x1527, 0x1527, 0x1527, 0x198b, 0x198b, 0x198b, 0x198b, 0x198b, 0x198b,
    0x1527, 0x1e2f, 0x10ea, 0x1e2f, 0x198b, 0x1e2f, 0x1e2f, 0x3294, 0x1527, 0x3294, 0x3294, 0x3294,
    0x3294, 0x1e2f, 0x3294, 0x3294, 0x3294, 0x3294, 0x3294, 0x3294, 0x3294, 0x3294, 0x3294, 0x3294,
    0x3294, 0x3294, 0x1e2f, 0x1e2f, 0x3294, 0x3294, 0x3294, 0x3294, 0x3f39, 0x36b9, 0x3f39, 0x36b9,
    0x3294, 0x3294, 0x36b9, 0x36b9, 0x3294, 0x36b9, 0x36b9, 0x36b9, 0x36b9, 0x198b, 0x1e2f, 0x1e2f,
    0x1e2f, 0x1e2f, 0x1e2f, 0x1e2f, 0x1527, 0x884, 0x1527, 0x1e2f, 0x2dd3, 0x198b, 0x3294, 0x3294,
    0x29ad, 0x10ea, 0x884, 0x884, 0x198b, 0x1e2f, 0x198b, 0x1e2f, 0x2dd3, 0x198b, 0x198b, 0x198b,
    0x198b, 0x198b, 0x1527, 0x884, 0x884, 0x29ad, 0x884, 0x198b, 0x3294, 0x3294, 0x1d92, 0x1e2f,
    0x1e2f, 0x884, 0x1d92, 0x1d92, 0x1d92, 0x1527, 0x1527, 0x1527, 0x1527, 0x1527, 0x1527, 0x884,
    0x884, 0x884, 0x36b9, 0x3294, 0x10ea, 0x2dd3, 0x1d92, 0x1d92, 0x10ea, 0x198b, 0x10ea, 0x198b,
    0x198b, 0x1e2f, 0x1e2f, 0x1e2f, 0x3294, 0x3294, 0x3294, 0x3294, 0x3294, 0x36b9, 0x3294, 0x1e2f,
    0x1e2f, 0x1e2f, 0x1e2f, 0x3294, 0x1e2f, 0x3294, 0x198b, 0x1e2f, 0x1e2f, 0x1527, 0x1e2f, 0x884,
    0x1e2f, 0x3294, 0x3294, 0x4eb5, 0x3294, 0x3294, 0x2dd3, 0x3294, 0x3294, 0x3294, 0x3f39, 0x36b9,
    0x10ea, 0x575c, 0x3294, 0x1e2f, 0x1e2f, 0x1e2f, 0x1e2f, 0x3294, 0x3294, 0x1e2f, 0x575c, 0x3294,
    0x575c, 0x1e2f, 0x3294, 0x3294, 0x1e2f, 0x1e2f, 0x3294, 0x3294, 0x3294, 0x1e2f, 0x1e2f, 0x1e2f,
    0x1e2f, 0x1e2f, 0x1e2f, 0x10ea, 0x1d92, 0x884, 0x10ea, 0x884, 0x1e2f, 0x1e2f, 0x3294, 0x1e2f,
    0x1e2f, 0x1e2f, 0x1e2f, 0x198b, 0x1e2f, 0x1527, 0x1e2f, 0x1e2f, 0x1e2f, 0x1e2f, 0x1e2f, 0x1e2f,
    0x1e2f, 0x198b, 0x1e2f, 0x1e2f, 0x1e2f, 0x1e2f, 0x1e2f, 0x1e2f, 0x1e2f, 0x1e2f, 0x1e2f, 0x198b,
    0x1e2f, 0x198b, 0x198b, 0x1e2f, 0x198b, 0x3294, 0x1e2f, 0x198b, 0x1e2f, 0x198b, 0x198b, 0x1e2f,
    0x1e2f, 0x1e2f, 0x1e2f, 0x1e2f, 0x1e2f, 0x1e2f, 0x1e2f, 0x1e2f, 0x1e2f, 0x884, 0x1e2f, 0x1e2f,
    0x884, 0x884, 0x1527, 0x1527, 0x1527, 0x1527, 0x1527, 0x1527, 0x198b, 0x198b, 0x198b, 0x198b,
    0x1e2f, 0x1e2f, 0x10ea, 0x1e2f, 0x1e2f, 0x3294, 0x1e2f, 0x1e2f, 0x1e2f, 0x1e2f, 0x1e2f, 0x1e2f,
    0x3294, 0x3294, 0x2e2f, 0x3294, 0x3294, 0x3294, 0x3294, 0x3294, 0x3294, 0x3294, 0x3294, 0x3294,
    0x3294, 0x3294, 0x3294, 0x3294, 0x3294, 0x3294, 0x3294, 0x3294, 0x3294, 0x3f39, 0x36b9, 0x884,
    0x36b9, 0x3294, 0x3294, 0x36b9, 0x198b, 0x4ef9, 0x29ad, 0x3f39, 0x36b9, 0x198b, 0x10ea, 0x884,
    0x198b, 0x2dd3, 0x36b9, 0x3294, 0x29ad, 0x884, 0x884, 0x884, 0x1d92, 0x884, 0x198b, 0x198b,
    0x1527, 0x1527, 0x1527, 0x198b, 0x198b, 0x10ea, 0x884, 0x1e2f, 0x2dd3, 0x2e2f, 0x36b9, 0x3294,
    0x2e2f, 0x198b, 0x10ea, 0x884, 0x884, 0x1e2f, 0x884, 0x1e2f, 0x1e2f, 0x1e2f, 0x1e2f, 0x1e2f,
    0x884, 0x198b, 0x1e2f, 0x198b, 0x1527, 0x1527, 0x1527, 0x1527, 0x1527, 0x1527, 0x884, 0x1527,
    0x1527, 0x884, 0x4ef9, 0x2dd3, 0x198b, 0x1e2f, 0x1e2f, 0x198b, 0x1e2f, 0x1e2f, 0x1e2f, 0x1e2f,
    0x1e2f, 0x1e2f, 0x1e2f, 0x3294, 0x1e2f, 0x3294, 0x1e2f, 0x1e2f, 0x1e2f, 0x1e2f, 0x198b, 0x1e2f,
    0x1e2f, 0x1e2f, 0x198b, 0x1e2f, 0x198b, 0x198b, 0x1e2f, 0x1527, 0x1527, 0x3294, 0x1e2f, 0x198b,
    0x1527, 0x3294, 0x3294, 0x29ad, 0x198b, 0x36b9, 0x36b9, 0x29ad, 0x29ad, 0x3294, 0x575c, 0x36b9,
    0x1e2f, 0x1e2f, 0x1e2f, 0x1e2f, 0x1e2f, 0x1e2f, 0x1e2f, 0x1e2f, 0x1e2f, 0x1e2f, 0x1e2f, 0x36b9,
    0x1e2f, 0x1e2f, 0x1e2f, 0x1e2f, 0x1e2f, 0x3294, 0x1e2f, 0x1e2f, 0x1e2f, 0x1e2f, 0x1e2f, 0x3294,
    0x3294, 0x3294, 0x1e2f, 0x1e2f, 0x36b9, 0x10ea, 0x10ea, 0x884, 0x1e2f, 0x1e2f, 0x1e2f, 0x1e2f,
    0x1e2f, 0x1e2f, 0x1e2f, 0x1e2f, 0x1e2f, 0x1e2f, 0x1e2f, 0x1e2f, 0x1e2f, 0x1e2f, 0x1e2f, 0x1e2f,
    0x1e2f, 0x1e2f, 0x1e2f, 0x1e2f, 0x1e2f, 0x1e2f, 0x1e2f, 0x198b, 0x1e2f, 0x198b, 0x1e2f, 0x3f39,
    0x36b9, 0x1e2f, 0x1527, 0x198b, 0x1e2f, 0x3294, 0x1e2f, 0x1e2f, 0x1e2f, 0x1e2f, 0x1e2f, 0x1e2f,
    0x198b, 0x1e2f, 0x1e2f, 0x1527, 0x1527, 0x1e2f, 0x198b, 0x1e2f, 0x198b, 0x10ea, 0x884, 0x1e2f,
    0x36b9, 0x884, 0x1527, 0x1527, 0x1527, 0x1527, 0x1527, 0x198b, 0x1527, 0x198b, 0x198b, 0x1e2f,
    0x1e2f, 0x1e2f, 0x198b, 0x1e2f, 0x1e2f, 0x884, 0x1e2f, 0x884, 0x884, 0x884, 0x1e2f, 0x2e2f,
    0x3294, 0x2e2f, 0x3294, 0x3294, 0x3294, 0x3294, 0x3294, 0x3294, 0x3294, 0x2dd3, 0x884, 0x3294,
    0x3294, 0x3294, 0x3294, 0x3294, 0x3294, 0x3294, 0x3294, 0x3294, 0x3294, 0x3f39, 0x2dd3, 0x10ea,
    0x198b, 0x198b, 0x10ea, 0x884, 0x3f39, 0x1d92, 0x2dd3, 0x575c, 0x198b, 0x4ef9, 0x2dd3, 0x884,
    0x884, 0x884, 0x10ea, 0x198b, 0x198b, 0x198b, 0x1527, 0x198b, 0x2dd3, 0x884, 0x1527, 0x884,
    0x884, 0x198b, 0x2dd3, 0x3294, 0x29ad, 0x884, 0x884, 0x1e2f, 0x2dd3, 0x884, 0x1527, 0x884,
    0x1e2f, 0x1e2f, 0x3294, 0x3294, 0x1e2f, 0x1e2f, 0x1e2f, 0x1e2f, 0x1e2f, 0x1e2f, 0x1e2f, 0x3294,
    0x1e2f, 0x198b, 0x198b, 0x198b, 0x1527, 0x10ea, 0x1527, 0x1e2f, 0x198b, 0x198b, 0x1527, 0x198b,
    0x1d92, 0x3294, 0x36b9, 0x3294, 0x3294, 0x1e2f, 0x1e2f, 0x1e2f, 0x1e2f, 0x1e2f, 0x1e2f, 0x1e2f,
    0x1e2f, 0x1e2f, 0x1e2f, 0x3294, 0x1e2f, 0x3294, 0x1e2f, 0x3294, 0x1e2f, 0x1e2f, 0x1e2f, 0x1e2f,
    0x1e2f, 0x1e2f, 0x1e2f, 0x1e2f, 0x1e2f, 0x1527, 0x198b, 0x2e2f, 0x198b, 0x2e2f, 0x4eb5, 0x4eb5,
    0x4eb5, 0x4eb5, 0x36b9, 0x4ef9, 0x3294, 0x4ef9, 0x4ef9, 0x575c, 0x36b9, 0x1e2f, 0x1e2f, 0x3294,
    0x1e2f, 0x1e2f, 0x3294, 0x3294, 0x1e2f, 0x1e2f, 0x1e2f, 0x1e2f, 0x1e2f, 0x10ea, 0x1e2f, 0x1e2f,
    0x1e2f, 0x1e2f, 0x1e2f, 0x10ea, 0x884, 0x3294, 0x3294, 0x3294, 0x3294, 0x3294, 0x3294, 0x3294,
    0x3294, 0x3294, 0x1e2f, 0x1e2f, 0x2dd3, 0x1d92, 0x1d92, 0x10ea, 0x1e2f, 0x1e2f, 0x1e2f, 0x1e2f,
    0x1e2f, 0x1e2f, 0x1e2f, 0x1e2f, 0x1e2f, 0x1e2f, 0x1e2f, 0x1e2f, 0x1e2f, 0x1e2f, 0x1e2f, 0x1e2f,
    0x1e2f, 0x1e2f, 0x1e2f, 0x1e2f, 0x1e2f, 0x1e2f, 0x1e2f, 0x73bd, 0x1e2f, 0x575c, 0x1e2f, 0x1e2f,
    0x198b, 0x198b, 0x198b, 0x198b, 0x198b, 0x198b, 0x1e2f, 0x198b, 0x1e2f, 0x198b, 0x198b, 0x1e2f,
    0x1527, 0x1527, 0x1527, 0x198b, 0x1e2f, 0x1527, 0x1e2f, 0x198b, 0x1e2f, 0x3294, 0x3f39, 0x3294,
    0x3294, 0x884, 0x884, 0x884, 0x884, 0x1527, 0x1527, 0x198b, 0x198b, 0x1527, 0x198b, 0x3294,
    0x198b, 0x198b, 0x198b, 0x1e2f, 0x1e2f, 0x1e2f, 0x1e2f, 0x1e2f, 0x1e2f, 0x198b, 0x1e2f, 0x1e2f,
    0x2e2f, 0x2e2f, 0x2e2f, 0x2e2f, 0x3294, 0x3294, 0x3294, 0x3294, 0x3294, 0x2dd3, 0x2dd3, 0x3294,
    0x3294, 0x3294, 0x3294, 0x3294, 0x3294, 0x3294, 0x3294, 0x3294, 0x3294, 0x3294, 0x1d92, 0x2dd3,
    0x884, 0x884, 0x29ad, 0x884, 0x2dd3, 0x10ea, 0x1d92, 0x10ea, 0x884, 0x575c, 0x575c, 0x575c,
    0x575c, 0x3f39, 0x575c, 0x575c, 0x884, 0x10ea, 0x884, 0x1527, 0x2dd3, 0x884, 0x198b, 0x884,
    0x884, 0x1527, 0x1e2f, 0x1e2f, 0x198b, 0x198b, 0x198b, 0x3294, 0x36b9, 0x36b9, 0x3f39, 0x3f39,
    0x36b9, 0x36b9, 0x3294, 0x3294, 0x3294, 0x36b9, 0x3f39, 0x3294, 0x1d92, 0x1e2f, 0x1e2f, 0x10ea,
    0x1527, 0x3294, 0x884, 0x1d92, 0x3294, 0x36b9, 0x36b9, 0x36b9, 0x3294, 0x36b9, 0x36b9, 0x36b9,
    0x36b9, 0x36b9, 0x1e2f, 0x1e2f, 0x3294, 0x3294, 0x3294, 0x3294, 0x3294, 0x3294, 0x3294, 0x1e2f,
    0x1e2f, 0x3294, 0x3294, 0x1e2f, 0x1e2f, 0x1e2f, 0x1e2f, 0x3294, 0x1e2f, 0x1e2f, 0x1e2f, 0x1e2f,
    0x1527, 0x884, 0x1527, 0x3294, 0x4eb5, 0x3294, 0x3294, 0x3294, 0x36b9, 0x36b9, 0x36b9, 0x3f39,
    0x4eb5, 0x2dd3, 0x36b9, 0x36b9, 0x36b9, 0x1e2f, 0x1e2f, 0x1e2f, 0x1e2f, 0x1e2f, 0x1e2f, 0x1e2f,
    0x1e2f, 0x73bd, 0x1e2f, 0x1e2f, 0x3294, 0x3294, 0x1e2f, 0x1e2f, 0x1e2f, 0x1e2f, 0x1e2f, 0x1e2f,
    0x1e2f, 0x1e2f, 0x1e2f, 0x1e2f, 0x3294, 0x3294, 0x3294, 0x3294, 0x3294, 0x36b9, 0x3294, 0x73bd,
    0x1e2f, 0x1e2f, 0x1e2f, 0x1e2f, 0x10ea, 0x10ea, 0x10ea, 0x10ea, 0x1e2f, 0x198b, 0x1e2f, 0x1e2f,
    0x1e2f, 0x1e2f, 0x1e2f, 0x1e2f, 0x198b, 0x1e2f, 0x1e2f, 0x1e2f, 0x1e2f, 0x1e2f, 0x1e2f, 0x1e2f,
    0x1e2f, 0x1e2f, 0x1e2f, 0x1e2f, 0x1e2f, 0x1e2f, 0x1e2f, 0x1e2f, 0x1e2f, 0x1e2f, 0x1e2f, 0x1e2f,
    0x1e2f, 0x1e2f, 0x198b, 0x198b, 0x1527, 0x1527, 0x198b, 0x198b, 0x198b, 0x198b, 0x1527, 0x1e2f,
    0x198b, 0x1e2f, 0x1e2f, 0x1e2f, 0x1e2f, 0x884, 0x1e2f, 0x1e2f, 0x1e2f, 0x2dd3, 0x1e2f, 0x10ea,
    0x10ea, 0x1e2f, 0x1e2f, 0x1e2f, 0x1e2f, 0x1527, 0x1527, 0x198b, 0x198b, 0x198b, 0x198b, 0x198b,
    0x1527, 0x198b, 0x198b, 0x198b, 0x198b, 0x1e2f, 0x198b, 0x1e2f, 0x198b, 0x1e2f, 0x198b, 0x1e2f,
    0x1e2f, 0x2e2f, 0x2e2f, 0x3294, 0x3294, 0x2e2f, 0x198b, 0x884, 0x3294, 0x1d92, 0x3294, 0x3294,
    0x3294, 0x3294, 0x3294, 0x3294, 0x3294, 0x3294, 0x3294, 0x3294, 0x3294, 0x3294, 0x10ea, 0x3294,
    0x3f39, 0x3294, 0x3294, 0x4ef9, 0x198b, 0x884, 0x198b, 0x198b, 0x2dd3, 0x575c, 0x36b9, 0x3f39,
    0x36b9, 0x36b9, 0x3f39, 0x36b9, 0x575c, 0x10ea, 0x884, 0x884, 0x198b, 0x884, 0x1e2f, 0x1e2f,
    0x1e2f, 0x198b, 0x884, 0x36b9, 0x36b9, 0x36b9, 0x36b9, 0x36b9, 0x2dd3, 0x3294, 0x575c, 0x73bd,
    0x3294, 0x10ea, 0x36b9, 0x36b9, 0x36b9, 0x36b9, 0x1e2f, 0x1e2f, 0x3294, 0x1e2f, 0x1527, 0x198b,
    0x36b9, 0x36b9, 0x36b9, 0x36b9, 0x36b9, 0x36b9, 0x3294, 0x36b9, 0x36b9, 0x36b9, 0x36b9, 0x36b9,
    0x3294, 0x1e2f, 0x1e2f, 0x1e2f, 0x1e2f, 0x3294, 0x3f39, 0x3294, 0x3294, 0x36b9, 0x1e2f, 0x1e2f,
    0x1e2f, 0x1e2f, 0x1e2f, 0x3294, 0x1e2f, 0x3294, 0x1e2f, 0x1e2f, 0x1e2f, 0x198b, 0x1e2f, 0x1e2f,
    0x1e2f, 0x1e2f, 0x1e2f, 0x2e2f, 0x2e2f, 0x2dd3, 0x3294, 0x36b9, 0x36b9, 0x36b9, 0x36b9, 0x36b9,
    0x36b9, 0x36b9, 0x36b9, 0x36b9, 0x1e2f, 0x1e2f, 0x3294, 0x1e2f, 0x3294, 0x1e2f, 0x3294, 0x36b9,
    0x36b9, 0x1d92, 0x36b9, 0x1e2f, 0x1e2f, 0x1e2f, 0x1e2f, 0x1e2f, 0x1e2f, 0x1e2f, 0x1e2f, 0x1e2f,
    0x3294, 0x3294, 0x36b9, 0x3294, 0x36b9, 0x36b9, 0x3294, 0x3294, 0x3294, 0x3294, 0x3294, 0x1e2f,
    0x1e2f, 0x1e2f, 0x198b, 0x198b, 0x884, 0x884, 0x884, 0x198b, 0x884, 0x884, 0x1527, 0x1527,
    0x1e2f, 0x198b, 0x198b, 0x198b, 0x1527, 0x1e2f, 0x1527, 0x1e2f, 0x1e2f, 0x1e2f, 0x1e2f, 0x1e2f,
    0x1e2f, 0x198b, 0x198b, 0x198b, 0x1e2f, 0x1e2f, 0x1e2f, 0x1e2f, 0x1e2f, 0x1e2f, 0x1e2f, 0x198b,
    0x198b, 0x198b, 0x198b, 0x198b, 0x1527, 0x198b, 0x198b, 0x198b, 0x1e2f, 0x1e2f, 0x1e2f, 0x1e2f,
    0x1e2f, 0x1e2f, 0x1d92, 0x1d92, 0x1d92, 0x1d92, 0x1e2f, 0x1d92, 0x1e2f, 0x1d92, 0x198b, 0x1d92,
    0x1e2f, 0x1e2f, 0x1e2f, 0x198b, 0x884, 0x1527, 0x1527, 0x198b, 0x198b, 0x1e2f, 0x198b, 0x198b,
    0x198b, 0x198b, 0x198b, 0x198b, 0x198b, 0x1e2f, 0x1e2f, 0x1e2f, 0x1e2f, 0x1e2f, 0x1e2f, 0x10ea,
    0x198b, 0x10ea, 0x29ad, 0x36b9, 0x36b9, 0x2dd3, 0x198b, 0x29ad, 0x2dd3, 0x10ea, 0x3294, 0x3294,
    0x3294, 0x3294, 0x3294, 0x3294, 0x3294, 0x3294, 0x3294, 0x3294, 0x3294, 0x3294, 0x884, 0x3294,
    0x4f17, 0x3f39, 0x3294, 0x36b9, 0x884, 0x10ea, 0x884, 0x1d92, 0x3294, 0x36b9, 0x3f39, 0x36b9,
    0x36b9, 0x575c, 0x3294, 0x2dd3, 0x36b9, 0x10ea, 0x198b, 0x198b, 0x884, 0x10ea, 0x36b9, 0x1e2f,
    0x36b9, 0x36b9, 0x36b9, 0x3294, 0x36b9, 0x36b9, 0x10ea, 0x1e2f, 0x575c, 0x575c, 0x575c, 0x575c,
    0x36b9, 0x3f39, 0x575c, 0x2dd3, 0x36b9, 0x36b9, 0x1e2f, 0x1e2f, 0x1e2f, 0x36b9, 0x36b9, 0x36b9,
    0x36b9, 0x36b9, 0x36b9, 0x1e2f, 0x1e2f, 0x3294, 0x1e2f, 0x1e2f, 0x3294, 0x3294, 0x1e2f, 0x1e2f,
    0x1e2f, 0x1e2f, 0x10ea, 0x3294, 0x10ea, 0x1e2f, 0x4ef9, 0x3294, 0x3294, 0x3294, 0x575c, 0x3294,
    0x1e2f, 0x1e2f, 0x10ea, 0x198b, 0x1e2f, 0x884, 0x1e2f, 0x1e2f, 0x198b, 0x1527, 0x1527, 0x198b,
    0x198b, 0x198b, 0x198b, 0x884, 0x2dd3, 0x36b9, 0x4ef9, 0x3f39, 0x36b9, 0x36b9, 0x36b9, 0x36b9,
    0x36b9, 0x36b9, 0x3294, 0x1d92, 0x1e2f, 0x1e2f, 0x1e2f, 0x1e2f, 0x3294, 0x36b9, 0x10ea, 0x36b9,
    0x1d92, 0x10ea, 0x1e2f, 0x1d92, 0x1e2f, 0x1e2f, 0x1e2f, 0x1e2f, 0x3294, 0x3294, 0x1e2f, 0x3294,
    0x3294, 0x3294, 0x3294, 0x3294, 0x3294, 0x3294, 0x3294, 0x3294, 0x3294, 0x3294, 0x10ea, 0x36b9,
    0x3294, 0x3294, 0x1e2f, 0x3294, 0x198b, 0x198b, 0x1e2f, 0x1e2f, 0x884, 0x1527, 0x1e2f, 0x1527,
    0x1527, 0x1527, 0x1527, 0x1527, 0x1527, 0x1527, 0x198b, 0x1e2f, 0x1e2f, 0x1e2f, 0x1e2f, 0x1e2f,
    0x1e2f, 0x1e2f, 0x1e2f, 0x1e2f, 0x1e2f, 0x1e2f, 0x1e2f, 0x198b, 0x198b, 0x1e2f, 0x198b, 0x198b,
    0x198b, 0x198b, 0x198b, 0x198b, 0x1e2f, 0x1e2f, 0x198b, 0x1e2f, 0x1e2f, 0x1e2f, 0x1e2f, 0x1e2f,
    0x1e2f, 0x1e2f, 0x1e2f, 0x1e2f, 0x1e2f, 0x10ea, 0x1d92, 0x1d92, 0x1d92, 0x1d92, 0x1d92, 0x1d92,
    0x1d92, 0x198b, 0x1e2f, 0x1e2f, 0x1e2f, 0x884, 0x198b, 0x884, 0x1d92, 0x575c, 0x198b, 0x198b,
    0x198b, 0x198b, 0x1527, 0x198b, 0x1e2f, 0x198b, 0x10ea, 0x884, 0x198b, 0x36b9, 0x4ef9, 0x3294,
    0x1d92, 0x198b, 0x1d92, 0x198b, 0x884, 0x10ea, 0x3294, 0x3294, 0x3294, 0x884, 0x2dd3, 0x3294,
    0x3294, 0x3294, 0x3294, 0x3294, 0x3294, 0x3294, 0x3294, 0x3294, 0x3294, 0x884, 0x884, 0x2dd3,
    0x1e2f, 0x3294, 0x3294, 0x4ef9, 0x2dd3, 0x10ea, 0x10ea, 0x1d92, 0x2dd3, 0x36b9, 0x36b9, 0x2dd3,
    0x36b9, 0x3f39, 0x2dd3, 0x2dd3, 0x36b9, 0x3f39, 0x36b9, 0x36b9, 0x36b9, 0x36b9, 0x36b9, 0x36b9,
    0x36b9, 0x3294, 0x36b9, 0x36b9, 0x3294, 0x575c, 0x575c, 0x575c, 0x3f39, 0x36b9, 0x575c, 0x3f39,
    0x36b9, 0x36b9, 0x36b9, 0x575c, 0x3f39, 0x36b9, 0x36b9, 0x36b9, 0x36b9, 0x36b9, 0x36b9, 0x36b9,
    0x36b9, 0x1e2f, 0x1e2f, 0x1e2f, 0x3294, 0x3294, 0x3294, 0x1e2f, 0x3294, 0x3294, 0x1e2f, 0x1e2f,
    0x1e2f, 0x36b9, 0x3294, 0x36b9, 0x1e2f, 0x1e2f, 0x1e2f, 0x3294, 0x1e2f, 0x1e2f, 0x3294, 0x1e2f,
    0x1e2f, 0x1e2f, 0x1e2f, 0x1e2f, 0x198b, 0x198b, 0x1e2f, 0x1e2f, 0x1e2f, 0x1e2f, 0x2e2f, 0x198b,
    0x1e2f, 0x36b9, 0x3294, 0x3294, 0x3294, 0x36b9, 0x2dd3, 0x4eb5, 0x4ef9, 0x36b9, 0x1d92, 0x36b9,
    0x1e2f, 0x1e2f, 0x884, 0x1e2f, 0x1e2f, 0x1e2f, 0x1e2f, 0x1e2f, 0x1e2f, 0x3294, 0x3294, 0x1e2f,
    0x36b9, 0x36b9, 0x1e2f, 0x1e2f, 0x1e2f, 0x1e2f, 0x1e2f, 0x3294, 0x3294, 0x1e2f, 0x1e2f, 0x3294,
    0x3294, 0x36b9, 0x3294, 0x36b9, 0x36b9, 0x198b, 0x3294, 0x1e2f, 0x3294, 0x3294, 0x1e2f, 0x3294,
    0x36b9, 0x3294, 0x3294, 0x3f39, 0x3f39, 0x1e2f, 0x3f39, 0x1e2f, 0x198b, 0x198b, 0x1e2f, 0x198b,
    0x198b, 0x1527, 0x1527, 0x1527, 0x1527, 0x1527, 0x1527, 0x1527, 0x1527, 0x1527, 0x198b, 0x1527,
    0x1527, 0x1e2f, 0x1e2f, 0x1e2f, 0x1e2f, 0x198b, 0x198b, 0x198b, 0x198b, 0x198b, 0x198b, 0x198b,
    0x1e2f, 0x1e2f, 0x1e2f, 0x1e2f, 0x1e2f, 0x1e2f, 0x1e2f, 0x1e2f, 0x1e2f, 0x1e2f, 0x1e2f, 0x1e2f,
    0x1e2f, 0x1e2f, 0x1e2f, 0x1e2f, 0x1e2f, 0x1e2f, 0x1e2f, 0x1e2f, 0x1d92, 0x1e2f, 0x1e2f, 0x1e2f,
    0x575c, 0x198b, 0x1e2f, 0x1527, 0x1e2f, 0x884, 0x1527, 0x198b, 0x10ea, 0x36b9, 0x3294, 0x198b,
    0x884, 0x884, 0x2dd3, 0x4ef9, 0x575c, 0x3294, 0x2dd3, 0x2dd3, 0x1d92, 0x2dd3, 0x29ad, 0x884,
    0x884, 0x2e2f, 0x3294, 0x3294, 0x3294, 0x10ea, 0x2e2f, 0x29ad, 0x198b, 0x884, 0x3294, 0x3294,
    0x3294, 0x3294, 0x3294, 0x3294, 0x3294, 0x3294, 0x3294, 0x3294, 0x3294, 0x884, 0x884, 0x1d92,
    0x1527, 0x3294, 0x36b9, 0x2dd3, 0x884, 0x198b, 0x198b, 0x884, 0x2dd3, 0x2dd3, 0x3294, 0x1d92,
    0x3294, 0x36b9, 0x1d92, 0x1d92, 0x1d92, 0x2dd3, 0x36b9, 0x36b9, 0x36b9, 0x36b9, 0x36b9, 0x36b9,
    0x36b9, 0x36b9, 0x36b9, 0x29ad, 0x575c, 0x36b9, 0x36b9, 0x575c, 0x3f39, 0x1d92, 0x36b9, 0x1d92,
    0x36b9, 0x36b9, 0x36b9, 0x36b9, 0x3294, 0x36b9, 0x36b9, 0x36b9, 0x36b9, 0x36b9, 0x36b9, 0x36b9,
    0x3294, 0x3294, 0x3294, 0x3294, 0x3294, 0x3294, 0x3294, 0x3294, 0x36b9, 0x36b9, 0x1e2f, 0x3f39,
    0x3294, 0x3294, 0x1e2f, 0x1e2f, 0x1e2f, 0x1e2f, 0x1e2f, 0x1e2f, 0x3294, 0x1e2f, 0x3294, 0x3294,
    0x1e2f, 0x1527, 0x1e2f, 0x198b, 0x198b, 0x1527, 0x1e2f, 0x3294, 0x3294, 0x4eb5, 0x36b9, 0x3294,
    0x36b9, 0x36b9, 0x4ef9, 0x36b9, 0x3f39, 0x3f39, 0x36b9, 0x4ef9, 0x1e2f, 0x1e2f, 0x1e2f, 0x1e2f,
    0x1e2f, 0x1e2f, 0x1e2f, 0x1e2f, 0x1e2f, 0x1e2f, 0x1e2f, 0x1e2f, 0x1e2f, 0x198b, 0x198b, 0x198b,
    0x1e2f, 0x1e2f, 0x1e2f, 0x1e2f, 0x1e2f, 0x1e2f, 0x1e2f, 0x1e2f, 0x1e2f, 0x1e2f, 0x3294, 0x3294,
    0x3294, 0x3294, 0x1e2f, 0x10ea, 0x1e2f, 0x1e2f, 0x3294, 0x1e2f, 0x3294, 0x1e2f, 0x1e2f, 0x3294,
    0x36b9, 0x3294, 0x36b9, 0x1e2f, 0x3294, 0x3294, 0x1e2f, 0x1e2f, 0x1e2f, 0x1e2f, 0x1e2f, 0x1e2f,
    0x1e2f, 0x1e2f, 0x1e2f, 0x1e2f, 0x198b, 0x198b, 0x1527, 0x884, 0x884, 0x198b, 0x198b, 0x1527,
    0x198b, 0x1527, 0x198b, 0x1527, 0x1527, 0x1527, 0x1527, 0x1527, 0x1527, 0x198b, 0x1527, 0x198b,
    0x1e2f, 0x1e2f, 0x198b, 0x198b, 0x1e2f, 0x1e2f, 0x1e2f, 0x1e2f, 0x1e2f, 0x1e2f, 0x1e2f, 0x1e2f,
    0x1e2f, 0x1e2f, 0x1e2f, 0x1e2f, 0x1e2f, 0x1e2f, 0x1e2f, 0x1e2f, 0x1e2f, 0x1e2f, 0x3f39, 0x1e2f,
    0x1e2f, 0x198b, 0x1527, 0x198b, 0x1e2f, 0x3294, 0x1e2f, 0x884, 0x198b, 0x2dd3, 0x884, 0x2dd3,
    0x1d92, 0x1d92, 0x2dd3, 0x2dd3, 0x198b, 0x884, 0x884, 0x884, 0x10ea, 0x3294, 0x3294, 0x3294,
    0x3294, 0x3294, 0x3294, 0x1527, 0x575c, 0x575c, 0x575c, 0x575c, 0x575c, 0x575c, 0x575c, 0x575c,
    0x3f39, 0x884, 0x10ea, 0x1527, 0x3294, 0x3294, 0x3294, 0x3294, 0x3294, 0x3294, 0x3294, 0x1d92,
    0x1527, 0x1e2f, 0x1e2f, 0x884, 0x3294, 0x198b, 0x884, 0x10ea, 0x884, 0x1d92, 0x2dd3, 0x198b,
    0x1d92, 0x1d92, 0x1d92, 0x10ea, 0x198b, 0x2dd3, 0x3f39, 0x36b9, 0x36b9, 0x36b9, 0x36b9, 0x36b9,
    0x36b9, 0x36b9, 0x36b9, 0x575c, 0x575c, 0x36b9, 0x36b9, 0x36b9, 0x36b9, 0x1d92, 0x2dd3, 0x1d92,
    0x2dd3, 0x2dd3, 0x1d92, 0x1d92, 0x884, 0x36b9, 0x36b9, 0x3294, 0x3294, 0x36b9, 0x3294, 0x3294,
    0x3294, 0x3294, 0x3294, 0x3294, 0x1e2f, 0x1e2f, 0x1e2f, 0x1e2f, 0x3294, 0x3f39, 0x36b9, 0x1e2f,
    0x1e2f, 0x198b, 0x1e2f, 0x1e2f, 0x1e2f, 0x1e2f, 0x1e2f, 0x1e2f, 0x1e2f, 0x1e2f, 0x1e2f, 0x198b,
    0x1e2f, 0x1e2f, 0x2e2f, 0x10ea, 0x884, 0x4f17, 0x4eb5, 0x2e2f, 0x3294, 0x36b9, 0x36b9, 0x575c,
    0x3f39, 0x3f39, 0x4ef9, 0x2dd3, 0x3f39, 0x3f39, 0x4ef9, 0x10ea, 0x1e2f, 0x1e2f, 0x1e2f, 0x1e2f,
    0x1e2f, 0x1e2f, 0x1e2f, 0x1e2f, 0x1e2f, 0x1e2f, 0x1e2f, 0x1e2f, 0x1e2f, 0x1e2f, 0x1e2f, 0x1e2f,
    0x1e2f, 0x1e2f, 0x1e2f, 0x1e2f, 0x1e2f, 0x1e2f, 0x1e2f, 0x3294, 0x36b9, 0x36b9, 0x36b9, 0x3294,
    0x3294, 0x1e2f, 0x1e2f, 0x1e2f, 0x1e2f, 0x1e2f, 0x1e2f, 0x1e2f, 0x1e2f, 0x3294, 0x3294, 0x36b9,
    0x36b9, 0x3294, 0x3294, 0x3294, 0x3294, 0x1e2f, 0x1e2f, 0x1e2f, 0x1e2f, 0x1e2f, 0x1e2f, 0x1e2f,
    0x1e2f, 0x1e2f, 0x1e2f, 0x1e2f, 0x1e2f, 0x1e2f, 0x1e2f, 0x1e2f, 0x1e2f, 0x1e2f, 0x1e2f, 0x198b,
    0x198b, 0x1527, 0x198b, 0x1527, 0x1527, 0x198b, 0x1527, 0x1e2f, 0x198b, 0x198b, 0x1527, 0x1527,
    0x198b, 0x198b, 0x198b, 0x198b, 0x1e2f, 0x198b, 0x1e2f, 0x1e2f, 0x1e2f, 0x1e2f, 0x1e2f, 0x1e2f,
    0x1e2f, 0x1e2f, 0x1e2f, 0x1e2f, 0x3294, 0x1e2f, 0x3294, 0x1e2f, 0x1e2f, 0x1e2f, 0x1e2f, 0x3294,
    0x1e2f, 0x198b, 0x1527, 0x29ad, 0x4ef9, 0x3294, 0x198b, 0x198b, 0x884, 0x1d92, 0x884, 0x10ea,
    0x884, 0x884, 0x1527, 0x198b, 0x1e2f, 0x1e2f, 0x1e2f, 0x1e2f, 0x1e2f, 0x884, 0x198b, 0x3294,
    0x2e2f, 0x3294, 0x10ea, 0x4ef9, 0x36b9, 0x36b9, 0x36b9, 0x36b9, 0x36b9, 0x3f39, 0x575c, 0x575c,
    0x3f39, 0x575c, 0x575c, 0x575c, 0x2dd3, 0x3294, 0x3294, 0x1e2f, 0x1e2f, 0x1e2f, 0x1e2f, 0x1e2f,
    0x36b9, 0x36b9, 0x3294, 0x36b9, 0x2dd3, 0x1d92, 0x198b, 0x1d92, 0x198b, 0x2dd3, 0x1d92, 0x198b,
    0x1d92, 0x198b, 0x1d92, 0x884, 0x1d92, 0x10ea, 0x36b9, 0x36b9, 0x1e2f, 0x1e2f, 0x1e2f, 0x36b9,
    0x36b9, 0x3294, 0x10ea, 0x575c, 0x3f39, 0x36b9, 0x1d92, 0x2dd3, 0x36b9, 0x2dd3, 0x2dd3, 0x1d92,
    0x1d92, 0x1d92, 0x10ea, 0x1d92, 0x884, 0x3294, 0x3294, 0x3294, 0x3294, 0x36b9, 0x3294, 0x1e2f,
    0x1e2f, 0x1e2f, 0x3294, 0x1e2f, 0x1e2f, 0x1e2f, 0x1e2f, 0x1e2f, 0x1e2f, 0x1e2f, 0x1e2f, 0x1e2f,
    0x1e2f, 0x1e2f, 0x1e2f, 0x1e2f, 0x1e2f, 0x1527, 0x198b, 0x1e2f, 0x1e2f, 0x1527, 0x884, 0x884,
    0x1527, 0x3294, 0x2dd3, 0x1e2f, 0x2dd3, 0x3294, 0x4ef9, 0x36b9, 0x3f39, 0x2dd3, 0x36b9, 0x36b9,
    0x3f39, 0x3f39, 0x3294, 0x575c, 0x198b, 0x198b, 0x1e2f, 0x1e2f, 0x1e2f, 0x1e2f, 0x1e2f, 0x1e2f,
    0x1e2f, 0x1e2f, 0x1e2f, 0x1e2f, 0x1e2f, 0x1e2f, 0x1e2f, 0x1e2f, 0x1e2f, 0x1e2f, 0x1e2f, 0x1e2f,
    0x1e2f, 0x1e2f, 0x1e2f, 0x1e2f, 0x36b9, 0x3f39, 0x1e2f, 0x3f39, 0x3294, 0x36b9, 0x3294, 0x3294,
    0x3294, 0x3294, 0x3294, 0x3294, 0x1e2f, 0x3294, 0x3294, 0x3294, 0x3294, 0x3294, 0x3294, 0x3294,
    0x3294, 0x3294, 0x1e2f, 0x3294, 0x1e2f, 0x1e2f, 0x1e2f, 0x1e2f, 0x1e2f, 0x1e2f, 0x1e2f, 0x1e2f,
    0x1e2f, 0x1e2f, 0x1e2f, 0x1e2f, 0x1e2f, 0x1e2f, 0x1e2f, 0x1e2f, 0x1e2f, 0x1e2f, 0x1e2f, 0x198b,
    0x1e2f, 0x1e2f, 0x3294, 0x1e2f, 0x1e2f, 0x1e2f, 0x1e2f, 0x1e2f, 0x3294, 0x198b, 0x198b, 0x198b,
    0x1527, 0x1527, 0x198b, 0x1527, 0x198b, 0x1527, 0x198b, 0x198b, 0x198b, 0x198b, 0x198b, 0x1e2f,
    0x1e2f, 0x1e2f, 0x1e2f, 0x1e2f, 0x1e2f, 0x1e2f, 0x1e2f, 0x1e2f, 0x10ea, 0x10ea, 0x1e2f, 0x1e2f,
    0x1e2f, 0x4ef9, 0x1d92, 0x10ea, 0x198b, 0x29ad, 0x29ad, 0x884, 0x884, 0x198b, 0x10ea, 0x1527,
    0x1527, 0x198b, 0x198b, 0x198b, 0x198b, 0x1527, 0x1e2f, 0x1e2f, 0x1e2f, 0x1e2f, 0x2dd3, 0x10ea,
    0x2dd3, 0x29ad, 0x36b9, 0x2dd3, 0x36b9, 0x2dd3, 0x36b9, 0x36b9, 0x36b9, 0x36b9, 0x36b9, 0x36b9,
    0x575c, 0x36b9, 0x575c, 0x575c, 0x575c, 0x36b9, 0x3294, 0x36b9, 0x36b9, 0x3294, 0x36b9, 0x3294,
    0x3294, 0x3294, 0x3294, 0x36b9, 0x1e2f, 0x2dd3, 0x1d92, 0x1d92, 0x1d92, 0x1d92, 0x1d92, 0x1d92,
    0x10ea, 0x10ea, 0x10ea, 0x10ea, 0x1d92, 0x10ea, 0x36b9, 0x1e2f, 0x36b9, 0x36b9, 0x36b9, 0x3294,
    0x36b9, 0x3f39, 0x575c, 0x575c, 0x36b9, 0x36b9, 0x198b, 0x1d92, 0x2dd3, 0x1d92, 0x1d92, 0x1d92,
    0x1d92, 0x1d92, 0x884, 0x1d92, 0x10ea, 0x3294, 0x3294, 0x36b9, 0x1e2f, 0x1e2f, 0x1e2f, 0x1e2f,
    0x1e2f, 0x3f39, 0x3f39, 0x3294, 0x3294, 0x1e2f, 0x1e2f, 0x1e2f, 0x1e2f, 0x1e2f, 0x1e2f, 0x1e2f,
    0x1e2f, 0x1e2f, 0x198b, 0x198b, 0x198b, 0x1e2f, 0x1527, 0x29ad, 0x2dd3, 0x3294, 0x3294, 0x2dd3,
    0x2dd3, 0x3294, 0x36b9, 0x36b9, 0x36b9, 0x3f39, 0x36b9, 0x36b9, 0x4ef9, 0x3f39, 0x575c, 0x3f39,
    0x10ea, 0x36b9, 0x1e2f, 0x1e2f, 0x10ea, 0x1e2f, 0x1e2f, 0x1e2f, 0x1e2f, 0x1e2f, 0x1e2f, 0x1e2f,
    0x1e2f, 0x1e2f, 0x1e2f, 0x1e2f, 0x1e2f, 0x1e2f, 0x1e2f, 0x1e2f, 0x575c, 0x1e2f, 0x1e2f, 0x1e2f,
    0x1e2f, 0x1e2f, 0x1e2f, 0x1e2f, 0x1e2f, 0x1e2f, 0x1e2f, 0x1e2f, 0x1e2f, 0x1e2f, 0x3294, 0x3294,
    0x1e2f, 0x1e2f, 0x3294, 0x3294, 0x3294, 0x1e2f, 0x1e2f, 0x3294, 0x3294, 0x3294, 0x3294, 0x3294,
    0x1e2f, 0x1e2f, 0x1e2f, 0x1e2f, 0x3294, 0x1e2f, 0x1e2f, 0x1e2f, 0x1e2f, 0x1e2f, 0x1e2f, 0x1e2f,
    0x1e2f, 0x1e2f, 0x1e2f, 0x1e2f, 0x1e2f, 0x1527, 0x1e2f, 0x1e2f, 0x1e2f, 0x1e2f, 0x1e2f, 0x1e2f,
    0x1e2f, 0x1e2f, 0x1e2f, 0x1e2f, 0x1e2f, 0x1e2f, 0x1e2f, 0x1e2f, 0x1e2f, 0x1e2f, 0x1e2f, 0x73bd,
    0x198b, 0x1e2f, 0x1e2f, 0x198b, 0x198b, 0x198b, 0x198b, 0x198b, 0x198b, 0x198b, 0x198b, 0x198b,
    0x1e2f, 0x1e2f, 0x1e2f, 0x1e2f, 0x1e2f, 0x1e2f, 0x1e2f, 0x884, 0x36b9, 0x36b9, 0x10ea, 0x1e2f,
    0x1e2f, 0x2dd3, 0x29ad, 0x884, 0x884, 0x198b, 0x1e2f, 0x198b, 0x10ea, 0x10ea, 0x2dd3, 0x1527,
    0x1527, 0x1527, 0x1527, 0x1527, 0x198b, 0x1e2f, 0x884, 0x10ea, 0x3294, 0x2dd3, 0x2dd3, 0x1e2f,
    0x884, 0x36b9, 0x2dd3, 0x2dd3, 0x2dd3, 0x1d92, 0x36b9, 0x36b9, 0x36b9, 0x2dd3, 0x36b9, 0x2dd3,
    0x36b9, 0x575c, 0x36b9, 0x3294, 0x575c, 0x575c, 0x3f39, 0x36b9, 0x36b9, 0x36b9, 0x3294, 0x36b9,
    0x36b9, 0x36b9, 0x36b9, 0x36b9, 0x3f39, 0x884, 0x884, 0x10ea, 0x10ea, 0x1d92, 0x1d92, 0x10ea,
    0x884, 0x10ea, 0x884, 0x3294, 0x884, 0x10ea, 0x36b9, 0x3294, 0x36b9, 0x36b9, 0x3294, 0x3294,
    0x3294, 0x1d92, 0x575c, 0x575c, 0x36b9, 0x36b9, 0x1d92, 0x1d92, 0x1d92, 0x1d92, 0x10ea, 0x1d92,
    0x1d92, 0x1d92, 0x884, 0x1d92, 0x198b, 0x3294, 0x1e2f, 0x36b9, 0x1e2f, 0x1e2f, 0x1e2f, 0x1e2f,
    0x1e2f, 0x1e2f, 0x36b9, 0x1e2f, 0x1e2f, 0x1e2f, 0x1e2f, 0x36b9, 0x3294, 0x36b9, 0x3294, 0x198b,
    0x198b, 0x884, 0x10ea, 0x1527, 0x10ea, 0x2dd3, 0x2e2f, 0x3294, 0x2e2f, 0x3294, 0x3294, 0x36b9,
    0x36b9, 0x36b9, 0x36b9, 0x3f39, 0x4ef9, 0x4ef9, 0x4ef9, 0x575c, 0x575c, 0x1d92, 0x1e2f, 0x198b,
    0x1e2f, 0x1e2f, 0x1e2f, 0x1e2f, 0x1e2f, 0x1e2f, 0x1e2f, 0x1e2f, 0x1e2f, 0x3294, 0x1e2f, 0x1e2f,
    0x1e2f, 0x1e2f, 0x36b9, 0x73bd, 0x1e2f, 0x1e2f, 0x1e2f, 0x1e2f, 0x1e2f, 0x1e2f, 0x1e2f, 0x1e2f,
    0x1e2f, 0x1e2f, 0x3294, 0x3294, 0x1e2f, 0x1e2f, 0x1e2f, 0x1e2f, 0x1e2f, 0x1e2f, 0x1e2f, 0x1e2f,
    0x1e2f, 0x1e2f, 0x1e2f, 0x1e2f, 0x1e2f, 0x1e2f, 0x1e2f, 0x1e2f, 0x1e2f, 0x1e2f, 0x1e2f, 0x1e2f,
    0x1e2f, 0x1e2f, 0x1e2f, 0x1e2f, 0x1e2f, 0x1e2f, 0x1e2f, 0x1e2f, 0x1e2f, 0x1e2f, 0x1e2f, 0x1e2f,
    0x1e2f, 0x1e2f, 0x1e2f, 0x1e2f, 0x1e2f, 0x1e2f, 0x1e2f, 0x1e2f, 0x73bd, 0x3294, 0x3294, 0x1e2f,
    0x1e2f, 0x3294, 0x1e2f, 0x1e2f, 0x1e2f, 0x1e2f, 0x1e2f, 0x1e2f, 0x1e2f, 0x1e2f, 0x1e2f, 0x198b,
    0x1e2f, 0x1e2f, 0x1e2f, 0x1e2f, 0x1e2f, 0x1e2f, 0x1e2f, 0x1e2f, 0x1e2f, 0x1e2f, 0x1e2f, 0x1e2f,
    0x1e2f, 0x1e2f, 0x1e2f, 0x1e2f, 0x1e2f, 0x1e2f, 0x10ea, 0x36b9, 0x1d92, 0x36b9, 0x36b9, 0x1e2f,
    0x1e2f, 0x1527, 0x1527, 0x1527, 0x198b, 0x1527, 0x1527, 0x1527, 0x884, 0x884, 0x36b9, 0x3294,
    0x1527, 0x884, 0x10ea, 0x2dd3, 0x3294, 0x1d92, 0x1e2f, 0x10ea, 0x884, 0x1527, 0x1e2f, 0x1e2f,
    0x3294, 0x10ea, 0x2dd3, 0x1d92, 0x2dd3, 0x1d92, 0x1d92, 0x2dd3, 0x2dd3, 0x36b9, 0x1d92, 0x2dd3,
    0x575c, 0x36b9, 0x1d92, 0x3f39, 0x3f39, 0x3f39, 0x575c, 0x198b, 0x36b9, 0x36b9, 0x1e2f, 0x36b9,
    0x36b9, 0x36b9, 0x36b9, 0x36b9, 0x36b9, 0x36b9, 0x884, 0x10ea, 0x198b, 0x10ea, 0x3f39, 0x36b9,
    0x3294, 0x884, 0x1e2f, 0x36b9, 0x884, 0x36b9, 0x36b9, 0x3294, 0x1e2f, 0x3294, 0x3294, 0x3294,
    0x36b9, 0x4ef9, 0x3f39, 0x36b9, 0x1d92, 0x1d92, 0x1d92, 0x1d92, 0x1d92, 0x1d92, 0x884, 0x10ea,
    0x1d92, 0x10ea, 0x884, 0x1d92, 0x1e2f, 0x1e2f, 0x1e2f, 0x1e2f, 0x1e2f, 0x3f39, 0x1e2f, 0x3f39,
    0x1e2f, 0x1e2f, 0x1e2f, 0x1e2f, 0x1e2f, 0x1e2f, 0x1e2f, 0x198b, 0x1e2f, 0x3294, 0x3294, 0x3294,
    0x884, 0x3294, 0x3294, 0x4ef9, 0x575c, 0x4ef9, 0x4ef9, 0x4ef9, 0x36b9, 0x3294, 0x36b9, 0x2dd3,
    0x2dd3, 0x575c, 0x4ef9, 0x2dd3, 0x575c, 0x575c, 0x1e2f, 0x1e2f, 0x10ea, 0x1e2f, 0x1e2f, 0x1e2f,
    0x1e2f, 0x1e2f, 0x1e2f, 0x1e2f, 0x36b9, 0x3f39, 0x1e2f, 0x1e2f, 0x1e2f, 0x1e2f, 0x3294, 0x3f39,
    0x3f39, 0x1e2f, 0x73bd, 0x1e2f, 0x1e2f, 0x73bd, 0x1e2f, 0x1e2f, 0x1e2f, 0x1e2f, 0x1e2f, 0x1e2f,
    0x1e2f, 0x1e2f, 0x1e2f, 0x1e2f, 0x1e2f, 0x1e2f, 0x1e2f, 0x1e2f, 0x1e2f, 0x1e2f, 0x1e2f, 0x1e2f,
    0x1e2f, 0x1e2f, 0x1e2f, 0x1e2f, 0x1e2f, 0x1e2f, 0x1e2f, 0x1e2f, 0x1e2f, 0x1e2f, 0x1e2f, 0x884,
    0x1e2f, 0x1e2f, 0x1e2f, 0x1e2f, 0x1e2f, 0x1e2f, 0x198b, 0x1e2f, 0x1e2f, 0x1e2f, 0x1e2f, 0x1e2f,
    0x1e2f, 0x1e2f, 0x1e2f, 0x1e2f, 0x1e2f, 0x1e2f, 0x3294, 0x1e2f, 0x1e2f, 0x1e2f, 0x73bd, 0x1e2f,
    0x1e2f, 0x1e2f, 0x1e2f, 0x1e2f, 0x1e2f, 0x1e2f, 0x1e2f, 0x1e2f, 0x1e2f, 0x1e2f, 0x1e2f, 0x1e2f,
    0x1e2f, 0x1e2f, 0x1e2f, 0x1e2f, 0x1e2f, 0x1e2f, 0x1e2f, 0x36b9, 0x36b9, 0x198b, 0x36b9, 0x198b,
    0x1e2f, 0x1e2f, 0x1e2f, 0x1e2f, 0x1e2f, 0x1e2f, 0x1d92, 0x36b9, 0x36b9, 0x1d92, 0x198b, 0x1e2f,
    0x1e2f, 0x1527, 0x1527, 0x198b, 0x1527, 0x1527, 0x1527, 0x1527, 0x1527, 0x884, 0x36b9, 0x3f39,
    0x2dd3, 0x198b, 0x29ad, 0x884, 0x884, 0x1527, 0x198b, 0x198b, 0x1e2f, 0x1e2f, 0x1e2f, 0x1e2f,
    0x36b9, 0x884, 0x1d92, 0x1d92, 0x884, 0x10ea, 0x1d92, 0x2dd3, 0x1d92, 0x2dd3, 0x2dd3, 0x2dd3,
    0x2dd3, 0x36b9, 0x1d92, 0x1d92, 0x1d92, 0x36b9, 0x3f39, 0x3f39, 0x884, 0x36b9, 0x36b9, 0x36b9,
    0x36b9, 0x3294, 0x36b9, 0x3294, 0x3294, 0x3294, 0x36b9, 0x884, 0x36b9, 0x10ea, 0x36b9, 0x3294,
    0x3294, 0x10ea, 0x884, 0x1527, 0x884, 0x1527, 0x198b, 0x3294, 0x3294, 0x3294, 0x1e2f, 0x36b9,
    0x575c, 0x36b9, 0x36b9, 0x1d92, 0x2dd3, 0x10ea, 0x10ea, 0x198b, 0x10ea, 0x10ea, 0x884, 0x10ea,
    0x884, 0x884, 0x10ea, 0x1d92, 0x3294, 0x1e2f, 0x1e2f, 0x1e2f, 0x1e2f, 0x1e2f, 0x1e2f, 0x1e2f,
    0x1e2f, 0x1e2f, 0x1e2f, 0x198b, 0x1e2f, 0x198b, 0x1e2f, 0x1e2f, 0x1e2f, 0x1e2f, 0x1e2f, 0x1e2f,
    0x1e2f, 0x3294, 0x1e2f, 0x2e2f, 0x1e2f, 0x198b, 0x4ef9, 0x4ef9, 0x575c, 0x4ef9, 0x3f39, 0x36b9,
    0x3f39, 0x3f39, 0x36b9, 0x3294, 0x1e2f, 0x884, 0x1e2f, 0x1e2f, 0x1e2f, 0x1e2f, 0x1e2f, 0x1e2f,
    0x1e2f, 0x1e2f, 0x1e2f, 0x73bd, 0x1e2f, 0x1e2f, 0x1e2f, 0x3f39, 0x1e2f, 0x3294, 0x1e2f, 0x1e2f,
    0x1e2f, 0x198b, 0x1e2f, 0x1e2f, 0x1e2f, 0x3294, 0x3294, 0x1e2f, 0x198b, 0x3f39, 0x1e2f, 0x1e2f,
    0x198b, 0x1e2f, 0x1e2f, 0x1e2f, 0x1e2f, 0x1e2f, 0x1e2f, 0x1e2f, 0x198b, 0x1e2f, 0x1e2f, 0x1e2f,
    0x1e2f, 0x1e2f, 0x1e2f, 0x1e2f, 0x1e2f, 0x1e2f, 0x1e2f, 0x1e2f, 0x10ea, 0x1e2f, 0x1e2f, 0x1e2f,
    0x1e2f, 0x1e2f, 0x1e2f, 0x1e2f, 0x1e2f, 0x1e2f, 0x1e2f, 0x198b, 0x1e2f, 0x198b, 0x1e2f, 0x1e2f,
    0x1e2f, 0x73bd, 0x1527, 0x1e2f, 0x1e2f, 0x1e2f, 0x73bd, 0x3294, 0x3294, 0x1e2f, 0x1e2f, 0x1e2f,
    0x1e2f, 0x1e2f, 0x1e2f, 0x198b, 0x1e2f, 0x1e2f, 0x1e2f, 0x1e2f, 0x1e2f, 0x1e2f, 0x1e2f, 0x1e2f,
    0x1e2f, 0x1e2f, 0x1e2f, 0x1e2f, 0x1e2f, 0x1e2f, 0x884, 0x36b9, 0x36b9, 0x1d92, 0x1d92, 0x1e2f,
    0x1e2f, 0x1e2f, 0x1e2f, 0x1e2f, 0x1e2f, 0x1e2f, 0x1e2f, 0x1e2f, 0x36b9, 0x884, 0x1e2f, 0x1e2f,
    0x10ea, 0x1527, 0x1527, 0x1527, 0x1527, 0x1527, 0x884, 0x10ea, 0x198b, 0x10ea, 0x2dd3, 0x884,
    0x1527, 0x198b, 0x198b, 0x1527, 0x198b, 0x198b, 0x1527, 0x1e2f, 0x1527, 0x1527, 0x1e2f, 0x3294,
    0x3294, 0x884, 0x1d92, 0x1d92, 0x10ea, 0x1d92, 0x198b, 0x36b9, 0x1d92, 0x1d92, 0x10ea, 0x1d92,
    0x2dd3, 0x1d92, 0x1d92, 0x2dd3, 0x3294, 0x36b9, 0x3f39, 0x3f39, 0x575c, 0x2dd3, 0x36b9, 0x36b9,
    0x36b9, 0x36b9, 0x3294, 0x3294, 0x3294, 0x3294, 0x3294, 0x884, 0x1e2f, 0x10ea, 0x198b, 0x198b,
    0x198b, 0x1e2f, 0x198b, 0x198b, 0x1e2f, 0x3294, 0x1e2f, 0x1e2f, 0x1e2f, 0x3294, 0x3294, 0x3294,
    0x575c, 0x3294, 0x1d92, 0x1d92, 0x198b, 0x1d92, 0x10ea, 0x884, 0x10ea, 0x198b, 0x884, 0x884,
    0x10ea, 0x36b9, 0x884, 0x884, 0x1e2f, 0x3294, 0x3294, 0x3294, 0x1e2f, 0x1e2f, 0x1e2f, 0x198b,
    0x1e2f, 0x198b, 0x198b, 0x198b, 0x198b, 0x198b, 0x1e2f, 0x198b, 0x198b, 0x198b, 0x198b, 0x1527,
    0x884, 0x1527, 0x884, 0x1e2f, 0x198b, 0x1e2f, 0x2e2f, 0x4eb5, 0x3294, 0x36b9, 0x3f39, 0x3f39,
    0x1d92, 0x3294, 0x10ea, 0x198b, 0x1e2f, 0x1e2f, 0x1e2f, 0x1e2f, 0x1e2f, 0x3f39, 0x73bd, 0x1e2f,
    0x1e2f, 0x1e2f, 0x1e2f, 0x1e2f, 0x1e2f, 0x1e2f, 0x1e2f, 0x1e2f, 0x884, 0x1e2f, 0x1e2f, 0x1e2f,
    0x1e2f, 0x1e2f, 0x1e2f, 0x1e2f, 0x1e2f, 0x1e2f, 0x1e2f, 0x1e2f, 0x1e2f, 0x1e2f, 0x1e2f, 0x1e2f,
    0x1e2f, 0x1e2f, 0x1e2f, 0x1e2f, 0x1e2f, 0x1e2f, 0x1e2f, 0x1e2f, 0x1e2f, 0x1e2f, 0x1e2f, 0x3294,
    0x1e2f, 0x3294, 0x1e2f, 0x3294, 0x3294, 0x3294, 0x3294, 0x3294, 0x3294, 0x1e2f, 0x1e2f, 0x1e2f,
    0x1e2f, 0x1e2f, 0x1e2f, 0x1e2f, 0x1e2f, 0x1e2f, 0x1e2f, 0x1e2f, 0x1e2f, 0x1e2f, 0x1e2f, 0x1e2f,
    0x1e2f, 0x1e2f, 0x1527, 0x1e2f, 0x1e2f, 0x1e2f, 0x1e2f, 0x1e2f, 0x1e2f, 0x1e2f, 0x1e2f, 0x1e2f,
    0x1e2f, 0x1e2f, 0x198b, 0x2dd3, 0x198b, 0x198b, 0x1e2f, 0x1e2f, 0x1e2f, 0x1e2f, 0x1e2f, 0x1e2f,
    0x1e2f, 0x1e2f, 0x1e2f, 0x1e2f, 0x1e2f, 0x1e2f, 0x36b9, 0x10ea, 0x1d92, 0x1d92, 0x10ea, 0x1e2f,
    0x1e2f, 0x1d92, 0x1e2f, 0x1e2f, 0x1e2f, 0x1e2f, 0x1e2f, 0x1e2f, 0x1e2f, 0x1e2f, 0x198b, 0x1e2f,
    0x36b9, 0x1527, 0x884, 0x2dd3, 0x3294, 0x10ea, 0x2dd3, 0x198b, 0x10ea, 0x1527, 0x1d92, 0x884,
    0x884, 0x1527, 0x1e2f, 0x1527, 0x1527, 0x3294, 0x36b9, 0x198b, 0x36b9, 0x3294, 0x36b9, 0x36b9,
    0x36b9, 0x10ea, 0x1d92, 0x1d92, 0x884, 0x1d92, 0x10ea, 0x2dd3, 0x1d92, 0x198b, 0x10ea, 0x1d92,
    0x1d92, 0x1d92, 0x198b, 0x198b, 0x1d92, 0x2dd3, 0x36b9, 0x36b9, 0x3f39, 0x3f39, 0x36b9, 0x36b9,
    0x3294, 0x3294, 0x3294, 0x36b9, 0x10ea, 0x1527, 0x198b, 0x1e2f, 0x198b, 0x1e2f, 0x198b, 0x198b,
    0x198b, 0x198b, 0x198b, 0x1e2f, 0x3294, 0x1e2f, 0x1e2f, 0x3294, 0x3294, 0x1e2f, 0x1e2f, 0x10ea,
    0x36b9, 0x2dd3, 0x10ea, 0x10ea, 0x884, 0x10ea, 0x10ea, 0x884, 0x10ea, 0x884, 0x1e2f, 0x1e2f,
    0x884, 0x3294, 0x1e2f, 0x884, 0x1e2f, 0x1e2f, 0x198b, 0x1e2f, 0x1e2f, 0x1e2f, 0x1e2f, 0x1e2f,
    0x1e2f, 0x1e2f, 0x1e2f, 0x1e2f, 0x1e2f, 0x1e2f, 0x1e2f, 0x198b, 0x1527, 0x198b, 0x198b, 0x198b,
    0x1e2f, 0x1e2f, 0x1e2f, 0x1e2f, 0x3294, 0x198b, 0x4ef9, 0x4ef9, 0x36b9, 0x3f39, 0x3f39, 0x3f39,
    0x575c, 0x575c, 0x1e2f, 0x1e2f, 0x1e2f, 0x3294, 0x1e2f, 0x1e2f, 0x1e2f, 0x36b9, 0x1e2f, 0x1e2f,
    0x3f39, 0x1e2f, 0x1e2f, 0x1e2f, 0x1e2f, 0x1e2f, 0x1e2f, 0x1e2f, 0x1e2f, 0x1527, 0x1e2f, 0x198b,
    0x884, 0x1e2f, 0x1e2f, 0x1e2f, 0x1e2f, 0x1e2f, 0x1e2f, 0x1e2f, 0x1e2f, 0x1e2f, 0x1e2f, 0x198b,
    0x1e2f, 0x1e2f, 0x1e2f, 0x1e2f, 0x1e2f, 0x1e2f, 0x1e2f, 0x1e2f, 0x3294, 0x3294, 0x36b9, 0x3294,
    0x3294, 0x36b9, 0x36b9, 0x3294, 0x575c, 0x3294, 0x3294, 0x3294, 0x1e2f, 0x1e2f, 0x1e2f, 0x1e2f,
    0x1e2f, 0x1e2f, 0x1e2f, 0x1e2f, 0x1e2f, 0x1e2f, 0x1e2f, 0x1e2f, 0x1e2f, 0x1e2f, 0x1e2f, 0x1e2f,
    0x73bd, 0x1527, 0x1527, 0x1e2f, 0x1e2f, 0x1e2f, 0x3294, 0x1e2f, 0x1e2f, 0x1e2f, 0x198b, 0x1e2f,
    0x198b, 0x73bd, 0x4ef9, 0x29ad, 0x575c, 0x1e2f, 0x1e2f, 0x1e2f, 0x1e2f, 0x1e2f, 0x1e2f, 0x1e2f,
    0x1e2f, 0x1e2f, 0x884, 0x36b9, 0x1e2f, 0x1e2f, 0x884, 0x36b9, 0x1d92, 0x1d92, 0x1e2f, 0x1e2f,
    0x10ea, 0x36b9, 0x884, 0x1e2f, 0x1e2f, 0x1e2f, 0x198b, 0x10ea, 0x1e2f, 0x198b, 0x1e2f, 0x1e2f,
    0x1e2f, 0x2dd3, 0x10ea, 0x29ad, 0x2dd3, 0x10ea, 0x884, 0x198b, 0x198b, 0x1527, 0x198b, 0x884,
    0x1e2f, 0x198b, 0x3294, 0x3294, 0x1e2f, 0x36b9, 0x36b9, 0x3294, 0x3294, 0x3294, 0x36b9, 0x36b9,
    0x36b9, 0x884, 0x198b, 0x10ea, 0x884, 0x10ea, 0x10ea, 0x10ea, 0x198b, 0x10ea, 0x10ea, 0x10ea,
    0x1d92, 0x1d92, 0x1d92, 0x10ea, 0x884, 0x1d92, 0x1d92, 0x10ea, 0x1d92, 0x36b9, 0x2dd3, 0x36b9,
    0x3294, 0x3294, 0x3294, 0x1e2f, 0x1e2f, 0x1e2f, 0x1e2f, 0x1e2f, 0x1e2f, 0x198b, 0x198b, 0x198b,
    0x1e2f, 0x1e2f, 0x3294, 0x3294, 0x3294, 0x3294, 0x3294, 0x3294, 0x3294, 0x3294, 0x3294, 0x3294,
    0x884, 0x1d92, 0x884, 0x10ea, 0x884, 0x884, 0x10ea, 0x3294, 0x884, 0x3294, 0x1e2f, 0x884,
    0x884, 0x1e2f, 0x198b, 0x884, 0x1e2f, 0x198b, 0x1e2f, 0x198b, 0x198b, 0x1e2f, 0x1e2f, 0x198b,
    0x1e2f, 0x198b, 0x29ad, 0x2dd3, 0x10ea, 0x2dd3, 0x2dd3, 0x1e2f, 0x2dd3, 0x3294, 0x3294, 0x36b9,
    0x36b9, 0x3294, 0x36b9, 0x36b9, 0x4ef9, 0x3f39, 0x4ef9, 0x36b9, 0x36b9, 0x4ef9, 0x3f39, 0x1d92,
    0x3f39, 0x1e2f, 0x1e2f, 0x1e2f, 0x1e2f, 0x1e2f, 0x1e2f, 0x1e2f, 0x1e2f, 0x1e2f, 0x1e2f, 0x1527,
    0x1e2f, 0x1e2f, 0x1e2f, 0x1e2f, 0x198b, 0x1e2f, 0x1e2f, 0x1e2f, 0x1e2f, 0x1e2f, 0x884, 0x1e2f,
    0x1e2f, 0x1e2f, 0x1e2f, 0x1e2f, 0x1e2f, 0x1e2f, 0x1e2f, 0x1e2f, 0x1e2f, 0x1e2f, 0x1e2f, 0x1e2f,
    0x1e2f, 0x1e2f, 0x1e2f, 0x1e2f, 0x1e2f, 0x3294, 0x3294, 0x1e2f, 0x3294, 0x36b9, 0x3294, 0x3294,
    0x3294, 0x3294, 0x3294, 0x3294, 0x3294, 0x3294, 0x1e2f, 0x1e2f, 0x1e2f, 0x1e2f, 0x1e2f, 0x1e2f,
    0x1e2f, 0x1e2f, 0x1e2f, 0x1e2f, 0x1e2f, 0x1e2f, 0x1e2f, 0x1e2f, 0x1e2f, 0x1e2f, 0x1e2f, 0x1e2f,
    0x1e2f, 0x1527, 0x198b, 0x198b, 0x1e2f, 0x198b, 0x198b, 0x198b, 0x1e2f, 0x1e2f, 0x1e2f, 0x1e2f,
    0x1e2f, 0x4ef9, 0x1d92, 0x1d92, 0x2dd3, 0x575c, 0x2e2f, 0x1e2f, 0x1e2f, 0x1e2f, 0x1e2f, 0x1e2f,
    0x1e2f, 0x1d92, 0x1d92, 0x36b9, 0x1e2f, 0x1e2f, 0x1e2f, 0x1e2f, 0x1e2f, 0x198b, 0x1e2f, 0x1e2f,
    0x1e2f, 0x36b9, 0x1e2f, 0x1e2f, 0x1e2f, 0x1e2f, 0x36b9, 0x36b9, 0x1d92, 0x1d92, 0x1e2f, 0x884,
    0x1e2f, 0x29ad, 0x884, 0x884, 0x1e2f, 0x1527, 0x884, 0x884, 0x1527, 0x198b, 0x198b, 0x1e2f,
    0x3294, 0x3294, 0x3294, 0x3294, 0x3294, 0x3294, 0x3294, 0x3294, 0x3294, 0x3294, 0x3294, 0x3294,
    0x3294, 0x1e2f, 0x198b, 0x1d92, 0x10ea, 0x884, 0x10ea, 0x10ea, 0x10ea, 0x10ea, 0x10ea, 0x1d92,
    0x1d92, 0x1d92, 0x1d92, 0x10ea, 0x1d92, 0x198b, 0x884, 0x1d92, 0x198b, 0x1d92, 0x3f39, 0x198b,
    0x3294, 0x3294, 0x3294, 0x1e2f, 0x1e2f, 0x1e2f, 0x1e2f, 0x1e2f, 0x3f39, 0x1e2f, 0x198b, 0x3294,
    0x3294, 0x3294, 0x3294, 0x3294, 0x3294, 0x1e2f, 0x3294, 0x1e2f, 0x1e2f, 0x3294, 0x3294, 0x3294,
    0x1527, 0x1d92, 0x198b, 0x884, 0x1e2f, 0x884, 0x1e2f, 0x3294, 0x884, 0x1e2f, 0x1e2f, 0x884,
    0x1527, 0x1527, 0x884, 0x1527, 0x1527, 0x884, 0x198b, 0x1e2f, 0x198b, 0x1e2f, 0x1e2f, 0x198b,
    0x884, 0x1527, 0x2dd3, 0x3294, 0x3294, 0x2dd3, 0x36b9, 0x36b9, 0x36b9, 0x36b9, 0x36b9, 0x3294,
    0x36b9, 0x36b9, 0x4ef9, 0x36b9, 0x36b9, 0x3294, 0x3294, 0x3294, 0x198b, 0x3294, 0x198b, 0x1e2f,
    0x1e2f, 0x1e2f, 0x1e2f, 0x1e2f, 0x1e2f, 0x1e2f, 0x1e2f, 0x1e2f, 0x1e2f, 0x1527, 0x1e2f, 0x1e2f,
    0x1e2f, 0x1e2f, 0x1e2f, 0x1e2f, 0x1e2f, 0x1e2f, 0x1e2f, 0x1e2f, 0x1e2f, 0x1e2f, 0x1e2f, 0x198b,
    0x1e2f, 0x1e2f, 0x1e2f, 0x1e2f, 0x1e2f, 0x1e2f, 0x1e2f, 0x1e2f, 0x1e2f, 0x1e2f, 0x1e2f, 0x1e2f,
    0x1e2f, 0x1e2f, 0x1e2f, 0x1e2f, 0x1e2f, 0x3294, 0x3294, 0x3294, 0x36b9, 0x36b9, 0x3294, 0x3294,
    0x3294, 0x1e2f, 0x1e2f, 0x1e2f, 0x1e2f, 0x1e2f, 0x1e2f, 0x1e2f, 0x1e2f, 0x1e2f, 0x1e2f, 0x1e2f,
    0x1e2f, 0x1e2f, 0x1e2f, 0x1e2f, 0x1e2f, 0x1e2f, 0x1e2f, 0x1e2f, 0x73bd, 0x3294, 0x1e2f, 0x1e2f,
    0x198b, 0x1e2f, 0x1e2f, 0x1527, 0x1e2f, 0x1e2f, 0x198b, 0x198b, 0x1e2f, 0x1e2f, 0x1e2f, 0x29ad,
    0x36b9, 0x1d92, 0x1d92, 0x2dd3, 0x73bd, 0x10ea, 0x1e2f, 0x1e2f, 0x1e2f, 0x1e2f, 0x1e2f, 0x1e2f,
    0x1e2f, 0x10ea, 0x36b9, 0x1d92, 0x1e2f, 0x1e2f, 0x1e2f, 0x1e2f, 0x1e2f, 0x1e2f, 0x1527, 0x1e2f,
    0x1e2f, 0x1e2f, 0x1e2f, 0x1e2f, 0x1e2f, 0x10ea, 0x10ea, 0x1d92, 0x1d92, 0x1527, 0x1e2f, 0x1e2f,
    0x198b, 0x1527, 0x198b, 0x1527, 0x198b, 0x884, 0x1527, 0x1e2f, 0x198b, 0x884, 0x3294, 0x3294,
    0x1e2f, 0x3294, 0x3294, 0x3294, 0x3294, 0x3294, 0x3294, 0x3294, 0x3294, 0x3294, 0x3294, 0x3294,
    0x3294, 0x10ea, 0x198b, 0x884, 0x884, 0x884, 0x884, 0x884, 0x10ea, 0x884, 0x884, 0x10ea,
    0x1d92, 0x198b, 0x198b, 0x198b, 0x10ea, 0x1d92, 0x1d92, 0x198b, 0x884, 0x198b, 0x2dd3, 0x3294,
    0x36b9, 0x3294, 0x3294, 0x3294, 0x3294, 0x3294, 0x3294, 0x1e2f, 0x1e2f, 0x1e2f, 0x1e2f, 0x3294,
    0x3294, 0x3294, 0x3294, 0x3294, 0x1527, 0x1e2f, 0x1e2f, 0x1e2f, 0x198b, 0x3294, 0x3294, 0x3294,
    0x1e2f, 0x198b, 0x10ea, 0x3294, 0x1e2f, 0x884, 0x1527, 0x1527, 0x884, 0x1527, 0x1527, 0x1527,
    0x1527, 0x1527, 0x1527, 0x1527, 0x884, 0x198b, 0x1e2f, 0x1e2f, 0x1527, 0x1527, 0x1527, 0x1527,
    0x2dd3, 0x2dd3, 0x3294, 0x3294, 0x3294, 0x2dd3, 0x2dd3, 0x10ea, 0x3294, 0x3294, 0x3294, 0x3294,
    0x2dd3, 0x3294, 0x3294, 0x36b9, 0x36b9, 0x2dd3, 0x3294, 0x36b9, 0x36b9, 0x3f39, 0x10ea, 0x1e2f,
    0x1e2f, 0x1e2f, 0x1e2f, 0x1e2f, 0x1e2f, 0x1e2f, 0x1e2f, 0x1e2f, 0x1e2f, 0x1e2f, 0x1e2f, 0x198b,
    0x1e2f, 0x1e2f, 0x1e2f, 0x884, 0x1527, 0x1e2f, 0x1e2f, 0x198b, 0x1e2f, 0x1e2f, 0x1e2f, 0x1e2f,
    0x1e2f, 0x1e2f, 0x1e2f, 0x1e2f, 0x1e2f, 0x1e2f, 0x1e2f, 0x3294, 0x1e2f, 0x3f39, 0x1e2f, 0x1e2f,
    0x3294, 0x1e2f, 0x3294, 0x3294, 0x3294, 0x3294, 0x1e2f, 0x3294, 0x3294, 0x3294, 0x3294, 0x1e2f,
    0x1e2f, 0x1e2f, 0x1e2f, 0x1e2f, 0x1e2f, 0x1e2f, 0x1e2f, 0x3294, 0x1e2f, 0x1e2f, 0x1e2f, 0x1527,
    0x1e2f, 0x1e2f, 0x1e2f, 0x1e2f, 0x1e2f, 0x1e2f, 0x1e2f, 0x1e2f, 0x1e2f, 0x1e2f, 0x1e2f, 0x1e2f,
    0x1e2f, 0x1e2f, 0x1e2f, 0x1e2f, 0x1e2f, 0x198b, 0x1e2f, 0x1e2f, 0x1e2f, 0x1e2f, 0x1e2f, 0x10ea,
    0x73bd, 0x2dd3, 0x575c, 0x73bd, 0x198b, 0x1e2f, 0x1e2f, 0x1e2f, 0x1e2f, 0x1e2f, 0x1e2f, 0x1e2f,
    0x1e2f, 0x1e2f, 0x1e2f, 0x1e2f, 0x10ea, 0x1e2f, 0x1e2f, 0x884, 0x884, 0x1e2f, 0x1e2f, 0x1e2f,
    0x1e2f, 0x1e2f, 0x1e2f, 0x1e2f, 0x1e2f, 0x1d92, 0x36b9, 0x10ea, 0x884, 0x1e2f, 0x1e2f, 0x1527,
    0x1527, 0x198b, 0x3294, 0x3294, 0x3294, 0x1e2f, 0x1e2f, 0x1e2f, 0x1e2f, 0x3294, 0x3294, 0x1e2f,
    0x1e2f, 0x1e2f, 0x3294, 0x3294, 0x3294, 0x3294, 0x36b9, 0x36b9, 0x1e2f, 0x3294, 0x3294, 0x3294,
    0x3294, 0x3294, 0x884, 0x884, 0x3294, 0x198b, 0x10ea, 0x3f39, 0x36b9, 0x3294, 0x3f39, 0x884,
    0x10ea, 0x884, 0x884, 0x884, 0x884, 0x884, 0x884, 0x10ea, 0x10ea, 0x884, 0x2dd3, 0x3f39,
    0x3294, 0x3294, 0x3294, 0x3294, 0x3294, 0x3294, 0x3294, 0x1e2f, 0x3294, 0x1e2f, 0x3294, 0x3294,
    0x1e2f, 0x1e2f, 0x1e2f, 0x3294, 0x198b, 0x1e2f, 0x1e2f, 0x1e2f, 0x3294, 0x3294, 0x1e2f, 0x1e2f,
    0x36b9, 0x1e2f, 0x884, 0x1527, 0x1527, 0x1527, 0x1527, 0x1527, 0x884, 0x1527, 0x1527, 0x1527,
    0x1527, 0x1527, 0x1527, 0x1527, 0x1527, 0x1527, 0x1527, 0x1527, 0x1e2f, 0x1e2f, 0x2dd3, 0x2dd3,
    0x2dd3, 0x2dd3, 0x1d92, 0x575c, 0x3294, 0x36b9, 0x36b9, 0x36b9, 0x36b9, 0x3f39, 0x4ef9, 0x575c,
    0x4ef9, 0x575c, 0x575c, 0x575c, 0x36b9, 0x36b9, 0x3f39, 0x36b9, 0x2dd3, 0x1e2f, 0x1e2f, 0x1e2f,
    0x1e2f, 0x198b, 0x1e2f, 0x1e2f, 0x1e2f, 0x1e2f, 0x1e2f, 0x1e2f, 0x1e2f, 0x1e2f, 0x1e2f, 0x1e2f,
    0x1e2f, 0x1e2f, 0x1e2f, 0x1e2f, 0x1e2f, 0x1e2f, 0x1e2f, 0x1e2f, 0x1e2f, 0x1e2f, 0x1e2f, 0x1e2f,
    0x1e2f, 0x1e2f, 0x73bd, 0x1e2f, 0x1e2f, 0x4f17, 0x3294, 0x3294, 0x1e2f, 0x3294, 0x73bd, 0x3294,
    0x1e2f, 0x3294, 0x1e2f, 0x1e2f, 0x3294, 0x3294, 0x3294, 0x3294, 0x3294, 0x1e2f, 0x1e2f, 0x1e2f,
    0x1e2f, 0x1e2f, 0x1e2f, 0x1e2f, 0x1e2f, 0x1e2f, 0x1e2f, 0x1e2f, 0x1e2f, 0x1e2f, 0x1527, 0x1e2f,
    0x1e2f, 0x1e2f, 0x3294, 0x1e2f, 0x1e2f, 0x1e2f, 0x1e2f, 0x1e2f, 0x4f17, 0x1e2f, 0x1e2f, 0x1e2f,
    0x1e2f, 0x1e2f, 0x1e2f, 0x1e2f, 0x1e2f, 0x1e2f, 0x1e2f, 0x10ea, 0x1e2f, 0x1e2f, 0x1e2f, 0x1e2f,
    0x1e2f, 0x198b, 0x198b, 0x1e2f, 0x198b, 0x1e2f, 0x1e2f, 0x1e2f, 0x1e2f, 0x4ef9, 0x1e2f, 0x198b,
    0x1e2f, 0x1e2f, 0x1e2f, 0x1e2f, 0x1e2f, 0x1e2f, 0x1e2f, 0x884, 0x36b9, 0x1e2f, 0x1e2f, 0x884,
    0x1e2f, 0x1e2f, 0x1e2f, 0x1e2f, 0x1e2f, 0x1e2f, 0x1e2f, 0x1e2f, 0x1e2f, 0x884, 0x1e2f, 0x198b,
    0x1e2f, 0x1e2f, 0x1e2f, 0x1e2f, 0x1e2f, 0x1e2f, 0x1e2f, 0x1e2f, 0x1e2f, 0x1e2f, 0x1e2f, 0x1e2f,
    0x1e2f, 0x1e2f, 0x198b, 0x10ea, 0x1e2f, 0x3294, 0x3294, 0x3294, 0x36b9, 0x3294, 0x36b9, 0x3294,
    0x3294, 0x3294, 0x884, 0x884, 0x3294, 0x36b9, 0x884, 0x1e2f, 0x3294, 0x3294, 0x3294, 0x3294,
    0x884, 0x3f39, 0x1e2f, 0x884, 0x3294, 0x36b9, 0x3294, 0x884, 0x10ea, 0x198b, 0x2dd3, 0x3f39,
    0x3294, 0x3294, 0x1e2f, 0x3f39, 0x3294, 0x3294, 0x1e2f, 0x3f39, 0x3f39, 0x3f39, 0x3294, 0x884,
    0x198b, 0x1e2f, 0x1e2f, 0x3294, 0x1e2f, 0x1e2f, 0x1e2f, 0x1e2f, 0x1e2f, 0x1e2f, 0x3294, 0x1e2f,
    0x1e2f, 0x1e2f, 0x198b, 0x198b, 0x1527, 0x1527, 0x1527, 0x1527, 0x1527, 0x1527, 0x1527, 0x1527,
    0x1527, 0x1527, 0x1527, 0x1527, 0x198b, 0x198b, 0x1e2f, 0x1e2f, 0x1e2f, 0x884, 0x2dd3, 0x2dd3,
    0x3294, 0x884, 0x3294, 0x2dd3, 0x3f39, 0x36b9, 0x36b9, 0x36b9, 0x36b9, 0x575c, 0x3294, 0x4ef9,
    0x462f, 0x2dd3, 0x462f, 0x198b, 0x3f39, 0x36b9, 0x3f39, 0x3f39, 0x198b, 0x1e2f, 0x198b, 0x1e2f,
    0x575c, 0x575c, 0x1e2f, 0x1e2f, 0x1e2f, 0x3294, 0x1e2f, 0x1e2f, 0x1e2f, 0x1e2f, 0x1e2f, 0x1e2f,
    0x1e2f, 0x1e2f, 0x1e2f, 0x1e2f, 0x1e2f, 0x1e2f, 0x1e2f, 0x1e2f, 0x1e2f, 0x1e2f, 0x1e2f, 0x3294,
    0x3294, 0x1e2f, 0x1e2f, 0x1e2f, 0x3294, 0x3294, 0x3294, 0x1e2f, 0x3f39, 0x3294, 0x3294, 0x1e2f,
    0x1e2f, 0x1e2f, 0x1e2f, 0x1e2f, 0x1e2f, 0x1e2f, 0x1e2f, 0x1e2f, 0x1e2f, 0x1e2f, 0x1e2f, 0x575c,
    0x1e2f, 0x1e2f, 0x1e2f, 0x1e2f, 0x1e2f, 0x1e2f, 0x1e2f, 0x73bd, 0x1e2f, 0x1e2f, 0x1e2f, 0x1e2f,
    0x1527, 0x1e2f, 0x575c, 0x1e2f, 0x1e2f, 0x1e2f, 0x198b, 0x1e2f, 0x1e2f, 0x1e2f, 0x1e2f, 0x1e2f,
    0x1e2f, 0x1e2f, 0x1e2f, 0x1e2f, 0x1e2f, 0x73bd, 0x1e2f, 0x73bd, 0x3294, 0x198b, 0x1e2f, 0x1e2f,
    0x1e2f, 0x1e2f, 0x1e2f, 0x1e2f, 0x884, 0x1e2f, 0x1e2f, 0x198b, 0x73bd, 0x3294, 0x884, 0x73bd,
    0x29ad, 0x3294, 0x1e2f, 0x1e2f, 0x198b, 0x1527, 0x1e2f, 0x10ea, 0x36b9, 0x1e2f, 0x1e2f, 0x1e2f,
    0x884, 0x1e2f, 0x1e2f, 0x198b, 0x1e2f, 0x1e2f, 0x1e2f, 0x1e2f, 0x1e2f, 0x1e2f, 0x1e2f, 0x1e2f,
    0x1e2f, 0x198b, 0x198b, 0x198b, 0x198b, 0x1e2f, 0x3294, 0x1e2f, 0x1e2f, 0x1e2f, 0x1e2f, 0x1e2f,
    0x1527, 0x1527, 0x1e2f, 0x1e2f, 0x1e2f, 0x36b9, 0x3294, 0x3294, 0x3294, 0x3294, 0x3294, 0x1e2f,
    0x3294, 0x3294, 0x884, 0x884, 0x3294, 0x1e2f, 0x884, 0x884, 0x1e2f, 0x1e2f, 0x3294, 0x3294,
    0x884, 0x3294, 0x3f39, 0x10ea, 0x3294, 0x3294, 0x3294, 0x3294, 0x884, 0x10ea, 0x2dd3, 0x1e2f,
    0x3294, 0x1e2f, 0x10ea, 0x3294, 0x3294, 0x1e2f, 0x73bd, 0x10ea, 0x1e2f, 0x3294, 0x3294, 0x198b,
    0x3294, 0x198b, 0x1e2f, 0x1e2f, 0x1e2f, 0x1e2f, 0x1e2f, 0x1e2f, 0x1e2f, 0x1e2f, 0x3294, 0x1e2f,
    0x1e2f, 0x1e2f, 0x198b, 0x1e2f, 0x1527, 0x1527, 0x1527, 0x1527, 0x1527, 0x1527, 0x884, 0x1e2f,
    0x884, 0x198b, 0x198b, 0x198b, 0x29ad, 0x2e2f, 0x29ad, 0x2dd3, 0x3294, 0x1e2f, 0x198b, 0x1e2f,
    0x1e2f, 0x1e2f, 0x1e2f, 0x2dd3, 0x3294, 0x36b9, 0x36b9, 0x36b9, 0x36b9, 0x4ef9, 0x4ef9, 0x575c,
    0x3f39, 0x36b9, 0x73bd, 0x29ad, 0x36b9, 0x36b9, 0x3294, 0x198b, 0x1e2f, 0x1e2f, 0x10ea, 0x3294,
    0x3294, 0x10ea, 0x1e2f, 0x575c, 0x1527, 0x1e2f, 0x1e2f, 0x1e2f, 0x1e2f, 0x1e2f, 0x1e2f, 0x1e2f,
    0x1e2f, 0x1e2f, 0x1e2f, 0x1e2f, 0x3f39, 0x3294, 0x1e2f, 0x1e2f, 0x1e2f, 0x1e2f, 0x3294, 0x1e2f,
    0x1e2f, 0x1e2f, 0x3294, 0x3f39, 0x1e2f, 0x3294, 0x3294, 0x1e2f, 0x1e2f, 0x1e2f, 0x1e2f, 0x1e2f,
    0x1e2f, 0x1e2f, 0x1e2f, 0x1e2f, 0x1e2f, 0x1e2f, 0x1e2f, 0x1e2f, 0x3294, 0x1e2f, 0x1e2f, 0x1e2f,
    0x1e2f, 0x1e2f, 0x1e2f, 0x1e2f, 0x4eb5, 0x1e2f, 0x1e2f, 0x3294, 0x1e2f, 0x1e2f, 0x198b, 0x1527,
    0x1e2f, 0x1e2f, 0x1e2f, 0x1e2f, 0x1e2f, 0x1e2f, 0x198b, 0x1e2f, 0x1e2f, 0x1e2f, 0x1e2f, 0x1e2f,
    0x1e2f, 0x1e2f, 0x1e2f, 0x575c, 0x198b, 0x73bd, 0x1d92, 0x2dd3, 0x575c, 0x10ea, 0x1e2f, 0x1e2f,
    0x1e2f, 0x1e2f, 0x1e2f, 0x1e2f, 0x1e2f, 0x1e2f, 0x1e2f, 0x1e2f, 0x10ea, 0x575c, 0x36b9, 0x1d92,
    0x1527, 0x3294, 0x1e2f, 0x198b, 0x1527, 0x198b, 0x1e2f, 0x1e2f, 0x1e2f, 0x1e2f, 0x1e2f, 0x1e2f,
    0x884, 0x1e2f, 0x1e2f, 0x198b, 0x1e2f, 0x36b9, 0x10ea, 0x1d92, 0x10ea, 0x1e2f, 0x884, 0x1e2f,
    0x1527, 0x1e2f, 0x1e2f, 0x198b, 0x3294, 0x1e2f, 0x3294, 0x3294, 0x3294, 0x3294, 0x1e2f, 0x1e2f,
    0x1e2f, 0x198b, 0x3294, 0x3294, 0x3294, 0x3294, 0x3294, 0x3294, 0x3294, 0x1e2f, 0x1e2f, 0x1e2f,
    0x1e2f, 0x1e2f, 0x884, 0x884, 0x198b, 0x1527, 0x1527, 0x884, 0x1527, 0x1527, 0x1527, 0x198b,
    0x884, 0x198b, 0x198b, 0x884, 0x1e2f, 0x198b, 0x198b, 0x1527, 0x1e2f, 0x884, 0x198b, 0x1e2f,
    0x1e2f, 0x1e2f, 0x3294, 0x3294, 0x1e2f, 0x1e2f, 0x1e2f, 0x198b, 0x3294, 0x1e2f, 0x3294, 0x884,
    0x1e2f, 0x198b, 0x3294, 0x1e2f, 0x1e2f, 0x198b, 0x1527, 0x1527, 0x1527, 0x1e2f, 0x198b, 0x1e2f,
    0x1527, 0x198b, 0x1e2f, 0x198b, 0x1e2f, 0x1527, 0x198b, 0x884, 0x884, 0x884, 0x29ad, 0x29ad,
    0x29ad, 0x29ad, 0x29ad, 0x2e2f, 0x2e2f, 0x2e2f, 0x2e2f, 0x3294, 0x2dd3, 0x1e2f, 0x2dd3, 0x1e2f,
    0x1e2f, 0x1e2f, 0x1e2f, 0x3294, 0x4ef9, 0x4ef9, 0x36b9, 0x36b9, 0x36b9, 0x3294, 0x36b9, 0x36b9,
    0x36b9, 0x36b9, 0x4ef9, 0x198b, 0x3294, 0x3294, 0x1e2f, 0x1e2f, 0x1e2f, 0x1e2f, 0x1e2f, 0x1e2f,
    0x1d92, 0x575c, 0x1e2f, 0x1e2f, 0x1e2f, 0x1527, 0x1e2f, 0x1e2f, 0x1e2f, 0x1e2f, 0x1e2f, 0x1e2f,
    0x1e2f, 0x1e2f, 0x1e2f, 0x1e2f, 0x3294, 0x1e2f, 0x1e2f, 0x1e2f, 0x1e2f, 0x3294, 0x36b9, 0x1e2f,
    0x1e2f, 0x1e2f, 0x1e2f, 0x1e2f, 0x1e2f, 0x1e2f, 0x1e2f, 0x1e2f, 0x1e2f, 0x1e2f, 0x1e2f, 0x1e2f,
    0x1e2f, 0x1e2f, 0x1e2f, 0x1e2f, 0x1e2f, 0x1e2f, 0x1e2f, 0x1e2f, 0x3294, 0x1e2f, 0x3294, 0x3294,
    0x1e2f, 0x1e2f, 0x1e2f, 0x1e2f, 0x1e2f, 0x1e2f, 0x1e2f, 0x1e2f, 0x198b, 0x1e2f, 0x3294, 0x1527,
    0x1e2f, 0x198b, 0x1e2f, 0x198b, 0x198b, 0x1e2f, 0x1e2f, 0x1e2f, 0x1e2f, 0x1e2f, 0x198b, 0x1e2f,
    0x1e2f, 0x1e2f, 0x1e2f, 0x884, 0x73bd, 0x1d92, 0x36b9, 0x1d92, 0x198b, 0x575c, 0x1e2f, 0x1e2f,
    0x1e2f, 0x1e2f, 0x1e2f, 0x884, 0x198b, 0x884, 0x1e2f, 0x4eb5, 0x2dd3, 0x73bd, 0x1d92, 0x2dd3,
    0x2e2f, 0x198b, 0x1e2f, 0x1e2f, 0x198b, 0x198b, 0x198b, 0x1e2f, 0x1e2f, 0x1e2f, 0x1527, 0x1e2f,
    0x884, 0x1e2f, 0x1e2f, 0x1e2f, 0x198b, 0x884, 0x1d92, 0x36b9, 0x1d92, 0x198b, 0x1e2f, 0x198b,
    0x1527, 0x1e2f, 0x3294, 0x1e2f, 0x1e2f, 0x1e2f, 0x1e2f, 0x1e2f, 0x1e2f, 0x1e2f, 0x1e2f, 0x1e2f,
    0x3294, 0x3294, 0x1e2f, 0x3294, 0x36b9, 0x3294, 0x3294, 0x3294, 0x3294, 0x1e2f, 0x1e2f, 0x1527,
    0x884, 0x884, 0x1527, 0x1527, 0x1527, 0x1527, 0x1527, 0x1527, 0x1527, 0x1527, 0x1527, 0x1527,
    0x884, 0x1527, 0x198b, 0x198b, 0x198b, 0x198b, 0x1527, 0x1e2f, 0x1e2f, 0x1e2f, 0x1e2f, 0x1e2f,
    0x3294, 0x1e2f, 0x1e2f, 0x1e2f, 0x1e2f, 0x1e2f, 0x1e2f, 0x1e2f, 0x3294, 0x3294, 0x3294, 0x1527,
    0x36b9, 0x1e2f, 0x1e2f, 0x1e2f, 0x1e2f, 0x1e2f, 0x1527, 0x1e2f, 0x1e2f, 0x884, 0x1527, 0x1e2f,
    0x1e2f, 0x1e2f, 0x1e2f, 0x1e2f, 0x198b, 0x198b, 0x29ad, 0x2e2f, 0x2e2f, 0x2e2f, 0x2e2f, 0x2e2f,
    0x198b, 0x29ad, 0x4eb5, 0x2e2f, 0x2e2f, 0x3294, 0x4ef9, 0x4ef9, 0x3f39, 0x36b9, 0x3294, 0x2dd3,
    0x4ef9, 0x575c, 0x575c, 0x4ef9, 0x4ef9, 0x575c, 0x10ea, 0x575c, 0x3294, 0x36b9, 0x884, 0x575c,
    0x462f, 0x198b, 0x29ad, 0x198b, 0x3294, 0x3294, 0x2e2f, 0x1e2f, 0x1e2f, 0x3294, 0x3294, 0x1e2f,
    0x36b9, 0x575c, 0x1e2f, 0x1e2f, 0x1e2f, 0x1e2f, 0x1e2f, 0x1e2f, 0x1e2f, 0x29ad, 0x1e2f, 0x1e2f,
    0x1e2f, 0x1e2f, 0x73bd, 0x1e2f, 0x4f17, 0x1e2f, 0x1e2f, 0x1e2f, 0x1e2f, 0x1d92, 0x36b9, 0x36b9,
    0x1e2f, 0x1e2f, 0x1e2f, 0x1e2f, 0x1e2f, 0x1e2f, 0x1e2f, 0x1e2f, 0x1e2f, 0x1e2f, 0x1e2f, 0x1e2f,
    0x1e2f, 0x1e2f, 0x1e2f, 0x1e2f, 0x1e2f, 0x1e2f, 0x1e2f, 0x73bd, 0x1e2f, 0x1e2f, 0x1e2f, 0x575c,
    0x1e2f, 0x73bd, 0x1e2f, 0x1e2f, 0x1e2f, 0x1e2f, 0x198b, 0x1e2f, 0x1e2f, 0x198b, 0x1e2f, 0x1e2f,
    0x1e2f, 0x1e2f, 0x1e2f, 0x1e2f, 0x1e2f, 0x1e2f, 0x1e2f, 0x1e2f, 0x1e2f, 0x1e2f, 0x198b, 0x1e2f,
    0x1e2f, 0x1e2f, 0x198b, 0x4eb5, 0x575c, 0x36b9, 0x10ea, 0x73bd, 0x575c, 0x1e2f, 0x1e2f, 0x1e2f,
    0x1e2f, 0x198b, 0x1e2f, 0x1e2f, 0x884, 0x1e2f, 0x198b, 0x1e2f, 0x1e2f, 0x4ef9, 0x3294, 0x6f57,
    0x884, 0x10ea, 0x1e2f, 0x1e2f, 0x198b, 0x1527, 0x1527, 0x1e2f, 0x1e2f, 0x1e2f, 0x1e2f, 0x1527,
    0x884, 0x1e2f, 0x1e2f, 0x884, 0x1e2f, 0x1e2f, 0x1d92, 0x1527, 0x1527, 0x198b, 0x1e2f, 0x198b,
    0x1527, 0x3294, 0x1e2f, 0x1527, 0x1e2f, 0x198b, 0x1e2f, 0x1e2f, 0x1e2f, 0x3294, 0x3294, 0x3294,
    0x36b9, 0x3294, 0x575c, 0x3294, 0x3294, 0x1e2f, 0x3294, 0x1e2f, 0x884, 0x1e2f, 0x1e2f, 0x198b,
    0x198b, 0x198b, 0x198b, 0x198b, 0x198b, 0x198b, 0x198b, 0x198b, 0x198b, 0x1527, 0x1527, 0x1527,
    0x1527, 0x1527, 0x198b, 0x198b, 0x198b, 0x198b, 0x198b, 0x1e2f, 0x3294, 0x1e2f, 0x1e2f, 0x3294,
    0x1e2f, 0x1e2f, 0x1e2f, 0x1e2f, 0x1e2f, 0x1e2f, 0x1e2f, 0x1e2f, 0x1e2f, 0x36b9, 0x1e2f, 0x1e2f,
    0x1d92, 0x1e2f, 0x1e2f, 0x1d92, 0x1e2f, 0x1e2f, 0x1e2f, 0x1e2f, 0x1e2f, 0x1527, 0x1527, 0x198b,
    0x198b, 0x1527, 0x198b, 0x1e2f, 0x29ad, 0x2e2f, 0x462f, 0x2e2f, 0x462f, 0x3294, 0x3294, 0x2e2f,
    0x29ad, 0x4ef9, 0x3294, 0x3294, 0x3f39, 0x4ef9, 0x4ef9, 0x36b9, 0x4ef9, 0x36b9, 0x36b9, 0x36b9,
    0x36b9, 0x3f39, 0x3294, 0x3f39, 0x36b9, 0x36b9, 0x36b9, 0x884, 0x1e2f, 0x36b9, 0x575c, 0x10ea,
    0x575c, 0x10ea, 0x3f39, 0x1e2f, 0x1e2f, 0x1d92, 0x198b, 0x3f39, 0x1e2f, 0x1e2f, 0x1e2f, 0x1e2f,
    0x1e2f, 0x1d92, 0x1e2f, 0x1e2f, 0x1527, 0x1e2f, 0x1e2f, 0x1e2f, 0x575c, 0x4ef9, 0x198b, 0x1e2f,
    0x1e2f, 0x3294, 0x1e2f, 0x1e2f, 0x575c, 0x1e2f, 0x1e2f, 0x1e2f, 0x1d92, 0x36b9, 0x36b9, 0x10ea,
    0x1e2f, 0x1e2f, 0x10ea, 0x36b9, 0x10ea, 0x36b9, 0x1527, 0x1e2f, 0x1e2f, 0x198b, 0x1e2f, 0x1e2f,
    0x1e2f, 0x1e2f, 0x1e2f, 0x1e2f, 0x1e2f, 0x1e2f, 0x1e2f, 0x1e2f, 0x1e2f, 0x1e2f, 0x1e2f, 0x1e2f,
    0x1e2f, 0x1e2f, 0x1e2f, 0x1e2f, 0x198b, 0x1e2f, 0x1e2f, 0x198b, 0x1e2f, 0x1e2f, 0x1e2f, 0x1e2f,
    0x1e2f, 0x1e2f, 0x1e2f, 0x3294, 0x3294, 0x1e2f, 0x1e2f, 0x1e2f, 0x3294, 0x1e2f, 0x1e2f, 0x198b,
    0x1e2f, 0x1e2f, 0x198b, 0x462f, 0x73bd, 0x575c, 0x4ef9, 0x10ea, 0x198b, 0x1e2f, 0x1e2f, 0x1e2f,
    0x1e2f, 0x1e2f, 0x1e2f, 0x1e2f, 0x1e2f, 0x884, 0x884, 0x1e2f, 0x1e2f, 0x884, 0x1e2f, 0x1e2f,
    0x198b, 0x1e2f, 0x1e2f, 0x1e2f, 0x1e2f, 0x1e2f, 0x198b, 0x1e2f, 0x884, 0x884, 0x1e2f, 0x1e2f,
    0x1527, 0x1e2f, 0x1e2f, 0x1d92, 0x884, 0x1e2f, 0x1e2f, 0x198b, 0x198b, 0x198b, 0x1527, 0x198b,
    0x1527, 0x1e2f, 0x1e2f, 0x1e2f, 0x1e2f, 0x1e2f, 0x3294, 0x1e2f, 0x1e2f, 0x1e2f, 0x1e2f, 0x3294,
    0x3294, 0x3294, 0x1e2f, 0x1e2f, 0x1e2f, 0x3294, 0x3294, 0x1e2f, 0x1e2f, 0x1e2f, 0x198b, 0x198b,
    0x198b, 0x198b, 0x198b, 0x1e2f, 0x198b, 0x198b, 0x198b, 0x198b, 0x198b, 0x198b, 0x1e2f, 0x1e2f,
    0x1e2f, 0x1527, 0x4f17, 0x1e2f, 0x1e2f, 0x1e2f, 0x1e2f, 0x3294, 0x3294, 0x198b, 0x3294, 0x1e2f,
    0x1e2f, 0x1e2f, 0x1e2f, 0x1e2f, 0x198b, 0x3294, 0x3294, 0x198b, 0x1e2f, 0x1e2f, 0x1e2f, 0x198b,
    0x1e2f, 0x1e2f, 0x1e2f, 0x1527, 0x1e2f, 0x1e2f, 0x1527, 0x3294, 0x1e2f, 0x198b, 0x1527, 0x1527,
    0x1527, 0x1527, 0x29ad, 0x29ad, 0x29ad, 0x3294, 0x10ea, 0x884, 0x1e2f, 0x1e2f, 0x2e2f, 0x2e2f,
    0x2e2f, 0x462f, 0x462f, 0x462f, 0x4ef9, 0x36b9, 0x36b9, 0x36b9, 0x36b9, 0x36b9, 0x36b9, 0x36b9,
    0x36b9, 0x198b, 0x2dd3, 0x3294, 0x3f39, 0x3f39, 0x3f39, 0x3f39, 0x1e2f, 0x3f39, 0x3294, 0x1e2f,
    0x1e2f, 0x884, 0x3294, 0x1e2f, 0x1527, 0x1e2f, 0x1e2f, 0x3f39, 0x1e2f, 0x1e2f, 0x1e2f, 0x3294,
    0x1e2f, 0x1e2f, 0x1e2f, 0x1e2f, 0x1e2f, 0x1e2f, 0x1e2f, 0x1e2f, 0x462f, 0x575c, 0x1d92, 0x575c,
    0x1527, 0x1e2f, 0x1e2f, 0x1e2f, 0x1e2f, 0x1e2f, 0x198b, 0x1e2f, 0x1527, 0x10ea, 0x884, 0x1e2f,
    0x1e2f, 0x1d92, 0x10ea, 0x36b9, 0x36b9, 0x1d92, 0x36b9, 0x1e2f, 0x1e2f, 0x1e2f, 0x1e2f, 0x1527,
    0x1e2f, 0x1e2f, 0x198b, 0x1e2f, 0x1e2f, 0x1e2f, 0x1e2f, 0x1e2f, 0x2e2f, 0x1e2f, 0x1e2f, 0x1e2f,
    0x1e2f, 0x1e2f, 0x1e2f, 0x1e2f, 0x1e2f, 0x1e2f, 0x1e2f, 0x1e2f, 0x73bd, 0x1e2f, 0x1e2f, 0x1e2f,
    0x1e2f, 0x1e2f, 0x4f17, 0x1e2f, 0x1e2f, 0x1e2f, 0x1e2f, 0x1e2f, 0x1527, 0x3f39, 0x73bd, 0x1e2f,
    0x1e2f, 0x1e2f, 0x198b, 0x73bd, 0x1e2f, 0x73bd, 0x884, 0x29ad, 0x1e2f, 0x1e2f, 0x1e2f, 0x1e2f,
    0x1e2f, 0x1e2f, 0x1e2f, 0x1e2f, 0x1e2f, 0x1e2f, 0x884, 0x1e2f, 0x1e2f, 0x1e2f, 0x1527, 0x1e2f,
    0x1e2f, 0x1e2f, 0x1e2f, 0x1e2f, 0x884, 0x1e2f, 0x1e2f, 0x198b, 0x1e2f, 0x1e2f, 0x884, 0x198b,
    0x1527, 0x1e2f, 0x1e2f, 0x1e2f, 0x1e2f, 0x198b, 0x198b, 0x198b, 0x1527, 0x1527, 0x198b, 0x198b,
    0x198b, 0x1e2f, 0x1e2f, 0x1e2f, 0x3294, 0x1e2f, 0x1e2f, 0x1e2f, 0x1e2f, 0x1e2f, 0x1e2f, 0x1e2f,
    0x1527, 0x1e2f, 0x198b, 0x1e2f, 0x1e2f, 0x3294, 0x1527, 0x198b, 0x1e2f, 0x1e2f, 0x1e2f, 0x198b,
    0x1527, 0x198b, 0x198b, 0x198b, 0x198b, 0x2e2f, 0x198b, 0x1e2f, 0x1e2f, 0x1e2f, 0x1e2f, 0x36b9,
    0x1e2f, 0x1e2f, 0x1e2f, 0x1e2f, 0x1e2f, 0x1e2f, 0x1e2f, 0x3294, 0x3294, 0x198b, 0x36b9, 0x1e2f,
    0x1e2f, 0x1e2f, 0x1e2f, 0x1e2f, 0x1527, 0x1527, 0x1e2f, 0x884, 0x1527, 0x1e2f, 0x884, 0x1e2f,
    0x1527, 0x198b, 0x1527, 0x1527, 0x884, 0x198b, 0x198b, 0x198b, 0x198b, 0x198b, 0x1e2f, 0x884,
    0x1e2f, 0x1e2f, 0x29ad, 0x2e2f, 0x462f, 0x3294, 0x36b9, 0x36b9, 0x3294, 0x3294, 0x2e2f, 0x4ef9,
    0x4ef9, 0x4ef9, 0x4eb5, 0x2e2f, 0x4ef9, 0x36b9, 0x36b9, 0x36b9, 0x36b9, 0x36b9, 0x36b9, 0x1d92,
    0x36b9, 0x36b9, 0x3f39, 0x3f39, 0x3f39, 0x3294, 0x1e2f, 0x1e2f, 0x198b, 0x3294, 0x3294, 0x1e2f,
    0x3294, 0x1527, 0x1e2f, 0x198b, 0x1e2f, 0x1e2f, 0x1e2f, 0x198b, 0x198b, 0x1e2f, 0x1e2f, 0x1e2f,
    0x3294, 0x1e2f, 0x1e2f, 0x1e2f, 0x1e2f, 0x1e2f, 0x3294, 0x198b, 0x575c, 0x462f, 0x36b9, 0x36b9,
    0x884, 0x3294, 0x1e2f, 0x198b, 0x1e2f, 0x1e2f, 0x1e2f, 0x1e2f, 0x1e2f, 0x1e2f, 0x1e2f, 0x1e2f,
    0x1e2f, 0x36b9, 0x36b9, 0x10ea, 0x1d92, 0x36b9, 0x884, 0x1e2f, 0x198b, 0x1e2f, 0x1e2f, 0x198b,
    0x1e2f, 0x198b, 0x1e2f, 0x1e2f, 0x1e2f, 0x1e2f, 0x1e2f, 0x1e2f, 0x1e2f, 0x884, 0x36b9, 0x36b9,
    0x1e2f, 0x1e2f, 0x1e2f, 0x1e2f, 0x1e2f, 0x1e2f, 0x1e2f, 0x1e2f, 0x1e2f, 0x1e2f, 0x73bd, 0x1e2f,
    0x1e2f, 0x1e2f, 0x1e2f, 0x1e2f, 0x1e2f, 0x1e2f, 0x198b, 0x3294, 0x1e2f, 0x1e2f, 0x1e2f, 0x1527,
    0x1527, 0x1e2f, 0x1e2f, 0x1e2f, 0x1e2f, 0x884, 0x1e2f, 0x1e2f, 0x884, 0x1e2f, 0x1e2f, 0x1e2f,
    0x198b, 0x198b, 0x2e2f, 0x462f, 0x1e2f, 0x198b, 0x198b, 0x884, 0x198b, 0x198b, 0x884, 0x198b,
    0x1e2f, 0x1e2f, 0x1e2f, 0x1e2f, 0x198b, 0x1e2f, 0x1e2f, 0x198b, 0x1e2f, 0x1e2f, 0x884, 0x884,
    0x198b, 0x1e2f, 0x198b, 0x1e2f, 0x1e2f, 0x198b, 0x198b, 0x1527, 0x1527, 0x1527, 0x1527, 0x198b,
    0x1e2f, 0x1e2f, 0x3294, 0x1e2f, 0x1e2f, 0x1e2f, 0x1e2f, 0x3294, 0x73bd, 0x1e2f, 0x1e2f, 0x198b,
    0x1e2f, 0x1527, 0x1e2f, 0x1e2f, 0x3294, 0x3294, 0x3294, 0x1e2f, 0x198b, 0x198b, 0x1e2f, 0x2e2f,
    0x198b, 0x198b, 0x1527, 0x198b, 0x198b, 0x1e2f, 0x1e2f, 0x198b, 0x198b, 0x1e2f, 0x1e2f, 0x1d92,
    0x3294, 0x1e2f, 0x1e2f, 0x1e2f, 0x1e2f, 0x36b9, 0x1e2f, 0x1e2f, 0x884, 0x1e2f, 0x1527, 0x198b,
    0x884, 0x198b, 0x1e2f, 0x1e2f, 0x1e2f, 0x198b, 0x198b, 0x198b, 0x1527, 0x1527, 0x1527, 0x1527,
    0x1527, 0x198b, 0x1527, 0x1527, 0x1e2f, 0x1527, 0x198b, 0x884, 0x198b, 0x1527, 0x198b, 0x1527,
    0x1e2f, 0x36b9, 0x198b, 0x575c, 0x575c, 0x3f39, 0x36b9, 0x3f39, 0x4ef9, 0x3f39, 0x36b9, 0x36b9,
    0x36b9, 0x4ef9, 0x36b9, 0x4ef9, 0x575c, 0x575c, 0x575c, 0x575c, 0x4ef9, 0x36b9, 0x36b9, 0x36b9,
    0x3f39, 0x10ea, 0x36b9, 0x36b9, 0x1e2f, 0x1e2f, 0x1e2f, 0x1e2f, 0x3294, 0x1e2f, 0x1e2f, 0x1e2f,
    0x1e2f, 0x198b, 0x1e2f, 0x198b, 0x10ea, 0x3294, 0x3294, 0x1e2f, 0x1e2f, 0x1e2f, 0x1e2f, 0x198b,
    0x1e2f, 0x198b, 0x1e2f, 0x1e2f, 0x1e2f, 0x1527, 0x1e2f, 0x1e2f, 0x198b, 0x575c, 0x73bd, 0x575c,
    0x575c, 0x73bd, 0x1e2f, 0x1527, 0x1e2f, 0x1527, 0x1e2f, 0x198b, 0x1e2f, 0x1e2f, 0x1e2f, 0x198b,
    0x1e2f, 0x1e2f, 0x36b9, 0x1d92, 0x36b9, 0x884, 0x1e2f, 0x1e2f, 0x1527, 0x1e2f, 0x1e2f, 0x1e2f,
    0x1e2f, 0x1e2f, 0x1e2f, 0x1e2f, 0x1e2f, 0x1e2f, 0x1e2f, 0x1e2f, 0x1e2f, 0x1e2f, 0x36b9, 0x36b9,
    0x1e2f, 0x1e2f, 0x1e2f, 0x1e2f, 0x1e2f, 0x1e2f, 0x1e2f, 0x1e2f, 0x1e2f, 0x1e2f, 0x1527, 0x1e2f,
    0x1e2f, 0x1e2f, 0x1e2f, 0x1e2f, 0x1e2f, 0x1e2f, 0x1e2f, 0x1e2f, 0x1527, 0x198b, 0x1e2f, 0x198b,
    0x1527, 0x198b, 0x1e2f, 0x198b, 0x198b, 0x198b, 0x1e2f, 0x1e2f, 0x1e2f, 0x1527, 0x1527, 0x1e2f,
    0x73bd, 0x3294, 0x29ad, 0x4eb5, 0x4eb5, 0x1e2f, 0x1e2f, 0x884, 0x198b, 0x198b, 0x884, 0x198b,
    0x198b, 0x198b, 0x198b, 0x198b, 0x198b, 0x198b, 0x198b, 0x198b, 0x198b, 0x198b, 0x198b, 0x1e2f,
    0x198b, 0x884, 0x198b, 0x198b, 0x1e2f, 0x884, 0x198b, 0x198b, 0x1527, 0x1527, 0x1527, 0x884,
    0x884, 0x73bd, 0x1e2f, 0x1e2f, 0x1e2f, 0x1e2f, 0x1e2f, 0x1e2f, 0x1e2f, 0x1e2f, 0x1e2f, 0x1e2f,
    0x1e2f, 0x1e2f, 0x1e2f, 0x1e2f, 0x3294, 0x3294, 0x3294, 0x1e2f, 0x884, 0x10ea, 0x3f39, 0x1e2f,
    0x1e2f, 0x1e2f, 0x198b, 0x1e2f, 0x1e2f, 0x1e2f, 0x1e2f, 0x1e2f, 0x884, 0x1e2f, 0x1e2f, 0x1e2f,
    0x1e2f, 0x1e2f, 0x1e2f, 0x1e2f, 0x1e2f, 0x36b9, 0x1d92, 0x1e2f, 0x198b, 0x884, 0x884, 0x1527,
    0x1e2f, 0x1e2f, 0x1e2f, 0x1e2f, 0x1e2f, 0x198b, 0x198b, 0x198b, 0x198b, 0x1527, 0x1527, 0x1527,
    0x1527, 0x1527, 0x1527, 0x1527, 0x1527, 0x1e2f, 0x2e2f, 0x198b, 0x2e2f, 0x10ea, 0x4eb5, 0x462f,
    0x4eb5, 0x36b9, 0x36b9, 0x36b9, 0x36b9, 0x36b9, 0x36b9, 0x36b9, 0x1d92, 0x2dd3, 0x36b9, 0x36b9,
    0x36b9, 0x4ef9, 0x4ef9, 0x36b9, 0x2dd3, 0x10ea, 0x2e2f, 0x4eb5, 0x4eb5, 0x4ef9, 0x575c, 0x36b9,
    0x2dd3, 0x3294, 0x3f39, 0x3294, 0x3294, 0x3294, 0x198b, 0x575c, 0x3294, 0x6f57, 0x575c, 0x1e2f,
    0x1e2f, 0x1e2f, 0x3294, 0x198b, 0x3294, 0x884, 0x1e2f, 0x1e2f, 0x1e2f, 0x1e2f, 0x1e2f, 0x1527,
    0x1e2f, 0x884, 0x1e2f, 0x1e2f, 0x884, 0x884, 0x1e2f, 0x1e2f, 0x198b, 0x10ea, 0x575c, 0x575c,
    0x1527, 0x884, 0x1e2f, 0x198b, 0x1e2f, 0x198b, 0x1e2f, 0x1e2f, 0x1e2f, 0x1e2f, 0x1e2f, 0x1e2f,
    0x1e2f, 0x1e2f, 0x1e2f, 0x10ea, 0x1e2f, 0x1e2f, 0x1e2f, 0x198b, 0x1527, 0x1e2f, 0x1e2f, 0x1e2f,
    0x1e2f, 0x1e2f, 0x1e2f, 0x1e2f, 0x1e2f, 0x1e2f, 0x3294, 0x1e2f, 0x1e2f, 0x1e2f, 0x1e2f, 0x1e2f,
    0x1e2f, 0x1e2f, 0x1e2f, 0x198b, 0x36b9, 0x1e2f, 0x1e2f, 0x1e2f, 0x1e2f, 0x1e2f, 0x198b, 0x1e2f,
    0x1e2f, 0x1e2f, 0x1e2f, 0x884, 0x1527, 0x1e2f, 0x1527, 0x1527, 0x1e2f, 0x1527, 0x198b, 0x1e2f,
    0x1e2f, 0x1527, 0x1527, 0x1e2f, 0x884, 0x198b, 0x198b, 0x1e2f, 0x1e2f, 0x198b, 0x73bd, 0x3294,
    0x36b9, 0x1d92, 0x29ad, 0x29ad, 0x1e2f, 0x198b, 0x884, 0x198b, 0x1e2f, 0x198b, 0x884, 0x198b,
    0x198b, 0x198b, 0x884, 0x198b, 0x1527, 0x198b, 0x1527, 0x198b, 0x1527, 0x198b, 0x198b, 0x198b,
    0x198b, 0x198b, 0x198b, 0x1527, 0x884, 0x884, 0x1527, 0x884, 0x1527, 0x1527, 0x1527, 0x884,
    0x1527, 0x1e2f, 0x1e2f, 0x1e2f, 0x1e2f, 0x1e2f, 0x1e2f, 0x1e2f, 0x1e2f, 0x1e2f, 0x1e2f, 0x575c,
    0x1e2f, 0x1e2f, 0x1e2f, 0x1e2f, 0x1e2f, 0x3294, 0x1e2f, 0x1e2f, 0x198b, 0x1e2f, 0x1e2f, 0x1e2f,
    0x3294, 0x1527, 0x10ea, 0x36b9, 0x1527, 0x1e2f, 0x1e2f, 0x1e2f, 0x884, 0x1e2f, 0x1e2f, 0x1e2f,
    0x1e2f, 0x1e2f, 0x1e2f, 0x1527, 0x1e2f, 0x1e2f, 0x36b9, 0x1e2f, 0x1e2f, 0x1e2f, 0x884, 0x884,
    0x1527, 0x198b, 0x1e2f, 0x1e2f, 0x3294, 0x1527, 0x1527, 0x1527, 0x1527, 0x1527, 0x1527, 0x1527,
    0x1527, 0x1527, 0x884, 0x884, 0x884, 0x198b, 0x1e2f, 0x4eb5, 0x4eb5, 0x462f, 0x2e2f, 0x2dd3,
    0x36b9, 0x36b9, 0x36b9, 0x36b9, 0x36b9, 0x36b9, 0x36b9, 0x36b9, 0x36b9, 0x36b9, 0x36b9, 0x36b9,
    0x36b9, 0x4ef9, 0x198b, 0x3294, 0x3294, 0x4eb5, 0x4ef9, 0x4ef9, 0x4ef9, 0x4ef9, 0x884, 0x36b9,
    0x3f39, 0x1d92, 0x198b, 0x10ea, 0x1e2f, 0x73bd, 0x575c, 0x575c, 0x1d92, 0x4ef9, 0x2dd3, 0x4ef9,
    0x1527, 0x1e2f, 0x3294, 0x1e2f, 0x1e2f, 0x1e2f, 0x1e2f, 0x1e2f, 0x1e2f, 0x198b, 0x1e2f, 0x1e2f,
    0x1e2f, 0x884, 0x1e2f, 0x1e2f, 0x1527, 0x884, 0x1e2f, 0x1e2f, 0x1e2f, 0x198b, 0x1527, 0x1527,
    0x1e2f, 0x198b, 0x1e2f, 0x1e2f, 0x1e2f, 0x1e2f, 0x1e2f, 0x1e2f, 0x1e2f, 0x1527, 0x1e2f, 0x1e2f,
    0x198b, 0x884, 0x1e2f, 0x1e2f, 0x884, 0x1e2f, 0x1527, 0x1e2f, 0x1e2f, 0x1e2f, 0x1e2f, 0x198b,
    0x1e2f, 0x1e2f, 0x1e2f, 0x1e2f, 0x1e2f, 0x1e2f, 0x1e2f, 0x1e2f, 0x1e2f, 0x1e2f, 0x198b, 0x1e2f,
    0x198b, 0x1e2f, 0x1e2f, 0x1d92, 0x36b9, 0x1e2f, 0x1e2f, 0x198b, 0x1e2f, 0x1e2f, 0x1e2f, 0x1e2f,
    0x1527, 0x1e2f, 0x884, 0x1e2f, 0x198b, 0x198b, 0x1527, 0x1e2f, 0x2e2f, 0x1e2f, 0x1e2f, 0x1e2f,
    0x1e2f, 0x1e2f, 0x1527, 0x1527, 0x1527, 0x1527, 0x1e2f, 0x1e2f, 0x10ea, 0x73bd, 0x575c, 0x1d92,
    0x1d92, 0x73bd, 0x884, 0x1527, 0x1527, 0x198b, 0x198b, 0x1527, 0x198b, 0x1e2f, 0x1527, 0x198b,
    0x1527, 0x3294, 0x884, 0x1527, 0x884, 0x1e2f, 0x1527, 0x1527, 0x1527, 0x198b, 0x3294, 0x884,
    0x1e2f, 0x198b, 0x1e2f, 0x1527, 0x884, 0x1527, 0x1527, 0x1e2f, 0x884, 0x1527, 0x1527, 0x884,
    0x1527, 0x1e2f, 0x1e2f, 0x198b, 0x4f17, 0x1527, 0x73bd, 0x1e2f, 0x1e2f, 0x1e2f, 0x1e2f, 0x1e2f,
    0x1e2f, 0x1e2f, 0x198b, 0x1e2f, 0x1e2f, 0x198b, 0x198b, 0x1527, 0x1e2f, 0x1e2f, 0x1e2f, 0x1e2f,
    0x1e2f, 0x1e2f, 0x1d92, 0x36b9, 0x1d92, 0x198b, 0x1e2f, 0x198b, 0x884, 0x198b, 0x1e2f, 0x198b,
    0x1d92, 0x1e2f, 0x1e2f, 0x198b, 0x1e2f, 0x198b, 0x1e2f, 0x1e2f, 0x1527, 0x1527, 0x1e2f, 0x1527,
    0x884, 0x198b, 0x884, 0x1e2f, 0x1e2f, 0x1527, 0x1527, 0x1527, 0x1527, 0x884, 0x884, 0x198b,
    0x29ad, 0x29ad, 0x884, 0x884, 0x1527, 0x1e2f, 0x29ad, 0x29ad, 0x29ad, 0x2dd3, 0x2dd3, 0x3294,
    0x3294, 0x2dd3, 0x575c, 0x36b9, 0x36b9, 0x36b9, 0x3f39, 0x36b9, 0x36b9, 0x36b9, 0x36b9, 0x36b9,
    0x36b9, 0x36b9, 0x4ef9, 0x4ef9, 0x36b9, 0x198b, 0x29ad, 0x575c, 0x3f39, 0x29ad, 0x575c, 0x3f39,
    0x36b9, 0x2dd3, 0x198b, 0x1e2f, 0x1e2f, 0x2dd3, 0x1d92, 0x36b9, 0x36b9, 0x884, 0x3294, 0x884,
    0x1e2f, 0x198b, 0x1e2f, 0x1e2f, 0x198b, 0x884, 0x198b, 0x1e2f, 0x1e2f, 0x884, 0x10ea, 0x3294,
    0x575c, 0x1527, 0x198b, 0x198b, 0x1527, 0x1527, 0x1e2f, 0x1e2f, 0x884, 0x1e2f, 0x1e2f, 0x1e2f,
    0x1e2f, 0x198b, 0x198b, 0x1e2f, 0x1e2f, 0x1e2f, 0x1e2f, 0x1e2f, 0x1527, 0x1e2f, 0x1e2f, 0x884,
    0x1e2f, 0x1e2f, 0x1e2f, 0x198b, 0x1527, 0x1e2f, 0x1e2f, 0x884, 0x1e2f, 0x10ea, 0x1d92, 0x36b9,
    0x36b9, 0x1e2f, 0x1e2f, 0x1e2f, 0x1e2f, 0x1e2f, 0x1e2f, 0x198b, 0x73bd, 0x1e2f, 0x1527, 0x198b,
    0x1e2f, 0x1e2f, 0x1e2f, 0x1e2f, 0x3294, 0x1e2f, 0x1e2f, 0x1e2f, 0x1e2f, 0x1e2f, 0x1e2f, 0x1e2f,
    0x1e2f, 0x1e2f, 0x1e2f, 0x1e2f, 0x1e2f, 0x1e2f, 0x1e2f, 0x1e2f, 0x198b, 0x1e2f, 0x1e2f, 0x1527,
    0x1e2f, 0x2e2f, 0x1527, 0x1e2f, 0x1e2f, 0x1527, 0x884, 0x1e2f, 0x1e2f, 0x884, 0x575c, 0x4f17,
    0x4ef9, 0x10ea, 0x73bd, 0x198b, 0x198b, 0x198b, 0x198b, 0x198b, 0x884, 0x1e2f, 0x198b, 0x198b,
    0x1527, 0x1527, 0x884, 0x1527, 0x884, 0x884, 0x884, 0x1527, 0x1527, 0x1527, 0x884, 0x1527,
    0x29ad, 0x1527, 0x1527, 0x884, 0x884, 0x198b, 0x884, 0x198b, 0x884, 0x884, 0x1527, 0x1527,
    0x1527, 0x1e2f, 0x1e2f, 0x1e2f, 0x1e2f, 0x1527, 0x198b, 0x1527, 0x1e2f, 0x198b, 0x1e2f, 0x3f39,
    0x1e2f, 0x1527, 0x198b, 0x1527, 0x198b, 0x198b, 0x1e2f, 0x36b9, 0x1d92, 0x198b, 0x1e2f, 0x198b,
    0x1e2f, 0x1e2f, 0x1d92, 0x10ea, 0x1e2f, 0x1e2f, 0x1e2f, 0x1527, 0x198b, 0x884, 0x36b9, 0x884,
    0x1527, 0x1e2f, 0x1e2f, 0x1e2f, 0x1e2f, 0x1527, 0x1e2f, 0x884, 0x198b, 0x1527, 0x1e2f, 0x884,
    0x1e2f, 0x884, 0x198b, 0x1527, 0x198b, 0x1527, 0x1e2f, 0x462f, 0x2e2f, 0x2dd3, 0x2dd3, 0x2e2f,
    0x2dd3, 0x198b, 0x36b9, 0x3f39, 0x4ef9, 0x2dd3, 0x2dd3, 0x4ef9, 0x4ef9, 0x4ef9, 0x4ef9, 0x575c,
    0x3294, 0x4eb5, 0x575c, 0x575c, 0x4ef9, 0x4ef9, 0x10ea, 0x36b9, 0x4ef9, 0x4ef9, 0x36b9, 0x3f39,
    0x36b9, 0x36b9, 0x36b9, 0x1d92, 0x36b9, 0x36b9, 0x3294, 0x3f39, 0x3294, 0x575c, 0x3f39, 0x884,
    0x3294, 0x884, 0x1e2f, 0x36b9, 0x73bd, 0x575c, 0x3294, 0x10ea, 0x4ef9, 0x4f17, 0x4f17, 0x1e2f,
    0x1e2f, 0x1e2f, 0x884, 0x1e2f, 0x884, 0x198b, 0x198b, 0x1e2f, 0x29ad, 0x575c, 0x575c, 0x1d92,
    0x2dd3, 0x4ef9, 0x4eb5, 0x884, 0x884, 0x198b, 0x1e2f, 0x1e2f, 0x884, 0x3294, 0x1527, 0x1e2f,
    0x198b, 0x1527, 0x1527, 0x1e2f, 0x884, 0x36b9, 0x198b, 0x884, 0x1e2f, 0x1527, 0x884, 0x1e2f,
    0x1e2f, 0x1e2f, 0x1e2f, 0x1e2f, 0x1e2f, 0x1e2f, 0x1e2f, 0x1e2f, 0x198b, 0x1e2f, 0x36b9, 0x1d92,
    0x36b9, 0x3294, 0x1e2f, 0x1e2f, 0x1e2f, 0x1e2f, 0x1e2f, 0x1e2f, 0x1e2f, 0x198b, 0x198b, 0x1e2f,
    0x1e2f, 0x1e2f, 0x1e2f, 0x1527, 0x1e2f, 0x1e2f, 0x3294, 0x3294, 0x1e2f, 0x1e2f, 0x1e2f, 0x884,
    0x1e2f, 0x1e2f, 0x1e2f, 0x1e2f, 0x198b, 0x1e2f, 0x1e2f, 0x1e2f, 0x1e2f, 0x198b, 0x1e2f, 0x1e2f,
    0x198b, 0x3294, 0x3294, 0x1e2f, 0x1e2f, 0x198b, 0x884, 0x884, 0x1e2f, 0x73bd, 0x884, 0x73bd,
    0x884, 0x884, 0x884, 0x198b, 0x1527, 0x1527, 0x1527, 0x1527, 0x884, 0x198b, 0x198b, 0x884,
    0x198b, 0x1527, 0x198b, 0x1527, 0x884, 0x1e2f, 0x884, 0x884, 0x1e2f, 0x1527, 0x1527, 0x198b,
    0x1527, 0x1527, 0x1527, 0x884, 0x884, 0x1e2f, 0x1527, 0x1527, 0x198b, 0x1e2f, 0x3294, 0x1527,
    0x1527, 0x1527, 0x3294, 0x884, 0x1527, 0x1527, 0x198b, 0x1527, 0x198b, 0x198b, 0x1e2f, 0x198b,
    0x1e2f, 0x198b, 0x1527, 0x1527, 0x1e2f, 0x198b, 0x1e2f, 0x198b, 0x10ea, 0x1d92, 0x1e2f, 0x1527,
    0x1527, 0x1e2f, 0x1e2f, 0x884, 0x1e2f, 0x1e2f, 0x198b, 0x1e2f, 0x1527, 0x884, 0x198b, 0x1e2f,
    0x1e2f, 0x1e2f, 0x198b, 0x198b, 0x884, 0x1527, 0x884, 0x1e2f, 0x198b, 0x1527, 0x198b, 0x884,
    0x884, 0x1527, 0x1527, 0x884, 0x29ad, 0x29ad, 0x29ad, 0x2e2f, 0x29ad, 0x2dd3, 0x29ad, 0x2dd3,
    0x198b, 0x2dd3, 0x884, 0x2dd3, 0x36b9, 0x4ef9, 0x4ef9, 0x575c, 0x4ef9, 0x4ef9, 0x4ef9, 0x4ef9,
    0x4ef9, 0x3294, 0x4ef9, 0x4ef9, 0x4ef9, 0x4ef9, 0x36b9, 0x36b9, 0x2dd3, 0x36b9, 0x4ef9, 0x4ef9,
    0x36b9, 0x36b9, 0x36b9, 0x36b9, 0x36b9, 0x36b9, 0x29ad, 0x1e2f, 0x3f39, 0x3294, 0x3f39, 0x198b,
    0x3294, 0x1e2f, 0x1e2f, 0x1527, 0x1e2f, 0x2e2f, 0x4ef9, 0x575c, 0x10ea, 0x3294, 0x1e2f, 0x198b,
    0x198b, 0x198b, 0x884, 0x1e2f, 0x884, 0x198b, 0x1527, 0x198b, 0x4eb5, 0x2dd3, 0x1d92, 0x1d92,
    0x36b9, 0x10ea, 0x1527, 0x884, 0x198b, 0x884, 0x198b, 0x1527, 0x1e2f, 0x1e2f, 0x1527, 0x1527,
    0x1527, 0x1527, 0x198b, 0x36b9, 0x1d92, 0x36b9, 0x36b9, 0x884, 0x1e2f, 0x198b, 0x884, 0x198b,
    0x1e2f, 0x1e2f, 0x1e2f, 0x1e2f, 0x1e2f, 0x1527, 0x1527, 0x1e2f, 0x198b, 0x1e2f, 0x198b, 0x1d92,
    0x10ea, 0x10ea, 0x1e2f, 0x1527, 0x1e2f, 0x1e2f, 0x1e2f, 0x1e2f, 0x1e2f, 0x1e2f, 0x198b, 0x198b,
    0x198b, 0x1e2f, 0x1e2f, 0x1e2f, 0x1e2f, 0x1e2f, 0x1527, 0x198b, 0x1e2f, 0x198b, 0x1e2f, 0x198b,
    0x198b, 0x1e2f, 0x1e2f, 0x1e2f, 0x1527, 0x1e2f, 0x1527, 0x198b, 0x1527, 0x1527, 0x1e2f, 0x1e2f,
    0x884, 0x1e2f, 0x1e2f, 0x1527, 0x1527, 0x1e2f, 0x198b, 0x1e2f, 0x884, 0x198b, 0x884, 0x1527,
    0x1527, 0x1527, 0x884, 0x1e2f, 0x198b, 0x884, 0x884, 0x198b, 0x884, 0x1527, 0x884, 0x1527,
    0x1527, 0x1527, 0x1527, 0x198b, 0x1e2f, 0x3294, 0x1527, 0x1527, 0x198b, 0x1e2f, 0x884, 0x884,
    0x198b, 0x1527, 0x1527, 0x1527, 0x884, 0x198b, 0x1527, 0x884, 0x198b, 0x198b, 0x1527, 0x2e2f,
    0x884, 0x1527, 0x1527, 0x1527, 0x1527, 0x1527, 0x198b, 0x198b, 0x1527, 0x1527, 0x1e2f, 0x198b,
    0x884, 0x1e2f, 0x1527, 0x1527, 0x36b9, 0x1e2f, 0x198b, 0x198b, 0x1527, 0x1527, 0x198b, 0x1527,
    0x1527, 0x1527, 0x1e2f, 0x1e2f, 0x1e2f, 0x884, 0x198b, 0x198b, 0x884, 0x1527, 0x1527, 0x1e2f,
    0x198b, 0x1e2f, 0x1e2f, 0x198b, 0x884, 0x198b, 0x1527, 0x1527, 0x884, 0x884, 0x1527, 0x1527,
    0x1527, 0x1527, 0x1527, 0x198b, 0x198b, 0x884, 0x29ad, 0x29ad, 0x29ad, 0x29ad, 0x2dd3, 0x2dd3,
    0x2dd3, 0x2dd3, 0x29ad, 0x2dd3, 0x2dd3, 0x2dd3, 0x1e2f, 0x1e2f, 0x2dd3, 0x2dd3, 0x2dd3, 0x2dd3,
    0x2dd3, 0x36b9, 0x36b9, 0x575c, 0x575c, 0x36b9, 0x36b9, 0x36b9, 0x2dd3, 0x3294, 0x36b9, 0x36b9,
    0x36b9, 0x36b9, 0x36b9, 0x36b9, 0x36b9, 0x36b9, 0x36b9, 0x36b9, 0x10ea, 0x3294, 0x1e2f, 0x3294,
    0x3294, 0x1e2f, 0x198b, 0x884, 0x1e2f, 0x73bd, 0x198b, 0x73bd, 0x1e2f, 0x1e2f, 0x884, 0x198b,
    0x198b, 0x198b, 0x198b, 0x198b, 0x1527, 0x198b, 0x1527, 0x1527, 0x575c, 0x4eb5, 0x3294, 0x575c,
    0x462f, 0x6716, 0x1527, 0x884, 0x1527, 0x884, 0x1527, 0x884, 0x1527, 0x1527, 0x1527, 0x1527,
    0x1527, 0x1527, 0x198b, 0x10ea, 0x36b9, 0x1d92, 0x1d92, 0x198b, 0x198b, 0x198b, 0x1527, 0x198b,
    0x1527, 0x884, 0x198b, 0x198b, 0x1527, 0x884, 0x1527, 0x198b, 0x1e2f, 0x1e2f, 0x198b, 0x1527,
    0x1e2f, 0x1e2f, 0x1527, 0x1e2f, 0x1e2f, 0x198b, 0x1e2f, 0x1e2f, 0x1e2f, 0x1527, 0x198b, 0x1527,
    0x1e2f, 0x1e2f, 0x1e2f, 0x1e2f, 0x1e2f, 0x1e2f, 0x1e2f, 0x1e2f, 0x1e2f, 0x1e2f, 0x1527, 0x198b,
    0x1527, 0x1e2f, 0x1527, 0x1e2f, 0x198b, 0x1e2f, 0x884, 0x1e2f, 0x1e2f, 0x1e2f, 0x1e2f, 0x1527,
    0x1e2f, 0x198b, 0x1e2f, 0x884, 0x884, 0x198b, 0x1e2f, 0x884, 0x884, 0x1527, 0x198b, 0x198b,
    0x198b, 0x1527, 0x1527, 0x884, 0x198b, 0x1527, 0x198b, 0x884, 0x1527, 0x884, 0x884, 0x1527,
    0x1527, 0x1527, 0x1527, 0x1527, 0x1e2f, 0x884, 0x1527, 0x1527, 0x198b, 0x2e2f, 0x1527, 0x198b,
    0x1527, 0x1527, 0x1527, 0x1e2f, 0x1527, 0x884, 0x1527, 0x1527, 0x1e2f, 0x884, 0x884, 0x1e2f,
    0x1e2f, 0x1527, 0x198b, 0x1527, 0x1527, 0x1527, 0x1527, 0x198b, 0x198b, 0x36b9, 0x1e2f, 0x1527,
    0x884, 0x1e2f, 0x198b, 0x198b, 0x1e2f, 0x198b, 0x1e2f, 0x1e2f, 0x2dd3, 0x884, 0x1527, 0x1527,
    0x1e2f, 0x884, 0x1e2f, 0x1527, 0x1527, 0x884, 0x198b, 0x198b, 0x198b, 0x884, 0x884, 0x198b,
    0x1527, 0x1527, 0x198b, 0x1527, 0x884, 0x1527, 0x884, 0x884, 0x884, 0x1527, 0x884, 0x884,
    0x884, 0x884, 0x884, 0x29ad, 0x29ad, 0x29ad, 0x29ad, 0x29ad, 0x29ad, 0x2dd3, 0x2dd3, 0x3294,
    0x4eb5, 0x2dd3, 0x198b, 0x2dd3, 0x2dd3, 0x2dd3, 0x2dd3, 0x198b, 0x3f39, 0x36b9, 0x36b9, 0x4ef9,
    0x4ef9, 0x3f39, 0x4ef9, 0x575c, 0x4ef9, 0x4ef9, 0x36b9, 0x36b9, 0x36b9, 0x36b9, 0x36b9, 0x36b9,
    0x36b9, 0x4ef9, 0x4ef9, 0x4ef9, 0x198b, 0x2dd3, 0x198b, 0x1e2f, 0x3294, 0x1e2f, 0x1527, 0x3294,
    0x1e2f, 0x1e2f, 0x198b, 0x1e2f, 0x1e2f, 0x1e2f, 0x198b, 0x1e2f, 0x198b, 0x1527, 0x198b, 0x1527,
    0x198b, 0x198b, 0x884, 0x884, 0x1527, 0x198b, 0x1527, 0x198b, 0x1527, 0x4eb5, 0x4f17, 0x884,
    0x884, 0x884, 0x1527, 0x884, 0x1527, 0x884, 0x1527, 0x198b, 0x1e2f, 0x1527, 0x1527, 0x884,
    0x1527, 0x1527, 0x198b, 0x36b9, 0x36b9, 0x198b, 0x1527, 0x1527, 0x1527, 0x198b, 0x198b, 0x1e2f,
    0x198b, 0x884, 0x1e2f, 0x884, 0x3294, 0x198b, 0x1527, 0x1527, 0x198b, 0x1e2f, 0x884, 0x1527,
    0x198b, 0x198b, 0x198b, 0x1527, 0x1e2f, 0x1e2f, 0x1e2f, 0x1e2f, 0x1e2f, 0x1e2f, 0x1e2f, 0x1e2f,
    0x1e2f, 0x1e2f, 0x1e2f, 0x1e2f, 0x1527, 0x1e2f, 0x1e2f, 0x1527, 0x1527, 0x1e2f, 0x1527, 0x1e2f,
    0x1527, 0x2e2f, 0x198b, 0x198b, 0x198b, 0x1e2f, 0x1e2f, 0x1e2f, 0x884, 0x1e2f, 0x1e2f, 0x1e2f,
    0x1e2f, 0x884, 0x3294, 0x1e2f, 0x1e2f, 0x1527, 0x884, 0x884, 0x1527, 0x1e2f, 0x884, 0x884,
    0x198b, 0x198b, 0x198b, 0x884, 0x1527, 0x1527, 0x1527, 0x1527, 0x884, 0x884, 0x884, 0x1527,
    0x1527, 0x1527, 0x1527, 0x1527, 0x884, 0x884, 0x1527, 0x1527, 0x1527, 0x1527, 0x884, 0x1527,
    0x884, 0x1527, 0x1527, 0x884, 0x1527, 0x884, 0x884, 0x198b, 0x1527, 0x1527, 0x1527, 0x884,
    0x198b, 0x1e2f, 0x1e2f, 0x1e2f, 0x1e2f, 0x198b, 0x1e2f, 0x1527, 0x198b, 0x884, 0x1e2f, 0x1527,
    0x1527, 0x884, 0x884, 0x198b, 0x1527, 0x198b, 0x198b, 0x1527, 0x198b, 0x10ea, 0x198b, 0x1527,
    0x1e2f, 0x1e2f, 0x198b, 0x1527, 0x884, 0x884, 0x884, 0x1e2f, 0x1527, 0x1527, 0x1527, 0x884,
    0x1527, 0x1527, 0x1527, 0x198b, 0x884, 0x884, 0x884, 0x29ad, 0x2e2f, 0x29ad, 0x29ad, 0x29ad,
    0x884, 0x3294, 0x2dd3, 0x29ad, 0x198b, 0x29ad, 0x4ef9, 0x4ef9, 0x198b, 0x2dd3, 0x29ad, 0x4ef9,
    0x575c, 0x10ea, 0x3294, 0x3294, 0x3294, 0x3294, 0x3294, 0x36b9, 0x36b9, 0x3294, 0x3294, 0x3f39,
    0x3294, 0x3294, 0x3294, 0x36b9, 0x3294, 0x10ea, 0x575c, 0x4ef9, 0x4ef9, 0x4ef9, 0x4ef9, 0x4ef9,
    0x4ef9, 0x36b9, 0x198b, 0x1d92, 0x36b9, 0x3294, 0x3294, 0x3294, 0x1e2f, 0x884, 0x1e2f, 0x884,
    0x1e2f, 0x198b, 0x1e2f, 0x1527, 0x1527, 0x1e2f, 0x198b, 0x1527, 0x3294, 0x1e2f, 0x1e2f, 0x884,
    0x575c, 0x1e2f, 0x198b, 0x1527, 0x1527, 0x198b, 0x884, 0x198b, 0x198b, 0x884, 0x198b, 0x884,
    0x198b, 0x1527, 0x1527, 0x1527, 0x1527, 0x1527, 0x884, 0x1e2f, 0x1527, 0x1527, 0x884, 0x884,
    0x1527, 0x1527, 0x1527, 0x198b, 0x198b, 0x1527, 0x1527, 0x1527, 0x884, 0x1527, 0x1e2f, 0x1e2f,
    0x1527, 0x1e2f, 0x1527, 0x198b, 0x198b, 0x1527, 0x1527, 0x1527, 0x1527, 0x884, 0x198b, 0x1527,
    0x1527, 0x198b, 0x1527, 0x1e2f, 0x1e2f, 0x1e2f, 0x1e2f, 0x198b, 0x1e2f, 0x1e2f, 0x1e2f, 0x1e2f,
    0x29ad, 0x1e2f, 0x1e2f, 0x1e2f, 0x1e2f, 0x1527, 0x1e2f, 0x1e2f, 0x1e2f, 0x1e2f, 0x198b, 0x198b,
    0x884, 0x1527, 0x198b, 0x1527, 0x1527, 0x1e2f, 0x884, 0x36b9, 0x1e2f, 0x1e2f, 0x1e2f, 0x1e2f,
    0x1e2f, 0x1e2f, 0x884, 0x1527, 0x1527, 0x1527, 0x1e2f, 0x884, 0x1e2f, 0x884, 0x1e2f, 0x884,
    0x1527, 0x1527, 0x198b, 0x1527, 0x884, 0x1527, 0x1527, 0x1527, 0x1527, 0x1527, 0x884, 0x884,
    0x1527, 0x884, 0x1527, 0x1527, 0x884, 0x884, 0x1527, 0x884, 0x198b, 0x884, 0x1e2f, 0x884,
    0x884, 0x1527, 0x884, 0x884, 0x1527, 0x1527, 0x884, 0x198b, 0x1e2f, 0x198b, 0x884, 0x198b,
    0x884, 0x1e2f, 0x198b, 0x3f39, 0x1e2f, 0x1e2f, 0x1527, 0x1527, 0x884, 0x1527, 0x1527, 0x1527,
    0x1527, 0x198b, 0x884, 0x198b, 0x1e2f, 0x1527, 0x1e2f, 0x198b, 0x198b, 0x1e2f, 0x884, 0x1527,
    0x1e2f, 0x1527, 0x884, 0x198b, 0x198b, 0x884, 0x198b, 0x884, 0x1527, 0x1527, 0x884, 0x1527,
    0x884, 0x1527, 0x1527, 0x1527, 0x1527, 0x198b, 0x2e2f, 0x2e2f, 0x29ad, 0x29ad, 0x10ea, 0x2e2f,
    0x10ea, 0x2e2f, 0x2e2f, 0x2dd3, 0x2dd3, 0x3294, 0x2e2f, 0x2dd3, 0x10ea, 0x2e2f, 0x884, 0x2e2f,
    0x462f, 0x2e2f, 0x29ad, 0x3294, 0x3294, 0x3294, 0x10ea, 0x36b9, 0x36b9, 0x29ad, 0x36b9, 0x3294,
    0x3294, 0x3294, 0x3294, 0x3294, 0x3294, 0x2dd3, 0x3294, 0x36b9, 0x4ef9, 0x4eb5, 0x2dd3, 0x3294,
    0x4eb5, 0x3294, 0x198b, 0x10ea, 0x2dd3, 0x2dd3, 0x1e2f, 0x1e2f, 0x884, 0x1e2f, 0x1e2f, 0x1e2f,
    0x1527, 0x1e2f, 0x198b, 0x1527, 0x1e2f, 0x1e2f, 0x3294, 0x198b, 0x884, 0x1527, 0x884, 0x1e2f,
    0x884, 0x1527, 0x884, 0x4f17, 0x1527, 0x1527, 0x884, 0x1527, 0x1527, 0x198b, 0x1527, 0x884,
    0x1527, 0x1527, 0x1527, 0x884, 0x1527, 0x1527, 0x884, 0x884, 0x1527, 0x1527, 0x1527, 0x884,
    0x1527, 0x1527, 0x1527, 0x1527, 0x1527, 0x884, 0x1527, 0x884, 0x1527, 0x1527, 0x884, 0x198b,
    0x1527, 0x1527, 0x198b, 0x198b, 0x884, 0x1527, 0x1527, 0x1527, 0x1527, 0x198b, 0x198b, 0x1527,
    0x1e2f, 0x198b, 0x198b, 0x198b, 0x1e2f, 0x1e2f, 0x1e2f, 0x198b, 0x1e2f, 0x1e2f, 0x1e2f, 0x1e2f,
    0x1e2f, 0x1e2f, 0x1e2f, 0x1e2f, 0x198b, 0x1e2f, 0x884, 0x1527, 0x1e2f, 0x1e2f, 0x198b, 0x198b,
    0x884, 0x198b, 0x1e2f, 0x198b, 0x198b, 0x198b, 0x1e2f, 0x1e2f, 0x1e2f, 0x198b, 0x1e2f, 0x884,
    0x1527, 0x1527, 0x884, 0x1527, 0x1e2f, 0x1527, 0x198b, 0x1e2f, 0x1e2f, 0x1e2f, 0x884, 0x198b,
    0x1527, 0x1527, 0x884, 0x198b, 0x198b, 0x1527, 0x884, 0x884, 0x1527, 0x1527, 0x884, 0x1527,
    0x1527, 0x1527, 0x1527, 0x884, 0x1527, 0x884, 0x1527, 0x1527, 0x1527, 0x1527, 0x884, 0x1e2f,
    0x884, 0x1527, 0x884, 0x884, 0x1527, 0x1527, 0x1527, 0x198b, 0x1e2f, 0x198b, 0x884, 0x1527,
    0x198b, 0x198b, 0x1e2f, 0x198b, 0x198b, 0x198b, 0x198b, 0x198b, 0x1527, 0x884, 0x1527, 0x1527,
    0x1e2f, 0x198b, 0x198b, 0x1e2f, 0x1527, 0x198b, 0x884, 0x1527, 0x198b, 0x198b, 0x1527, 0x1527,
    0x1e2f, 0x884, 0x198b, 0x1527, 0x198b, 0x884, 0x1527, 0x1527, 0x198b, 0x1527, 0x1527, 0x1527,
    0x884, 0x198b, 0x198b, 0x884, 0x1527, 0x462f, 0x462f, 0x4eb5, 0x462f, 0x1527, 0x29ad, 0x2e2f,
    0x2e2f, 0x884, 0x2e2f, 0x2e2f, 0x2e2f, 0x2dd3, 0x3294, 0x2dd3, 0x2e2f, 0x2e2f, 0x2e2f, 0x2dd3,
    0x3294, 0x3294, 0x3294, 0x3294, 0x3294, 0x3294, 0x3294, 0x2dd3, 0x4eb5, 0x2dd3, 0x10ea, 0x3294,
    0x3294, 0x3294, 0x3294, 0x3294, 0x3294, 0x3294, 0x3294, 0x3294, 0x4eb5, 0x4eb5, 0x3294, 0x3294,
    0x3294, 0x3294, 0x2dd3, 0x2dd3, 0x3294, 0x1e2f, 0x1e2f, 0x198b, 0x1e2f, 0x1e2f, 0x1527, 0x198b,
    0x1e2f, 0x1527, 0x198b, 0x198b, 0x884, 0x198b, 0x1527, 0x3294, 0x1527, 0x884, 0x1527, 0x1527,
    0x1527, 0x2e2f, 0x1527, 0x884, 0x1e2f, 0x1527, 0x1527, 0x198b, 0x1527, 0x1527, 0x1527, 0x1527,
    0x1527, 0x1527, 0x1527, 0x884, 0x1527, 0x1527, 0x884, 0x884, 0x1527, 0x884, 0x198b, 0x1527,
    0x1527, 0x1527, 0x1527, 0x1527, 0x1527, 0x1527, 0x1527, 0x1527, 0x1527, 0x1527, 0x198b, 0x198b,
    0x1527, 0x1527, 0x1527, 0x198b, 0x1e2f, 0x1527, 0x884, 0x1527, 0x198b, 0x198b, 0x1527, 0x1e2f,
    0x1e2f, 0x1e2f, 0x198b, 0x1e2f, 0x198b, 0x1e2f, 0x1e2f, 0x198b, 0x1e2f, 0x1e2f, 0x1e2f, 0x1e2f,
    0x1e2f, 0x1e2f, 0x1e2f, 0x198b, 0x1e2f, 0x1527, 0x1e2f, 0x1e2f, 0x1527, 0x1e2f, 0x198b, 0x198b,
    0x884, 0x1e2f, 0x1e2f, 0x198b, 0x198b, 0x198b, 0x1e2f, 0x1e2f, 0x1e2f, 0x1e2f, 0x198b, 0x1527,
    0x198b, 0x198b, 0x1527, 0x1527, 0x1527, 0x884, 0x1527, 0x1527, 0x884, 0x1e2f, 0x198b, 0x884,
    0x198b, 0x1527, 0x1527, 0x884, 0x198b, 0x1527, 0x884, 0x884, 0x1527, 0x1527, 0x884, 0x29ad,
    0x884, 0x1527, 0x198b, 0x198b, 0x1527, 0x884, 0x1e2f, 0x884, 0x1527, 0x1527, 0x884, 0x884,
    0x1527, 0x1527, 0x884, 0x884, 0x1527, 0x884, 0x1527, 0x198b, 0x1e2f, 0x198b, 0x884, 0x1527,
    0x1527,
]);
