#![allow(dead_code)]

use gba::video::Video3Bitmap;

pub const SCREEN_TITLE: Video3Bitmap = Video3Bitmap::new_from_u16([
    0x779f, 0x779f, 0x779f, 0x779f, 0x779f, 0x779f, 0x779f, 0x779f, 0x779f, 0x779f, 0x779f, 0x779f,
    0x779f, 0x779f, 0x779f, 0x779f, 0x779f, 0x779f, 0x779f, 0x779f, 0x779f, 0x779f, 0x779f, 0x779f,
    0x779f, 0x779f, 0x779f, 0x779f, 0x779f, 0x779f, 0x779f, 0x779f, 0x779f, 0x779f, 0x779f, 0x779f,
    0x779f, 0x779f, 0x779f, 0x779f, 0x779f, 0x779f, 0x779f, 0x779f, 0x779f, 0x779f, 0x779f, 0x779f,
    0x779f, 0x779f, 0x779f, 0x779f, 0x779f, 0x779f, 0x779f, 0x779f, 0x779f, 0x779f, 0x779f, 0x779f,
    0x779f, 0x779f, 0x779f, 0x779f, 0x779f, 0x779f, 0x779f, 0x779f, 0x779f, 0x779f, 0x779f, 0x779f,
    0x779f, 0x779f, 0x779f, 0x779f, 0x779f, 0x779f, 0x779f, 0x779f, 0x779f, 0x779f, 0x779f, 0x779f,
    0x779f, 0x779f, 0x779f, 0x779f, 0x779f, 0x779f, 0x779f, 0x779f, 0x779f, 0x779f, 0x779f, 0x779f,
    0x779f, 0x779f, 0x779f, 0x779f, 0x779f, 0x779f, 0x779f, 0x779f, 0x779f, 0x779f, 0x779f, 0x779f,
    0x779f, 0x779f, 0x779f, 0x779f, 0x779f, 0x779f, 0x779f, 0x779f, 0x779f, 0x779f, 0x779f, 0x779f,
    0x779f, 0x779f, 0x779f, 0x779f, 0x779f, 0x779f, 0x779f, 0x779f, 0x779f, 0x779f, 0x779f, 0x779f,
    0x779f, 0x779f, 0x779f, 0x779f, 0x779f, 0x779f, 0x779f, 0x779f, 0x779f, 0x779f, 0x779f, 0x779f,
    0x779f, 0x779f, 0x779f, 0x779f, 0x779f, 0x779f, 0x779f, 0x779f, 0x779f, 0x779f, 0x779f, 0x779f,
    0x779f, 0x779f, 0x779f, 0x779f, 0x779f, 0x779f, 0x779f, 0x779f, 0x779f, 0x779f, 0x779f, 0x779f,
    0x779f, 0x779f, 0x779f, 0x779f, 0x779f, 0x779f, 0x779f, 0x779f, 0x779f, 0x779f, 0x779f, 0x779f,
    0x779f, 0x779f, 0x779f, 0x779f, 0x779f, 0x779f, 0x779f, 0x779f, 0x779f, 0x779f, 0x779f, 0x779f,
    0x779f, 0x779f, 0x779f, 0x779f, 0x779f, 0x779f, 0x779f, 0x779f, 0x779f, 0x779f, 0x779f, 0x779f,
    0x779f, 0x779f, 0x779f, 0x779f, 0x779f, 0x779f, 0x779f, 0x779f, 0x779f, 0x779f, 0x779f, 0x779f,
    0x779f, 0x779f, 0x779f, 0x779f, 0x779f, 0x779f, 0x779f, 0x779f, 0x779f, 0x779f, 0x779f, 0x779f,
    0x779f, 0x779f, 0x779f, 0x779f, 0x779f, 0x779f, 0x779f, 0x779f, 0x779f, 0x779f, 0x779f, 0x779f,
    0x779f, 0x779f, 0x779f, 0x779f, 0x779f, 0x779f, 0x779f, 0x779f, 0x779f, 0x779f, 0x779f, 0x779f,
    0x779f, 0x779f, 0x779f, 0x779f, 0x779f, 0x779f, 0x779f, 0x779f, 0x779f, 0x779f, 0x779f, 0x779f,
    0x779f, 0x779f, 0x779f, 0x779f, 0x779f, 0x779f, 0x779f, 0x779f, 0x779f, 0x779f, 0x779f, 0x779f,
    0x779f, 0x779f, 0x779f, 0x779f, 0x779f, 0x779f, 0x779f, 0x779f, 0x779f, 0x779f, 0x779f, 0x779f,
    0x779f, 0x779f, 0x779f, 0x779f, 0x779f, 0x779f, 0x779f, 0x779f, 0x779f, 0x779f, 0x779f, 0x779f,
    0x779f, 0x779f, 0x779f, 0x779f, 0x779f, 0x779f, 0x779f, 0x779f, 0x779f, 0x779f, 0x779f, 0x779f,
    0x779f, 0x779f, 0x779f, 0x779f, 0x779f, 0x779f, 0x779f, 0x779f, 0x779f, 0x779f, 0x779f, 0x779f,
    0x779f, 0x779f, 0x779f, 0x779f, 0x779f, 0x779f, 0x779f, 0x779f, 0x779f, 0x779f, 0x779f, 0x779f,
    0x779f, 0x779f, 0x779f, 0x779f, 0x779f, 0x779f, 0x779f, 0x779f, 0x779f, 0x779f, 0x779f, 0x779f,
    0x779f, 0x779f, 0x779f, 0x779f, 0x779f, 0x779f, 0x779f, 0x779f, 0x779f, 0x779f, 0x779f, 0x779f,
    0x779f, 0x779f, 0x779f, 0x779f, 0x779f, 0x779f, 0x779f, 0x779f, 0x779f, 0x779f, 0x779f, 0x779f,
    0x779f, 0x779f, 0x779f, 0x779f, 0x779f, 0x779f, 0x779f, 0x779f, 0x779f, 0x779f, 0x779f, 0x779f,
    0x779f, 0x779f, 0x779f, 0x779f, 0x779f, 0x779f, 0x779f, 0x779f, 0x779f, 0x779f, 0x779f, 0x779f,
    0x779f, 0x779f, 0x779f, 0x779f, 0x779f, 0x779f, 0x779f, 0x779f, 0x779f, 0x779f, 0x779f, 0x779f,
    0x779f, 0x779f, 0x779f, 0x779f, 0x779f, 0x779f, 0x779f, 0x779f, 0x779f, 0x779f, 0x779f, 0x779f,
    0x779f, 0x779f, 0x779f, 0x779f, 0x779f, 0x779f, 0x779f, 0x779f, 0x779f, 0x779f, 0x779f, 0x779f,
    0x779f, 0x779f, 0x779f, 0x779f, 0x779f, 0x779f, 0x779f, 0x779f, 0x779f, 0x779f, 0x779f, 0x779f,
    0x779f, 0x779f, 0x779f, 0x779f, 0x779f, 0x779f, 0x779f, 0x779f, 0x779f, 0x779f, 0x779f, 0x779f,
    0x779f, 0x779f, 0x779f, 0x779f, 0x779f, 0x779f, 0x779f, 0x779f, 0x779f, 0x779f, 0x779f, 0x779f,
    0x779f, 0x779f, 0x779f, 0x779f, 0x779f, 0x779f, 0x779f, 0x779f, 0x779f, 0x779f, 0x779f, 0x779f,
    0x779f, 0x779f, 0x779f, 0x779f, 0x779f, 0x779f, 0x779f, 0x779f, 0x779f, 0x779f, 0x779f, 0x779f,
    0x779f, 0x779f, 0x779f, 0x779f, 0x779f, 0x779f, 0x779f, 0x779f, 0x779f, 0x779f, 0x779f, 0x779f,
    0x779f, 0x779f, 0x779f, 0x779f, 0x779f, 0x779f, 0x779f, 0x779f, 0x779f, 0x779f, 0x779f, 0x779f,
    0x779f, 0x779f, 0x779f, 0x779f, 0x779f, 0x779f, 0x779f, 0x779f, 0x779f, 0x779f, 0x779f, 0x779f,
    0x779f, 0x779f, 0x779f, 0x779f, 0x779f, 0x779f, 0x779f, 0x779f, 0x779f, 0x779f, 0x779f, 0x779f,
    0x779f, 0x779f, 0x779f, 0x779f, 0x779f, 0x779f, 0x779f, 0x779f, 0x779f, 0x779f, 0x779f, 0x779f,
    0x779f, 0x779f, 0x779f, 0x779f, 0x779f, 0x779f, 0x779f, 0x779f, 0x779f, 0x779f, 0x779f, 0x779f,
    0x779f, 0x779f, 0x779f, 0x779f, 0x779f, 0x779f, 0x779f, 0x779f, 0x779f, 0x779f, 0x779f, 0x779f,
    0x779f, 0x779f, 0x779f, 0x779f, 0x779f, 0x779f, 0x779f, 0x779f, 0x779f, 0x779f, 0x779f, 0x779f,
    0x779f, 0x779f, 0x779f, 0x779f, 0x779f, 0x779f, 0x779f, 0x779f, 0x779f, 0x779f, 0x779f, 0x779f,
    0x779f, 0x779f, 0x779f, 0x779f, 0x779f, 0x779f, 0x779f, 0x779f, 0x779f, 0x779f, 0x779f, 0x779f,
    0x779f, 0x779f, 0x779f, 0x779f, 0x779f, 0x779f, 0x779f, 0x779f, 0x779f, 0x779f, 0x779f, 0x779f,
    0x779f, 0x779f, 0x779f, 0x779f, 0x779f, 0x779f, 0x779f, 0x779f, 0x779f, 0x779f, 0x779f, 0x779f,
    0x779f, 0x779f, 0x779f, 0x779f, 0x779f, 0x779f, 0x779f, 0x779f, 0x779f, 0x779f, 0x779f, 0x779f,
    0x779f, 0x779f, 0x779f, 0x779f, 0x779f, 0x779f, 0x779f, 0x779f, 0x779f, 0x779f, 0x779f, 0x779f,
    0x779f, 0x779f, 0x779f, 0x779f, 0x779f, 0x779f, 0x779f, 0x779f, 0x779f, 0x779f, 0x779f, 0x779f,
    0x779f, 0x779f, 0x779f, 0x779f, 0x779f, 0x779f, 0x779f, 0x779f, 0x779f, 0x779f, 0x779f, 0x779f,
    0x779f, 0x779f, 0x779f, 0x779f, 0x779f, 0x779f, 0x779f, 0x779f, 0x779f, 0x779f, 0x779f, 0x779f,
    0x779f, 0x779f, 0x779f, 0x779f, 0x779f, 0x779f, 0x779f, 0x779f, 0x779f, 0x779f, 0x779f, 0x779f,
    0x779f, 0x779f, 0x779f, 0x779f, 0x779f, 0x779f, 0x779f, 0x779f, 0x779f, 0x779f, 0x779f, 0x779f,
    0x779f, 0x779f, 0x779f, 0x779f, 0x779f, 0x779f, 0x779f, 0x779f, 0x779f, 0x779f, 0x779f, 0x779f,
    0x779f, 0x779f, 0x779f, 0x779f, 0x779f, 0x779f, 0x779f, 0x779f, 0x779f, 0x779f, 0x779f, 0x779f,
    0x779f, 0x779f, 0x779f, 0x779f, 0x779f, 0x779f, 0x779f, 0x779f, 0x779f, 0x779f, 0x779f, 0x779f,
    0x779f, 0x779f, 0x779f, 0x779f, 0x779f, 0x779f, 0x779f, 0x779f, 0x779f, 0x779f, 0x779f, 0x779f,
    0x779f, 0x779f, 0x779f, 0x779f, 0x779f, 0x779f, 0x779f, 0x779f, 0x779f, 0x779f, 0x779f, 0x779f,
    0x779f, 0x779f, 0x779f, 0x779f, 0x779f, 0x779f, 0x779f, 0x779f, 0x779f, 0x779f, 0x779f, 0x779f,
    0x779f, 0x779f, 0x779f, 0x779f, 0x779f, 0x779f, 0x779f, 0x779f, 0x779f, 0x779f, 0x779f, 0x779f,
    0x779f, 0x779f, 0x779f, 0x779f, 0x779f, 0x779f, 0x779f, 0x779f, 0x779f, 0x779f, 0x779f, 0x779f,
    0x779f, 0x779f, 0x779f, 0x779f, 0x779f, 0x779f, 0x779f, 0x779f, 0x779f, 0x779f, 0x779f, 0x779f,
    0x779f, 0x779f, 0x779f, 0x779f, 0x779f, 0x779f, 0x779f, 0x779f, 0x779f, 0x779f, 0x779f, 0x779f,
    0x779f, 0x779f, 0x779f, 0x779f, 0x779f, 0x779f, 0x779f, 0x779f, 0x779f, 0x779f, 0x779f, 0x779f,
    0x779f, 0x779f, 0x779f, 0x779f, 0x779f, 0x779f, 0x779f, 0x779f, 0x779f, 0x779f, 0x779f, 0x779f,
    0x779f, 0x779f, 0x779f, 0x779f, 0x779f, 0x779f, 0x779f, 0x779f, 0x779f, 0x779f, 0x779f, 0x779f,
    0x779f, 0x779f, 0x779f, 0x779f, 0x779f, 0x779f, 0x779f, 0x779f, 0x779f, 0x779f, 0x779f, 0x779f,
    0x779f, 0x779f, 0x779f, 0x779f, 0x779f, 0x779f, 0x779f, 0x779f, 0x779f, 0x779f, 0x779f, 0x779f,
    0x779f, 0x779f, 0x779f, 0x779f, 0x779f, 0x779f, 0x779f, 0x779f, 0x779f, 0x779f, 0x779f, 0x779f,
    0x779f, 0x779f, 0x779f, 0x779f, 0x779f, 0x779f, 0x779f, 0x779f, 0x779f, 0x779f, 0x779f, 0x779f,
    0x779f, 0x779f, 0x779f, 0x779f, 0x779f, 0x779f, 0x779f, 0x779f, 0x779f, 0x779f, 0x779f, 0x779f,
    0x779f, 0x779f, 0x779f, 0x779f, 0x779f, 0x779f, 0x779f, 0x779f, 0x779f, 0x779f, 0x779f, 0x779f,
    0x779f, 0x779f, 0x779f, 0x779f, 0x779f, 0x779f, 0x779f, 0x779f, 0x779f, 0x779f, 0x779f, 0x779f,
    0x779f, 0x779f, 0x779f, 0x779f, 0x779f, 0x779f, 0x779f, 0x779f, 0x779f, 0x779f, 0x779f, 0x779f,
    0x779f, 0x779f, 0x779f, 0x779f, 0x779f, 0x779f, 0x779f, 0x779f, 0x779f, 0x779f, 0x779f, 0x779f,
    0x779f, 0x779f, 0x779f, 0x779f, 0x779f, 0x779f, 0x779f, 0x779f, 0x779f, 0x779f, 0x779f, 0x779f,
    0x779f, 0x779f, 0x779f, 0x779f, 0x779f, 0x779f, 0x779f, 0x779f, 0x779f, 0x779f, 0x779f, 0x779f,
    0x779f, 0x779f, 0x779f, 0x779f, 0x779f, 0x779f, 0x779f, 0x779f, 0x779f, 0x779f, 0x779f, 0x779f,
    0x779f, 0x779f, 0x779f, 0x779f, 0x779f, 0x779f, 0x779f, 0x779f, 0x779f, 0x779f, 0x779f, 0x779f,
    0x779f, 0x779f, 0x779f, 0x779f, 0x779f, 0x779f, 0x779f, 0x779f, 0x779f, 0x779f, 0x779f, 0x779f,
    0x779f, 0x779f, 0x779f, 0x779f, 0x779f, 0x779f, 0x779f, 0x779f, 0x779f, 0x779f, 0x779f, 0x779f,
    0x779f, 0x779f, 0x779f, 0x779f, 0x779f, 0x779f, 0x779f, 0x779f, 0x779f, 0x779f, 0x779f, 0x779f,
    0x779f, 0x779f, 0x779f, 0x779f, 0x779f, 0x779f, 0x779f, 0x779f, 0x779f, 0x779f, 0x779f, 0x779f,
    0x779f, 0x779f, 0x779f, 0x779f, 0x779f, 0x779f, 0x779f, 0x779f, 0x779f, 0x779f, 0x779f, 0x779f,
    0x779f, 0x779f, 0x779f, 0x779f, 0x779f, 0x779f, 0x779f, 0x779f, 0x779f, 0x779f, 0x779f, 0x779f,
    0x779f, 0x779f, 0x779f, 0x779f, 0x779f, 0x779f, 0x779f, 0x779f, 0x779f, 0x779f, 0x779f, 0x779f,
    0x779f, 0x779f, 0x779f, 0x779f, 0x779f, 0x779f, 0x779f, 0x779f, 0x779f, 0x779f, 0x779f, 0x779f,
    0x779f, 0x779f, 0x779f, 0x779f, 0x779f, 0x779f, 0x779f, 0x779f, 0x779f, 0x779f, 0x779f, 0x779f,
    0x779f, 0x779f, 0x779f, 0x779f, 0x779f, 0x779f, 0x779f, 0x779f, 0x779f, 0x779f, 0x779f, 0x779f,
    0x779f, 0x779f, 0x779f, 0x779f, 0x779f, 0x779f, 0x779f, 0x779f, 0x779f, 0x779f, 0x779f, 0x779f,
    0x779f, 0x779f, 0x779f, 0x779f, 0x779f, 0x779f, 0x779f, 0x779f, 0x779f, 0x779f, 0x779f, 0x779f,
    0x779f, 0x779f, 0x779f, 0x779f, 0x779f, 0x779f, 0x779f, 0x779f, 0x779f, 0x779f, 0x779f, 0x779f,
    0x779f, 0x779f, 0x779f, 0x779f, 0x779f, 0x779f, 0x779f, 0x779f, 0x779f, 0x779f, 0x779f, 0x779f,
    0x779f, 0x779f, 0x779f, 0x779f, 0x779f, 0x779f, 0x779f, 0x779f, 0x779f, 0x779f, 0x779f, 0x779f,
    0x779f, 0x779f, 0x779f, 0x779f, 0x779f, 0x779f, 0x779f, 0x779f, 0x779f, 0x779f, 0x779f, 0x779f,
    0x779f, 0x779f, 0x779f, 0x779f, 0x779f, 0x779f, 0x779f, 0x779f, 0x779f, 0x779f, 0x779f, 0x779f,
    0x779f, 0x779f, 0x779f, 0x779f, 0x779f, 0x7fff, 0x7fff, 0x7fff, 0x7fff, 0x7fff, 0x7fff, 0x7fff,
    0x7fff, 0x7fff, 0x7fff, 0x7fff, 0x7fff, 0x7fff, 0x779f, 0x779f, 0x779f, 0x779f, 0x779f, 0x779f,
    0x779f, 0x779f, 0x779f, 0x779f, 0x779f, 0x779f, 0x779f, 0x779f, 0x779f, 0x779f, 0x779f, 0x779f,
    0x779f, 0x779f, 0x779f, 0x779f, 0x779f, 0x779f, 0x779f, 0x779f, 0x779f, 0x779f, 0x779f, 0x779f,
    0x779f, 0x779f, 0x779f, 0x779f, 0x779f, 0x779f, 0x779f, 0x779f, 0x779f, 0x779f, 0x779f, 0x779f,
    0x779f, 0x779f, 0x779f, 0x779f, 0x779f, 0x779f, 0x779f, 0x779f, 0x779f, 0x779f, 0x779f, 0x779f,
    0x779f, 0x779f, 0x779f, 0x779f, 0x779f, 0x779f, 0x779f, 0x779f, 0x779f, 0x779f, 0x779f, 0x779f,
    0x779f, 0x779f, 0x779f, 0x779f, 0x779f, 0x779f, 0x779f, 0x779f, 0x779f, 0x779f, 0x779f, 0x779f,
    0x779f, 0x779f, 0x779f, 0x779f, 0x779f, 0x779f, 0x779f, 0x779f, 0x779f, 0x779f, 0x779f, 0x779f,
    0x779f, 0x779f, 0x779f, 0x779f, 0x779f, 0x779f, 0x779f, 0x779f, 0x779f, 0x779f, 0x779f, 0x779f,
    0x779f, 0x779f, 0x779f, 0x779f, 0x779f, 0x779f, 0x779f, 0x779f, 0x779f, 0x779f, 0x779f, 0x779f,
    0x779f, 0x779f, 0x779f, 0x779f, 0x779f, 0x779f, 0x779f, 0x779f, 0x779f, 0x779f, 0x779f, 0x779f,
    0x779f, 0x779f, 0x779f, 0x779f, 0x779f, 0x779f, 0x779f, 0x779f, 0x779f, 0x779f, 0x779f, 0x779f,
    0x779f, 0x779f, 0x779f, 0x779f, 0x779f, 0x779f, 0x779f, 0x779f, 0x779f, 0x779f, 0x779f, 0x779f,
    0x779f, 0x779f, 0x779f, 0x779f, 0x779f, 0x779f, 0x779f, 0x779f, 0x779f, 0x779f, 0x779f, 0x779f,
    0x779f, 0x779f, 0x779f, 0x779f, 0x779f, 0x779f, 0x779f, 0x779f, 0x779f, 0x779f, 0x779f, 0x779f,
    0x779f, 0x779f, 0x779f, 0x779f, 0x779f, 0x779f, 0x779f, 0x779f, 0x779f, 0x779f, 0x779f, 0x779f,
    0x779f, 0x779f, 0x779f, 0x779f, 0x779f, 0x779f, 0x779f, 0x779f, 0x779f, 0x779f, 0x779f, 0x779f,
    0x779f, 0x779f, 0x779f, 0x779f, 0x779f, 0x779f, 0x779f, 0x779f, 0x779f, 0x779f, 0x779f, 0x779f,
    0x779f, 0x779f, 0x779f, 0x779f, 0x779f, 0x779f, 0x779f, 0x779f, 0x779f, 0x779f, 0x779f, 0x779f,
    0x779f, 0x779f, 0x7fff, 0x7fff, 0x7fff, 0x7fff, 0x7fff, 0x7fff, 0x7fff, 0x7fff, 0x7fff, 0x7fff,
    0x7fff, 0x7fff, 0x7fff, 0x7fff, 0x7fff, 0x7fff, 0x7fff, 0x7fff, 0x779f, 0x779f, 0x779f, 0x779f,
    0x779f, 0x779f, 0x779f, 0x779f, 0x779f, 0x779f, 0x779f, 0x779f, 0x779f, 0x779f, 0x779f, 0x779f,
    0x779f, 0x779f, 0x779f, 0x779f, 0x779f, 0x779f, 0x779f, 0x779f, 0x779f, 0x779f, 0x779f, 0x779f,
    0x779f, 0x779f, 0x779f, 0x779f, 0x779f, 0x779f, 0x779f, 0x779f, 0x779f, 0x779f, 0x779f, 0x779f,
    0x779f, 0x779f, 0x779f, 0x779f, 0x779f, 0x779f, 0x779f, 0x779f, 0x779f, 0x779f, 0x779f, 0x779f,
    0x779f, 0x779f, 0x779f, 0x779f, 0x779f, 0x779f, 0x779f, 0x779f, 0x779f, 0x779f, 0x779f, 0x779f,
    0x779f, 0x779f, 0x779f, 0x779f, 0x779f, 0x779f, 0x779f, 0x779f, 0x779f, 0x779f, 0x779f, 0x779f,
    0x779f, 0x779f, 0x779f, 0x779f, 0x779f, 0x779f, 0x779f, 0x779f, 0x779f, 0x779f, 0x779f, 0x779f,
    0x779f, 0x779f, 0x779f, 0x779f, 0x779f, 0x779f, 0x779f, 0x779f, 0x779f, 0x779f, 0x779f, 0x779f,
    0x779f, 0x779f, 0x779f, 0x779f, 0x779f, 0x779f, 0x779f, 0x779f, 0x779f, 0x779f, 0x779f, 0x779f,
    0x779f, 0x779f, 0x779f, 0x779f, 0x779f, 0x779f, 0x779f, 0x779f, 0x779f, 0x779f, 0x779f, 0x779f,
    0x779f, 0x779f, 0x779f, 0x779f, 0x779f, 0x779f, 0x779f, 0x779f, 0x779f, 0x779f, 0x779f, 0x779f,
    0x779f, 0x779f, 0x779f, 0x779f, 0x779f, 0x779f, 0x779f, 0x779f, 0x779f, 0x779f, 0x779f, 0x779f,
    0x779f, 0x779f, 0x779f, 0x779f, 0x779f, 0x779f, 0x779f, 0x779f, 0x779f, 0x779f, 0x779f, 0x779f,
    0x779f, 0x779f, 0x779f, 0x779f, 0x779f, 0x779f, 0x779f, 0x779f, 0x779f, 0x779f, 0x779f, 0x779f,
    0x779f, 0x779f, 0x779f, 0x779f, 0x779f, 0x779f, 0x779f, 0x779f, 0x779f, 0x779f, 0x779f, 0x779f,
    0x779f, 0x779f, 0x779f, 0x779f, 0x779f, 0x779f, 0x779f, 0x779f, 0x779f, 0x779f, 0x779f, 0x779f,
    0x779f, 0x779f, 0x779f, 0x779f, 0x779f, 0x779f, 0x779f, 0x779f, 0x779f, 0x779f, 0x779f, 0x779f,
    0x779f, 0x779f, 0x779f, 0x779f, 0x779f, 0x779f, 0x779f, 0x779f, 0x779f, 0x779f, 0x779f, 0x779f,
    0x779f, 0x7fff, 0x7fff, 0x7fff, 0x7fff, 0x7fff, 0x7fff, 0x7fff, 0x7fff, 0x7fff, 0x7fff, 0x7fff,
    0x7fff, 0x7fff, 0x7fff, 0x7fff, 0x7fff, 0x7fff, 0x7fff, 0x7fff, 0x7fff, 0x7fff, 0x7fff, 0x779f,
    0x779f, 0x779f, 0x779f, 0x779f, 0x779f, 0x779f, 0x779f, 0x779f, 0x779f, 0x779f, 0x779f, 0x779f,
    0x779f, 0x779f, 0x779f, 0x779f, 0x779f, 0x779f, 0x779f, 0x779f, 0x779f, 0x779f, 0x779f, 0x779f,
    0x779f, 0x779f, 0x779f, 0x779f, 0x779f, 0x779f, 0x779f, 0x779f, 0x779f, 0x779f, 0x779f, 0x779f,
    0x779f, 0x779f, 0x779f, 0x779f, 0x779f, 0x779f, 0x779f, 0x779f, 0x779f, 0x779f, 0x779f, 0x779f,
    0x779f, 0x779f, 0x779f, 0x779f, 0x779f, 0x779f, 0x779f, 0x779f, 0x779f, 0x779f, 0x779f, 0x779f,
    0x779f, 0x779f, 0x779f, 0x779f, 0x779f, 0x779f, 0x779f, 0x779f, 0x779f, 0x779f, 0x779f, 0x779f,
    0x779f, 0x779f, 0x779f, 0x779f, 0x779f, 0x779f, 0x779f, 0x779f, 0x779f, 0x779f, 0x779f, 0x779f,
    0x779f, 0x779f, 0x779f, 0x779f, 0x779f, 0x779f, 0x779f, 0x779f, 0x779f, 0x779f, 0x779f, 0x779f,
    0x779f, 0x779f, 0x779f, 0x779f, 0x779f, 0x779f, 0x779f, 0x779f, 0x779f, 0x779f, 0x779f, 0x779f,
    0x779f, 0x779f, 0x779f, 0x779f, 0x779f, 0x779f, 0x779f, 0x779f, 0x779f, 0x779f, 0x779f, 0x779f,
    0x779f, 0x779f, 0x779f, 0x779f, 0x779f, 0x779f, 0x779f, 0x779f, 0x779f, 0x779f, 0x779f, 0x779f,
    0x779f, 0x779f, 0x779f, 0x779f, 0x779f, 0x779f, 0x779f, 0x779f, 0x779f, 0x779f, 0x779f, 0x779f,
    0x779f, 0x779f, 0x779f, 0x779f, 0x779f, 0x779f, 0x779f, 0x779f, 0x779f, 0x779f, 0x779f, 0x779f,
    0x779f, 0x779f, 0x779f, 0x779f, 0x779f, 0x779f, 0x779f, 0x779f, 0x779f, 0x779f, 0x779f, 0x779f,
    0x779f, 0x779f, 0x779f, 0x779f, 0x779f, 0x779f, 0x779f, 0x779f, 0x779f, 0x779f, 0x779f, 0x779f,
    0x779f, 0x779f, 0x779f, 0x779f, 0x779f, 0x779f, 0x779f, 0x779f, 0x779f, 0x779f, 0x779f, 0x779f,
    0x779f, 0x779f, 0x779f, 0x779f, 0x779f, 0x779f, 0x779f, 0x779f, 0x779f, 0x779f, 0x779f, 0x779f,
    0x779f, 0x779f, 0x779f, 0x779f, 0x779f, 0x779f, 0x779f, 0x779f, 0x779f, 0x779f, 0x779f, 0x7fff,
    0x7fff, 0x7fff, 0x7fff, 0x7fff, 0x7fff, 0x7fff, 0x7fff, 0x7fff, 0x7fff, 0x7fff, 0x7fff, 0x7fff,
    0x7fff, 0x7fff, 0x7fff, 0x7fff, 0x7fff, 0x7fff, 0x7fff, 0x7fff, 0x7fff, 0x7fff, 0x7fff, 0x7fff,
    0x779f, 0x779f, 0x779f, 0x779f, 0x779f, 0x779f, 0x779f, 0x779f, 0x779f, 0x779f, 0x779f, 0x779f,
    0x779f, 0x779f, 0x779f, 0x779f, 0x779f, 0x779f, 0x779f, 0x779f, 0x779f, 0x779f, 0x779f, 0x779f,
    0x779f, 0x779f, 0x779f, 0x779f, 0x779f, 0x779f, 0x779f, 0x779f, 0x779f, 0x779f, 0x779f, 0x779f,
    0x779f, 0x779f, 0x779f, 0x779f, 0x779f, 0x779f, 0x779f, 0x779f, 0x779f, 0x779f, 0x779f, 0x779f,
    0x779f, 0x779f, 0x779f, 0x779f, 0x779f, 0x779f, 0x779f, 0x779f, 0x779f, 0x779f, 0x779f, 0x779f,
    0x779f, 0x779f, 0x779f, 0x779f, 0x779f, 0x779f, 0x779f, 0x779f, 0x779f, 0x779f, 0x779f, 0x779f,
    0x779f, 0x779f, 0x779f, 0x779f, 0x779f, 0x779f, 0x779f, 0x779f, 0x779f, 0x779f, 0x779f, 0x779f,
    0x779f, 0x779f, 0x779f, 0x779f, 0x779f, 0x779f, 0x779f, 0x779f, 0x779f, 0x779f, 0x779f, 0x779f,
    0x779f, 0x779f, 0x779f, 0x779f, 0x779f, 0x779f, 0x779f, 0x779f, 0x779f, 0x779f, 0x779f, 0x779f,
    0x779f, 0x779f, 0x779f, 0x779f, 0x779f, 0x779f, 0x779f, 0x779f, 0x779f, 0x779f, 0x779f, 0x779f,
    0x779f, 0x779f, 0x779f, 0x779f, 0x779f, 0x779f, 0x779f, 0x779f, 0x779f, 0x779f, 0x779f, 0x779f,
    0x779f, 0x779f, 0x779f, 0x779f, 0x779f, 0x779f, 0x779f, 0x779f, 0x779f, 0x779f, 0x779f, 0x779f,
    0x779f, 0x779f, 0x779f, 0x779f, 0x779f, 0x779f, 0x779f, 0x779f, 0x779f, 0x779f, 0x779f, 0x779f,
    0x779f, 0x779f, 0x779f, 0x779f, 0x779f, 0x779f, 0x779f, 0x779f, 0x779f, 0x779f, 0x779f, 0x779f,
    0x779f, 0x779f, 0x779f, 0x779f, 0x779f, 0x779f, 0x779f, 0x779f, 0x779f, 0x779f, 0x779f, 0x779f,
    0x779f, 0x779f, 0x779f, 0x779f, 0x779f, 0x779f, 0x779f, 0x779f, 0x779f, 0x779f, 0x779f, 0x779f,
    0x779f, 0x779f, 0x779f, 0x779f, 0x779f, 0x779f, 0x779f, 0x779f, 0x779f, 0x779f, 0x779f, 0x779f,
    0x779f, 0x779f, 0x779f, 0x779f, 0x779f, 0x779f, 0x779f, 0x779f, 0x779f, 0x779f, 0x7fff, 0x7fff,
    0x7fff, 0x7fff, 0x7fff, 0x7fff, 0x7fff, 0x7fff, 0x7fff, 0x7fff, 0x7fff, 0x7fff, 0x7fff, 0x7fff,
    0x7fff, 0x7fff, 0x7fff, 0x7fff, 0x7fff, 0x7fff, 0x7fff, 0x7fff, 0x7fff, 0x7fff, 0x7fff, 0x7fff,
    0x7fff, 0x779f, 0x779f, 0x779f, 0x779f, 0x779f, 0x779f, 0x779f, 0x779f, 0x779f, 0x779f, 0x779f,
    0x779f, 0x779f, 0x779f, 0x779f, 0x779f, 0x779f, 0x779f, 0x779f, 0x779f, 0x779f, 0x779f, 0x779f,
    0x779f, 0x779f, 0x779f, 0x779f, 0x779f, 0x779f, 0x779f, 0x779f, 0x779f, 0x779f, 0x779f, 0x779f,
    0x779f, 0x779f, 0x779f, 0x779f, 0x779f, 0x779f, 0x779f, 0x779f, 0x779f, 0x779f, 0x779f, 0x779f,
    0x779f, 0x779f, 0x779f, 0x779f, 0x779f, 0x779f, 0x779f, 0x779f, 0x779f, 0x779f, 0x779f, 0x779f,
    0x779f, 0x779f, 0x779f, 0x779f, 0x779f, 0x779f, 0x779f, 0x779f, 0x779f, 0x779f, 0x779f, 0x779f,
    0x779f, 0x779f, 0x779f, 0x779f, 0x779f, 0x779f, 0x779f, 0x779f, 0x779f, 0x779f, 0x779f, 0x779f,
    0x779f, 0x779f, 0x779f, 0x779f, 0x779f, 0x779f, 0x779f, 0x779f, 0x779f, 0x779f, 0x779f, 0x779f,
    0x779f, 0x779f, 0x779f, 0x779f, 0x779f, 0x779f, 0x779f, 0x779f, 0x779f, 0x779f, 0x779f, 0x779f,
    0x779f, 0x779f, 0x779f, 0x779f, 0x779f, 0x779f, 0x779f, 0x779f, 0x779f, 0x779f, 0x779f, 0x779f,
    0x779f, 0x779f, 0x779f, 0x779f, 0x779f, 0x779f, 0x779f, 0x779f, 0x779f, 0x779f, 0x779f, 0x779f,
    0x779f, 0x779f, 0x779f, 0x779f, 0x779f, 0x779f, 0x779f, 0x779f, 0x779f, 0x779f, 0x779f, 0x779f,
    0x779f, 0x779f, 0x779f, 0x779f, 0x779f, 0x779f, 0x779f, 0x779f, 0x779f, 0x779f, 0x779f, 0x779f,
    0x779f, 0x779f, 0x779f, 0x779f, 0x779f, 0x779f, 0x779f, 0x779f, 0x779f, 0x779f, 0x779f, 0x779f,
    0x779f, 0x779f, 0x779f, 0x779f, 0x779f, 0x779f, 0x779f, 0x779f, 0x779f, 0x779f, 0x779f, 0x779f,
    0x779f, 0x779f, 0x779f, 0x779f, 0x779f, 0x779f, 0x779f, 0x779f, 0x779f, 0x779f, 0x779f, 0x779f,
    0x779f, 0x779f, 0x779f, 0x779f, 0x779f, 0x779f, 0x779f, 0x779f, 0x779f, 0x779f, 0x779f, 0x779f,
    0x779f, 0x779f, 0x779f, 0x779f, 0x779f, 0x779f, 0x779f, 0x779f, 0x779f, 0x7fff, 0x7fff, 0x7fff,
    0x7fff, 0x7fff, 0x7fff, 0x7fff, 0x7fff, 0x7fff, 0x7fff, 0x7fff, 0x7fff, 0x7fff, 0x7fff, 0x7fff,
    0x7fff, 0x7fff, 0x7fff, 0x7fff, 0x7fff, 0x7fff, 0x7fff, 0x7fff, 0x7fff, 0x7fff, 0x7fff, 0x7fff,
    0x7fff, 0x7fff, 0x779f, 0x779f, 0x779f, 0x779f, 0x779f, 0x779f, 0x779f, 0x779f, 0x779f, 0x779f,
    0x779f, 0x779f, 0x779f, 0x779f, 0x779f, 0x779f, 0x779f, 0x779f, 0x779f, 0x779f, 0x779f, 0x779f,
    0x779f, 0x779f, 0x779f, 0x779f, 0x779f, 0x779f, 0x779f, 0x779f, 0x779f, 0x779f, 0x779f, 0x779f,
    0x779f, 0x779f, 0x779f, 0x779f, 0x779f, 0x779f, 0x779f, 0x779f, 0x779f, 0x779f, 0x779f, 0x779f,
    0x779f, 0x779f, 0x779f, 0x779f, 0x779f, 0x779f, 0x779f, 0x779f, 0x779f, 0x779f, 0x779f, 0x779f,
    0x779f, 0x779f, 0x779f, 0x779f, 0x779f, 0x779f, 0x779f, 0x779f, 0x779f, 0x779f, 0x779f, 0x779f,
    0x779f, 0x779f, 0x779f, 0x779f, 0x779f, 0x779f, 0x779f, 0x779f, 0x779f, 0x779f, 0x779f, 0x779f,
    0x779f, 0x779f, 0x779f, 0x779f, 0x779f, 0x779f, 0x779f, 0x779f, 0x779f, 0x779f, 0x779f, 0x779f,
    0x779f, 0x779f, 0x779f, 0x779f, 0x779f, 0x779f, 0x779f, 0x779f, 0x779f, 0x779f, 0x779f, 0x779f,
    0x779f, 0x779f, 0x779f, 0x779f, 0x779f, 0x779f, 0x779f, 0x779f, 0x779f, 0x779f, 0x779f, 0x779f,
    0x779f, 0x779f, 0x779f, 0x779f, 0x779f, 0x779f, 0x779f, 0x779f, 0x779f, 0x779f, 0x779f, 0x779f,
    0x779f, 0x779f, 0x779f, 0x779f, 0x779f, 0x779f, 0x779f, 0x779f, 0x779f, 0x779f, 0x779f, 0x779f,
    0x779f, 0x779f, 0x779f, 0x779f, 0x779f, 0x779f, 0x779f, 0x779f, 0x779f, 0x779f, 0x779f, 0x779f,
    0x779f, 0x779f, 0x779f, 0x779f, 0x779f, 0x779f, 0x779f, 0x779f, 0x779f, 0x779f, 0x779f, 0x779f,
    0x779f, 0x779f, 0x779f, 0x779f, 0x779f, 0x779f, 0x779f, 0x779f, 0x779f, 0x779f, 0x779f, 0x779f,
    0x779f, 0x779f, 0x779f, 0x779f, 0x779f, 0x779f, 0x779f, 0x779f, 0x779f, 0x779f, 0x779f, 0x779f,
    0x779f, 0x779f, 0x779f, 0x779f, 0x779f, 0x779f, 0x779f, 0x779f, 0x779f, 0x779f, 0x779f, 0x779f,
    0x779f, 0x779f, 0x779f, 0x779f, 0x779f, 0x779f, 0x779f, 0x779f, 0x7fff, 0x7fff, 0x7fff, 0x7fff,
    0x7fff, 0x7fff, 0x7fff, 0x7fff, 0x7fff, 0x7fff, 0x7fff, 0x7fff, 0x7fff, 0x7fff, 0x7fff, 0x7fff,
    0x7fff, 0x7fff, 0x7fff, 0x7fff, 0x7fff, 0x7fff, 0x7fff, 0x7fff, 0x7fff, 0x7fff, 0x7fff, 0x7fff,
    0x7fff, 0x7fff, 0x779f, 0x779f, 0x779f, 0x779f, 0x779f, 0x779f, 0x779f, 0x779f, 0x779f, 0x779f,
    0x779f, 0x779f, 0x779f, 0x779f, 0x779f, 0x779f, 0x779f, 0x779f, 0x779f, 0x779f, 0x779f, 0x779f,
    0x779f, 0x779f, 0x779f, 0x779f, 0x779f, 0x779f, 0x779f, 0x779f, 0x779f, 0x779f, 0x779f, 0x779f,
    0x779f, 0x779f, 0x779f, 0x779f, 0x779f, 0x779f, 0x779f, 0x779f, 0x779f, 0x779f, 0x779f, 0x779f,
    0x779f, 0x779f, 0x779f, 0x779f, 0x779f, 0x779f, 0x779f, 0x779f, 0x779f, 0x779f, 0x779f, 0x779f,
    0x779f, 0x779f, 0x779f, 0x779f, 0x779f, 0x779f, 0x779f, 0x779f, 0x779f, 0x779f, 0x779f, 0x779f,
    0x779f, 0x779f, 0x779f, 0x779f, 0x779f, 0x779f, 0x779f, 0x779f, 0x779f, 0x779f, 0x779f, 0x779f,
    0x779f, 0x779f, 0x779f, 0x779f, 0x779f, 0x779f, 0x779f, 0x779f, 0x779f, 0x779f, 0x779f, 0x779f,
    0x779f, 0x779f, 0x779f, 0x779f, 0x779f, 0x779f, 0x779f, 0x779f, 0x779f, 0x779f, 0x779f, 0x779f,
    0x779f, 0x779f, 0x779f, 0x779f, 0x779f, 0x779f, 0x779f, 0x779f, 0x779f, 0x779f, 0x779f, 0x779f,
    0x779f, 0x779f, 0x779f, 0x779f, 0x779f, 0x779f, 0x779f, 0x779f, 0x779f, 0x779f, 0x779f, 0x779f,
    0x779f, 0x779f, 0x779f, 0x779f, 0x779f, 0x779f, 0x779f, 0x779f, 0x779f, 0x779f, 0x779f, 0x779f,
    0x779f, 0x779f, 0x779f, 0x779f, 0x779f, 0x779f, 0x779f, 0x779f, 0x779f, 0x779f, 0x779f, 0x779f,
    0x779f, 0x779f, 0x779f, 0x779f, 0x779f, 0x779f, 0x779f, 0x779f, 0x779f, 0x779f, 0x779f, 0x779f,
    0x779f, 0x779f, 0x779f, 0x779f, 0x779f, 0x779f, 0x779f, 0x779f, 0x779f, 0x779f, 0x779f, 0x779f,
    0x779f, 0x779f, 0x779f, 0x779f, 0x779f, 0x779f, 0x779f, 0x779f, 0x779f, 0x779f, 0x779f, 0x779f,
    0x779f, 0x779f, 0x779f, 0x779f, 0x779f, 0x779f, 0x779f, 0x779f, 0x779f, 0x779f, 0x779f, 0x779f,
    0x779f, 0x779f, 0x779f, 0x779f, 0x779f, 0x779f, 0x779f, 0x7fff, 0x7fff, 0x7fff, 0x7fff, 0x7fff,
    0x7fff, 0x7fff, 0x7fff, 0x7fff, 0x7fff, 0x7fff, 0x7fff, 0x7fff, 0x7fff, 0x7fff, 0x7fff, 0x7fff,
    0x7fff, 0x7fff, 0x7fff, 0x7fff, 0x7fff, 0x7fff, 0x7fff, 0x7fff, 0x7fff, 0x7fff, 0x7fff, 0x7fff,
    0x7fff, 0x7fff, 0x7fff, 0x779f, 0x779f, 0x779f, 0x779f, 0x779f, 0x779f, 0x779f, 0x779f, 0x779f,
    0x779f, 0x779f, 0x779f, 0x779f, 0x779f, 0x779f, 0x779f, 0x779f, 0x779f, 0x779f, 0x779f, 0x779f,
    0x779f, 0x779f, 0x779f, 0x779f, 0x779f, 0x779f, 0x779f, 0x779f, 0x779f, 0x779f, 0x779f, 0x779f,
    0x779f, 0x779f, 0x779f, 0x779f, 0x779f, 0x779f, 0x779f, 0x779f, 0x779f, 0x779f, 0x779f, 0x779f,
    0x779f, 0x779f, 0x779f, 0x779f, 0x779f, 0x779f, 0x779f, 0x779f, 0x779f, 0x779f, 0x779f, 0x779f,
    0x779f, 0x779f, 0x779f, 0x779f, 0x779f, 0x779f, 0x779f, 0x779f, 0x779f, 0x779f, 0x779f, 0x779f,
    0x779f, 0x779f, 0x779f, 0x779f, 0x779f, 0x779f, 0x779f, 0x779f, 0x779f, 0x779f, 0x779f, 0x779f,
    0x779f, 0x779f, 0x779f, 0x779f, 0x779f, 0x779f, 0x779f, 0x779f, 0x779f, 0x779f, 0x779f, 0x779f,
    0x779f, 0x779f, 0x779f, 0x779f, 0x779f, 0x779f, 0x779f, 0x779f, 0x779f, 0x779f, 0x779f, 0x779f,
    0x779f, 0x779f, 0x779f, 0x779f, 0x779f, 0x779f, 0x779f, 0x779f, 0x779f, 0x779f, 0x779f, 0x779f,
    0x779f, 0x779f, 0x779f, 0x779f, 0x779f, 0x779f, 0x779f, 0x779f, 0x779f, 0x779f, 0x779f, 0x779f,
    0x779f, 0x779f, 0x779f, 0x779f, 0x779f, 0x779f, 0x779f, 0x779f, 0x779f, 0x779f, 0x779f, 0x779f,
    0x779f, 0x779f, 0x779f, 0x779f, 0x779f, 0x779f, 0x779f, 0x779f, 0x779f, 0x779f, 0x779f, 0x779f,
    0x779f, 0x779f, 0x779f, 0x779f, 0x779f, 0x779f, 0x779f, 0x779f, 0x779f, 0x779f, 0x779f, 0x779f,
    0x779f, 0x7fff, 0x7fff, 0x7fff, 0x7fff, 0x7fff, 0x7fff, 0x7fff, 0x7fff, 0x7fff, 0x7fff, 0x7fff,
    0x779f, 0x779f, 0x779f, 0x779f, 0x779f, 0x779f, 0x779f, 0x779f, 0x779f, 0x779f, 0x779f, 0x779f,
    0x779f, 0x779f, 0x779f, 0x779f, 0x779f, 0x779f, 0x779f, 0x779f, 0x779f, 0x779f, 0x779f, 0x779f,
    0x779f, 0x779f, 0x779f, 0x779f, 0x779f, 0x779f, 0x779f, 0x7fff, 0x7fff, 0x7fff, 0x7fff, 0x7fff,
    0x7fff, 0x7fff, 0x7fff, 0x7fff, 0x7fff, 0x7fff, 0x7fff, 0x7fff, 0x7fff, 0x7fff, 0x7fff, 0x7fff,
    0x7fff, 0x7fff, 0x7fff, 0x7fff, 0x7fff, 0x7fff, 0x7fff, 0x7fff, 0x7fff, 0x7fff, 0x7fff, 0x7fff,
    0x7fff, 0x7fff, 0x7fff, 0x7fff, 0x779f, 0x779f, 0x779f, 0x779f, 0x779f, 0x779f, 0x779f, 0x779f,
    0x779f, 0x779f, 0x779f, 0x779f, 0x779f, 0x779f, 0x779f, 0x779f, 0x779f, 0x779f, 0x779f, 0x779f,
    0x779f, 0x779f, 0x779f, 0x779f, 0x779f, 0x779f, 0x779f, 0x779f, 0x779f, 0x779f, 0x779f, 0x779f,
    0x779f, 0x779f, 0x779f, 0x779f, 0x779f, 0x779f, 0x779f, 0x779f, 0x779f, 0x779f, 0x779f, 0x779f,
    0x779f, 0x779f, 0x779f, 0x779f, 0x779f, 0x779f, 0x779f, 0x779f, 0x779f, 0x779f, 0x779f, 0x779f,
    0x779f, 0x779f, 0x779f, 0x779f, 0x779f, 0x779f, 0x779f, 0x779f, 0x779f, 0x779f, 0x779f, 0x779f,
    0x779f, 0x779f, 0x779f, 0x779f, 0x779f, 0x779f, 0x779f, 0x779f, 0x779f, 0x779f, 0x779f, 0x779f,
    0x779f, 0x779f, 0x779f, 0x779f, 0x779f, 0x779f, 0x779f, 0x779f, 0x779f, 0x779f, 0x779f, 0x779f,
    0x779f, 0x779f, 0x779f, 0x779f, 0x779f, 0x779f, 0x779f, 0x779f, 0x779f, 0x779f, 0x779f, 0x779f,
    0x779f, 0x779f, 0x779f, 0x779f, 0x779f, 0x779f, 0x779f, 0x779f, 0x779f, 0x779f, 0x779f, 0x779f,
    0x779f, 0x779f, 0x779f, 0x779f, 0x779f, 0x779f, 0x779f, 0x779f, 0x779f, 0x779f, 0x779f, 0x779f,
    0x779f, 0x779f, 0x779f, 0x779f, 0x779f, 0x779f, 0x779f, 0x779f, 0x779f, 0x779f, 0x779f, 0x779f,
    0x779f, 0x779f, 0x779f, 0x779f, 0x779f, 0x779f, 0x779f, 0x779f, 0x779f, 0x779f, 0x779f, 0x779f,
    0x779f, 0x779f, 0x779f, 0x779f, 0x779f, 0x779f, 0x779f, 0x779f, 0x779f, 0x779f, 0x779f, 0x7fff,
    0x7fff, 0x7fff, 0x7fff, 0x7fff, 0x7fff, 0x7fff, 0x7fff, 0x7fff, 0x7fff, 0x7fff, 0x7fff, 0x7fff,
    0x779f, 0x779f, 0x779f, 0x779f, 0x779f, 0x779f, 0x779f, 0x779f, 0x779f, 0x779f, 0x779f, 0x779f,
    0x779f, 0x779f, 0x779f, 0x779f, 0x779f, 0x779f, 0x779f, 0x779f, 0x779f, 0x779f, 0x779f, 0x779f,
    0x779f, 0x779f, 0x779f, 0x779f, 0x779f, 0x779f, 0x7fff, 0x7fff, 0x7fff, 0x7fff, 0x7fff, 0x7fff,
    0x7fff, 0x7fff, 0x7fff, 0x7fff, 0x7fff, 0x7fff, 0x7fff, 0x7fff, 0x7fff, 0x7fff, 0x7fff, 0x7fff,
    0x7fff, 0x7fff, 0x7fff, 0x7fff, 0x7fff, 0x7fff, 0x7fff, 0x7fff, 0x7fff, 0x7fff, 0x7fff, 0x7fff,
    0x7fff, 0x7fff, 0x7fff, 0x7fff, 0x7fff, 0x779f, 0x779f, 0x779f, 0x779f, 0x779f, 0x779f, 0x779f,
    0x779f, 0x779f, 0x779f, 0x779f, 0x779f, 0x779f, 0x779f, 0x779f, 0x779f, 0x779f, 0x779f, 0x779f,
    0x779f, 0x779f, 0x779f, 0x779f, 0x779f, 0x779f, 0x779f, 0x779f, 0x779f, 0x779f, 0x779f, 0x779f,
    0x779f, 0x779f, 0x779f, 0x779f, 0x779f, 0x779f, 0x779f, 0x779f, 0x779f, 0x779f, 0x779f, 0x779f,
    0x779f, 0x779f, 0x779f, 0x779f, 0x779f, 0x779f, 0x779f, 0x779f, 0x779f, 0x779f, 0x779f, 0x779f,
    0x779f, 0x779f, 0x779f, 0x779f, 0x779f, 0x779f, 0x779f, 0x779f, 0x779f, 0x779f, 0x779f, 0x779f,
    0x779f, 0x779f, 0x779f, 0x779f, 0x779f, 0x779f, 0x779f, 0x779f, 0x779f, 0x779f, 0x779f, 0x779f,
    0x779f, 0x779f, 0x779f, 0x779f, 0x779f, 0x779f, 0x779f, 0x779f, 0x779f, 0x779f, 0x779f, 0x779f,
    0x779f, 0x779f, 0x779f, 0x779f, 0x779f, 0x779f, 0x779f, 0x779f, 0x779f, 0x779f, 0x779f, 0x779f,
    0x779f, 0x779f, 0x779f, 0x779f, 0x779f, 0x779f, 0x779f, 0x779f, 0x779f, 0x779f, 0x779f, 0x779f,
    0x779f, 0x779f, 0x779f, 0x779f, 0x779f, 0x779f, 0x779f, 0x779f, 0x779f, 0x779f, 0x779f, 0x779f,
    0x779f, 0x779f, 0x779f, 0x779f, 0x779f, 0x779f, 0x779f, 0x779f, 0x779f, 0x779f, 0x779f, 0x779f,
    0x779f, 0x779f, 0x779f, 0x779f, 0x779f, 0x779f, 0x779f, 0x779f, 0x779f, 0x779f, 0x779f, 0x779f,
    0x779f, 0x779f, 0x779f, 0x779f, 0x779f, 0x779f, 0x779f, 0x779f, 0x779f, 0x779f, 0x7fff, 0x7fff,
    0x7fff, 0x7fff, 0x7fff, 0x7fff, 0x7fff, 0x7fff, 0x7fff, 0x7fff, 0x7fff, 0x7fff, 0x7fff, 0x7fff,
    0x779f, 0x779f, 0x779f, 0x779f, 0x779f, 0x779f, 0x779f, 0x779f, 0x779f, 0x779f, 0x779f, 0x779f,
    0x779f, 0x779f, 0x779f, 0x779f, 0x779f, 0x779f, 0x779f, 0x779f, 0x779f, 0x779f, 0x779f, 0x779f,
    0x779f, 0x779f, 0x779f, 0x779f, 0x779f, 0x779f, 0x7fff, 0x7fff, 0x7fff, 0x7fff, 0x7fff, 0x7fff,
    0x7fff, 0x7fff, 0x7fff, 0x7fff, 0x7fff, 0x7fff, 0x7fff, 0x7fff, 0x7fff, 0x7fff, 0x7fff, 0x7fff,
    0x7fff, 0x7fff, 0x7fff, 0x7fff, 0x7fff, 0x7fff, 0x7fff, 0x7fff, 0x7fff, 0x7fff, 0x7fff, 0x7fff,
    0x7fff, 0x7fff, 0x7fff, 0x7fff, 0x7fff, 0x779f, 0x779f, 0x779f, 0x779f, 0x779f, 0x779f, 0x779f,
    0x779f, 0x779f, 0x779f, 0x779f, 0x779f, 0x779f, 0x779f, 0x779f, 0x779f, 0x779f, 0x779f, 0x779f,
    0x779f, 0x779f, 0x779f, 0x779f, 0x779f, 0x779f, 0x779f, 0x779f, 0x779f, 0x779f, 0x779f, 0x779f,
    0x779f, 0x779f, 0x779f, 0x779f, 0x779f, 0x779f, 0x779f, 0x779f, 0x779f, 0x779f, 0x779f, 0x779f,
    0x779f, 0x779f, 0x779f, 0x779f, 0x779f, 0x779f, 0x779f, 0x779f, 0x779f, 0x779f, 0x779f, 0x779f,
    0x779f, 0x779f, 0x779f, 0x779f, 0x779f, 0x779f, 0x779f, 0x779f, 0x779f, 0x779f, 0x779f, 0x779f,
    0x779f, 0x779f, 0x779f, 0x779f, 0x779f, 0x779f, 0x779f, 0x779f, 0x779f, 0x779f, 0x779f, 0x779f,
    0x779f, 0x779f, 0x779f, 0x779f, 0x779f, 0x779f, 0x779f, 0x779f, 0x779f, 0x779f, 0x779f, 0x779f,
    0x779f, 0x779f, 0x779f, 0x779f, 0x779f, 0x779f, 0x779f, 0x779f, 0x779f, 0x779f, 0x779f, 0x779f,
    0x779f, 0x779f, 0x779f, 0x779f, 0x779f, 0x779f, 0x779f, 0x779f, 0x779f, 0x779f, 0x779f, 0x779f,
    0x779f, 0x779f, 0x779f, 0x779f, 0x779f, 0x779f, 0x779f, 0x779f, 0x779f, 0x779f, 0x779f, 0x779f,
    0x779f, 0x779f, 0x779f, 0x779f, 0x779f, 0x779f, 0x779f, 0x779f, 0x779f, 0x779f, 0x779f, 0x779f,
    0x779f, 0x779f, 0x779f, 0x779f, 0x779f, 0x779f, 0x779f, 0x779f, 0x779f, 0x779f, 0x779f, 0x779f,
    0x779f, 0x779f, 0x779f, 0x779f, 0x779f, 0x779f, 0x779f, 0x779f, 0x779f, 0x7fff, 0x7fff, 0x7fff,
    0x7fff, 0x7fff, 0x7fff, 0x7fff, 0x7fff, 0x7fff, 0x7fff, 0x7fff, 0x7fff, 0x7fff, 0x7fff, 0x7fff,
    0x779f, 0x779f, 0x779f, 0x779f, 0x779f, 0x779f, 0x779f, 0x779f, 0x779f, 0x779f, 0x779f, 0x779f,
    0x779f, 0x779f, 0x779f, 0x779f, 0x779f, 0x779f, 0x779f, 0x779f, 0x779f, 0x779f, 0x779f, 0x779f,
    0x779f, 0x779f, 0x779f, 0x779f, 0x779f, 0x7fff, 0x7fff, 0x7fff, 0x7fff, 0x7fff, 0x7fff, 0x7fff,
    0x7fff, 0x7fff, 0x7fff, 0x7fff, 0x7fff, 0x7fff, 0x7fff, 0x7fff, 0x7fff, 0x7fff, 0x7fff, 0x7fff,
    0x7fff, 0x7fff, 0x7fff, 0x7fff, 0x7fff, 0x7fff, 0x7fff, 0x7fff, 0x7fff, 0x7fff, 0x7fff, 0x7fff,
    0x7fff, 0x7fff, 0x7fff, 0x7fff, 0x7fff, 0x7fff, 0x779f, 0x779f, 0x779f, 0x779f, 0x779f, 0x779f,
    0x779f, 0x779f, 0x779f, 0x779f, 0x779f, 0x779f, 0x779f, 0x779f, 0x779f, 0x779f, 0x779f, 0x779f,
    0x779f, 0x779f, 0x779f, 0x779f, 0x779f, 0x779f, 0x779f, 0x779f, 0x779f, 0x779f, 0x779f, 0x779f,
    0x779f, 0x779f, 0x779f, 0x779f, 0x779f, 0x779f, 0x779f, 0x779f, 0x779f, 0x779f, 0x779f, 0x779f,
    0x779f, 0x779f, 0x779f, 0x779f, 0x779f, 0x779f, 0x779f, 0x779f, 0x779f, 0x779f, 0x779f, 0x779f,
    0x779f, 0x779f, 0x779f, 0x779f, 0x779f, 0x779f, 0x779f, 0x779f, 0x779f, 0x779f, 0x779f, 0x779f,
    0x779f, 0x779f, 0x779f, 0x779f, 0x779f, 0x779f, 0x779f, 0x779f, 0x779f, 0x779f, 0x779f, 0x779f,
    0x779f, 0x779f, 0x779f, 0x779f, 0x779f, 0x779f, 0x779f, 0x779f, 0x779f, 0x779f, 0x779f, 0x779f,
    0x779f, 0x779f, 0x779f, 0x779f, 0x779f, 0x779f, 0x779f, 0x779f, 0x779f, 0x779f, 0x779f, 0x779f,
    0x779f, 0x779f, 0x779f, 0x779f, 0x779f, 0x779f, 0x779f, 0x779f, 0x779f, 0x779f, 0x779f, 0x779f,
    0x779f, 0x779f, 0x779f, 0x779f, 0x779f, 0x779f, 0x779f, 0x779f, 0x779f, 0x779f, 0x779f, 0x779f,
    0x779f, 0x779f, 0x779f, 0x779f, 0x779f, 0x779f, 0x779f, 0x779f, 0x779f, 0x779f, 0x779f, 0x779f,
    0x779f, 0x779f, 0x779f, 0x779f, 0x779f, 0x779f, 0x779f, 0x779f, 0x779f, 0x779f, 0x779f, 0x779f,
    0x779f, 0x779f, 0x779f, 0x779f, 0x779f, 0x779f, 0x779f, 0x779f, 0x7fff, 0x7fff, 0x7fff, 0x7fff,
    0x7fff, 0x7fff, 0x7fff, 0x7fff, 0x7fff, 0x7fff, 0x7fff, 0x7fff, 0x7fff, 0x7fff, 0x7fff, 0x7fff,
    0x779f, 0x779f, 0x779f, 0x779f, 0x779f, 0x779f, 0x779f, 0x779f, 0x779f, 0x779f, 0x779f, 0x779f,
    0x779f, 0x779f, 0x779f, 0x779f, 0x779f, 0x779f, 0x779f, 0x779f, 0x779f, 0x779f, 0x779f, 0x779f,
    0x779f, 0x779f, 0x779f, 0x779f, 0x779f, 0x7fff, 0x7fff, 0x7fff, 0x7fff, 0x7fff, 0x7fff, 0x7fff,
    0x7fff, 0x7fff, 0x7fff, 0x7fff, 0x7fff, 0x7fff, 0x7fff, 0x7fff, 0x7fff, 0x7fff, 0x7fff, 0x7fff,
    0x7fff, 0x7fff, 0x7fff, 0x7fff, 0x7fff, 0x7fff, 0x7fff, 0x7fff, 0x7fff, 0x7fff, 0x7fff, 0x7fff,
    0x7fff, 0x7fff, 0x7fff, 0x7fff, 0x7fff, 0x7fff, 0x779f, 0x779f, 0x779f, 0x779f, 0x779f, 0x779f,
    0x779f, 0x779f, 0x779f, 0x779f, 0x779f, 0x779f, 0x779f, 0x779f, 0x779f, 0x779f, 0x779f, 0x779f,
    0x779f, 0x779f, 0x779f, 0x779f, 0x779f, 0x779f, 0x779f, 0x779f, 0x779f, 0x779f, 0x779f, 0x779f,
    0x779f, 0x779f, 0x779f, 0x779f, 0x779f, 0x779f, 0x779f, 0x779f, 0x779f, 0x779f, 0x779f, 0x779f,
    0x779f, 0x779f, 0x779f, 0x779f, 0x779f, 0x779f, 0x779f, 0x779f, 0x779f, 0x779f, 0x779f, 0x779f,
    0x779f, 0x779f, 0x779f, 0x779f, 0x779f, 0x779f, 0x779f, 0x779f, 0x779f, 0x779f, 0x779f, 0x779f,
    0x779f, 0x779f, 0x779f, 0x779f, 0x779f, 0x779f, 0x779f, 0x779f, 0x779f, 0x779f, 0x779f, 0x779f,
    0x779f, 0x779f, 0x779f, 0x779f, 0x779f, 0x779f, 0x779f, 0x779f, 0x779f, 0x779f, 0x779f, 0x779f,
    0x779f, 0x779f, 0x779f, 0x779f, 0x779f, 0x779f, 0x779f, 0x779f, 0x779f, 0x779f, 0x779f, 0x779f,
    0x779f, 0x779f, 0x779f, 0x779f, 0x779f, 0x779f, 0x779f, 0x779f, 0x779f, 0x779f, 0x779f, 0x779f,
    0x779f, 0x779f, 0x779f, 0x779f, 0x779f, 0x779f, 0x779f, 0x779f, 0x779f, 0x779f, 0x779f, 0x779f,
    0x779f, 0x779f, 0x779f, 0x779f, 0x779f, 0x779f, 0x779f, 0x779f, 0x779f, 0x779f, 0x779f, 0x779f,
    0x779f, 0x779f, 0x779f, 0x779f, 0x779f, 0x779f, 0x779f, 0x779f, 0x779f, 0x779f, 0x779f, 0x779f,
    0x779f, 0x779f, 0x779f, 0x779f, 0x779f, 0x779f, 0x779f, 0x7fff, 0x7fff, 0x7fff, 0x7fff, 0x7fff,
    0x7fff, 0x7fff, 0x7fff, 0x7fff, 0x7fff, 0x7fff, 0x7fff, 0x7fff, 0x7fff, 0x7fff, 0x7fff, 0x7fff,
    0x779f, 0x779f, 0x779f, 0x779f, 0x779f, 0x779f, 0x779f, 0x779f, 0x779f, 0x779f, 0x779f, 0x779f,
    0x779f, 0x779f, 0x779f, 0x779f, 0x779f, 0x779f, 0x779f, 0x779f, 0x779f, 0x779f, 0x779f, 0x779f,
    0x779f, 0x779f, 0x779f, 0x779f, 0x779f, 0x7fff, 0x7fff, 0x7fff, 0x7fff, 0x7fff, 0x7fff, 0x7fff,
    0x7fff, 0x7fff, 0x7fff, 0x7fff, 0x7fff, 0x7fff, 0x7fff, 0x7fff, 0x7fff, 0x7fff, 0x7fff, 0x7fff,
    0x7fff, 0x7fff, 0x7fff, 0x7fff, 0x7fff, 0x7fff, 0x7fff, 0x7fff, 0x7fff, 0x7fff, 0x7fff, 0x7fff,
    0x7fff, 0x7fff, 0x7fff, 0x7fff, 0x7fff, 0x7fff, 0x7fff, 0x779f, 0x779f, 0x779f, 0x779f, 0x779f,
    0x779f, 0x779f, 0x779f, 0x779f, 0x779f, 0x779f, 0x779f, 0x779f, 0x779f, 0x779f, 0x779f, 0x779f,
    0x779f, 0x779f, 0x779f, 0x779f, 0x779f, 0x779f, 0x779f, 0x779f, 0x779f, 0x779f, 0x779f, 0x779f,
    0x779f, 0x779f, 0x779f, 0x779f, 0x779f, 0x779f, 0x779f, 0x779f, 0x779f, 0x779f, 0x779f, 0x779f,
    0x779f, 0x779f, 0x779f, 0x779f, 0x779f, 0x779f, 0x779f, 0x779f, 0x779f, 0x779f, 0x779f, 0x779f,
    0x779f, 0x779f, 0x779f, 0x779f, 0x779f, 0x779f, 0x779f, 0x779f, 0x779f, 0x779f, 0x779f, 0x779f,
    0x779f, 0x779f, 0x779f, 0x779f, 0x779f, 0x779f, 0x779f, 0x779f, 0x779f, 0x779f, 0x779f, 0x779f,
    0x779f, 0x779f, 0x779f, 0x779f, 0x779f, 0x779f, 0x779f, 0x779f, 0x779f, 0x779f, 0x779f, 0x779f,
    0x779f, 0x779f, 0x779f, 0x779f, 0x779f, 0x779f, 0x779f, 0x779f, 0x779f, 0x779f, 0x779f, 0x779f,
    0x779f, 0x779f, 0x779f, 0x779f, 0x779f, 0x779f, 0x779f, 0x779f, 0x779f, 0x779f, 0x779f, 0x779f,
    0x779f, 0x779f, 0x779f, 0x779f, 0x779f, 0x779f, 0x779f, 0x779f, 0x779f, 0x779f, 0x779f, 0x779f,
    0x779f, 0x779f, 0x779f, 0x779f, 0x779f, 0x779f, 0x779f, 0x779f, 0x779f, 0x779f, 0x779f, 0x779f,
    0x779f, 0x779f, 0x779f, 0x779f, 0x779f, 0x779f, 0x779f, 0x779f, 0x779f, 0x779f, 0x779f, 0x779f,
    0x779f, 0x779f, 0x779f, 0x779f, 0x779f, 0x779f, 0x7fff, 0x7fff, 0x7fff, 0x7fff, 0x7fff, 0x7fff,
    0x7fff, 0x7fff, 0x7fff, 0x7fff, 0x7fff, 0x7fff, 0x7fff, 0x7fff, 0x7fff, 0x7fff, 0x7fff, 0x7fff,
    0x779f, 0x779f, 0x779f, 0x779f, 0x779f, 0x779f, 0x779f, 0x779f, 0x779f, 0x779f, 0x779f, 0x779f,
    0x779f, 0x779f, 0x779f, 0x779f, 0x779f, 0x779f, 0x779f, 0x779f, 0x779f, 0x779f, 0x779f, 0x779f,
    0x779f, 0x779f, 0x779f, 0x779f, 0x779f, 0x7fff, 0x7fff, 0x7fff, 0x7fff, 0x7fff, 0x7fff, 0x7fff,
    0x7fff, 0x7fff, 0x7fff, 0x7fff, 0x7fff, 0x7fff, 0x7fff, 0x7fff, 0x7fff, 0x7fff, 0x7fff, 0x7fff,
    0x7fff, 0x7fff, 0x7fff, 0x7fff, 0x7fff, 0x7fff, 0x7fff, 0x7fff, 0x7fff, 0x7fff, 0x7fff, 0x7fff,
    0x7fff, 0x7fff, 0x7fff, 0x7fff, 0x7fff, 0x7fff, 0x7fff, 0x779f, 0x779f, 0x779f, 0x779f, 0x779f,
    0x779f, 0x779f, 0x779f, 0x779f, 0x779f, 0x779f, 0x779f, 0x779f, 0x779f, 0x779f, 0x779f, 0x779f,
    0x779f, 0x779f, 0x779f, 0x779f, 0x779f, 0x779f, 0x779f, 0x779f, 0x779f, 0x779f, 0x779f, 0x779f,
    0x779f, 0x779f, 0x779f, 0x779f, 0x779f, 0x779f, 0x779f, 0x779f, 0x779f, 0x779f, 0x779f, 0x779f,
    0x779f, 0x779f, 0x779f, 0x779f, 0x779f, 0x779f, 0x779f, 0x779f, 0x779f, 0x779f, 0x779f, 0x779f,
    0x779f, 0x779f, 0x779f, 0x779f, 0x779f, 0x779f, 0x779f, 0x779f, 0x779f, 0x779f, 0x779f, 0x779f,
    0x779f, 0x779f, 0x779f, 0x779f, 0x779f, 0x779f, 0x779f, 0x779f, 0x779f, 0x779f, 0x779f, 0x779f,
    0x779f, 0x779f, 0x779f, 0x779f, 0x779f, 0x779f, 0x779f, 0x779f, 0x779f, 0x779f, 0x779f, 0x779f,
    0x779f, 0x779f, 0x779f, 0x779f, 0x779f, 0x779f, 0x779f, 0x779f, 0x779f, 0x779f, 0x779f, 0x779f,
    0x779f, 0x779f, 0x779f, 0x779f, 0x779f, 0x779f, 0x779f, 0x779f, 0x779f, 0x779f, 0x779f, 0x779f,
    0x779f, 0x779f, 0x779f, 0x779f, 0x779f, 0x779f, 0x779f, 0x779f, 0x779f, 0x779f, 0x779f, 0x779f,
    0x779f, 0x779f, 0x779f, 0x779f, 0x779f, 0x779f, 0x779f, 0x779f, 0x779f, 0x779f, 0x779f, 0x779f,
    0x779f, 0x779f, 0x779f, 0x779f, 0x779f, 0x779f, 0x779f, 0x779f, 0x779f, 0x779f, 0x779f, 0x779f,
    0x779f, 0x779f, 0x779f, 0x779f, 0x779f, 0x7fff, 0x7fff, 0x7fff, 0x7fff, 0x7fff, 0x7fff, 0x7fff,
    0x7fff, 0x7fff, 0x7fff, 0x7fff, 0x7fff, 0x7fff, 0x7fff, 0x7fff, 0x7fff, 0x7fff, 0x7fff, 0x7fff,
    0x779f, 0x779f, 0x779f, 0x779f, 0x779f, 0x779f, 0x779f, 0x779f, 0x779f, 0x779f, 0x779f, 0x779f,
    0x779f, 0x779f, 0x779f, 0x779f, 0x779f, 0x779f, 0x779f, 0x779f, 0x779f, 0x779f, 0x779f, 0x779f,
    0x779f, 0x779f, 0x779f, 0x779f, 0x7fff, 0x7fff, 0x7fff, 0x7fff, 0x7fff, 0x7fff, 0x7fff, 0x7fff,
    0x7fff, 0x7fff, 0x7fff, 0x7fff, 0x7fff, 0x7fff, 0x7fff, 0x7fff, 0x7fff, 0x7fff, 0x7fff, 0x7fff,
    0x7fff, 0x7fff, 0x7fff, 0x7fff, 0x7fff, 0x7fff, 0x7fff, 0x7fff, 0x7fff, 0x7fff, 0x7fff, 0x7fff,
    0x7fff, 0x7fff, 0x7fff, 0x7fff, 0x7fff, 0x7fff, 0x7fff, 0x779f, 0x779f, 0x779f, 0x779f, 0x779f,
    0x779f, 0x779f, 0x779f, 0x779f, 0x779f, 0x779f, 0x779f, 0x779f, 0x779f, 0x779f, 0x779f, 0x779f,
    0x779f, 0x779f, 0x779f, 0x779f, 0x779f, 0x779f, 0x779f, 0x779f, 0x779f, 0x779f, 0x779f, 0x779f,
    0x779f, 0x779f, 0x779f, 0x779f, 0x779f, 0x779f, 0x779f, 0x779f, 0x779f, 0x779f, 0x779f, 0x779f,
    0x779f, 0x779f, 0x779f, 0x779f, 0x779f, 0x779f, 0x779f, 0x779f, 0x779f, 0x779f, 0x779f, 0x779f,
    0x779f, 0x779f, 0x779f, 0x779f, 0x779f, 0x779f, 0x779f, 0x779f, 0x779f, 0x779f, 0x779f, 0x779f,
    0x779f, 0x779f, 0x779f, 0x779f, 0x779f, 0x779f, 0x779f, 0x779f, 0x779f, 0x779f, 0x779f, 0x779f,
    0x779f, 0x779f, 0x779f, 0x779f, 0x779f, 0x779f, 0x779f, 0x779f, 0x779f, 0x779f, 0x779f, 0x779f,
    0x779f, 0x779f, 0x779f, 0x779f, 0x779f, 0x779f, 0x779f, 0x779f, 0x779f, 0x779f, 0x779f, 0x779f,
    0x779f, 0x779f, 0x779f, 0x779f, 0x779f, 0x779f, 0x779f, 0x779f, 0x779f, 0x779f, 0x779f, 0x779f,
    0x779f, 0x779f, 0x779f, 0x779f, 0x779f, 0x779f, 0x779f, 0x779f, 0x779f, 0x779f, 0x779f, 0x779f,
    0x779f, 0x779f, 0x779f, 0x779f, 0x779f, 0x779f, 0x779f, 0x779f, 0x779f, 0x779f, 0x779f, 0x779f,
    0x779f, 0x779f, 0x779f, 0x779f, 0x779f, 0x779f, 0x779f, 0x779f, 0x779f, 0x779f, 0x779f, 0x779f,
    0x779f, 0x779f, 0x779f, 0x779f, 0x779f, 0x7fff, 0x7fff, 0x7fff, 0x7fff, 0x7fff, 0x7fff, 0x7fff,
    0x7fff, 0x7fff, 0x7fff, 0x7fff, 0x7fff, 0x7fff, 0x7fff, 0x7fff, 0x7fff, 0x7fff, 0x7fff, 0x7fff,
    0x779f, 0x779f, 0x779f, 0x779f, 0x779f, 0x779f, 0x779f, 0x779f, 0x779f, 0x779f, 0x779f, 0x779f,
    0x779f, 0x779f, 0x779f, 0x779f, 0x779f, 0x779f, 0x779f, 0x779f, 0x779f, 0x779f, 0x779f, 0x779f,
    0x779f, 0x779f, 0x779f, 0x779f, 0x7fff, 0x7fff, 0x7fff, 0x7fff, 0x7fff, 0x7fff, 0x7fff, 0x7fff,
    0x7fff, 0x7fff, 0x7fff, 0x7fff, 0x7fff, 0x7fff, 0x7fff, 0x7fff, 0x7fff, 0x7fff, 0x7fff, 0x7fff,
    0x7fff, 0x7fff, 0x7fff, 0x7fff, 0x7fff, 0x7fff, 0x7fff, 0x7fff, 0x7fff, 0x7fff, 0x7fff, 0x7fff,
    0x7fff, 0x7fff, 0x7fff, 0x7fff, 0x7fff, 0x7fff, 0x7fff, 0x7fff, 0x779f, 0x779f, 0x779f, 0x779f,
    0x779f, 0x779f, 0x779f, 0x779f, 0x779f, 0x779f, 0x779f, 0x779f, 0x779f, 0x779f, 0x779f, 0x779f,
    0x779f, 0x779f, 0x779f, 0x779f, 0x779f, 0x779f, 0x779f, 0x779f, 0x779f, 0x779f, 0x779f, 0x779f,
    0x779f, 0x779f, 0x779f, 0x779f, 0x779f, 0x779f, 0x779f, 0x779f, 0x779f, 0x779f, 0x779f, 0x779f,
    0x779f, 0x779f, 0x779f, 0x779f, 0x779f, 0x779f, 0x779f, 0x779f, 0x779f, 0x779f, 0x779f, 0x779f,
    0x779f, 0x779f, 0x779f, 0x779f, 0x779f, 0x779f, 0x779f, 0x779f, 0x779f, 0x779f, 0x779f, 0x779f,
    0x779f, 0x779f, 0x779f, 0x779f, 0x779f, 0x779f, 0x779f, 0x779f, 0x779f, 0x779f, 0x779f, 0x779f,
    0x779f, 0x779f, 0x779f, 0x779f, 0x779f, 0x779f, 0x779f, 0x779f, 0x779f, 0x779f, 0x779f, 0x779f,
    0x779f, 0x779f, 0x779f, 0x779f, 0x779f, 0x779f, 0x779f, 0x779f, 0x779f, 0x779f, 0x779f, 0x779f,
    0x779f, 0x779f, 0x779f, 0x779f, 0x779f, 0x779f, 0x779f, 0x779f, 0x779f, 0x779f, 0x779f, 0x779f,
    0x779f, 0x779f, 0x779f, 0x779f, 0x779f, 0x779f, 0x779f, 0x779f, 0x779f, 0x779f, 0x779f, 0x779f,
    0x779f, 0x779f, 0x779f, 0x779f, 0x779f, 0x779f, 0x779f, 0x779f, 0x779f, 0x779f, 0x779f, 0x779f,
    0x779f, 0x779f, 0x779f, 0x779f, 0x779f, 0x779f, 0x779f, 0x779f, 0x779f, 0x779f, 0x779f, 0x779f,
    0x779f, 0x779f, 0x779f, 0x779f, 0x7fff, 0x7fff, 0x7fff, 0x7fff, 0x7fff, 0x7fff, 0x7fff, 0x7fff,
    0x7fff, 0x7fff, 0x7fff, 0x7fff, 0x7fff, 0x7fff, 0x7fff, 0x7fff, 0x7fff, 0x7fff, 0x7fff, 0x7fff,
    0x779f, 0x779f, 0x779f, 0x779f, 0x779f, 0x779f, 0x779f, 0x779f, 0x779f, 0x779f, 0x779f, 0x779f,
    0x779f, 0x779f, 0x779f, 0x779f, 0x779f, 0x779f, 0x779f, 0x779f, 0x779f, 0x779f, 0x779f, 0x779f,
    0x779f, 0x779f, 0x779f, 0x779f, 0x7fff, 0x7fff, 0x7fff, 0x7fff, 0x7fff, 0x7fff, 0x7fff, 0x7fff,
    0x7fff, 0x7fff, 0x7fff, 0x7fff, 0x7fff, 0x7fff, 0x7fff, 0x7fff, 0x7fff, 0x7fff, 0x7fff, 0x7fff,
    0x7fff, 0x7fff, 0x7fff, 0x7fff, 0x7fff, 0x7fff, 0x7fff, 0x7fff, 0x7fff, 0x7fff, 0x7fff, 0x7fff,
    0x7fff, 0x7fff, 0x7fff, 0x7fff, 0x7fff, 0x7fff, 0x7fff, 0x7fff, 0x779f, 0x779f, 0x779f, 0x779f,
    0x779f, 0x779f, 0x779f, 0x779f, 0x779f, 0x779f, 0x779f, 0x779f, 0x779f, 0x779f, 0x779f, 0x779f,
    0x779f, 0x779f, 0x779f, 0x779f, 0x779f, 0x779f, 0x779f, 0x779f, 0x779f, 0x779f, 0x779f, 0x779f,
    0x779f, 0x779f, 0x779f, 0x779f, 0x779f, 0x779f, 0x779f, 0x779f, 0x779f, 0x779f, 0x779f, 0x779f,
    0x779f, 0x779f, 0x779f, 0x779f, 0x779f, 0x779f, 0x779f, 0x779f, 0x779f, 0x779f, 0x779f, 0x779f,
    0x779f, 0x779f, 0x779f, 0x779f, 0x779f, 0x779f, 0x779f, 0x779f, 0x779f, 0x779f, 0x779f, 0x779f,
    0x779f, 0x779f, 0x779f, 0x779f, 0x779f, 0x779f, 0x779f, 0x779f, 0x779f, 0x779f, 0x779f, 0x779f,
    0x779f, 0x779f, 0x779f, 0x779f, 0x779f, 0x779f, 0x779f, 0x779f, 0x779f, 0x779f, 0x779f, 0x779f,
    0x779f, 0x779f, 0x779f, 0x779f, 0x779f, 0x779f, 0x779f, 0x779f, 0x779f, 0x779f, 0x779f, 0x779f,
    0x779f, 0x779f, 0x779f, 0x779f, 0x779f, 0x779f, 0x779f, 0x779f, 0x779f, 0x779f, 0x779f, 0x779f,
    0x779f, 0x779f, 0x779f, 0x779f, 0x779f, 0x779f, 0x779f, 0x779f, 0x779f, 0x779f, 0x779f, 0x779f,
    0x779f, 0x779f, 0x779f, 0x779f, 0x779f, 0x779f, 0x779f, 0x779f, 0x779f, 0x779f, 0x779f, 0x779f,
    0x779f, 0x779f, 0x779f, 0x779f, 0x779f, 0x779f, 0x779f, 0x779f, 0x779f, 0x779f, 0x779f, 0x779f,
    0x779f, 0x779f, 0x779f, 0x7fff, 0x7fff, 0x7fff, 0x7fff, 0x7fff, 0x7fff, 0x7fff, 0x7fff, 0x7fff,
    0x7fff, 0x7fff, 0x7fff, 0x7fff, 0x7fff, 0x7fff, 0x7fff, 0x7fff, 0x7fff, 0x7fff, 0x7fff, 0x7fff,
    0x779f, 0x779f, 0x779f, 0x779f, 0x779f, 0x779f, 0x779f, 0x779f, 0x779f, 0x779f, 0x779f, 0x779f,
    0x779f, 0x779f, 0x779f, 0x779f, 0x779f, 0x779f, 0x779f, 0x779f, 0x779f, 0x779f, 0x779f, 0x779f,
    0x779f, 0x779f, 0x779f, 0x779f, 0x7fff, 0x7fff, 0x7fff, 0x7fff, 0x7fff, 0x7fff, 0x7fff, 0x7fff,
    0x7fff, 0x7fff, 0x7fff, 0x7fff, 0x7fff, 0x7fff, 0x7fff, 0x7fff, 0x7fff, 0x7fff, 0x7fff, 0x7fff,
    0x7fff, 0x7fff, 0x7fff, 0x7fff, 0x7fff, 0x7fff, 0x7fff, 0x7fff, 0x7fff, 0x7fff, 0x7fff, 0x7fff,
    0x7fff, 0x7fff, 0x7fff, 0x7fff, 0x7fff, 0x7fff, 0x7fff, 0x7fff, 0x779f, 0x779f, 0x779f, 0x779f,
    0x779f, 0x779f, 0x779f, 0x779f, 0x779f, 0x779f, 0x779f, 0x779f, 0x779f, 0x779f, 0x779f, 0x779f,
    0x779f, 0x779f, 0x779f, 0x779f, 0x779f, 0x779f, 0x779f, 0x779f, 0x779f, 0x779f, 0x779f, 0x779f,
    0x779f, 0x779f, 0x779f, 0x779f, 0x779f, 0x779f, 0x779f, 0x779f, 0x779f, 0x779f, 0x779f, 0x779f,
    0x779f, 0x779f, 0x779f, 0x779f, 0x779f, 0x779f, 0x779f, 0x779f, 0x779f, 0x779f, 0x779f, 0x779f,
    0x779f, 0x779f, 0x779f, 0x779f, 0x779f, 0x779f, 0x779f, 0x779f, 0x779f, 0x779f, 0x779f, 0x779f,
    0x779f, 0x779f, 0x779f, 0x779f, 0x779f, 0x779f, 0x779f, 0x779f, 0x779f, 0x779f, 0x779f, 0x779f,
    0x779f, 0x779f, 0x779f, 0x779f, 0x779f, 0x779f, 0x779f, 0x779f, 0x779f, 0x779f, 0x779f, 0x779f,
    0x779f, 0x779f, 0x779f, 0x779f, 0x779f, 0x779f, 0x779f, 0x779f, 0x779f, 0x779f, 0x779f, 0x779f,
    0x779f, 0x779f, 0x779f, 0x779f, 0x779f, 0x779f, 0x779f, 0x779f, 0x779f, 0x779f, 0x779f, 0x779f,
    0x779f, 0x779f, 0x779f, 0x779f, 0x779f, 0x779f, 0x779f, 0x779f, 0x779f, 0x779f, 0x779f, 0x779f,
    0x779f, 0x779f, 0x779f, 0x779f, 0x779f, 0x779f, 0x779f, 0x779f, 0x779f, 0x779f, 0x779f, 0x779f,
    0x779f, 0x779f, 0x779f, 0x779f, 0x779f, 0x779f, 0x779f, 0x779f, 0x779f, 0x779f, 0x779f, 0x779f,
    0x779f, 0x779f, 0x779f, 0x7fff, 0x7fff, 0x7fff, 0x7fff, 0x7fff, 0x7fff, 0x7fff, 0x7fff, 0x7fff,
    0x7fff, 0x7fff, 0x7fff, 0x7fff, 0x7fff, 0x7fff, 0x7fff, 0x7fff, 0x7fff, 0x7fff, 0x7fff, 0x7fff,
    0x779f, 0x779f, 0x779f, 0x779f, 0x779f, 0x779f, 0x779f, 0x779f, 0x779f, 0x779f, 0x779f, 0x779f,
    0x779f, 0x779f, 0x779f, 0x779f, 0x779f, 0x779f, 0x779f, 0x779f, 0x779f, 0x779f, 0x779f, 0x779f,
    0x779f, 0x779f, 0x779f, 0x779f, 0x7fff, 0x7fff, 0x7fff, 0x7fff, 0x7fff, 0x7fff, 0x7fff, 0x7fff,
    0x7fff, 0x7fff, 0x7fff, 0x7fff, 0x7fff, 0x7fff, 0x7fff, 0x7fff, 0x7fff, 0x7fff, 0x7fff, 0x7fff,
    0x7fff, 0x7fff, 0x7fff, 0x7fff, 0x7fff, 0x7fff, 0x7fff, 0x7fff, 0x7fff, 0x7fff, 0x7fff, 0x7fff,
    0x7fff, 0x7fff, 0x7fff, 0x7fff, 0x7fff, 0x7fff, 0x7fff, 0x7fff, 0x7fff, 0x7fff, 0x7fff, 0x7fff,
    0x779f, 0x779f, 0x779f, 0x779f, 0x779f, 0x779f, 0x779f, 0x779f, 0x779f, 0x779f, 0x779f, 0x779f,
    0x779f, 0x779f, 0x779f, 0x779f, 0x779f, 0x779f, 0x779f, 0x779f, 0x779f, 0x779f, 0x779f, 0x779f,
    0x779f, 0x779f, 0x779f, 0x779f, 0x779f, 0x779f, 0x779f, 0x779f, 0x779f, 0x779f, 0x779f, 0x779f,
    0x779f, 0x779f, 0x779f, 0x779f, 0x779f, 0x779f, 0x779f, 0x779f, 0x779f, 0x779f, 0x779f, 0x779f,
    0x779f, 0x779f, 0x779f, 0x779f, 0x779f, 0x779f, 0x779f, 0x779f, 0x779f, 0x779f, 0x779f, 0x779f,
    0x779f, 0x779f, 0x779f, 0x779f, 0x779f, 0x779f, 0x779f, 0x779f, 0x779f, 0x779f, 0x779f, 0x779f,
    0x779f, 0x779f, 0x779f, 0x779f, 0x779f, 0x779f, 0x779f, 0x779f, 0x779f, 0x779f, 0x779f, 0x779f,
    0x779f, 0x779f, 0x779f, 0x779f, 0x779f, 0x779f, 0x779f, 0x779f, 0x779f, 0x779f, 0x779f, 0x779f,
    0x779f, 0x779f, 0x779f, 0x779f, 0x779f, 0x779f, 0x779f, 0x779f, 0x779f, 0x779f, 0x779f, 0x779f,
    0x779f, 0x779f, 0x779f, 0x779f, 0x779f, 0x779f, 0x779f, 0x779f, 0x779f, 0x779f, 0x779f, 0x779f,
    0x779f, 0x779f, 0x779f, 0x779f, 0x779f, 0x779f, 0x779f, 0x779f, 0x779f, 0x779f, 0x779f, 0x779f,
    0x779f, 0x779f, 0x779f, 0x779f, 0x779f, 0x779f, 0x779f, 0x779f, 0x779f, 0x779f, 0x779f, 0x779f,
    0x779f, 0x779f, 0x779f, 0x7fff, 0x7fff, 0x7fff, 0x7fff, 0x7fff, 0x7fff, 0x7fff, 0x7fff, 0x7fff,
    0x7fff, 0x7fff, 0x7fff, 0x7fff, 0x7fff, 0x7fff, 0x7fff, 0x7fff, 0x7fff, 0x7fff, 0x7fff, 0x7fff,
    0x779f, 0x779f, 0x779f, 0x779f, 0x779f, 0x779f, 0x779f, 0x779f, 0x779f, 0x779f, 0x779f, 0x779f,
    0x779f, 0x779f, 0x779f, 0x779f, 0x779f, 0x779f, 0x779f, 0x779f, 0x779f, 0x779f, 0x779f, 0x779f,
    0x779f, 0x779f, 0x779f, 0x779f, 0x7fff, 0x7fff, 0x7fff, 0x7fff, 0x7fff, 0x7fff, 0x7fff, 0x7fff,
    0x7fff, 0x7fff, 0x7fff, 0x7fff, 0x7fff, 0x7fff, 0x7fff, 0x7fff, 0x7fff, 0x7fff, 0x7fff, 0x7fff,
    0x7fff, 0x7fff, 0x7fff, 0x7fff, 0x7fff, 0x7fff, 0x7fff, 0x7fff, 0x7fff, 0x7fff, 0x7fff, 0x7fff,
    0x7fff, 0x7fff, 0x7fff, 0x7fff, 0x7fff, 0x7fff, 0x7fff, 0x5116, 0x5116, 0x5116, 0x5116, 0x7fff,
    0x779f, 0x779f, 0x779f, 0x779f, 0x779f, 0x779f, 0x779f, 0x779f, 0x779f, 0x779f, 0x779f, 0x779f,
    0x779f, 0x779f, 0x779f, 0x779f, 0x779f, 0x779f, 0x779f, 0x779f, 0x779f, 0x779f, 0x779f, 0x779f,
    0x779f, 0x779f, 0x779f, 0x779f, 0x779f, 0x779f, 0x779f, 0x779f, 0x779f, 0x779f, 0x779f, 0x779f,
    0x779f, 0x779f, 0x779f, 0x779f, 0x779f, 0x779f, 0x779f, 0x779f, 0x779f, 0x779f, 0x779f, 0x779f,
    0x779f, 0x779f, 0x779f, 0x779f, 0x779f, 0x779f, 0x779f, 0x779f, 0x779f, 0x779f, 0x779f, 0x779f,
    0x779f, 0x779f, 0x779f, 0x779f, 0x779f, 0x779f, 0x779f, 0x779f, 0x779f, 0x779f, 0x779f, 0x779f,
    0x779f, 0x779f, 0x779f, 0x779f, 0x779f, 0x779f, 0x779f, 0x779f, 0x779f, 0x779f, 0x779f, 0x779f,
    0x779f, 0x779f, 0x779f, 0x779f, 0x779f, 0x779f, 0x779f, 0x779f, 0x779f, 0x779f, 0x779f, 0x779f,
    0x779f, 0x779f, 0x779f, 0x779f, 0x779f, 0x779f, 0x779f, 0x779f, 0x779f, 0x779f, 0x779f, 0x779f,
    0x779f, 0x779f, 0x779f, 0x779f, 0x779f, 0x779f, 0x779f, 0x779f, 0x779f, 0x779f, 0x779f, 0x779f,
    0x779f, 0x779f, 0x779f, 0x779f, 0x779f, 0x779f, 0x779f, 0x779f, 0x779f, 0x779f, 0x779f, 0x779f,
    0x779f, 0x779f, 0x779f, 0x779f, 0x779f, 0x779f, 0x779f, 0x779f, 0x779f, 0x779f, 0x779f, 0x779f,
    0x779f, 0x779f, 0x779f, 0x7fff, 0x7fff, 0x7fff, 0x7fff, 0x7fff, 0x7fff, 0x7fff, 0x7fff, 0x7fff,
    0x7fff, 0x7fff, 0x7fff, 0x7fff, 0x7fff, 0x7fff, 0x7fff, 0x7fff, 0x7fff, 0x7fff, 0x7fff, 0x7fff,
    0x779f, 0x779f, 0x779f, 0x779f, 0x779f, 0x779f, 0x779f, 0x779f, 0x779f, 0x779f, 0x779f, 0x779f,
    0x779f, 0x779f, 0x779f, 0x779f, 0x779f, 0x779f, 0x779f, 0x779f, 0x779f, 0x779f, 0x779f, 0x779f,
    0x779f, 0x779f, 0x779f, 0x779f, 0x7fff, 0x7fff, 0x7fff, 0x7fff, 0x7fff, 0x7fff, 0x7fff, 0x7fff,
    0x7fff, 0x7fff, 0x7fff, 0x7fff, 0x7fff, 0x7fff, 0x7fff, 0x7fff, 0x7fff, 0x7fff, 0x7fff, 0x7fff,
    0x7fff, 0x7fff, 0x7fff, 0x7fff, 0x7fff, 0x7fff, 0x7fff, 0x7fff, 0x7fff, 0x7fff, 0x7fff, 0x7fff,
    0x7fff, 0x7fff, 0x7fff, 0x7fff, 0x7fff, 0x7fff, 0x7fff, 0x5116, 0x5116, 0x5116, 0x5116, 0x7fff,
    0x779f, 0x779f, 0x779f, 0x779f, 0x779f, 0x779f, 0x779f, 0x779f, 0x779f, 0x779f, 0x779f, 0x779f,
    0x779f, 0x779f, 0x779f, 0x779f, 0x779f, 0x779f, 0x779f, 0x779f, 0x779f, 0x779f, 0x779f, 0x779f,
    0x779f, 0x779f, 0x779f, 0x779f, 0x779f, 0x779f, 0x779f, 0x779f, 0x779f, 0x7fff, 0x7fff, 0x7fff,
    0x7fff, 0x7fff, 0x7fff, 0x779f, 0x779f, 0x779f, 0x779f, 0x779f, 0x779f, 0x779f, 0x779f, 0x779f,
    0x779f, 0x779f, 0x779f, 0x779f, 0x779f, 0x779f, 0x779f, 0x779f, 0x7fff, 0x7fff, 0x7fff, 0x7fff,
    0x779f, 0x779f, 0x779f, 0x779f, 0x779f, 0x779f, 0x779f, 0x779f, 0x779f, 0x779f, 0x779f, 0x779f,
    0x779f, 0x779f, 0x779f, 0x779f, 0x779f, 0x779f, 0x779f, 0x779f, 0x779f, 0x779f, 0x779f, 0x779f,
    0x779f, 0x779f, 0x779f, 0x779f, 0x779f, 0x779f, 0x779f, 0x779f, 0x779f, 0x779f, 0x779f, 0x779f,
    0x779f, 0x779f, 0x779f, 0x779f, 0x779f, 0x779f, 0x779f, 0x779f, 0x779f, 0x779f, 0x779f, 0x779f,
    0x779f, 0x779f, 0x779f, 0x779f, 0x779f, 0x779f, 0x779f, 0x779f, 0x779f, 0x779f, 0x779f, 0x779f,
    0x779f, 0x779f, 0x779f, 0x779f, 0x779f, 0x779f, 0x779f, 0x779f, 0x779f, 0x779f, 0x779f, 0x779f,
    0x779f, 0x779f, 0x779f, 0x779f, 0x779f, 0x779f, 0x779f, 0x779f, 0x779f, 0x779f, 0x779f, 0x779f,
    0x779f, 0x779f, 0x779f, 0x7fff, 0x7fff, 0x7fff, 0x7fff, 0x7fff, 0x7fff, 0x7fff, 0x7fff, 0x7fff,
    0x7fff, 0x7fff, 0x7fff, 0x7fff, 0x7fff, 0x7fff, 0x7fff, 0x7fff, 0x7fff, 0x7fff, 0x7fff, 0x7fff,
    0x779f, 0x779f, 0x779f, 0x779f, 0x779f, 0x779f, 0x779f, 0x779f, 0x779f, 0x779f, 0x779f, 0x779f,
    0x779f, 0x779f, 0x779f, 0x779f, 0x779f, 0x779f, 0x779f, 0x779f, 0x779f, 0x779f, 0x779f, 0x779f,
    0x779f, 0x779f, 0x779f, 0x779f, 0x7fff, 0x7fff, 0x7fff, 0x7fff, 0x7fff, 0x7fff, 0x7fff, 0x7fff,
    0x7fff, 0x7fff, 0x7fff, 0x7fff, 0x7fff, 0x7fff, 0x7fff, 0x7fff, 0x7fff, 0x7fff, 0x7fff, 0x7fff,
    0x7fff, 0x7fff, 0x7fff, 0x7fff, 0x7fff, 0x7fff, 0x7fff, 0x7fff, 0x7fff, 0x7fff, 0x7fff, 0x7fff,
    0x7fff, 0x7fff, 0x7fff, 0x7fff, 0x7fff, 0x7fff, 0x7fff, 0x5116, 0x1caf, 0x5116, 0x1caf, 0x7fff,
    0x779f, 0x779f, 0x779f, 0x779f, 0x779f, 0x779f, 0x779f, 0x779f, 0x779f, 0x779f, 0x779f, 0x779f,
    0x779f, 0x779f, 0x779f, 0x779f, 0x779f, 0x779f, 0x779f, 0x779f, 0x779f, 0x779f, 0x779f, 0x779f,
    0x779f, 0x779f, 0x779f, 0x779f, 0x779f, 0x779f, 0x779f, 0x779f, 0x7fff, 0x7fff, 0x7fff, 0x7fff,
    0x7fff, 0x7fff, 0x7fff, 0x7fff, 0x7fff, 0x779f, 0x779f, 0x779f, 0x779f, 0x779f, 0x779f, 0x779f,
    0x779f, 0x779f, 0x779f, 0x779f, 0x779f, 0x779f, 0x779f, 0x7fff, 0x7fff, 0x7fff, 0x7fff, 0x7fff,
    0x7fff, 0x779f, 0x779f, 0x779f, 0x779f, 0x779f, 0x779f, 0x779f, 0x779f, 0x779f, 0x779f, 0x779f,
    0x779f, 0x779f, 0x779f, 0x779f, 0x779f, 0x779f, 0x779f, 0x779f, 0x779f, 0x779f, 0x779f, 0x779f,
    0x779f, 0x779f, 0x779f, 0x779f, 0x779f, 0x779f, 0x779f, 0x779f, 0x779f, 0x779f, 0x779f, 0x779f,
    0x779f, 0x779f, 0x779f, 0x779f, 0x779f, 0x779f, 0x779f, 0x779f, 0x779f, 0x779f, 0x779f, 0x779f,
    0x779f, 0x779f, 0x779f, 0x779f, 0x779f, 0x779f, 0x779f, 0x779f, 0x779f, 0x779f, 0x779f, 0x779f,
    0x779f, 0x779f, 0x779f, 0x779f, 0x779f, 0x779f, 0x779f, 0x779f, 0x779f, 0x779f, 0x779f, 0x779f,
    0x779f, 0x779f, 0x779f, 0x779f, 0x779f, 0x779f, 0x779f, 0x779f, 0x779f, 0x779f, 0x779f, 0x779f,
    0x779f, 0x779f, 0x779f, 0x7fff, 0x7fff, 0x7fff, 0x7fff, 0x7fff, 0x7fff, 0x7fff, 0x7fff, 0x7fff,
    0x7fff, 0x7fff, 0x7fff, 0x7fff, 0x7fff, 0x7fff, 0x7fff, 0x7fff, 0x7fff, 0x7fff, 0x7fff, 0x7fff,
    0x779f, 0x779f, 0x779f, 0x779f, 0x779f, 0x779f, 0x779f, 0x779f, 0x779f, 0x779f, 0x779f, 0x779f,
    0x779f, 0x779f, 0x779f, 0x779f, 0x779f, 0x779f, 0x779f, 0x779f, 0x779f, 0x779f, 0x779f, 0x779f,
    0x779f, 0x779f, 0x779f, 0x779f, 0x7fff, 0x7fff, 0x7fff, 0x7fff, 0x7fff, 0x7fff, 0x7fff, 0x7fff,
    0x7fff, 0x7fff, 0x7fff, 0x7fff, 0x7fff, 0x7fff, 0x7fff, 0x7fff, 0x7fff, 0x7fff, 0x7fff, 0x7fff,
    0x7fff, 0x7fff, 0x7fff, 0x7fff, 0x7fff, 0x7fff, 0x7fff, 0x7fff, 0x7fff, 0x7fff, 0x7fff, 0x7fff,
    0x7fff, 0x7fff, 0x7fff, 0x7fff, 0x7fff, 0x7fff, 0x7fff, 0x5116, 0x5116, 0x1caf, 0x5116, 0x7fff,
    0x779f, 0x779f, 0x779f, 0x779f, 0x779f, 0x779f, 0x779f, 0x779f, 0x779f, 0x779f, 0x779f, 0x779f,
    0x779f, 0x779f, 0x779f, 0x779f, 0x779f, 0x779f, 0x779f, 0x779f, 0x779f, 0x779f, 0x779f, 0x779f,
    0x779f, 0x779f, 0x779f, 0x779f, 0x779f, 0x779f, 0x779f, 0x7fff, 0x7fff, 0x7fff, 0x7fff, 0x7fff,
    0x7fff, 0x7fff, 0x7fff, 0x7fff, 0x7fff, 0x7fff, 0x7fff, 0x779f, 0x779f, 0x779f, 0x779f, 0x779f,
    0x779f, 0x779f, 0x779f, 0x779f, 0x779f, 0x779f, 0x779f, 0x7fff, 0x7fff, 0x7fff, 0x7fff, 0x7fff,
    0x7fff, 0x7fff, 0x7fff, 0x7fff, 0x7fff, 0x779f, 0x779f, 0x779f, 0x779f, 0x779f, 0x779f, 0x779f,
    0x779f, 0x779f, 0x779f, 0x779f, 0x779f, 0x779f, 0x779f, 0x779f, 0x779f, 0x779f, 0x779f, 0x779f,
    0x779f, 0x779f, 0x779f, 0x779f, 0x779f, 0x779f, 0x779f, 0x779f, 0x779f, 0x779f, 0x779f, 0x779f,
    0x779f, 0x779f, 0x779f, 0x779f, 0x779f, 0x779f, 0x779f, 0x779f, 0x779f, 0x779f, 0x779f, 0x779f,
    0x779f, 0x779f, 0x779f, 0x779f, 0x779f, 0x779f, 0x779f, 0x779f, 0x779f, 0x779f, 0x779f, 0x779f,
    0x779f, 0x779f, 0x779f, 0x779f, 0x779f, 0x779f, 0x779f, 0x779f, 0x779f, 0x779f, 0x779f, 0x779f,
    0x779f, 0x779f, 0x779f, 0x779f, 0x779f, 0x779f, 0x779f, 0x779f, 0x779f, 0x779f, 0x779f, 0x779f,
    0x779f, 0x779f, 0x779f, 0x7fff, 0x7fff, 0x7fff, 0x7fff, 0x7fff, 0x7fff, 0x7fff, 0x7fff, 0x7fff,
    0x7fff, 0x7fff, 0x7fff, 0x7fff, 0x7fff, 0x7fff, 0x7fff, 0x7fff, 0x7fff, 0x7fff, 0x7fff, 0x7fff,
    0x779f, 0x779f, 0x779f, 0x779f, 0x779f, 0x779f, 0x779f, 0x779f, 0x779f, 0x779f, 0x779f, 0x779f,
    0x779f, 0x779f, 0x779f, 0x779f, 0x779f, 0x779f, 0x779f, 0x779f, 0x779f, 0x779f, 0x779f, 0x779f,
    0x779f, 0x779f, 0x779f, 0x779f, 0x779f, 0x7fff, 0x7fff, 0x7fff, 0x7fff, 0x7fff, 0x7fff, 0x7fff,
    0x7fff, 0x7fff, 0x7fff, 0x7fff, 0x7fff, 0x7fff, 0x7fff, 0x7fff, 0x5116, 0x5116, 0x5116, 0x5116,
    0x5116, 0x5116, 0x5116, 0x5116, 0x7fff, 0x7fff, 0x7fff, 0x7fff, 0x5116, 0x5116, 0x5116, 0x5116,
    0x7fff, 0x7fff, 0x7fff, 0x7fff, 0x7fff, 0x7fff, 0x7fff, 0x7fff, 0x7fff, 0x7fff, 0x7fff, 0x7fff,
    0x779f, 0x779f, 0x779f, 0x779f, 0x779f, 0x779f, 0x779f, 0x779f, 0x779f, 0x779f, 0x779f, 0x779f,
    0x779f, 0x779f, 0x779f, 0x779f, 0x779f, 0x779f, 0x779f, 0x779f, 0x779f, 0x779f, 0x779f, 0x779f,
    0x779f, 0x779f, 0x779f, 0x779f, 0x779f, 0x779f, 0x7fff, 0x7fff, 0x7fff, 0x7fff, 0x7fff, 0x7fff,
    0x7fff, 0x7fff, 0x7fff, 0x7fff, 0x7fff, 0x7fff, 0x7fff, 0x779f, 0x779f, 0x779f, 0x779f, 0x779f,
    0x779f, 0x779f, 0x779f, 0x779f, 0x779f, 0x779f, 0x779f, 0x7fff, 0x7fff, 0x5116, 0x5116, 0x5116,
    0x5116, 0x5116, 0x5116, 0x5116, 0x7fff, 0x779f, 0x779f, 0x779f, 0x779f, 0x779f, 0x779f, 0x779f,
    0x779f, 0x779f, 0x779f, 0x779f, 0x779f, 0x779f, 0x779f, 0x779f, 0x779f, 0x779f, 0x779f, 0x779f,
    0x779f, 0x779f, 0x779f, 0x779f, 0x779f, 0x779f, 0x779f, 0x779f, 0x779f, 0x779f, 0x779f, 0x779f,
    0x779f, 0x779f, 0x779f, 0x779f, 0x779f, 0x779f, 0x779f, 0x779f, 0x779f, 0x779f, 0x779f, 0x779f,
    0x779f, 0x779f, 0x779f, 0x779f, 0x779f, 0x779f, 0x779f, 0x779f, 0x779f, 0x779f, 0x779f, 0x779f,
    0x779f, 0x779f, 0x779f, 0x779f, 0x779f, 0x779f, 0x779f, 0x779f, 0x779f, 0x779f, 0x779f, 0x779f,
    0x779f, 0x779f, 0x779f, 0x779f, 0x779f, 0x779f, 0x779f, 0x779f, 0x779f, 0x779f, 0x779f, 0x779f,
    0x779f, 0x779f, 0x779f, 0x7fff, 0x7fff, 0x7fff, 0x7fff, 0x7fff, 0x7fff, 0x7fff, 0x7fff, 0x7fff,
    0x7fff, 0x7fff, 0x7fff, 0x7fff, 0x7fff, 0x7fff, 0x7fff, 0x7fff, 0x7fff, 0x7fff, 0x7fff, 0x7fff,
    0x779f, 0x779f, 0x779f, 0x779f, 0x779f, 0x779f, 0x779f, 0x779f, 0x779f, 0x779f, 0x779f, 0x779f,
    0x779f, 0x779f, 0x779f, 0x779f, 0x779f, 0x779f, 0x779f, 0x779f, 0x779f, 0x779f, 0x779f, 0x779f,
    0x779f, 0x779f, 0x779f, 0x779f, 0x779f, 0x7fff, 0x7fff, 0x7fff, 0x7fff, 0x7fff, 0x7fff, 0x7fff,
    0x7fff, 0x7fff, 0x7fff, 0x7fff, 0x7fff, 0x7fff, 0x7fff, 0x7fff, 0x1caf, 0x1caf, 0x5116, 0x5116,
    0x5116, 0x5116, 0x5116, 0x5116, 0x7fff, 0x7fff, 0x7fff, 0x7fff, 0x5116, 0x5116, 0x5116, 0x5116,
    0x7fff, 0x7fff, 0x7fff, 0x7fff, 0x7fff, 0x7fff, 0x779f, 0x779f, 0x779f, 0x779f, 0x779f, 0x779f,
    0x779f, 0x779f, 0x779f, 0x779f, 0x779f, 0x779f, 0x779f, 0x779f, 0x779f, 0x779f, 0x779f, 0x779f,
    0x779f, 0x779f, 0x779f, 0x779f, 0x779f, 0x779f, 0x779f, 0x779f, 0x779f, 0x779f, 0x779f, 0x779f,
    0x779f, 0x779f, 0x779f, 0x779f, 0x779f, 0x779f, 0x7fff, 0x7fff, 0x7fff, 0x7fff, 0x7fff, 0x7fff,
    0x7fff, 0x7fff, 0x7fff, 0x7fff, 0x7fff, 0x7fff, 0x7fff, 0x779f, 0x779f, 0x779f, 0x779f, 0x779f,
    0x779f, 0x779f, 0x779f, 0x779f, 0x779f, 0x779f, 0x7fff, 0x7fff, 0x7fff, 0x5116, 0x5116, 0x5116,
    0x5116, 0x5116, 0x5116, 0x5116, 0x7fff, 0x779f, 0x779f, 0x779f, 0x779f, 0x779f, 0x779f, 0x779f,
    0x779f, 0x779f, 0x779f, 0x779f, 0x779f, 0x779f, 0x779f, 0x779f, 0x779f, 0x779f, 0x779f, 0x779f,
    0x7fff, 0x7fff, 0x7fff, 0x7fff, 0x7fff, 0x7fff, 0x7fff, 0x7fff, 0x779f, 0x779f, 0x779f, 0x779f,
    0x779f, 0x779f, 0x779f, 0x779f, 0x779f, 0x779f, 0x779f, 0x779f, 0x779f, 0x779f, 0x779f, 0x779f,
    0x779f, 0x779f, 0x779f, 0x779f, 0x779f, 0x779f, 0x779f, 0x779f, 0x779f, 0x779f, 0x779f, 0x779f,
    0x779f, 0x779f, 0x779f, 0x779f, 0x779f, 0x779f, 0x779f, 0x779f, 0x779f, 0x779f, 0x779f, 0x779f,
    0x779f, 0x779f, 0x779f, 0x779f, 0x779f, 0x779f, 0x779f, 0x779f, 0x779f, 0x779f, 0x779f, 0x779f,
    0x779f, 0x779f, 0x779f, 0x7fff, 0x7fff, 0x7fff, 0x7fff, 0x7fff, 0x7fff, 0x7fff, 0x7fff, 0x7fff,
    0x7fff, 0x7fff, 0x7fff, 0x7fff, 0x7fff, 0x7fff, 0x7fff, 0x7fff, 0x7fff, 0x7fff, 0x7fff, 0x7fff,
    0x779f, 0x779f, 0x779f, 0x779f, 0x779f, 0x779f, 0x779f, 0x779f, 0x779f, 0x779f, 0x779f, 0x779f,
    0x779f, 0x779f, 0x779f, 0x779f, 0x779f, 0x779f, 0x779f, 0x779f, 0x779f, 0x779f, 0x779f, 0x779f,
    0x779f, 0x779f, 0x779f, 0x779f, 0x779f, 0x7fff, 0x7fff, 0x7fff, 0x7fff, 0x7fff, 0x7fff, 0x7fff,
    0x7fff, 0x7fff, 0x7fff, 0x7fff, 0x7fff, 0x7fff, 0x7fff, 0x7fff, 0x1caf, 0x5116, 0x1caf, 0x5116,
    0x1caf, 0x1caf, 0x5116, 0x1caf, 0x1caf, 0x5116, 0x7fff, 0x7fff, 0x5116, 0x5116, 0x1caf, 0x5116,
    0x5116, 0x5116, 0x7fff, 0x7fff, 0x7fff, 0x7fff, 0x779f, 0x779f, 0x7fff, 0x7fff, 0x7fff, 0x7fff,
    0x7fff, 0x779f, 0x779f, 0x779f, 0x779f, 0x779f, 0x779f, 0x779f, 0x779f, 0x779f, 0x779f, 0x779f,
    0x779f, 0x779f, 0x779f, 0x779f, 0x779f, 0x779f, 0x779f, 0x779f, 0x779f, 0x779f, 0x779f, 0x779f,
    0x779f, 0x779f, 0x779f, 0x779f, 0x779f, 0x779f, 0x7fff, 0x7fff, 0x7fff, 0x7fff, 0x7fff, 0x7fff,
    0x7fff, 0x7fff, 0x7fff, 0x7fff, 0x7fff, 0x7fff, 0x7fff, 0x779f, 0x779f, 0x779f, 0x779f, 0x779f,
    0x779f, 0x779f, 0x779f, 0x779f, 0x779f, 0x779f, 0x7fff, 0x5116, 0x5116, 0x5116, 0x5116, 0x1caf,
    0x5116, 0x5116, 0x5116, 0x5116, 0x7fff, 0x779f, 0x779f, 0x779f, 0x779f, 0x779f, 0x779f, 0x779f,
    0x779f, 0x779f, 0x779f, 0x779f, 0x779f, 0x779f, 0x779f, 0x779f, 0x779f, 0x779f, 0x779f, 0x7fff,
    0x7fff, 0x7fff, 0x7fff, 0x7fff, 0x7fff, 0x7fff, 0x7fff, 0x7fff, 0x7fff, 0x779f, 0x779f, 0x779f,
    0x779f, 0x779f, 0x779f, 0x779f, 0x779f, 0x779f, 0x779f, 0x779f, 0x779f, 0x779f, 0x779f, 0x779f,
    0x779f, 0x779f, 0x779f, 0x779f, 0x779f, 0x779f, 0x779f, 0x779f, 0x779f, 0x779f, 0x779f, 0x779f,
    0x779f, 0x779f, 0x779f, 0x779f, 0x779f, 0x779f, 0x779f, 0x779f, 0x779f, 0x779f, 0x779f, 0x779f,
    0x779f, 0x779f, 0x779f, 0x779f, 0x779f, 0x779f, 0x779f, 0x779f, 0x779f, 0x779f, 0x779f, 0x779f,
    0x779f, 0x779f, 0x779f, 0x779f, 0x7fff, 0x7fff, 0x7fff, 0x7fff, 0x7fff, 0x7fff, 0x7fff, 0x7fff,
    0x7fff, 0x7fff, 0x7fff, 0x7fff, 0x7fff, 0x7fff, 0x7fff, 0x7fff, 0x7fff, 0x7fff, 0x7fff, 0x7fff,
    0x779f, 0x779f, 0x779f, 0x779f, 0x779f, 0x779f, 0x779f, 0x779f, 0x779f, 0x779f, 0x779f, 0x779f,
    0x779f, 0x779f, 0x779f, 0x779f, 0x779f, 0x779f, 0x779f, 0x779f, 0x779f, 0x779f, 0x779f, 0x779f,
    0x779f, 0x779f, 0x779f, 0x779f, 0x779f, 0x7fff, 0x7fff, 0x7fff, 0x7fff, 0x7fff, 0x7fff, 0x7fff,
    0x7fff, 0x7fff, 0x7fff, 0x7fff, 0x7fff, 0x7fff, 0x7fff, 0x7fff, 0x1caf, 0x5116, 0x1caf, 0x1caf,
    0x5116, 0x1caf, 0x1caf, 0x5116, 0x1caf, 0x5116, 0x7fff, 0x7fff, 0x5116, 0x5116, 0x5116, 0x1caf,
    0x5116, 0x5116, 0x7fff, 0x7fff, 0x7fff, 0x7fff, 0x7fff, 0x7fff, 0x7fff, 0x7fff, 0x7fff, 0x7fff,
    0x7fff, 0x7fff, 0x7fff, 0x7fff, 0x7fff, 0x7fff, 0x7fff, 0x7fff, 0x7fff, 0x779f, 0x779f, 0x779f,
    0x779f, 0x7fff, 0x7fff, 0x7fff, 0x7fff, 0x7fff, 0x7fff, 0x7fff, 0x7fff, 0x779f, 0x779f, 0x779f,
    0x779f, 0x779f, 0x779f, 0x779f, 0x779f, 0x7fff, 0x7fff, 0x7fff, 0x7fff, 0x7fff, 0x7fff, 0x7fff,
    0x7fff, 0x7fff, 0x7fff, 0x7fff, 0x7fff, 0x7fff, 0x7fff, 0x7fff, 0x7fff, 0x7fff, 0x7fff, 0x779f,
    0x779f, 0x779f, 0x779f, 0x779f, 0x7fff, 0x7fff, 0x7fff, 0x5116, 0x1caf, 0x5116, 0x5116, 0x5116,
    0x1caf, 0x5116, 0x5116, 0x1caf, 0x7fff, 0x779f, 0x779f, 0x779f, 0x779f, 0x7fff, 0x7fff, 0x7fff,
    0x7fff, 0x7fff, 0x7fff, 0x7fff, 0x7fff, 0x7fff, 0x7fff, 0x779f, 0x7fff, 0x7fff, 0x7fff, 0x7fff,
    0x7fff, 0x7fff, 0x7fff, 0x7fff, 0x7fff, 0x7fff, 0x7fff, 0x7fff, 0x7fff, 0x7fff, 0x7fff, 0x7fff,
    0x7fff, 0x7fff, 0x7fff, 0x7fff, 0x7fff, 0x7fff, 0x779f, 0x779f, 0x779f, 0x779f, 0x779f, 0x779f,
    0x779f, 0x779f, 0x7fff, 0x7fff, 0x7fff, 0x7fff, 0x7fff, 0x7fff, 0x7fff, 0x7fff, 0x7fff, 0x7fff,
    0x779f, 0x779f, 0x779f, 0x779f, 0x779f, 0x779f, 0x779f, 0x779f, 0x779f, 0x779f, 0x779f, 0x779f,
    0x779f, 0x779f, 0x779f, 0x779f, 0x779f, 0x779f, 0x779f, 0x779f, 0x779f, 0x779f, 0x779f, 0x779f,
    0x779f, 0x779f, 0x779f, 0x779f, 0x779f, 0x7fff, 0x7fff, 0x7fff, 0x7fff, 0x7fff, 0x7fff, 0x7fff,
    0x7fff, 0x7fff, 0x7fff, 0x7fff, 0x7fff, 0x7fff, 0x7fff, 0x7fff, 0x7fff, 0x7fff, 0x7fff, 0x7fff,
    0x779f, 0x779f, 0x779f, 0x779f, 0x779f, 0x779f, 0x779f, 0x779f, 0x779f, 0x779f, 0x779f, 0x779f,
    0x779f, 0x779f, 0x779f, 0x779f, 0x779f, 0x779f, 0x779f, 0x779f, 0x779f, 0x779f, 0x779f, 0x779f,
    0x779f, 0x779f, 0x7fff, 0x7fff, 0x7fff, 0x7fff, 0x7fff, 0x7fff, 0x7fff, 0x7fff, 0x7fff, 0x7fff,
    0x7fff, 0x7fff, 0x7fff, 0x7fff, 0x7fff, 0x7fff, 0x7fff, 0x7fff, 0x5116, 0x1caf, 0x1caf, 0x5116,
    0x7fff, 0x7fff, 0x7fff, 0x7fff, 0x5116, 0x1caf, 0x1caf, 0x1caf, 0x7fff, 0x7fff, 0x7fff, 0x7fff,
    0x1caf, 0x5116, 0x1caf, 0x5116, 0x7fff, 0x7fff, 0x7fff, 0x5116, 0x5116, 0x5116, 0x5116, 0x7fff,
    0x7fff, 0x7fff, 0x5116, 0x5116, 0x5116, 0x5116, 0x5116, 0x5116, 0x7fff, 0x779f, 0x779f, 0x779f,
    0x779f, 0x7fff, 0x5116, 0x5116, 0x5116, 0x5116, 0x5116, 0x5116, 0x7fff, 0x779f, 0x779f, 0x779f,
    0x779f, 0x779f, 0x7fff, 0x7fff, 0x7fff, 0x7fff, 0x5116, 0x5116, 0x5116, 0x5116, 0x7fff, 0x7fff,
    0x7fff, 0x7fff, 0x7fff, 0x7fff, 0x5116, 0x5116, 0x5116, 0x5116, 0x5116, 0x5116, 0x7fff, 0x779f,
    0x779f, 0x779f, 0x779f, 0x779f, 0x7fff, 0x1caf, 0x5116, 0x5116, 0x5116, 0x7fff, 0x7fff, 0x7fff,
    0x7fff, 0x7fff, 0x7fff, 0x7fff, 0x7fff, 0x779f, 0x779f, 0x779f, 0x779f, 0x7fff, 0x5116, 0x5116,
    0x5116, 0x5116, 0x5116, 0x5116, 0x5116, 0x5116, 0x7fff, 0x779f, 0x7fff, 0x5116, 0x5116, 0x5116,
    0x5116, 0x5116, 0x5116, 0x5116, 0x7fff, 0x7fff, 0x7fff, 0x7fff, 0x7fff, 0x7fff, 0x5116, 0x5116,
    0x5116, 0x5116, 0x5116, 0x5116, 0x5116, 0x7fff, 0x779f, 0x779f, 0x779f, 0x779f, 0x779f, 0x779f,
    0x779f, 0x779f, 0x7fff, 0x5116, 0x5116, 0x5116, 0x5116, 0x5116, 0x5116, 0x1caf, 0x5116, 0x7fff,
    0x779f, 0x779f, 0x779f, 0x779f, 0x779f, 0x779f, 0x779f, 0x779f, 0x779f, 0x779f, 0x779f, 0x779f,
    0x779f, 0x779f, 0x779f, 0x779f, 0x779f, 0x779f, 0x779f, 0x779f, 0x779f, 0x779f, 0x779f, 0x779f,
    0x779f, 0x779f, 0x779f, 0x779f, 0x779f, 0x779f, 0x7fff, 0x7fff, 0x7fff, 0x7fff, 0x7fff, 0x7fff,
    0x7fff, 0x7fff, 0x7fff, 0x7fff, 0x7fff, 0x7fff, 0x7fff, 0x7fff, 0x7fff, 0x7fff, 0x7fff, 0x7fff,
    0x779f, 0x779f, 0x779f, 0x779f, 0x779f, 0x779f, 0x779f, 0x779f, 0x779f, 0x779f, 0x779f, 0x779f,
    0x779f, 0x779f, 0x779f, 0x779f, 0x779f, 0x779f, 0x779f, 0x779f, 0x779f, 0x779f, 0x779f, 0x779f,
    0x7fff, 0x7fff, 0x7fff, 0x7fff, 0x7fff, 0x7fff, 0x7fff, 0x7fff, 0x7fff, 0x7fff, 0x7fff, 0x7fff,
    0x7fff, 0x7fff, 0x7fff, 0x7fff, 0x7fff, 0x7fff, 0x7fff, 0x7fff, 0x1caf, 0x1caf, 0x1caf, 0x1caf,
    0x7fff, 0x7fff, 0x7fff, 0x7fff, 0x1caf, 0x1caf, 0x1caf, 0x5116, 0x7fff, 0x7fff, 0x7fff, 0x7fff,
    0x1caf, 0x5116, 0x1caf, 0x1caf, 0x7fff, 0x7fff, 0x7fff, 0x1caf, 0x1caf, 0x5116, 0x5116, 0x7fff,
    0x7fff, 0x7fff, 0x1caf, 0x5116, 0x5116, 0x1caf, 0x5116, 0x1caf, 0x7fff, 0x7fff, 0x7fff, 0x779f,
    0x779f, 0x7fff, 0x1caf, 0x1caf, 0x5116, 0x5116, 0x5116, 0x5116, 0x7fff, 0x7fff, 0x7fff, 0x779f,
    0x779f, 0x7fff, 0x7fff, 0x7fff, 0x7fff, 0x7fff, 0x5116, 0x5116, 0x1caf, 0x5116, 0x7fff, 0x7fff,
    0x7fff, 0x7fff, 0x7fff, 0x7fff, 0x1caf, 0x1caf, 0x5116, 0x5116, 0x5116, 0x1caf, 0x7fff, 0x7fff,
    0x7fff, 0x779f, 0x779f, 0x779f, 0x7fff, 0x5116, 0x5116, 0x5116, 0x1caf, 0x7fff, 0x779f, 0x779f,
    0x779f, 0x779f, 0x779f, 0x779f, 0x779f, 0x779f, 0x779f, 0x7fff, 0x7fff, 0x7fff, 0x5116, 0x5116,
    0x5116, 0x5116, 0x5116, 0x5116, 0x5116, 0x5116, 0x7fff, 0x779f, 0x7fff, 0x1caf, 0x5116, 0x5116,
    0x5116, 0x5116, 0x5116, 0x1caf, 0x7fff, 0x7fff, 0x7fff, 0x7fff, 0x7fff, 0x7fff, 0x1caf, 0x5116,
    0x5116, 0x5116, 0x5116, 0x5116, 0x5116, 0x7fff, 0x7fff, 0x7fff, 0x779f, 0x779f, 0x779f, 0x779f,
    0x7fff, 0x7fff, 0x7fff, 0x5116, 0x5116, 0x5116, 0x5116, 0x5116, 0x5116, 0x5116, 0x1caf, 0x7fff,
    0x779f, 0x779f, 0x779f, 0x779f, 0x779f, 0x779f, 0x779f, 0x779f, 0x779f, 0x779f, 0x779f, 0x779f,
    0x779f, 0x779f, 0x779f, 0x779f, 0x779f, 0x779f, 0x779f, 0x779f, 0x779f, 0x779f, 0x779f, 0x779f,
    0x779f, 0x779f, 0x779f, 0x779f, 0x779f, 0x779f, 0x779f, 0x7fff, 0x7fff, 0x7fff, 0x7fff, 0x7fff,
    0x7fff, 0x7fff, 0x7fff, 0x7fff, 0x7fff, 0x7fff, 0x7fff, 0x7fff, 0x7fff, 0x7fff, 0x7fff, 0x7fff,
    0x779f, 0x779f, 0x779f, 0x779f, 0x779f, 0x779f, 0x779f, 0x779f, 0x779f, 0x779f, 0x779f, 0x779f,
    0x779f, 0x779f, 0x779f, 0x779f, 0x779f, 0x779f, 0x779f, 0x779f, 0x779f, 0x779f, 0x779f, 0x7fff,
    0x7fff, 0x7fff, 0x7fff, 0x7fff, 0x7fff, 0x7fff, 0x7fff, 0x7fff, 0x7fff, 0x7fff, 0x7fff, 0x7fff,
    0x7fff, 0x7fff, 0x7fff, 0x7fff, 0x7fff, 0x7fff, 0x7fff, 0x7fff, 0x1caf, 0x5116, 0x1caf, 0x1caf,
    0x7fff, 0x7fff, 0x7fff, 0x7fff, 0x1caf, 0x1caf, 0x1caf, 0x1caf, 0x7fff, 0x7fff, 0x7fff, 0x7fff,
    0x1caf, 0x1caf, 0x5116, 0x1caf, 0x7fff, 0x7fff, 0x7fff, 0x1caf, 0x5116, 0x1caf, 0x1caf, 0x7fff,
    0x7fff, 0x7fff, 0x1caf, 0x1caf, 0x1caf, 0x1caf, 0x1caf, 0x5116, 0x5116, 0x1caf, 0x7fff, 0x779f,
    0x779f, 0x7fff, 0x5116, 0x5116, 0x1caf, 0x1caf, 0x1caf, 0x5116, 0x1caf, 0x1caf, 0x7fff, 0x779f,
    0x779f, 0x7fff, 0x7fff, 0x7fff, 0x1caf, 0x1caf, 0x5116, 0x1caf, 0x5116, 0x1caf, 0x5116, 0x5116,
    0x7fff, 0x7fff, 0x7fff, 0x7fff, 0x1caf, 0x5116, 0x1caf, 0x1caf, 0x5116, 0x5116, 0x5116, 0x1caf,
    0x7fff, 0x779f, 0x779f, 0x779f, 0x7fff, 0x1caf, 0x5116, 0x5116, 0x1caf, 0x7fff, 0x779f, 0x779f,
    0x779f, 0x779f, 0x779f, 0x779f, 0x779f, 0x779f, 0x779f, 0x7fff, 0x1caf, 0x1caf, 0x5116, 0x5116,
    0x1caf, 0x5116, 0x5116, 0x1caf, 0x5116, 0x1caf, 0x7fff, 0x7fff, 0x7fff, 0x1caf, 0x5116, 0x1caf,
    0x1caf, 0x5116, 0x1caf, 0x1caf, 0x5116, 0x1caf, 0x7fff, 0x7fff, 0x7fff, 0x7fff, 0x1caf, 0x5116,
    0x1caf, 0x5116, 0x5116, 0x1caf, 0x1caf, 0x5116, 0x1caf, 0x7fff, 0x779f, 0x779f, 0x779f, 0x779f,
    0x7fff, 0x1caf, 0x1caf, 0x5116, 0x1caf, 0x5116, 0x1caf, 0x5116, 0x1caf, 0x1caf, 0x5116, 0x7fff,
    0x779f, 0x779f, 0x779f, 0x779f, 0x779f, 0x779f, 0x779f, 0x779f, 0x779f, 0x779f, 0x779f, 0x779f,
    0x779f, 0x779f, 0x779f, 0x779f, 0x779f, 0x779f, 0x779f, 0x779f, 0x779f, 0x779f, 0x779f, 0x779f,
    0x779f, 0x779f, 0x779f, 0x779f, 0x779f, 0x779f, 0x779f, 0x779f, 0x779f, 0x779f, 0x7fff, 0x7fff,
    0x7fff, 0x7fff, 0x7fff, 0x7fff, 0x7fff, 0x7fff, 0x7fff, 0x7fff, 0x7fff, 0x7fff, 0x7fff, 0x7fff,
    0x779f, 0x779f, 0x779f, 0x779f, 0x779f, 0x779f, 0x779f, 0x779f, 0x779f, 0x779f, 0x779f, 0x779f,
    0x779f, 0x779f, 0x779f, 0x779f, 0x779f, 0x779f, 0x779f, 0x779f, 0x779f, 0x779f, 0x7fff, 0x7fff,
    0x7fff, 0x7fff, 0x7fff, 0x7fff, 0x7fff, 0x7fff, 0x7fff, 0x7fff, 0x7fff, 0x7fff, 0x7fff, 0x7fff,
    0x7fff, 0x7fff, 0x7fff, 0x7fff, 0x7fff, 0x7fff, 0x7fff, 0x7fff, 0x1caf, 0x1caf, 0x1caf, 0x1caf,
    0x7fff, 0x7fff, 0x7fff, 0x7fff, 0x1caf, 0x1caf, 0x1caf, 0x1caf, 0x7fff, 0x7fff, 0x7fff, 0x7fff,
    0x1caf, 0x1caf, 0x1caf, 0x1caf, 0x7fff, 0x7fff, 0x7fff, 0x5116, 0x1caf, 0x1caf, 0x1caf, 0x7fff,
    0x7fff, 0x7fff, 0x1caf, 0x1caf, 0x5116, 0x1caf, 0x5116, 0x1caf, 0x1caf, 0x1caf, 0x7fff, 0x7fff,
    0x7fff, 0x7fff, 0x1caf, 0x1caf, 0x5116, 0x1caf, 0x1caf, 0x1caf, 0x5116, 0x5116, 0x7fff, 0x7fff,
    0x7fff, 0x7fff, 0x7fff, 0x7fff, 0x1caf, 0x5116, 0x1caf, 0x1caf, 0x1caf, 0x5116, 0x1caf, 0x1caf,
    0x7fff, 0x7fff, 0x7fff, 0x7fff, 0x1caf, 0x1caf, 0x5116, 0x1caf, 0x5116, 0x1caf, 0x1caf, 0x1caf,
    0x7fff, 0x7fff, 0x7fff, 0x779f, 0x7fff, 0x5116, 0x5116, 0x1caf, 0x5116, 0x7fff, 0x779f, 0x779f,
    0x779f, 0x779f, 0x779f, 0x779f, 0x779f, 0x7fff, 0x7fff, 0x7fff, 0x5116, 0x5116, 0x1caf, 0x1caf,
    0x5116, 0x1caf, 0x5116, 0x1caf, 0x1caf, 0x1caf, 0x7fff, 0x7fff, 0x7fff, 0x1caf, 0x1caf, 0x5116,
    0x1caf, 0x1caf, 0x1caf, 0x1caf, 0x1caf, 0x1caf, 0x7fff, 0x7fff, 0x7fff, 0x7fff, 0x5116, 0x1caf,
    0x1caf, 0x1caf, 0x1caf, 0x5116, 0x1caf, 0x1caf, 0x5116, 0x7fff, 0x7fff, 0x7fff, 0x7fff, 0x7fff,
    0x7fff, 0x1caf, 0x5116, 0x1caf, 0x5116, 0x1caf, 0x1caf, 0x1caf, 0x5116, 0x1caf, 0x1caf, 0x7fff,
    0x779f, 0x779f, 0x779f, 0x779f, 0x779f, 0x779f, 0x779f, 0x779f, 0x779f, 0x779f, 0x779f, 0x779f,
    0x779f, 0x779f, 0x779f, 0x779f, 0x779f, 0x779f, 0x779f, 0x779f, 0x779f, 0x779f, 0x779f, 0x779f,
    0x779f, 0x779f, 0x779f, 0x779f, 0x779f, 0x779f, 0x779f, 0x779f, 0x779f, 0x779f, 0x779f, 0x779f,
    0x779f, 0x7fff, 0x7fff, 0x7fff, 0x7fff, 0x7fff, 0x7fff, 0x7fff, 0x7fff, 0x7fff, 0x7fff, 0x7fff,
    0x779f, 0x779f, 0x779f, 0x779f, 0x779f, 0x779f, 0x779f, 0x779f, 0x779f, 0x779f, 0x779f, 0x779f,
    0x779f, 0x779f, 0x779f, 0x779f, 0x779f, 0x779f, 0x779f, 0x779f, 0x779f, 0x7fff, 0x7fff, 0x7fff,
    0x7fff, 0x7fff, 0x7fff, 0x7fff, 0x7fff, 0x7fff, 0x7fff, 0x7fff, 0x7fff, 0x7fff, 0x7fff, 0x7fff,
    0x7fff, 0x7fff, 0x7fff, 0x7fff, 0x7fff, 0x7fff, 0x7fff, 0x7fff, 0x1caf, 0x1caf, 0x1caf, 0x1caf,
    0x7fff, 0x7fff, 0x7fff, 0x7fff, 0x1caf, 0x1caf, 0x1caf, 0x1caf, 0x7fff, 0x7fff, 0x7fff, 0x7fff,
    0x5116, 0x1caf, 0x1caf, 0x1caf, 0x7fff, 0x7fff, 0x7fff, 0x1caf, 0x1caf, 0x1caf, 0x5116, 0x7fff,
    0x7fff, 0x7fff, 0x1caf, 0x5116, 0x1caf, 0x1caf, 0x7fff, 0x7fff, 0x1caf, 0x5116, 0x1caf, 0x1caf,
    0x7fff, 0x7fff, 0x1caf, 0x1caf, 0x1caf, 0x1caf, 0x7fff, 0x7fff, 0x1caf, 0x1caf, 0x1caf, 0x1caf,
    0x7fff, 0x7fff, 0x1caf, 0x5116, 0x1caf, 0x1caf, 0x7fff, 0x7fff, 0x7fff, 0x7fff, 0x1caf, 0x5116,
    0x1caf, 0x1caf, 0x7fff, 0x7fff, 0x1caf, 0x1caf, 0x1caf, 0x1caf, 0x7fff, 0x7fff, 0x1caf, 0x1caf,
    0x1caf, 0x1caf, 0x7fff, 0x779f, 0x7fff, 0x1caf, 0x5116, 0x1caf, 0x1caf, 0x7fff, 0x779f, 0x779f,
    0x779f, 0x779f, 0x779f, 0x779f, 0x779f, 0x7fff, 0x5116, 0x1caf, 0x5116, 0x1caf, 0x7fff, 0x7fff,
    0x7fff, 0x7fff, 0x1caf, 0x1caf, 0x5116, 0x1caf, 0x7fff, 0x7fff, 0x7fff, 0x7fff, 0x7fff, 0x7fff,
    0x7fff, 0x7fff, 0x7fff, 0x7fff, 0x1caf, 0x1caf, 0x1caf, 0x1caf, 0x7fff, 0x7fff, 0x1caf, 0x5116,
    0x1caf, 0x5116, 0x7fff, 0x7fff, 0x7fff, 0x1caf, 0x1caf, 0x1caf, 0x1caf, 0x7fff, 0x7fff, 0x1caf,
    0x5116, 0x1caf, 0x1caf, 0x7fff, 0x7fff, 0x7fff, 0x7fff, 0x1caf, 0x1caf, 0x5116, 0x1caf, 0x7fff,
    0x779f, 0x779f, 0x779f, 0x779f, 0x779f, 0x779f, 0x779f, 0x779f, 0x779f, 0x779f, 0x779f, 0x779f,
    0x779f, 0x779f, 0x779f, 0x779f, 0x779f, 0x779f, 0x779f, 0x779f, 0x779f, 0x779f, 0x779f, 0x779f,
    0x779f, 0x779f, 0x779f, 0x779f, 0x779f, 0x779f, 0x779f, 0x779f, 0x779f, 0x779f, 0x779f, 0x779f,
    0x779f, 0x7fff, 0x7fff, 0x7fff, 0x7fff, 0x7fff, 0x7fff, 0x7fff, 0x7fff, 0x7fff, 0x7fff, 0x7fff,
    0x779f, 0x779f, 0x779f, 0x779f, 0x779f, 0x779f, 0x779f, 0x779f, 0x779f, 0x779f, 0x779f, 0x779f,
    0x779f, 0x779f, 0x779f, 0x779f, 0x779f, 0x779f, 0x779f, 0x779f, 0x7fff, 0x7fff, 0x7fff, 0x7fff,
    0x7fff, 0x7fff, 0x7fff, 0x7fff, 0x7fff, 0x7fff, 0x7fff, 0x7fff, 0x7fff, 0x7fff, 0x7fff, 0x7fff,
    0x7fff, 0x7fff, 0x7fff, 0x7fff, 0x7fff, 0x7fff, 0x7fff, 0x7fff, 0x1caf, 0x1caf, 0x1caf, 0x1caf,
    0x7fff, 0x7fff, 0x7fff, 0x7fff, 0x1caf, 0x1caf, 0x1caf, 0x1caf, 0x7fff, 0x7fff, 0x7fff, 0x7fff,
    0x1caf, 0x1caf, 0x1caf, 0x1caf, 0x7fff, 0x7fff, 0x7fff, 0x1caf, 0x1caf, 0x1caf, 0x1caf, 0x7fff,
    0x7fff, 0x7fff, 0x1caf, 0x1caf, 0x1caf, 0x1caf, 0x7fff, 0x7fff, 0x1caf, 0x1caf, 0x1caf, 0x1caf,
    0x7fff, 0x7fff, 0x5116, 0x1caf, 0x1caf, 0x1caf, 0x7fff, 0x7fff, 0x1caf, 0x5116, 0x1caf, 0x1caf,
    0x7fff, 0x7fff, 0x1caf, 0x1caf, 0x5116, 0x1caf, 0x7fff, 0x7fff, 0x7fff, 0x7fff, 0x1caf, 0x1caf,
    0x1caf, 0x5116, 0x7fff, 0x7fff, 0x1caf, 0x5116, 0x1caf, 0x1caf, 0x7fff, 0x7fff, 0x1caf, 0x1caf,
    0x1caf, 0x1caf, 0x7fff, 0x779f, 0x7fff, 0x1caf, 0x1caf, 0x5116, 0x1caf, 0x7fff, 0x779f, 0x779f,
    0x779f, 0x779f, 0x779f, 0x779f, 0x779f, 0x7fff, 0x1caf, 0x1caf, 0x5116, 0x1caf, 0x7fff, 0x779f,
    0x779f, 0x7fff, 0x1caf, 0x1caf, 0x1caf, 0x1caf, 0x7fff, 0x779f, 0x7fff, 0x7fff, 0x7fff, 0x7fff,
    0x7fff, 0x7fff, 0x7fff, 0x7fff, 0x5116, 0x1caf, 0x1caf, 0x1caf, 0x7fff, 0x7fff, 0x1caf, 0x1caf,
    0x1caf, 0x1caf, 0x7fff, 0x779f, 0x7fff, 0x1caf, 0x1caf, 0x1caf, 0x1caf, 0x7fff, 0x7fff, 0x1caf,
    0x1caf, 0x1caf, 0x5116, 0x7fff, 0x779f, 0x779f, 0x7fff, 0x1caf, 0x1caf, 0x1caf, 0x1caf, 0x7fff,
    0x779f, 0x779f, 0x779f, 0x779f, 0x779f, 0x779f, 0x779f, 0x779f, 0x779f, 0x779f, 0x779f, 0x779f,
    0x779f, 0x779f, 0x779f, 0x779f, 0x779f, 0x779f, 0x779f, 0x779f, 0x779f, 0x779f, 0x779f, 0x779f,
    0x779f, 0x779f, 0x779f, 0x779f, 0x779f, 0x779f, 0x779f, 0x779f, 0x779f, 0x779f, 0x779f, 0x779f,
    0x779f, 0x7fff, 0x7fff, 0x7fff, 0x7fff, 0x7fff, 0x7fff, 0x7fff, 0x7fff, 0x7fff, 0x7fff, 0x7fff,
    0x779f, 0x779f, 0x779f, 0x779f, 0x779f, 0x779f, 0x779f, 0x779f, 0x779f, 0x779f, 0x779f, 0x779f,
    0x779f, 0x779f, 0x779f, 0x779f, 0x779f, 0x779f, 0x779f, 0x7fff, 0x7fff, 0x7fff, 0x7fff, 0x7fff,
    0x7fff, 0x7fff, 0x7fff, 0x7fff, 0x7fff, 0x7fff, 0x7fff, 0x7fff, 0x7fff, 0x7fff, 0x7fff, 0x7fff,
    0x7fff, 0x7fff, 0x7fff, 0x7fff, 0x7fff, 0x7fff, 0x7fff, 0x7fff, 0x1caf, 0x1caf, 0x1caf, 0x1caf,
    0x7fff, 0x7fff, 0x7fff, 0x7fff, 0x1caf, 0x1caf, 0x1caf, 0x1caf, 0x7fff, 0x7fff, 0x7fff, 0x7fff,
    0x1caf, 0x1caf, 0x1caf, 0x1caf, 0x7fff, 0x7fff, 0x7fff, 0x1caf, 0x1caf, 0x5116, 0x1caf, 0x7fff,
    0x7fff, 0x7fff, 0x1caf, 0x1caf, 0x1caf, 0x1caf, 0x7fff, 0x7fff, 0x1caf, 0x1caf, 0x1caf, 0x1caf,
    0x7fff, 0x7fff, 0x1caf, 0x1caf, 0x1caf, 0x1caf, 0x7fff, 0x7fff, 0x1caf, 0x1caf, 0x1caf, 0x1caf,
    0x7fff, 0x7fff, 0x1caf, 0x1caf, 0x1caf, 0x1caf, 0x7fff, 0x779f, 0x779f, 0x7fff, 0x1caf, 0x1caf,
    0x1caf, 0x1caf, 0x7fff, 0x7fff, 0x1caf, 0x1caf, 0x1caf, 0x1caf, 0x7fff, 0x7fff, 0x1caf, 0x1caf,
    0x1caf, 0x1caf, 0x7fff, 0x779f, 0x7fff, 0x1caf, 0x1caf, 0x1caf, 0x1caf, 0x7fff, 0x779f, 0x779f,
    0x779f, 0x779f, 0x779f, 0x779f, 0x779f, 0x7fff, 0x5116, 0x5116, 0x1caf, 0x1caf, 0x7fff, 0x779f,
    0x779f, 0x7fff, 0x1caf, 0x1caf, 0x1caf, 0x1caf, 0x7fff, 0x779f, 0x779f, 0x7fff, 0x7fff, 0x7fff,
    0x7fff, 0x7fff, 0x7fff, 0x7fff, 0x1caf, 0x1caf, 0x1caf, 0x1caf, 0x7fff, 0x7fff, 0x1caf, 0x1caf,
    0x5116, 0x1caf, 0x7fff, 0x779f, 0x7fff, 0x1caf, 0x1caf, 0x5116, 0x1caf, 0x7fff, 0x7fff, 0x1caf,
    0x5116, 0x1caf, 0x1caf, 0x7fff, 0x779f, 0x779f, 0x7fff, 0x1caf, 0x5116, 0x1caf, 0x1caf, 0x7fff,
    0x779f, 0x779f, 0x779f, 0x779f, 0x779f, 0x779f, 0x779f, 0x779f, 0x779f, 0x779f, 0x779f, 0x779f,
    0x779f, 0x779f, 0x779f, 0x779f, 0x779f, 0x779f, 0x779f, 0x779f, 0x779f, 0x779f, 0x779f, 0x779f,
    0x779f, 0x779f, 0x779f, 0x779f, 0x779f, 0x779f, 0x779f, 0x779f, 0x779f, 0x779f, 0x779f, 0x779f,
    0x779f, 0x7fff, 0x7fff, 0x7fff, 0x7fff, 0x7fff, 0x7fff, 0x7fff, 0x7fff, 0x7fff, 0x7fff, 0x7fff,
    0x779f, 0x779f, 0x779f, 0x779f, 0x779f, 0x779f, 0x779f, 0x779f, 0x779f, 0x779f, 0x779f, 0x779f,
    0x779f, 0x779f, 0x779f, 0x779f, 0x779f, 0x779f, 0x779f, 0x7fff, 0x7fff, 0x7fff, 0x7fff, 0x7fff,
    0x7fff, 0x7fff, 0x7fff, 0x7fff, 0x7fff, 0x7fff, 0x7fff, 0x7fff, 0x7fff, 0x7fff, 0x7fff, 0x7fff,
    0x7fff, 0x7fff, 0x7fff, 0x7fff, 0x7fff, 0x7fff, 0x7fff, 0x7fff, 0x1caf, 0x1caf, 0x1caf, 0x1caf,
    0x7fff, 0x7fff, 0x7fff, 0x7fff, 0x1caf, 0x1caf, 0x1caf, 0x1caf, 0x7fff, 0x7fff, 0x7fff, 0x7fff,
    0x1caf, 0x1caf, 0x1caf, 0x1caf, 0x7fff, 0x7fff, 0x7fff, 0x1caf, 0x1caf, 0x1caf, 0x1caf, 0x7fff,
    0x7fff, 0x7fff, 0x1caf, 0x1caf, 0x1caf, 0x1caf, 0x7fff, 0x7fff, 0x1caf, 0x1caf, 0x1caf, 0x1caf,
    0x7fff, 0x7fff, 0x1caf, 0x1caf, 0x1caf, 0x1caf, 0x7fff, 0x7fff, 0x1caf, 0x1caf, 0x1caf, 0x1caf,
    0x7fff, 0x7fff, 0x1caf, 0x1caf, 0x1caf, 0x1caf, 0x7fff, 0x779f, 0x779f, 0x7fff, 0x1caf, 0x1caf,
    0x1caf, 0x1caf, 0x7fff, 0x7fff, 0x1caf, 0x1caf, 0x1caf, 0x1caf, 0x7fff, 0x7fff, 0x1caf, 0x1caf,
    0x1caf, 0x1caf, 0x7fff, 0x779f, 0x7fff, 0x1caf, 0x1caf, 0x1caf, 0x1caf, 0x7fff, 0x7fff, 0x7fff,
    0x7fff, 0x7fff, 0x779f, 0x779f, 0x779f, 0x7fff, 0x1caf, 0x1caf, 0x1caf, 0x1caf, 0x7fff, 0x779f,
    0x779f, 0x7fff, 0x1caf, 0x1caf, 0x1caf, 0x1caf, 0x7fff, 0x779f, 0x779f, 0x779f, 0x7fff, 0x7fff,
    0x7fff, 0x7fff, 0x7fff, 0x7fff, 0x1caf, 0x1caf, 0x1caf, 0x1caf, 0x7fff, 0x7fff, 0x1caf, 0x1caf,
    0x1caf, 0x1caf, 0x7fff, 0x779f, 0x7fff, 0x1caf, 0x1caf, 0x1caf, 0x1caf, 0x7fff, 0x7fff, 0x1caf,
    0x1caf, 0x1caf, 0x1caf, 0x7fff, 0x7fff, 0x7fff, 0x7fff, 0x1caf, 0x1caf, 0x1caf, 0x1caf, 0x7fff,
    0x779f, 0x779f, 0x779f, 0x779f, 0x779f, 0x779f, 0x779f, 0x779f, 0x779f, 0x779f, 0x779f, 0x779f,
    0x779f, 0x779f, 0x779f, 0x779f, 0x779f, 0x779f, 0x779f, 0x779f, 0x779f, 0x779f, 0x779f, 0x779f,
    0x779f, 0x779f, 0x779f, 0x779f, 0x779f, 0x779f, 0x779f, 0x779f, 0x779f, 0x7fff, 0x7fff, 0x7fff,
    0x7fff, 0x7fff, 0x7fff, 0x7fff, 0x7fff, 0x7fff, 0x7fff, 0x7fff, 0x7fff, 0x7fff, 0x7fff, 0x7fff,
    0x779f, 0x779f, 0x779f, 0x779f, 0x779f, 0x779f, 0x779f, 0x779f, 0x779f, 0x779f, 0x779f, 0x779f,
    0x779f, 0x779f, 0x779f, 0x779f, 0x779f, 0x779f, 0x779f, 0x7fff, 0x7fff, 0x7fff, 0x7fff, 0x7fff,
    0x7fff, 0x7fff, 0x7fff, 0x7fff, 0x7fff, 0x7fff, 0x7fff, 0x7fff, 0x7fff, 0x7fff, 0x7fff, 0x7fff,
    0x7fff, 0x7fff, 0x7fff, 0x7fff, 0x7fff, 0x7fff, 0x7fff, 0x7fff, 0x1caf, 0x1caf, 0x1caf, 0x1caf,
    0x7fff, 0x7fff, 0x7fff, 0x7fff, 0x1caf, 0x1caf, 0x1caf, 0x1caf, 0x7fff, 0x7fff, 0x7fff, 0x7fff,
    0x1caf, 0x1caf, 0x1caf, 0x1caf, 0x7fff, 0x7fff, 0x7fff, 0x1caf, 0x1caf, 0x1caf, 0x1caf, 0x7fff,
    0x7fff, 0x7fff, 0x1caf, 0x1caf, 0x1caf, 0x1caf, 0x7fff, 0x7fff, 0x7fff, 0x7fff, 0x7fff, 0x7fff,
    0x7fff, 0x7fff, 0x1caf, 0x1caf, 0x1caf, 0x1caf, 0x7fff, 0x7fff, 0x7fff, 0x7fff, 0x7fff, 0x7fff,
    0x7fff, 0x7fff, 0x1caf, 0x1caf, 0x1caf, 0x1caf, 0x7fff, 0x779f, 0x779f, 0x7fff, 0x1caf, 0x1caf,
    0x5116, 0x1caf, 0x7fff, 0x7fff, 0x1caf, 0x1caf, 0x1caf, 0x1caf, 0x7fff, 0x7fff, 0x7fff, 0x7fff,
    0x7fff, 0x7fff, 0x7fff, 0x779f, 0x7fff, 0x7fff, 0x7fff, 0x1caf, 0x1caf, 0x1caf, 0x1caf, 0x1caf,
    0x1caf, 0x7fff, 0x779f, 0x779f, 0x779f, 0x7fff, 0x1caf, 0x5116, 0x1caf, 0x1caf, 0x7fff, 0x779f,
    0x779f, 0x7fff, 0x7fff, 0x7fff, 0x7fff, 0x7fff, 0x7fff, 0x779f, 0x779f, 0x779f, 0x779f, 0x7fff,
    0x7fff, 0x7fff, 0x7fff, 0x7fff, 0x1caf, 0x1caf, 0x1caf, 0x1caf, 0x7fff, 0x7fff, 0x1caf, 0x1caf,
    0x1caf, 0x1caf, 0x7fff, 0x779f, 0x7fff, 0x1caf, 0x1caf, 0x1caf, 0x1caf, 0x7fff, 0x7fff, 0x1caf,
    0x1caf, 0x1caf, 0x1caf, 0x1caf, 0x1caf, 0x1caf, 0x1caf, 0x1caf, 0x1caf, 0x7fff, 0x7fff, 0x7fff,
    0x779f, 0x779f, 0x779f, 0x779f, 0x779f, 0x779f, 0x779f, 0x779f, 0x779f, 0x779f, 0x779f, 0x779f,
    0x779f, 0x779f, 0x779f, 0x779f, 0x779f, 0x779f, 0x779f, 0x779f, 0x779f, 0x779f, 0x779f, 0x779f,
    0x779f, 0x779f, 0x779f, 0x779f, 0x779f, 0x779f, 0x779f, 0x779f, 0x7fff, 0x7fff, 0x7fff, 0x7fff,
    0x7fff, 0x7fff, 0x7fff, 0x7fff, 0x7fff, 0x7fff, 0x7fff, 0x7fff, 0x7fff, 0x7fff, 0x7fff, 0x7fff,
    0x779f, 0x779f, 0x779f, 0x779f, 0x779f, 0x779f, 0x779f, 0x779f, 0x779f, 0x779f, 0x779f, 0x779f,
    0x779f, 0x779f, 0x779f, 0x779f, 0x779f, 0x779f, 0x779f, 0x7fff, 0x7fff, 0x7fff, 0x7fff, 0x7fff,
    0x7fff, 0x7fff, 0x7fff, 0x7fff, 0x7fff, 0x7fff, 0x7fff, 0x7fff, 0x7fff, 0x7fff, 0x7fff, 0x7fff,
    0x7fff, 0x7fff, 0x7fff, 0x7fff, 0x7fff, 0x7fff, 0x7fff, 0x7fff, 0x1caf, 0x1caf, 0x1caf, 0x1caf,
    0x7fff, 0x7fff, 0x7fff, 0x7fff, 0x1caf, 0x1caf, 0x1caf, 0x1caf, 0x7fff, 0x7fff, 0x7fff, 0x7fff,
    0x1caf, 0x1caf, 0x1caf, 0x1caf, 0x7fff, 0x7fff, 0x7fff, 0x1caf, 0x1caf, 0x1caf, 0x1caf, 0x7fff,
    0x7fff, 0x7fff, 0x1caf, 0x1caf, 0x1caf, 0x1caf, 0x7fff, 0x779f, 0x779f, 0x779f, 0x779f, 0x779f,
    0x779f, 0x7fff, 0x1caf, 0x1caf, 0x1caf, 0x1caf, 0x7fff, 0x779f, 0x779f, 0x779f, 0x779f, 0x779f,
    0x779f, 0x7fff, 0x1caf, 0x1caf, 0x1caf, 0x1caf, 0x7fff, 0x779f, 0x779f, 0x7fff, 0x1caf, 0x1caf,
    0x1caf, 0x1caf, 0x7fff, 0x7fff, 0x1caf, 0x1caf, 0x1caf, 0x1caf, 0x7fff, 0x779f, 0x779f, 0x779f,
    0x779f, 0x779f, 0x779f, 0x779f, 0x779f, 0x779f, 0x7fff, 0x1caf, 0x1caf, 0x1caf, 0x1caf, 0x1caf,
    0x1caf, 0x7fff, 0x7fff, 0x7fff, 0x779f, 0x7fff, 0x1caf, 0x1caf, 0x1caf, 0x1caf, 0x7fff, 0x779f,
    0x779f, 0x779f, 0x779f, 0x779f, 0x779f, 0x779f, 0x779f, 0x779f, 0x779f, 0x779f, 0x779f, 0x7fff,
    0x7fff, 0x7fff, 0x7fff, 0x7fff, 0x1caf, 0x1caf, 0x1caf, 0x1caf, 0x7fff, 0x7fff, 0x1caf, 0x1caf,
    0x1caf, 0x1caf, 0x7fff, 0x779f, 0x7fff, 0x1caf, 0x1caf, 0x1caf, 0x1caf, 0x7fff, 0x7fff, 0x1caf,
    0x1caf, 0x1caf, 0x1caf, 0x1caf, 0x1caf, 0x1caf, 0x1caf, 0x1caf, 0x1caf, 0x7fff, 0x779f, 0x779f,
    0x779f, 0x779f, 0x779f, 0x779f, 0x779f, 0x779f, 0x779f, 0x779f, 0x779f, 0x779f, 0x779f, 0x779f,
    0x779f, 0x779f, 0x779f, 0x779f, 0x779f, 0x779f, 0x779f, 0x779f, 0x779f, 0x779f, 0x779f, 0x779f,
    0x779f, 0x779f, 0x779f, 0x779f, 0x779f, 0x779f, 0x779f, 0x7fff, 0x7fff, 0x7fff, 0x7fff, 0x7fff,
    0x7fff, 0x7fff, 0x7fff, 0x7fff, 0x7fff, 0x7fff, 0x7fff, 0x7fff, 0x7fff, 0x7fff, 0x7fff, 0x7fff,
    0x779f, 0x779f, 0x779f, 0x779f, 0x779f, 0x779f, 0x779f, 0x779f, 0x779f, 0x779f, 0x779f, 0x779f,
    0x779f, 0x779f, 0x779f, 0x779f, 0x779f, 0x779f, 0x779f, 0x7fff, 0x7fff, 0x7fff, 0x7fff, 0x7fff,
    0x7fff, 0x7fff, 0x7fff, 0x7fff, 0x7fff, 0x7fff, 0x7fff, 0x7fff, 0x7fff, 0x7fff, 0x7fff, 0x7fff,
    0x7fff, 0x7fff, 0x7fff, 0x7fff, 0x7fff, 0x7fff, 0x7fff, 0x7fff, 0x1caf, 0x1caf, 0x1caf, 0x1caf,
    0x7fff, 0x7fff, 0x7fff, 0x7fff, 0x1caf, 0x1caf, 0x1caf, 0x1caf, 0x7fff, 0x7fff, 0x7fff, 0x7fff,
    0x1caf, 0x1caf, 0x1caf, 0x1caf, 0x7fff, 0x7fff, 0x7fff, 0x1caf, 0x1caf, 0x1caf, 0x1caf, 0x7fff,
    0x7fff, 0x7fff, 0x1caf, 0x1caf, 0x1caf, 0x1caf, 0x7fff, 0x779f, 0x779f, 0x779f, 0x779f, 0x779f,
    0x779f, 0x7fff, 0x1caf, 0x1caf, 0x1caf, 0x1caf, 0x7fff, 0x779f, 0x779f, 0x779f, 0x779f, 0x779f,
    0x779f, 0x7fff, 0x1caf, 0x1caf, 0x1caf, 0x1caf, 0x7fff, 0x779f, 0x779f, 0x7fff, 0x1caf, 0x1caf,
    0x1caf, 0x1caf, 0x7fff, 0x7fff, 0x1caf, 0x1caf, 0x1caf, 0x1caf, 0x7fff, 0x779f, 0x779f, 0x779f,
    0x779f, 0x779f, 0x779f, 0x779f, 0x779f, 0x779f, 0x7fff, 0x7fff, 0x7fff, 0x1caf, 0x1caf, 0x1caf,
    0x1caf, 0x1caf, 0x1caf, 0x7fff, 0x779f, 0x7fff, 0x1caf, 0x1caf, 0x1caf, 0x1caf, 0x7fff, 0x779f,
    0x779f, 0x779f, 0x779f, 0x779f, 0x779f, 0x779f, 0x779f, 0x779f, 0x779f, 0x779f, 0x7fff, 0x7fff,
    0x1caf, 0x1caf, 0x1caf, 0x1caf, 0x1caf, 0x1caf, 0x1caf, 0x1caf, 0x7fff, 0x7fff, 0x1caf, 0x1caf,
    0x1caf, 0x1caf, 0x7fff, 0x779f, 0x7fff, 0x1caf, 0x1caf, 0x1caf, 0x1caf, 0x7fff, 0x7fff, 0x1caf,
    0x1caf, 0x1caf, 0x1caf, 0x1caf, 0x1caf, 0x1caf, 0x1caf, 0x7fff, 0x7fff, 0x7fff, 0x779f, 0x779f,
    0x779f, 0x779f, 0x779f, 0x779f, 0x779f, 0x779f, 0x779f, 0x779f, 0x779f, 0x779f, 0x779f, 0x779f,
    0x779f, 0x779f, 0x779f, 0x7fff, 0x7fff, 0x7fff, 0x7fff, 0x7fff, 0x7fff, 0x779f, 0x779f, 0x779f,
    0x779f, 0x779f, 0x779f, 0x779f, 0x779f, 0x779f, 0x7fff, 0x7fff, 0x7fff, 0x7fff, 0x7fff, 0x7fff,
    0x7fff, 0x7fff, 0x7fff, 0x7fff, 0x7fff, 0x7fff, 0x7fff, 0x7fff, 0x7fff, 0x7fff, 0x7fff, 0x7fff,
    0x779f, 0x779f, 0x779f, 0x779f, 0x779f, 0x779f, 0x779f, 0x779f, 0x779f, 0x779f, 0x779f, 0x779f,
    0x779f, 0x779f, 0x779f, 0x779f, 0x779f, 0x779f, 0x779f, 0x7fff, 0x7fff, 0x7fff, 0x7fff, 0x7fff,
    0x7fff, 0x7fff, 0x7fff, 0x7fff, 0x7fff, 0x7fff, 0x7fff, 0x7fff, 0x7fff, 0x7fff, 0x7fff, 0x7fff,
    0x7fff, 0x7fff, 0x7fff, 0x7fff, 0x7fff, 0x7fff, 0x7fff, 0x7fff, 0x1caf, 0x1caf, 0x1caf, 0x1caf,
    0x7fff, 0x7fff, 0x7fff, 0x7fff, 0x1caf, 0x1caf, 0x1caf, 0x1caf, 0x7fff, 0x7fff, 0x7fff, 0x7fff,
    0x1caf, 0x1caf, 0x1caf, 0x1caf, 0x7fff, 0x7fff, 0x7fff, 0x1caf, 0x1caf, 0x1caf, 0x1caf, 0x7fff,
    0x7fff, 0x7fff, 0x1caf, 0x1caf, 0x1caf, 0x1caf, 0x7fff, 0x779f, 0x779f, 0x779f, 0x779f, 0x779f,
    0x779f, 0x7fff, 0x1caf, 0x1caf, 0x1caf, 0x1caf, 0x7fff, 0x779f, 0x779f, 0x779f, 0x779f, 0x779f,
    0x779f, 0x7fff, 0x1caf, 0x1caf, 0x1caf, 0x1caf, 0x7fff, 0x779f, 0x779f, 0x7fff, 0x1caf, 0x1caf,
    0x1caf, 0x1caf, 0x7fff, 0x7fff, 0x1caf, 0x1caf, 0x1caf, 0x1caf, 0x7fff, 0x779f, 0x779f, 0x779f,
    0x779f, 0x779f, 0x779f, 0x779f, 0x779f, 0x779f, 0x779f, 0x779f, 0x7fff, 0x1caf, 0x1caf, 0x1caf,
    0x1caf, 0x1caf, 0x1caf, 0x7fff, 0x7fff, 0x7fff, 0x1caf, 0x1caf, 0x1caf, 0x1caf, 0x7fff, 0x779f,
    0x779f, 0x779f, 0x779f, 0x779f, 0x779f, 0x7fff, 0x7fff, 0x7fff, 0x7fff, 0x7fff, 0x7fff, 0x7fff,
    0x1caf, 0x1caf, 0x1caf, 0x1caf, 0x1caf, 0x1caf, 0x1caf, 0x1caf, 0x7fff, 0x7fff, 0x1caf, 0x1caf,
    0x1caf, 0x1caf, 0x7fff, 0x779f, 0x7fff, 0x1caf, 0x1caf, 0x1caf, 0x1caf, 0x7fff, 0x7fff, 0x1caf,
    0x1caf, 0x1caf, 0x1caf, 0x1caf, 0x1caf, 0x1caf, 0x1caf, 0x7fff, 0x779f, 0x779f, 0x779f, 0x779f,
    0x779f, 0x779f, 0x779f, 0x779f, 0x779f, 0x779f, 0x779f, 0x779f, 0x779f, 0x779f, 0x779f, 0x779f,
    0x779f, 0x779f, 0x7fff, 0x7fff, 0x7fff, 0x7fff, 0x7fff, 0x7fff, 0x7fff, 0x7fff, 0x779f, 0x779f,
    0x779f, 0x779f, 0x779f, 0x779f, 0x779f, 0x7fff, 0x7fff, 0x7fff, 0x7fff, 0x7fff, 0x7fff, 0x7fff,
    0x7fff, 0x7fff, 0x7fff, 0x7fff, 0x7fff, 0x7fff, 0x7fff, 0x7fff, 0x7fff, 0x7fff, 0x7fff, 0x7fff,
    0x779f, 0x779f, 0x779f, 0x779f, 0x779f, 0x779f, 0x779f, 0x779f, 0x779f, 0x779f, 0x779f, 0x779f,
    0x779f, 0x779f, 0x779f, 0x779f, 0x779f, 0x779f, 0x779f, 0x7fff, 0x7fff, 0x7fff, 0x7fff, 0x7fff,
    0x7fff, 0x7fff, 0x7fff, 0x7fff, 0x7fff, 0x7fff, 0x7fff, 0x7fff, 0x7fff, 0x7fff, 0x7fff, 0x7fff,
    0x7fff, 0x7fff, 0x7fff, 0x7fff, 0x7fff, 0x7fff, 0x7fff, 0x7fff, 0x1caf, 0x1caf, 0x1caf, 0x1caf,
    0x7fff, 0x7fff, 0x7fff, 0x7fff, 0x1caf, 0x1caf, 0x1caf, 0x1caf, 0x7fff, 0x7fff, 0x7fff, 0x7fff,
    0x1caf, 0x1caf, 0x1caf, 0x1caf, 0x7fff, 0x7fff, 0x7fff, 0x1caf, 0x1caf, 0x1caf, 0x1caf, 0x7fff,
    0x7fff, 0x7fff, 0x1caf, 0x1caf, 0x1caf, 0x1caf, 0x7fff, 0x779f, 0x779f, 0x779f, 0x779f, 0x779f,
    0x779f, 0x7fff, 0x1caf, 0x1caf, 0x1caf, 0x1caf, 0x7fff, 0x779f, 0x779f, 0x779f, 0x779f, 0x779f,
    0x779f, 0x7fff, 0x1caf, 0x1caf, 0x1caf, 0x1caf, 0x7fff, 0x779f, 0x779f, 0x7fff, 0x1caf, 0x1caf,
    0x1caf, 0x1caf, 0x7fff, 0x7fff, 0x1caf, 0x1caf, 0x1caf, 0x1caf, 0x7fff, 0x779f, 0x779f, 0x779f,
    0x779f, 0x779f, 0x779f, 0x779f, 0x779f, 0x779f, 0x779f, 0x779f, 0x7fff, 0x7fff, 0x7fff, 0x7fff,
    0x7fff, 0x1caf, 0x1caf, 0x1caf, 0x7fff, 0x7fff, 0x1caf, 0x1caf, 0x1caf, 0x1caf, 0x7fff, 0x779f,
    0x779f, 0x779f, 0x779f, 0x779f, 0x7fff, 0x7fff, 0x7fff, 0x7fff, 0x7fff, 0x7fff, 0x1caf, 0x1caf,
    0x1caf, 0x1caf, 0x1caf, 0x1caf, 0x1caf, 0x1caf, 0x1caf, 0x1caf, 0x7fff, 0x7fff, 0x1caf, 0x1caf,
    0x1caf, 0x1caf, 0x7fff, 0x779f, 0x7fff, 0x1caf, 0x1caf, 0x1caf, 0x1caf, 0x7fff, 0x7fff, 0x1caf,
    0x1caf, 0x1caf, 0x1caf, 0x7fff, 0x7fff, 0x7fff, 0x7fff, 0x7fff, 0x779f, 0x779f, 0x779f, 0x779f,
    0x779f, 0x779f, 0x779f, 0x779f, 0x779f, 0x779f, 0x779f, 0x7fff, 0x7fff, 0x7fff, 0x7fff, 0x7fff,
    0x7fff, 0x7fff, 0x7fff, 0x7fff, 0x7fff, 0x7fff, 0x7fff, 0x7fff, 0x7fff, 0x7fff, 0x7fff, 0x779f,
    0x779f, 0x779f, 0x779f, 0x779f, 0x779f, 0x7fff, 0x7fff, 0x7fff, 0x7fff, 0x7fff, 0x7fff, 0x7fff,
    0x7fff, 0x7fff, 0x7fff, 0x7fff, 0x7fff, 0x7fff, 0x7fff, 0x7fff, 0x7fff, 0x7fff, 0x7fff, 0x7fff,
    0x779f, 0x779f, 0x779f, 0x779f, 0x779f, 0x779f, 0x779f, 0x779f, 0x779f, 0x779f, 0x779f, 0x779f,
    0x779f, 0x779f, 0x779f, 0x779f, 0x779f, 0x779f, 0x779f, 0x7fff, 0x7fff, 0x7fff, 0x7fff, 0x7fff,
    0x7fff, 0x7fff, 0x7fff, 0x7fff, 0x7fff, 0x7fff, 0x7fff, 0x7fff, 0x7fff, 0x7fff, 0x7fff, 0x7fff,
    0x7fff, 0x7fff, 0x7fff, 0x7fff, 0x7fff, 0x7fff, 0x7fff, 0x7fff, 0x1caf, 0x1caf, 0x1caf, 0x1caf,
    0x7fff, 0x7fff, 0x7fff, 0x7fff, 0x1caf, 0x1caf, 0x1caf, 0x1caf, 0x7fff, 0x7fff, 0x7fff, 0x7fff,
    0x1caf, 0x1caf, 0x1caf, 0x1caf, 0x7fff, 0x7fff, 0x7fff, 0x1caf, 0x1caf, 0x1caf, 0x1caf, 0x7fff,
    0x7fff, 0x7fff, 0x1caf, 0x1caf, 0x1caf, 0x1caf, 0x7fff, 0x7fff, 0x779f, 0x779f, 0x779f, 0x779f,
    0x779f, 0x7fff, 0x1caf, 0x1caf, 0x1caf, 0x1caf, 0x7fff, 0x779f, 0x779f, 0x779f, 0x779f, 0x779f,
    0x779f, 0x7fff, 0x1caf, 0x1caf, 0x1caf, 0x1caf, 0x7fff, 0x779f, 0x779f, 0x7fff, 0x1caf, 0x1caf,
    0x1caf, 0x1caf, 0x7fff, 0x7fff, 0x1caf, 0x1caf, 0x1caf, 0x30d2, 0x7fff, 0x779f, 0x779f, 0x779f,
    0x779f, 0x779f, 0x779f, 0x779f, 0x779f, 0x779f, 0x779f, 0x779f, 0x779f, 0x779f, 0x779f, 0x779f,
    0x7fff, 0x1caf, 0x1caf, 0x1caf, 0x7fff, 0x7fff, 0x30d2, 0x1caf, 0x1caf, 0x1caf, 0x7fff, 0x779f,
    0x779f, 0x779f, 0x779f, 0x779f, 0x7fff, 0x7fff, 0x7fff, 0x7fff, 0x7fff, 0x7fff, 0x1caf, 0x1caf,
    0x1caf, 0x1caf, 0x1caf, 0x1caf, 0x1caf, 0x1caf, 0x1caf, 0x1caf, 0x7fff, 0x7fff, 0x1caf, 0x1caf,
    0x1caf, 0x1caf, 0x7fff, 0x7fff, 0x7fff, 0x1caf, 0x1caf, 0x1caf, 0x1caf, 0x7fff, 0x7fff, 0x1caf,
    0x1caf, 0x1caf, 0x1caf, 0x7fff, 0x779f, 0x779f, 0x779f, 0x779f, 0x779f, 0x779f, 0x779f, 0x779f,
    0x779f, 0x779f, 0x779f, 0x779f, 0x779f, 0x779f, 0x7fff, 0x7fff, 0x7fff, 0x7fff, 0x7fff, 0x7fff,
    0x7fff, 0x7fff, 0x7fff, 0x7fff, 0x7fff, 0x7fff, 0x7fff, 0x7fff, 0x7fff, 0x7fff, 0x7fff, 0x7fff,
    0x779f, 0x779f, 0x779f, 0x779f, 0x779f, 0x7fff, 0x7fff, 0x7fff, 0x7fff, 0x7fff, 0x7fff, 0x7fff,
    0x7fff, 0x7fff, 0x7fff, 0x7fff, 0x7fff, 0x7fff, 0x7fff, 0x7fff, 0x7fff, 0x7fff, 0x7fff, 0x7fff,
    0x779f, 0x779f, 0x779f, 0x779f, 0x779f, 0x779f, 0x779f, 0x779f, 0x779f, 0x779f, 0x779f, 0x779f,
    0x779f, 0x779f, 0x779f, 0x779f, 0x779f, 0x779f, 0x779f, 0x7fff, 0x7fff, 0x7fff, 0x7fff, 0x7fff,
    0x7fff, 0x7fff, 0x7fff, 0x7fff, 0x7fff, 0x7fff, 0x7fff, 0x7fff, 0x7fff, 0x7fff, 0x7fff, 0x7fff,
    0x7fff, 0x7fff, 0x7fff, 0x7fff, 0x7fff, 0x7fff, 0x7fff, 0x7fff, 0x1caf, 0x1caf, 0x1caf, 0x1caf,
    0x7fff, 0x7fff, 0x7fff, 0x7fff, 0x1caf, 0x1caf, 0x1caf, 0x1caf, 0x7fff, 0x7fff, 0x7fff, 0x7fff,
    0x1caf, 0x1caf, 0x1caf, 0x1caf, 0x7fff, 0x7fff, 0x7fff, 0x1caf, 0x1caf, 0x1caf, 0x1caf, 0x7fff,
    0x7fff, 0x7fff, 0x1caf, 0x1caf, 0x1caf, 0x1caf, 0x7fff, 0x7fff, 0x7fff, 0x779f, 0x779f, 0x779f,
    0x779f, 0x7fff, 0x1caf, 0x1caf, 0x1caf, 0x1caf, 0x7fff, 0x779f, 0x779f, 0x779f, 0x779f, 0x779f,
    0x779f, 0x7fff, 0x1caf, 0x1caf, 0x1caf, 0x1caf, 0x7fff, 0x779f, 0x779f, 0x7fff, 0x1caf, 0x1caf,
    0x1caf, 0x1caf, 0x7fff, 0x7fff, 0x1caf, 0x1caf, 0x1caf, 0x1caf, 0x7fff, 0x779f, 0x779f, 0x779f,
    0x779f, 0x779f, 0x779f, 0x779f, 0x779f, 0x779f, 0x779f, 0x779f, 0x779f, 0x779f, 0x779f, 0x779f,
    0x7fff, 0x1caf, 0x1caf, 0x1caf, 0x7fff, 0x7fff, 0x1caf, 0x1caf, 0x1caf, 0x1caf, 0x7fff, 0x779f,
    0x779f, 0x779f, 0x779f, 0x779f, 0x7fff, 0x7fff, 0x7fff, 0x7fff, 0x1caf, 0x1caf, 0x1caf, 0x1caf,
    0x7fff, 0x7fff, 0x7fff, 0x7fff, 0x1caf, 0x1caf, 0x1caf, 0x1caf, 0x7fff, 0x7fff, 0x1caf, 0x1caf,
    0x1caf, 0x1caf, 0x7fff, 0x7fff, 0x7fff, 0x1caf, 0x1caf, 0x1caf, 0x1caf, 0x7fff, 0x7fff, 0x1caf,
    0x1caf, 0x1caf, 0x1caf, 0x7fff, 0x779f, 0x779f, 0x779f, 0x779f, 0x779f, 0x779f, 0x779f, 0x779f,
    0x779f, 0x779f, 0x779f, 0x779f, 0x779f, 0x7fff, 0x7fff, 0x7fff, 0x7fff, 0x7fff, 0x7fff, 0x7fff,
    0x7fff, 0x7fff, 0x7fff, 0x7fff, 0x7fff, 0x7fff, 0x7fff, 0x7fff, 0x7fff, 0x7fff, 0x7fff, 0x7fff,
    0x7fff, 0x779f, 0x779f, 0x779f, 0x779f, 0x7fff, 0x7fff, 0x7fff, 0x7fff, 0x7fff, 0x7fff, 0x7fff,
    0x7fff, 0x7fff, 0x7fff, 0x7fff, 0x7fff, 0x7fff, 0x7fff, 0x7fff, 0x7fff, 0x7fff, 0x7fff, 0x7fff,
    0x779f, 0x779f, 0x779f, 0x779f, 0x779f, 0x779f, 0x779f, 0x779f, 0x779f, 0x779f, 0x779f, 0x779f,
    0x779f, 0x779f, 0x779f, 0x779f, 0x779f, 0x779f, 0x779f, 0x7fff, 0x7fff, 0x7fff, 0x7fff, 0x7fff,
    0x7fff, 0x7fff, 0x7fff, 0x7fff, 0x7fff, 0x7fff, 0x7fff, 0x7fff, 0x7fff, 0x7fff, 0x7fff, 0x7fff,
    0x7fff, 0x7fff, 0x7fff, 0x7fff, 0x7fff, 0x7fff, 0x7fff, 0x7fff, 0x1caf, 0x1caf, 0x1caf, 0x1caf,
    0x7fff, 0x7fff, 0x7fff, 0x7fff, 0x1caf, 0x1caf, 0x1caf, 0x1caf, 0x7fff, 0x7fff, 0x7fff, 0x7fff,
    0x1caf, 0x1caf, 0x1caf, 0x1caf, 0x7fff, 0x7fff, 0x7fff, 0x1caf, 0x1caf, 0x1caf, 0x1caf, 0x7fff,
    0x7fff, 0x7fff, 0x1caf, 0x1caf, 0x1caf, 0x1caf, 0x7fff, 0x7fff, 0x7fff, 0x7fff, 0x779f, 0x779f,
    0x779f, 0x7fff, 0x1caf, 0x1caf, 0x1caf, 0x1caf, 0x7fff, 0x779f, 0x779f, 0x779f, 0x779f, 0x779f,
    0x779f, 0x7fff, 0x1caf, 0x1caf, 0x1caf, 0x1caf, 0x7fff, 0x779f, 0x779f, 0x7fff, 0x1caf, 0x1caf,
    0x1caf, 0x30d2, 0x7fff, 0x7fff, 0x30d2, 0x1caf, 0x1caf, 0x1caf, 0x7fff, 0x779f, 0x779f, 0x779f,
    0x779f, 0x779f, 0x779f, 0x779f, 0x779f, 0x779f, 0x779f, 0x779f, 0x779f, 0x779f, 0x779f, 0x779f,
    0x7fff, 0x1caf, 0x1caf, 0x1caf, 0x7fff, 0x7fff, 0x1caf, 0x1caf, 0x1caf, 0x1caf, 0x7fff, 0x7fff,
    0x779f, 0x7fff, 0x7fff, 0x7fff, 0x7fff, 0x7fff, 0x7fff, 0x7fff, 0x1caf, 0x1caf, 0x1caf, 0x1caf,
    0x7fff, 0x7fff, 0x7fff, 0x7fff, 0x1caf, 0x1caf, 0x1caf, 0x1caf, 0x7fff, 0x7fff, 0x1caf, 0x1caf,
    0x1caf, 0x1caf, 0x7fff, 0x7fff, 0x7fff, 0x1caf, 0x1caf, 0x1caf, 0x1caf, 0x7fff, 0x7fff, 0x1caf,
    0x1caf, 0x1caf, 0x1caf, 0x7fff, 0x779f, 0x779f, 0x7fff, 0x7fff, 0x7fff, 0x7fff, 0x7fff, 0x7fff,
    0x779f, 0x779f, 0x779f, 0x779f, 0x779f, 0x7fff, 0x7fff, 0x7fff, 0x7fff, 0x7fff, 0x7fff, 0x7fff,
    0x7fff, 0x7fff, 0x7fff, 0x7fff, 0x7fff, 0x7fff, 0x7fff, 0x7fff, 0x7fff, 0x7fff, 0x7fff, 0x7fff,
    0x7fff, 0x7fff, 0x779f, 0x779f, 0x779f, 0x7fff, 0x7fff, 0x7fff, 0x7fff, 0x7fff, 0x7fff, 0x7fff,
    0x7fff, 0x7fff, 0x7fff, 0x7fff, 0x7fff, 0x7fff, 0x7fff, 0x7fff, 0x7fff, 0x7fff, 0x7fff, 0x7fff,
    0x779f, 0x779f, 0x779f, 0x779f, 0x779f, 0x779f, 0x779f, 0x779f, 0x779f, 0x779f, 0x779f, 0x779f,
    0x779f, 0x779f, 0x779f, 0x779f, 0x779f, 0x779f, 0x779f, 0x779f, 0x7fff, 0x7fff, 0x7fff, 0x7fff,
    0x7fff, 0x7fff, 0x7fff, 0x7fff, 0x7fff, 0x7fff, 0x7fff, 0x7fff, 0x7fff, 0x7fff, 0x7fff, 0x7fff,
    0x7fff, 0x7fff, 0x7fff, 0x7fff, 0x7fff, 0x7fff, 0x7fff, 0x7fff, 0x1caf, 0x1caf, 0x1caf, 0x1caf,
    0x7fff, 0x7fff, 0x7fff, 0x7fff, 0x1caf, 0x1caf, 0x1caf, 0x1caf, 0x7fff, 0x7fff, 0x7fff, 0x7fff,
    0x1caf, 0x1caf, 0x1caf, 0x1caf, 0x7fff, 0x7fff, 0x7fff, 0x1caf, 0x1caf, 0x1caf, 0x1caf, 0x7fff,
    0x7fff, 0x7fff, 0x1caf, 0x1caf, 0x1caf, 0x1caf, 0x7fff, 0x7fff, 0x7fff, 0x7fff, 0x779f, 0x779f,
    0x779f, 0x7fff, 0x1caf, 0x1caf, 0x1caf, 0x30d2, 0x7fff, 0x779f, 0x779f, 0x779f, 0x779f, 0x779f,
    0x779f, 0x7fff, 0x1caf, 0x1caf, 0x1caf, 0x30d2, 0x7fff, 0x779f, 0x779f, 0x7fff, 0x1caf, 0x1caf,
    0x1caf, 0x1caf, 0x7fff, 0x7fff, 0x1caf, 0x1caf, 0x1caf, 0x1caf, 0x7fff, 0x779f, 0x779f, 0x779f,
    0x779f, 0x779f, 0x779f, 0x779f, 0x779f, 0x779f, 0x779f, 0x779f, 0x779f, 0x779f, 0x779f, 0x779f,
    0x7fff, 0x1caf, 0x30d2, 0x1caf, 0x7fff, 0x7fff, 0x1caf, 0x1caf, 0x1caf, 0x1caf, 0x7fff, 0x7fff,
    0x7fff, 0x7fff, 0x1caf, 0x1caf, 0x1caf, 0x1caf, 0x7fff, 0x7fff, 0x1caf, 0x1caf, 0x1caf, 0x1caf,
    0x7fff, 0x7fff, 0x7fff, 0x7fff, 0x30d2, 0x1caf, 0x24cb, 0x1caf, 0x7fff, 0x7fff, 0x1caf, 0x1caf,
    0x1caf, 0x1caf, 0x7fff, 0x7fff, 0x7fff, 0x1caf, 0x1caf, 0x1caf, 0x1caf, 0x7fff, 0x7fff, 0x1caf,
    0x1caf, 0x1caf, 0x1caf, 0x7fff, 0x779f, 0x779f, 0x7fff, 0x1caf, 0x1caf, 0x1caf, 0x1caf, 0x7fff,
    0x779f, 0x779f, 0x779f, 0x779f, 0x7fff, 0x7fff, 0x7fff, 0x7fff, 0x7fff, 0x7fff, 0x7fff, 0x7fff,
    0x7fff, 0x7fff, 0x7fff, 0x7fff, 0x7fff, 0x7fff, 0x7fff, 0x7fff, 0x7fff, 0x7fff, 0x7fff, 0x7fff,
    0x7fff, 0x7fff, 0x7fff, 0x7fff, 0x7fff, 0x7fff, 0x7fff, 0x7fff, 0x7fff, 0x7fff, 0x7fff, 0x7fff,
    0x7fff, 0x7fff, 0x7fff, 0x7fff, 0x7fff, 0x7fff, 0x7fff, 0x7fff, 0x7fff, 0x7fff, 0x7fff, 0x7fff,
    0x779f, 0x779f, 0x779f, 0x779f, 0x779f, 0x779f, 0x779f, 0x779f, 0x779f, 0x7fff, 0x7fff, 0x7fff,
    0x7fff, 0x779f, 0x779f, 0x779f, 0x779f, 0x779f, 0x779f, 0x779f, 0x7fff, 0x7fff, 0x7fff, 0x7fff,
    0x7fff, 0x7fff, 0x7fff, 0x7fff, 0x7fff, 0x7fff, 0x7fff, 0x7fff, 0x7fff, 0x7fff, 0x7fff, 0x7fff,
    0x7fff, 0x7fff, 0x7fff, 0x7fff, 0x7fff, 0x7fff, 0x7fff, 0x7fff, 0x1caf, 0x1caf, 0x1caf, 0x1caf,
    0x7fff, 0x7fff, 0x7fff, 0x7fff, 0x1caf, 0x1caf, 0x1caf, 0x1caf, 0x7fff, 0x7fff, 0x7fff, 0x7fff,
    0x1caf, 0x1caf, 0x1caf, 0x1caf, 0x7fff, 0x7fff, 0x7fff, 0x1caf, 0x1caf, 0x1caf, 0x1caf, 0x7fff,
    0x7fff, 0x7fff, 0x1caf, 0x1caf, 0x1caf, 0x1caf, 0x7fff, 0x7fff, 0x7fff, 0x7fff, 0x779f, 0x779f,
    0x779f, 0x7fff, 0x1caf, 0x1caf, 0x1caf, 0x1caf, 0x7fff, 0x7fff, 0x779f, 0x779f, 0x779f, 0x779f,
    0x779f, 0x7fff, 0x1caf, 0x1caf, 0x1caf, 0x1caf, 0x7fff, 0x779f, 0x779f, 0x7fff, 0x1caf, 0x1caf,
    0x1caf, 0x1caf, 0x7fff, 0x7fff, 0x1caf, 0x1caf, 0x1caf, 0x1caf, 0x7fff, 0x779f, 0x779f, 0x779f,
    0x779f, 0x779f, 0x779f, 0x779f, 0x779f, 0x779f, 0x779f, 0x779f, 0x779f, 0x779f, 0x779f, 0x779f,
    0x7fff, 0x1caf, 0x1caf, 0x1caf, 0x7fff, 0x7fff, 0x1caf, 0x1caf, 0x1caf, 0x1caf, 0x7fff, 0x7fff,
    0x7fff, 0x7fff, 0x30d2, 0x1caf, 0x1caf, 0x30d2, 0x7fff, 0x7fff, 0x1caf, 0x24cb, 0x1caf, 0x1caf,
    0x7fff, 0x7fff, 0x7fff, 0x7fff, 0x1caf, 0x1caf, 0x1caf, 0x1caf, 0x7fff, 0x7fff, 0x1caf, 0x1caf,
    0x1caf, 0x1caf, 0x7fff, 0x7fff, 0x7fff, 0x1caf, 0x1caf, 0x1caf, 0x1caf, 0x7fff, 0x7fff, 0x1caf,
    0x24cb, 0x1caf, 0x1caf, 0x7fff, 0x779f, 0x779f, 0x7fff, 0x1caf, 0x1caf, 0x24cb, 0x1caf, 0x7fff,
    0x7fff, 0x7fff, 0x7fff, 0x7fff, 0x7fff, 0x7fff, 0x7fff, 0x7fff, 0x7fff, 0x7fff, 0x7fff, 0x7fff,
    0x7fff, 0x7fff, 0x7fff, 0x7fff, 0x7fff, 0x7fff, 0x7fff, 0x7fff, 0x7fff, 0x7fff, 0x7fff, 0x7fff,
    0x7fff, 0x7fff, 0x7fff, 0x7fff, 0x7fff, 0x7fff, 0x7fff, 0x7fff, 0x7fff, 0x7fff, 0x7fff, 0x7fff,
    0x7fff, 0x7fff, 0x7fff, 0x7fff, 0x7fff, 0x7fff, 0x7fff, 0x7fff, 0x7fff, 0x7fff, 0x7fff, 0x7fff,
    0x779f, 0x779f, 0x779f, 0x779f, 0x779f, 0x779f, 0x7fff, 0x7fff, 0x7fff, 0x7fff, 0x7fff, 0x7fff,
    0x7fff, 0x7fff, 0x7fff, 0x779f, 0x779f, 0x779f, 0x779f, 0x779f, 0x779f, 0x7fff, 0x7fff, 0x7fff,
    0x7fff, 0x7fff, 0x7fff, 0x7fff, 0x7fff, 0x7fff, 0x7fff, 0x7fff, 0x7fff, 0x7fff, 0x7fff, 0x7fff,
    0x7fff, 0x7fff, 0x7fff, 0x7fff, 0x7fff, 0x7fff, 0x7fff, 0x7fff, 0x1caf, 0x1caf, 0x1caf, 0x1caf,
    0x7fff, 0x7fff, 0x7fff, 0x7fff, 0x1caf, 0x1caf, 0x1caf, 0x1caf, 0x7fff, 0x7fff, 0x7fff, 0x7fff,
    0x1caf, 0x1caf, 0x1caf, 0x1caf, 0x7fff, 0x7fff, 0x7fff, 0x1caf, 0x1caf, 0x1caf, 0x1caf, 0x7fff,
    0x7fff, 0x7fff, 0x1caf, 0x1caf, 0x1caf, 0x1caf, 0x7fff, 0x7fff, 0x7fff, 0x779f, 0x779f, 0x779f,
    0x7fff, 0x7fff, 0x1caf, 0x1caf, 0x1caf, 0x1caf, 0x7fff, 0x7fff, 0x7fff, 0x779f, 0x779f, 0x779f,
    0x779f, 0x7fff, 0x1caf, 0x1caf, 0x1caf, 0x1caf, 0x7fff, 0x779f, 0x779f, 0x7fff, 0x1caf, 0x1caf,
    0x1caf, 0x1caf, 0x7fff, 0x7fff, 0x1caf, 0x1caf, 0x1caf, 0x1caf, 0x7fff, 0x779f, 0x779f, 0x779f,
    0x779f, 0x779f, 0x779f, 0x779f, 0x779f, 0x779f, 0x779f, 0x779f, 0x779f, 0x779f, 0x779f, 0x779f,
    0x7fff, 0x1caf, 0x1caf, 0x1caf, 0x7fff, 0x7fff, 0x1caf, 0x1caf, 0x24cb, 0x1caf, 0x7fff, 0x7fff,
    0x7fff, 0x7fff, 0x1caf, 0x1caf, 0x24cb, 0x1caf, 0x7fff, 0x7fff, 0x1caf, 0x1caf, 0x1caf, 0x1caf,
    0x7fff, 0x7fff, 0x7fff, 0x7fff, 0x1caf, 0x1caf, 0x1caf, 0x1caf, 0x7fff, 0x7fff, 0x1caf, 0x1caf,
    0x1caf, 0x1caf, 0x7fff, 0x7fff, 0x7fff, 0x1caf, 0x1caf, 0x1caf, 0x1caf, 0x7fff, 0x7fff, 0x1caf,
    0x1caf, 0x1caf, 0x1caf, 0x7fff, 0x7fff, 0x779f, 0x7fff, 0x1caf, 0x1caf, 0x1caf, 0x1caf, 0x7fff,
    0x7fff, 0x7fff, 0x7fff, 0x7fff, 0x7fff, 0x7fff, 0x7fff, 0x7fff, 0x7fff, 0x7fff, 0x7fff, 0x7fff,
    0x7fff, 0x7fff, 0x7fff, 0x7fff, 0x7fff, 0x7fff, 0x7fff, 0x7fff, 0x7fff, 0x7fff, 0x7fff, 0x7fff,
    0x7fff, 0x7fff, 0x7fff, 0x7fff, 0x7fff, 0x7fff, 0x7fff, 0x7fff, 0x7fff, 0x7fff, 0x7fff, 0x7fff,
    0x7fff, 0x7fff, 0x7fff, 0x7fff, 0x7fff, 0x7fff, 0x7fff, 0x7fff, 0x7fff, 0x7fff, 0x7fff, 0x7fff,
    0x779f, 0x779f, 0x779f, 0x779f, 0x7fff, 0x7fff, 0x7fff, 0x7fff, 0x7fff, 0x7fff, 0x7fff, 0x7fff,
    0x7fff, 0x7fff, 0x7fff, 0x7fff, 0x779f, 0x779f, 0x779f, 0x779f, 0x779f, 0x779f, 0x7fff, 0x7fff,
    0x7fff, 0x7fff, 0x7fff, 0x7fff, 0x7fff, 0x7fff, 0x7fff, 0x7fff, 0x7fff, 0x7fff, 0x7fff, 0x7fff,
    0x7fff, 0x7fff, 0x7fff, 0x7fff, 0x7fff, 0x7fff, 0x7fff, 0x7fff, 0x1caf, 0x1caf, 0x1caf, 0x1caf,
    0x7fff, 0x7fff, 0x7fff, 0x7fff, 0x1caf, 0x1caf, 0x1caf, 0x1caf, 0x7fff, 0x7fff, 0x7fff, 0x7fff,
    0x1caf, 0x1caf, 0x1caf, 0x1caf, 0x7fff, 0x7fff, 0x7fff, 0x1caf, 0x1caf, 0x1caf, 0x1caf, 0x7fff,
    0x7fff, 0x7fff, 0x1caf, 0x1caf, 0x1caf, 0x1caf, 0x7fff, 0x7fff, 0x7fff, 0x7fff, 0x779f, 0x7fff,
    0x7fff, 0x7fff, 0x1caf, 0x1caf, 0x1caf, 0x1caf, 0x7fff, 0x7fff, 0x7fff, 0x7fff, 0x7fff, 0x779f,
    0x779f, 0x7fff, 0x1caf, 0x1caf, 0x1caf, 0x1caf, 0x7fff, 0x7fff, 0x7fff, 0x7fff, 0x1caf, 0x1caf,
    0x1caf, 0x1caf, 0x7fff, 0x7fff, 0x1caf, 0x1caf, 0x1caf, 0x1caf, 0x7fff, 0x779f, 0x779f, 0x779f,
    0x779f, 0x779f, 0x779f, 0x779f, 0x7fff, 0x7fff, 0x7fff, 0x7fff, 0x7fff, 0x7fff, 0x7fff, 0x7fff,
    0x7fff, 0x1caf, 0x1caf, 0x1caf, 0x7fff, 0x7fff, 0x1caf, 0x1caf, 0x1caf, 0x1caf, 0x7fff, 0x7fff,
    0x7fff, 0x7fff, 0x1caf, 0x1caf, 0x1caf, 0x1caf, 0x7fff, 0x7fff, 0x1caf, 0x1caf, 0x1caf, 0x1caf,
    0x7fff, 0x7fff, 0x7fff, 0x7fff, 0x1caf, 0x1caf, 0x24cb, 0x1caf, 0x7fff, 0x7fff, 0x1caf, 0x1caf,
    0x1caf, 0x1caf, 0x7fff, 0x7fff, 0x7fff, 0x1caf, 0x1caf, 0x1caf, 0x1caf, 0x7fff, 0x7fff, 0x1caf,
    0x1caf, 0x24cb, 0x1caf, 0x7fff, 0x7fff, 0x7fff, 0x7fff, 0x1caf, 0x1caf, 0x1caf, 0x1caf, 0x7fff,
    0x7fff, 0x7fff, 0x7fff, 0x7fff, 0x7fff, 0x7fff, 0x7fff, 0x7fff, 0x7fff, 0x7fff, 0x7fff, 0x7fff,
    0x7fff, 0x7fff, 0x7fff, 0x7fff, 0x7fff, 0x7fff, 0x7fff, 0x7fff, 0x7fff, 0x7fff, 0x7fff, 0x7fff,
    0x7fff, 0x7fff, 0x7fff, 0x7fff, 0x7fff, 0x7fff, 0x7fff, 0x7fff, 0x7fff, 0x7fff, 0x7fff, 0x7fff,
    0x7fff, 0x7fff, 0x7fff, 0x7fff, 0x7fff, 0x7fff, 0x7fff, 0x7fff, 0x7fff, 0x7fff, 0x7fff, 0x7fff,
    0x779f, 0x779f, 0x7fff, 0x7fff, 0x7fff, 0x7fff, 0x7fff, 0x7fff, 0x7fff, 0x7fff, 0x7fff, 0x7fff,
    0x7fff, 0x7fff, 0x7fff, 0x7fff, 0x7fff, 0x779f, 0x779f, 0x779f, 0x779f, 0x779f, 0x7fff, 0x7fff,
    0x7fff, 0x7fff, 0x7fff, 0x7fff, 0x7fff, 0x7fff, 0x7fff, 0x7fff, 0x7fff, 0x7fff, 0x7fff, 0x7fff,
    0x7fff, 0x7fff, 0x7fff, 0x7fff, 0x7fff, 0x7fff, 0x7fff, 0x7fff, 0x1caf, 0x1caf, 0x24cb, 0x1caf,
    0x7fff, 0x7fff, 0x7fff, 0x7fff, 0x24cb, 0x1caf, 0x1caf, 0x1caf, 0x7fff, 0x7fff, 0x7fff, 0x7fff,
    0x1caf, 0x1caf, 0x1caf, 0x1caf, 0x7fff, 0x7fff, 0x7fff, 0x1caf, 0x1caf, 0x1caf, 0x1caf, 0x7fff,
    0x7fff, 0x7fff, 0x1caf, 0x1caf, 0x1caf, 0x1caf, 0x7fff, 0x7fff, 0x7fff, 0x7fff, 0x7fff, 0x7fff,
    0x7fff, 0x7fff, 0x1caf, 0x1caf, 0x1caf, 0x1caf, 0x7fff, 0x7fff, 0x7fff, 0x7fff, 0x7fff, 0x7fff,
    0x779f, 0x7fff, 0x7fff, 0x7fff, 0x1caf, 0x1caf, 0x1caf, 0x1caf, 0x1caf, 0x1caf, 0x1caf, 0x1caf,
    0x7fff, 0x7fff, 0x7fff, 0x7fff, 0x24cb, 0x1caf, 0x1caf, 0x1caf, 0x7fff, 0x779f, 0x779f, 0x779f,
    0x779f, 0x779f, 0x779f, 0x779f, 0x7fff, 0x1caf, 0x1caf, 0x1caf, 0x1caf, 0x1caf, 0x1caf, 0x1caf,
    0x1caf, 0x1caf, 0x1caf, 0x7fff, 0x7fff, 0x7fff, 0x7fff, 0x7fff, 0x1caf, 0x1caf, 0x1caf, 0x1caf,
    0x1caf, 0x24cb, 0x1caf, 0x24cb, 0x7fff, 0x7fff, 0x7fff, 0x7fff, 0x7fff, 0x7fff, 0x1caf, 0x24cb,
    0x1caf, 0x1caf, 0x1caf, 0x1caf, 0x1caf, 0x24cb, 0x24cb, 0x1caf, 0x7fff, 0x7fff, 0x1caf, 0x1caf,
    0x1caf, 0x1caf, 0x1caf, 0x1caf, 0x1caf, 0x1caf, 0x1caf, 0x7fff, 0x7fff, 0x7fff, 0x7fff, 0x7fff,
    0x7fff, 0x1caf, 0x24cb, 0x1caf, 0x24cb, 0x1caf, 0x1caf, 0x1caf, 0x24cb, 0x7fff, 0x7fff, 0x7fff,
    0x7fff, 0x7fff, 0x7fff, 0x7fff, 0x7fff, 0x7fff, 0x7fff, 0x7fff, 0x7fff, 0x7fff, 0x7fff, 0x7fff,
    0x7fff, 0x7fff, 0x7fff, 0x7fff, 0x7fff, 0x7fff, 0x7fff, 0x7fff, 0x7fff, 0x7fff, 0x7fff, 0x7fff,
    0x7fff, 0x7fff, 0x7fff, 0x7fff, 0x7fff, 0x7fff, 0x7fff, 0x7fff, 0x7fff, 0x7fff, 0x7fff, 0x7fff,
    0x7fff, 0x7fff, 0x7fff, 0x7fff, 0x7fff, 0x7fff, 0x7fff, 0x7fff, 0x7fff, 0x7fff, 0x7fff, 0x7fff,
    0x7fff, 0x7fff, 0x7fff, 0x7fff, 0x7fff, 0x7fff, 0x7fff, 0x7fff, 0x7fff, 0x7fff, 0x7fff, 0x7fff,
    0x7fff, 0x7fff, 0x7fff, 0x7fff, 0x7fff, 0x7fff, 0x779f, 0x779f, 0x779f, 0x779f, 0x7fff, 0x7fff,
    0x7fff, 0x7fff, 0x7fff, 0x7fff, 0x7fff, 0x7fff, 0x7fff, 0x733d, 0x733d, 0x7fff, 0x7fff, 0x7fff,
    0x7fff, 0x7fff, 0x7fff, 0x7fff, 0x7fff, 0x7fff, 0x7fff, 0x7fff, 0x1caf, 0x24cb, 0x1caf, 0x24cb,
    0x7fff, 0x7fff, 0x7fff, 0x7fff, 0x1caf, 0x1caf, 0x24cb, 0x1caf, 0x7fff, 0x7fff, 0x7fff, 0x7fff,
    0x1caf, 0x1caf, 0x24cb, 0x1caf, 0x7fff, 0x7fff, 0x7fff, 0x24cb, 0x1caf, 0x24cb, 0x24cb, 0x7fff,
    0x7fff, 0x7fff, 0x1caf, 0x24cb, 0x1caf, 0x1caf, 0x7fff, 0x7fff, 0x7fff, 0x7fff, 0x7fff, 0x7fff,
    0x7fff, 0x7fff, 0x24cb, 0x1caf, 0x24cb, 0x24cb, 0x7fff, 0x7fff, 0x7fff, 0x7fff, 0x7fff, 0x7fff,
    0x7fff, 0x779f, 0x779f, 0x7fff, 0x1caf, 0x24cb, 0x1caf, 0x24cb, 0x1caf, 0x24cb, 0x1caf, 0x1caf,
    0x7fff, 0x779f, 0x779f, 0x7fff, 0x1caf, 0x1caf, 0x24cb, 0x24cb, 0x7fff, 0x779f, 0x779f, 0x779f,
    0x779f, 0x779f, 0x779f, 0x779f, 0x7fff, 0x24cb, 0x1caf, 0x24cb, 0x24cb, 0x24cb, 0x24cb, 0x24cb,
    0x24cb, 0x1caf, 0x1caf, 0x7fff, 0x7fff, 0x7fff, 0x7fff, 0x7fff, 0x24cb, 0x24cb, 0x24cb, 0x24cb,
    0x1caf, 0x24cb, 0x1caf, 0x24cb, 0x7fff, 0x7fff, 0x7fff, 0x7fff, 0x7fff, 0x7fff, 0x1caf, 0x1caf,
    0x1caf, 0x1caf, 0x24cb, 0x1caf, 0x24cb, 0x1caf, 0x24cb, 0x1caf, 0x7fff, 0x7fff, 0x1caf, 0x1caf,
    0x24cb, 0x1caf, 0x1caf, 0x1caf, 0x1caf, 0x1caf, 0x1caf, 0x7fff, 0x7fff, 0x7fff, 0x7fff, 0x7fff,
    0x7fff, 0x1caf, 0x24cb, 0x24cb, 0x1caf, 0x1caf, 0x24cb, 0x1caf, 0x1caf, 0x7fff, 0x7fff, 0x7fff,
    0x7fff, 0x7fff, 0x7fff, 0x7fff, 0x7fff, 0x7fff, 0x7fff, 0x7fff, 0x7fff, 0x7fff, 0x7fff, 0x7fff,
    0x7fff, 0x7fff, 0x7fff, 0x7fff, 0x7fff, 0x7fff, 0x7fff, 0x7fff, 0x7fff, 0x7fff, 0x7fff, 0x7fff,
    0x7fff, 0x7fff, 0x7fff, 0x7fff, 0x7fff, 0x7fff, 0x7fff, 0x7fff, 0x7fff, 0x7fff, 0x7fff, 0x7fff,
    0x7fff, 0x7fff, 0x7fff, 0x7fff, 0x7fff, 0x7fff, 0x7fff, 0x7fff, 0x7fff, 0x7fff, 0x7fff, 0x7fff,
    0x7fff, 0x7fff, 0x7fff, 0x7fff, 0x7fff, 0x7fff, 0x7fff, 0x7fff, 0x7fff, 0x7fff, 0x7fff, 0x7fff,
    0x7fff, 0x7fff, 0x7fff, 0x7fff, 0x7fff, 0x7fff, 0x779f, 0x779f, 0x779f, 0x779f, 0x7fff, 0x7fff,
    0x7fff, 0x7fff, 0x7fff, 0x7fff, 0x7fff, 0x7fff, 0x733d, 0x733d, 0x733d, 0x733d, 0x7fff, 0x7fff,
    0x7fff, 0x7fff, 0x7fff, 0x7fff, 0x7fff, 0x7fff, 0x7fff, 0x7fff, 0x24cb, 0x1caf, 0x24cb, 0x24cb,
    0x7fff, 0x7fff, 0x7fff, 0x7fff, 0x1caf, 0x24cb, 0x24cb, 0x1caf, 0x7fff, 0x7fff, 0x7fff, 0x7fff,
    0x24cb, 0x24cb, 0x1caf, 0x24cb, 0x7fff, 0x7fff, 0x7fff, 0x1caf, 0x24cb, 0x1caf, 0x24cb, 0x7fff,
    0x7fff, 0x7fff, 0x1caf, 0x1caf, 0x24cb, 0x24cb, 0x7fff, 0x7fff, 0x7fff, 0x7fff, 0x7fff, 0x7fff,
    0x7fff, 0x7fff, 0x24cb, 0x24cb, 0x1caf, 0x24cb, 0x7fff, 0x7fff, 0x7fff, 0x7fff, 0x7fff, 0x7fff,
    0x7fff, 0x7fff, 0x779f, 0x7fff, 0x7fff, 0x7fff, 0x24cb, 0x30d2, 0x24cb, 0x24cb, 0x7fff, 0x7fff,
    0x7fff, 0x779f, 0x779f, 0x7fff, 0x1caf, 0x24cb, 0x30d2, 0x24cb, 0x7fff, 0x779f, 0x779f, 0x779f,
    0x779f, 0x779f, 0x779f, 0x779f, 0x7fff, 0x1caf, 0x24cb, 0x24cb, 0x1caf, 0x24cb, 0x24cb, 0x1caf,
    0x24cb, 0x7fff, 0x7fff, 0x7fff, 0x7fff, 0x7fff, 0x7fff, 0x7fff, 0x7fff, 0x7fff, 0x24cb, 0x24cb,
    0x24cb, 0x24cb, 0x7fff, 0x7fff, 0x7fff, 0x7fff, 0x7fff, 0x7fff, 0x7fff, 0x7fff, 0x7fff, 0x7fff,
    0x24cb, 0x24cb, 0x1caf, 0x24cb, 0x24cb, 0x24cb, 0x1caf, 0x24cb, 0x7fff, 0x7fff, 0x1caf, 0x1caf,
    0x1caf, 0x1caf, 0x1caf, 0x1caf, 0x1caf, 0x7fff, 0x7fff, 0x7fff, 0x7fff, 0x7fff, 0x7fff, 0x7fff,
    0x7fff, 0x7fff, 0x7fff, 0x24cb, 0x24cb, 0x24cb, 0x24cb, 0x7fff, 0x7fff, 0x7fff, 0x7fff, 0x7fff,
    0x7fff, 0x7fff, 0x7fff, 0x7fff, 0x7fff, 0x7fff, 0x7fff, 0x7fff, 0x7fff, 0x7fff, 0x7fff, 0x7fff,
    0x7fff, 0x7fff, 0x7fff, 0x7fff, 0x7fff, 0x7fff, 0x7fff, 0x7fff, 0x7fff, 0x7fff, 0x7fff, 0x7fff,
    0x7fff, 0x7fff, 0x7fff, 0x7fff, 0x7fff, 0x7fff, 0x7fff, 0x7fff, 0x7fff, 0x7fff, 0x7fff, 0x7fff,
    0x7fff, 0x7fff, 0x7fff, 0x7fff, 0x7fff, 0x7fff, 0x7fff, 0x7fff, 0x7fff, 0x7fff, 0x7fff, 0x7fff,
    0x7fff, 0x7fff, 0x7fff, 0x7fff, 0x7fff, 0x7fff, 0x7fff, 0x7fff, 0x7fff, 0x7fff, 0x7fff, 0x7fff,
    0x7fff, 0x7fff, 0x7fff, 0x7fff, 0x7fff, 0x7fff, 0x7fff, 0x7fff, 0x779f, 0x779f, 0x7fff, 0x7fff,
    0x7fff, 0x7fff, 0x7fff, 0x7fff, 0x7fff, 0x733d, 0x733d, 0x733d, 0x733d, 0x733d, 0x733d, 0x7fff,
    0x7fff, 0x7fff, 0x7fff, 0x7fff, 0x7fff, 0x7fff, 0x7fff, 0x7fff, 0x24cb, 0x24cb, 0x24cb, 0x24cb,
    0x7fff, 0x7fff, 0x7fff, 0x7fff, 0x24cb, 0x24cb, 0x24cb, 0x24cb, 0x7fff, 0x7fff, 0x7fff, 0x7fff,
    0x24cb, 0x24cb, 0x24cb, 0x1caf, 0x7fff, 0x7fff, 0x7fff, 0x24cb, 0x24cb, 0x24cb, 0x24cb, 0x7fff,
    0x7fff, 0x7fff, 0x24cb, 0x24cb, 0x24cb, 0x24cb, 0x7fff, 0x7fff, 0x7fff, 0x7fff, 0x7fff, 0x7fff,
    0x7fff, 0x7fff, 0x24cb, 0x24cb, 0x24cb, 0x24cb, 0x7fff, 0x7fff, 0x7fff, 0x7fff, 0x7fff, 0x7fff,
    0x7fff, 0x7fff, 0x779f, 0x7fff, 0x7fff, 0x7fff, 0x24cb, 0x24cb, 0x24cb, 0x24cb, 0x7fff, 0x779f,
    0x779f, 0x779f, 0x779f, 0x7fff, 0x24cb, 0x24cb, 0x24cb, 0x24cb, 0x7fff, 0x779f, 0x779f, 0x779f,
    0x779f, 0x779f, 0x779f, 0x779f, 0x7fff, 0x1caf, 0x24cb, 0x24cb, 0x24cb, 0x24cb, 0x24cb, 0x24cb,
    0x1caf, 0x7fff, 0x7fff, 0x7fff, 0x7fff, 0x7fff, 0x7fff, 0x7fff, 0x7fff, 0x7fff, 0x24cb, 0x24cb,
    0x24cb, 0x1caf, 0x7fff, 0x7fff, 0x7fff, 0x7fff, 0x7fff, 0x7fff, 0x7fff, 0x7fff, 0x7fff, 0x7fff,
    0x1caf, 0x24cb, 0x24cb, 0x24cb, 0x24cb, 0x24cb, 0x24cb, 0x24cb, 0x7fff, 0x7fff, 0x1caf, 0x24cb,
    0x1caf, 0x1caf, 0x1caf, 0x1caf, 0x1caf, 0x7fff, 0x7fff, 0x7fff, 0x7fff, 0x7fff, 0x7fff, 0x7fff,
    0x7fff, 0x7fff, 0x7fff, 0x24cb, 0x24cb, 0x24cb, 0x24cb, 0x7fff, 0x7fff, 0x7fff, 0x7fff, 0x7fff,
    0x7fff, 0x7fff, 0x7fff, 0x7fff, 0x7fff, 0x7fff, 0x7fff, 0x7fff, 0x7fff, 0x7fff, 0x7fff, 0x7fff,
    0x7fff, 0x7fff, 0x7fff, 0x7fff, 0x7fff, 0x7fff, 0x7fff, 0x7fff, 0x7fff, 0x7fff, 0x7fff, 0x7fff,
    0x7fff, 0x7fff, 0x7fff, 0x7fff, 0x7fff, 0x7fff, 0x7fff, 0x7fff, 0x7fff, 0x7fff, 0x7fff, 0x7fff,
    0x7fff, 0x7fff, 0x7fff, 0x7fff, 0x7fff, 0x7fff, 0x7fff, 0x7fff, 0x7fff, 0x7fff, 0x7fff, 0x7fff,
    0x7fff, 0x7fff, 0x7fff, 0x7fff, 0x7fff, 0x7fff, 0x7fff, 0x7fff, 0x7fff, 0x7fff, 0x7fff, 0x7fff,
    0x7fff, 0x7fff, 0x7fff, 0x7fff, 0x7fff, 0x7fff, 0x7fff, 0x7fff, 0x7fff, 0x779f, 0x7fff, 0x7fff,
    0x7fff, 0x7fff, 0x7fff, 0x7fff, 0x733d, 0x733d, 0x733d, 0x733d, 0x733d, 0x733d, 0x733d, 0x7fff,
    0x7fff, 0x7fff, 0x7fff, 0x7fff, 0x7fff, 0x7fff, 0x7fff, 0x7fff, 0x7fff, 0x7fff, 0x7fff, 0x7fff,
    0x7fff, 0x7fff, 0x7fff, 0x7fff, 0x7fff, 0x7fff, 0x7fff, 0x7fff, 0x7fff, 0x7fff, 0x7fff, 0x7fff,
    0x7fff, 0x7fff, 0x7fff, 0x7fff, 0x7fff, 0x7fff, 0x7fff, 0x7fff, 0x7fff, 0x7fff, 0x7fff, 0x7fff,
    0x7fff, 0x7fff, 0x7fff, 0x7fff, 0x7fff, 0x7fff, 0x7fff, 0x7fff, 0x7fff, 0x7fff, 0x7fff, 0x7fff,
    0x7fff, 0x7fff, 0x7fff, 0x7fff, 0x7fff, 0x7fff, 0x7fff, 0x7fff, 0x7fff, 0x7fff, 0x7fff, 0x7fff,
    0x7fff, 0x7fff, 0x7fff, 0x7fff, 0x7fff, 0x7fff, 0x7fff, 0x7fff, 0x7fff, 0x7fff, 0x7fff, 0x779f,
    0x779f, 0x779f, 0x779f, 0x7fff, 0x7fff, 0x7fff, 0x7fff, 0x7fff, 0x7fff, 0x779f, 0x779f, 0x779f,
    0x779f, 0x779f, 0x779f, 0x779f, 0x7fff, 0x7fff, 0x7fff, 0x7fff, 0x7fff, 0x7fff, 0x7fff, 0x7fff,
    0x7fff, 0x7fff, 0x7fff, 0x7fff, 0x7fff, 0x7fff, 0x7fff, 0x7fff, 0x7fff, 0x7fff, 0x7fff, 0x7fff,
    0x7fff, 0x7fff, 0x7fff, 0x7fff, 0x7fff, 0x7fff, 0x7fff, 0x7fff, 0x7fff, 0x7fff, 0x7fff, 0x7fff,
    0x7fff, 0x7fff, 0x7fff, 0x7fff, 0x7fff, 0x7fff, 0x7fff, 0x7fff, 0x7fff, 0x7fff, 0x1caf, 0x1caf,
    0x1caf, 0x1caf, 0x7fff, 0x7fff, 0x7fff, 0x7fff, 0x7fff, 0x7fff, 0x7fff, 0x7fff, 0x7fff, 0x7fff,
    0x7fff, 0x7fff, 0x7fff, 0x7fff, 0x7fff, 0x7fff, 0x7fff, 0x7fff, 0x7fff, 0x7fff, 0x7fff, 0x7fff,
    0x7fff, 0x7fff, 0x7fff, 0x7fff, 0x7fff, 0x7fff, 0x7fff, 0x7fff, 0x7fff, 0x7fff, 0x7fff, 0x7fff,
    0x7fff, 0x7fff, 0x7fff, 0x7fff, 0x7fff, 0x7fff, 0x7fff, 0x7fff, 0x7fff, 0x7fff, 0x7fff, 0x7fff,
    0x7fff, 0x7fff, 0x7fff, 0x7fff, 0x7fff, 0x7fff, 0x7fff, 0x7fff, 0x7fff, 0x7fff, 0x7fff, 0x7fff,
    0x7fff, 0x7fff, 0x7fff, 0x7fff, 0x7fff, 0x7fff, 0x7fff, 0x7fff, 0x7fff, 0x7fff, 0x7fff, 0x7fff,
    0x7fff, 0x7fff, 0x7fff, 0x7fff, 0x7fff, 0x7fff, 0x7fff, 0x7fff, 0x7fff, 0x7fff, 0x7fff, 0x7fff,
    0x7fff, 0x7fff, 0x7fff, 0x7fff, 0x7fff, 0x7fff, 0x7fff, 0x7fff, 0x7fff, 0x7fff, 0x7fff, 0x7fff,
    0x7fff, 0x7fff, 0x7fff, 0x733d, 0x733d, 0x733d, 0x733d, 0x733d, 0x733d, 0x733d, 0x733d, 0x7fff,
    0x7fff, 0x7fff, 0x7fff, 0x7fff, 0x7fff, 0x7fff, 0x7fff, 0x7fff, 0x7fff, 0x7fff, 0x7fff, 0x7fff,
    0x7fff, 0x7fff, 0x7fff, 0x7fff, 0x7fff, 0x7fff, 0x7fff, 0x7fff, 0x7fff, 0x7fff, 0x7fff, 0x7fff,
    0x7fff, 0x7fff, 0x7fff, 0x7fff, 0x7fff, 0x7fff, 0x7fff, 0x7fff, 0x7fff, 0x7fff, 0x7fff, 0x7fff,
    0x7fff, 0x7fff, 0x7fff, 0x7fff, 0x7fff, 0x7fff, 0x7fff, 0x7fff, 0x7fff, 0x7fff, 0x7fff, 0x7fff,
    0x7fff, 0x7fff, 0x7fff, 0x7fff, 0x7fff, 0x7fff, 0x7fff, 0x7fff, 0x7fff, 0x7fff, 0x7fff, 0x7fff,
    0x7fff, 0x7fff, 0x7fff, 0x7fff, 0x7fff, 0x7fff, 0x7fff, 0x7fff, 0x7fff, 0x7fff, 0x7fff, 0x779f,
    0x779f, 0x779f, 0x779f, 0x779f, 0x779f, 0x779f, 0x779f, 0x779f, 0x779f, 0x779f, 0x779f, 0x779f,
    0x779f, 0x779f, 0x779f, 0x779f, 0x779f, 0x779f, 0x779f, 0x779f, 0x779f, 0x779f, 0x779f, 0x779f,
    0x7fff, 0x7fff, 0x7fff, 0x7fff, 0x7fff, 0x7fff, 0x7fff, 0x7fff, 0x7fff, 0x7fff, 0x7fff, 0x7fff,
    0x7fff, 0x7fff, 0x7fff, 0x7fff, 0x7fff, 0x7fff, 0x7fff, 0x7fff, 0x7fff, 0x7fff, 0x7fff, 0x7fff,
    0x7fff, 0x7fff, 0x7fff, 0x7fff, 0x7fff, 0x7fff, 0x7fff, 0x7fff, 0x7fff, 0x7fff, 0x24cb, 0x1caf,
    0x24cb, 0x1caf, 0x7fff, 0x7fff, 0x7fff, 0x7fff, 0x7fff, 0x7fff, 0x7fff, 0x7fff, 0x7fff, 0x7fff,
    0x7fff, 0x7fff, 0x7fff, 0x7fff, 0x7fff, 0x7fff, 0x7fff, 0x7fff, 0x7fff, 0x7fff, 0x7fff, 0x7fff,
    0x7fff, 0x7fff, 0x7fff, 0x7fff, 0x7fff, 0x7fff, 0x7fff, 0x7fff, 0x7fff, 0x7fff, 0x7fff, 0x7fff,
    0x7fff, 0x7fff, 0x7fff, 0x7fff, 0x7fff, 0x7fff, 0x7fff, 0x7fff, 0x7fff, 0x7fff, 0x7fff, 0x7fff,
    0x7fff, 0x7fff, 0x7fff, 0x7fff, 0x7fff, 0x7fff, 0x7fff, 0x7fff, 0x7fff, 0x7fff, 0x7fff, 0x7fff,
    0x7fff, 0x7fff, 0x7fff, 0x7fff, 0x7fff, 0x7fff, 0x7fff, 0x7fff, 0x7fff, 0x7fff, 0x7fff, 0x7fff,
    0x7fff, 0x7fff, 0x7fff, 0x7fff, 0x7fff, 0x7fff, 0x7fff, 0x7fff, 0x7fff, 0x7fff, 0x7fff, 0x7fff,
    0x7fff, 0x7fff, 0x7fff, 0x7fff, 0x7fff, 0x7fff, 0x7fff, 0x7fff, 0x7fff, 0x7fff, 0x7fff, 0x7fff,
    0x7fff, 0x7fff, 0x7fff, 0x733d, 0x733d, 0x733d, 0x733d, 0x733d, 0x733d, 0x733d, 0x733d, 0x733d,
    0x7fff, 0x7fff, 0x7fff, 0x7fff, 0x7fff, 0x7fff, 0x7fff, 0x7fff, 0x7fff, 0x7fff, 0x7fff, 0x7fff,
    0x7fff, 0x7fff, 0x7fff, 0x7fff, 0x7fff, 0x7fff, 0x7fff, 0x7fff, 0x7fff, 0x7fff, 0x7fff, 0x7fff,
    0x7fff, 0x7fff, 0x7fff, 0x7fff, 0x7fff, 0x7fff, 0x7fff, 0x7fff, 0x7fff, 0x7fff, 0x7fff, 0x7fff,
    0x7fff, 0x7fff, 0x7fff, 0x7fff, 0x7fff, 0x7fff, 0x7fff, 0x7fff, 0x7fff, 0x7fff, 0x7fff, 0x7fff,
    0x7fff, 0x7fff, 0x7fff, 0x7fff, 0x7fff, 0x7fff, 0x7fff, 0x7fff, 0x7fff, 0x7fff, 0x7fff, 0x7fff,
    0x7fff, 0x7fff, 0x7fff, 0x7fff, 0x7fff, 0x7fff, 0x7fff, 0x7fff, 0x7fff, 0x7fff, 0x7fff, 0x7fff,
    0x779f, 0x779f, 0x779f, 0x779f, 0x779f, 0x779f, 0x779f, 0x779f, 0x779f, 0x779f, 0x779f, 0x779f,
    0x779f, 0x779f, 0x779f, 0x779f, 0x779f, 0x779f, 0x779f, 0x779f, 0x779f, 0x779f, 0x779f, 0x779f,
    0x7fff, 0x7fff, 0x7fff, 0x7fff, 0x7fff, 0x7fff, 0x7fff, 0x7fff, 0x7fff, 0x7fff, 0x7fff, 0x7fff,
    0x7fff, 0x7fff, 0x7fff, 0x7fff, 0x7fff, 0x7fff, 0x7fff, 0x7fff, 0x7fff, 0x7fff, 0x7fff, 0x7fff,
    0x7fff, 0x7fff, 0x7fff, 0x7fff, 0x7fff, 0x7fff, 0x7fff, 0x7fff, 0x7fff, 0x7fff, 0x1caf, 0x24cb,
    0x1caf, 0x1caf, 0x7fff, 0x7fff, 0x7fff, 0x7fff, 0x7fff, 0x7fff, 0x7fff, 0x7fff, 0x7fff, 0x7fff,
    0x7fff, 0x7fff, 0x7fff, 0x7fff, 0x7fff, 0x7fff, 0x7fff, 0x7fff, 0x7fff, 0x7fff, 0x7fff, 0x7fff,
    0x7fff, 0x7fff, 0x7fff, 0x7fff, 0x7fff, 0x7fff, 0x7fff, 0x7fff, 0x7fff, 0x7fff, 0x7fff, 0x7fff,
    0x7fff, 0x7fff, 0x7fff, 0x7fff, 0x7fff, 0x7fff, 0x7fff, 0x7fff, 0x7fff, 0x7fff, 0x7fff, 0x7fff,
    0x7fff, 0x7fff, 0x7fff, 0x7fff, 0x7fff, 0x7fff, 0x7fff, 0x7fff, 0x7fff, 0x7fff, 0x7fff, 0x7fff,
    0x7fff, 0x7fff, 0x7fff, 0x7fff, 0x7fff, 0x7fff, 0x7fff, 0x7fff, 0x7fff, 0x7fff, 0x7fff, 0x7fff,
    0x7fff, 0x7fff, 0x7fff, 0x7fff, 0x7fff, 0x7fff, 0x7fff, 0x7fff, 0x7fff, 0x7fff, 0x7fff, 0x7fff,
    0x7fff, 0x7fff, 0x7fff, 0x7fff, 0x7fff, 0x7fff, 0x7fff, 0x7fff, 0x7fff, 0x7fff, 0x7fff, 0x7fff,
    0x7fff, 0x7fff, 0x733d, 0x733d, 0x733d, 0x733d, 0x733d, 0x733d, 0x733d, 0x733d, 0x733d, 0x733d,
    0x7fff, 0x7fff, 0x7fff, 0x7fff, 0x7fff, 0x7fff, 0x7fff, 0x7fff, 0x7fff, 0x7fff, 0x7fff, 0x7fff,
    0x7fff, 0x7fff, 0x7fff, 0x7fff, 0x7fff, 0x7fff, 0x7fff, 0x7fff, 0x7fff, 0x7fff, 0x7fff, 0x7fff,
    0x7fff, 0x7fff, 0x7fff, 0x7fff, 0x7fff, 0x7fff, 0x7fff, 0x7fff, 0x7fff, 0x7fff, 0x7fff, 0x7fff,
    0x7fff, 0x7fff, 0x7fff, 0x7fff, 0x7fff, 0x7fff, 0x7fff, 0x7fff, 0x7fff, 0x7fff, 0x7fff, 0x7fff,
    0x7fff, 0x7fff, 0x7fff, 0x7fff, 0x7fff, 0x7fff, 0x7fff, 0x7fff, 0x7fff, 0x7fff, 0x7fff, 0x7fff,
    0x7fff, 0x7fff, 0x7fff, 0x7fff, 0x7fff, 0x7fff, 0x7fff, 0x7fff, 0x7fff, 0x7fff, 0x7fff, 0x7fff,
    0x779f, 0x779f, 0x779f, 0x779f, 0x779f, 0x779f, 0x779f, 0x779f, 0x779f, 0x779f, 0x779f, 0x779f,
    0x779f, 0x779f, 0x779f, 0x779f, 0x779f, 0x779f, 0x779f, 0x779f, 0x779f, 0x779f, 0x779f, 0x7fff,
    0x7fff, 0x7fff, 0x7fff, 0x7fff, 0x7fff, 0x7fff, 0x7fff, 0x7fff, 0x7fff, 0x7fff, 0x7fff, 0x7fff,
    0x7fff, 0x7fff, 0x7fff, 0x7fff, 0x7fff, 0x7fff, 0x7fff, 0x7fff, 0x7fff, 0x7fff, 0x7fff, 0x7fff,
    0x7fff, 0x7fff, 0x7fff, 0x7fff, 0x7fff, 0x7fff, 0x7fff, 0x7fff, 0x7fff, 0x7fff, 0x1caf, 0x24cb,
    0x24cb, 0x1caf, 0x7fff, 0x7fff, 0x7fff, 0x7fff, 0x7fff, 0x7fff, 0x7fff, 0x7fff, 0x7fff, 0x7fff,
    0x7fff, 0x7fff, 0x7fff, 0x7fff, 0x7fff, 0x7fff, 0x7fff, 0x7fff, 0x7fff, 0x7fff, 0x7fff, 0x7fff,
    0x7fff, 0x7fff, 0x7fff, 0x7fff, 0x7fff, 0x7fff, 0x7fff, 0x7fff, 0x7fff, 0x7fff, 0x7fff, 0x7fff,
    0x7fff, 0x7fff, 0x7fff, 0x7fff, 0x7fff, 0x7fff, 0x7fff, 0x7fff, 0x7fff, 0x7fff, 0x7fff, 0x7fff,
    0x7fff, 0x7fff, 0x7fff, 0x7fff, 0x7fff, 0x7fff, 0x7fff, 0x7fff, 0x7fff, 0x7fff, 0x7fff, 0x7fff,
    0x7fff, 0x7fff, 0x7fff, 0x7fff, 0x7fff, 0x7fff, 0x7fff, 0x7fff, 0x7fff, 0x7fff, 0x7fff, 0x7fff,
    0x7fff, 0x7fff, 0x7fff, 0x7fff, 0x7fff, 0x7fff, 0x7fff, 0x7fff, 0x7fff, 0x7fff, 0x7fff, 0x7fff,
    0x7fff, 0x7fff, 0x7fff, 0x7fff, 0x7fff, 0x7fff, 0x7fff, 0x7fff, 0x7fff, 0x7fff, 0x7fff, 0x7fff,
    0x7fff, 0x7fff, 0x733d, 0x733d, 0x733d, 0x733d, 0x733d, 0x733d, 0x733d, 0x733d, 0x733d, 0x733d,
    0x733d, 0x733d, 0x7fff, 0x7fff, 0x7fff, 0x7fff, 0x7fff, 0x7fff, 0x7fff, 0x7fff, 0x7fff, 0x7fff,
    0x7fff, 0x7fff, 0x7fff, 0x7fff, 0x7fff, 0x7fff, 0x7fff, 0x7fff, 0x7fff, 0x7fff, 0x7fff, 0x7fff,
    0x7fff, 0x7fff, 0x7fff, 0x7fff, 0x7fff, 0x7fff, 0x7fff, 0x7fff, 0x7fff, 0x7fff, 0x7fff, 0x7fff,
    0x7fff, 0x7fff, 0x7fff, 0x7fff, 0x7fff, 0x7fff, 0x7fff, 0x7fff, 0x7fff, 0x7fff, 0x7fff, 0x7fff,
    0x7fff, 0x7fff, 0x7fff, 0x7fff, 0x7fff, 0x7fff, 0x7fff, 0x7fff, 0x7fff, 0x7fff, 0x7fff, 0x7fff,
    0x7fff, 0x7fff, 0x7fff, 0x7fff, 0x7fff, 0x7fff, 0x7fff, 0x7fff, 0x7fff, 0x7fff, 0x7fff, 0x7fff,
    0x779f, 0x779f, 0x779f, 0x779f, 0x779f, 0x779f, 0x779f, 0x779f, 0x733d, 0x733d, 0x733d, 0x779f,
    0x779f, 0x779f, 0x779f, 0x779f, 0x779f, 0x779f, 0x779f, 0x779f, 0x779f, 0x779f, 0x7fff, 0x7fff,
    0x7fff, 0x7fff, 0x7fff, 0x7fff, 0x7fff, 0x7fff, 0x7fff, 0x7fff, 0x7fff, 0x7fff, 0x7fff, 0x7fff,
    0x7fff, 0x7fff, 0x7fff, 0x7fff, 0x7fff, 0x7fff, 0x7fff, 0x7fff, 0x7fff, 0x7fff, 0x733d, 0x733d,
    0x7fff, 0x7fff, 0x7fff, 0x7fff, 0x7fff, 0x7fff, 0x7fff, 0x7fff, 0x7fff, 0x7fff, 0x24cb, 0x24cb,
    0x24cb, 0x24cb, 0x7fff, 0x7fff, 0x7fff, 0x7fff, 0x7fff, 0x7fff, 0x7fff, 0x7fff, 0x7fff, 0x7fff,
    0x7fff, 0x7fff, 0x7fff, 0x7fff, 0x7fff, 0x7fff, 0x7fff, 0x7fff, 0x7fff, 0x7fff, 0x7fff, 0x7fff,
    0x7fff, 0x7fff, 0x7fff, 0x7fff, 0x7fff, 0x7fff, 0x7fff, 0x7fff, 0x7fff, 0x7fff, 0x7fff, 0x7fff,
    0x7fff, 0x7fff, 0x7fff, 0x7fff, 0x7fff, 0x7fff, 0x7fff, 0x7fff, 0x7fff, 0x7fff, 0x7fff, 0x7fff,
    0x7fff, 0x7fff, 0x7fff, 0x7fff, 0x7fff, 0x7fff, 0x7fff, 0x7fff, 0x7fff, 0x7fff, 0x7fff, 0x7fff,
    0x7fff, 0x7fff, 0x7fff, 0x7fff, 0x7fff, 0x7fff, 0x7fff, 0x7fff, 0x7fff, 0x7fff, 0x7fff, 0x7fff,
    0x7fff, 0x7fff, 0x7fff, 0x7fff, 0x7fff, 0x7fff, 0x7fff, 0x7fff, 0x7fff, 0x7fff, 0x7fff, 0x7fff,
    0x7fff, 0x7fff, 0x7fff, 0x7fff, 0x7fff, 0x7fff, 0x7fff, 0x7fff, 0x7fff, 0x7fff, 0x7fff, 0x7fff,
    0x7fff, 0x7fff, 0x733d, 0x733d, 0x733d, 0x733d, 0x733d, 0x733d, 0x733d, 0x733d, 0x733d, 0x733d,
    0x733d, 0x733d, 0x733d, 0x7fff, 0x7fff, 0x7fff, 0x7fff, 0x7fff, 0x7fff, 0x7fff, 0x7fff, 0x7fff,
    0x7fff, 0x7fff, 0x7fff, 0x7fff, 0x7fff, 0x7fff, 0x7fff, 0x7fff, 0x7fff, 0x7fff, 0x7fff, 0x7fff,
    0x7fff, 0x7fff, 0x7fff, 0x7fff, 0x7fff, 0x7fff, 0x7fff, 0x7fff, 0x7fff, 0x7fff, 0x7fff, 0x7fff,
    0x7fff, 0x7fff, 0x7fff, 0x733d, 0x733d, 0x7fff, 0x7fff, 0x7fff, 0x7fff, 0x7fff, 0x7fff, 0x7fff,
    0x7fff, 0x7fff, 0x7fff, 0x7fff, 0x7fff, 0x7fff, 0x7fff, 0x7fff, 0x7fff, 0x7fff, 0x7fff, 0x7fff,
    0x7fff, 0x7fff, 0x7fff, 0x7fff, 0x7fff, 0x7fff, 0x7fff, 0x7fff, 0x7fff, 0x7fff, 0x7fff, 0x779f,
    0x779f, 0x779f, 0x779f, 0x779f, 0x779f, 0x779f, 0x779f, 0x733d, 0x733d, 0x733d, 0x733d, 0x733d,
    0x779f, 0x779f, 0x779f, 0x779f, 0x779f, 0x779f, 0x779f, 0x779f, 0x779f, 0x7fff, 0x7fff, 0x7fff,
    0x7fff, 0x7fff, 0x7fff, 0x7fff, 0x7fff, 0x7fff, 0x7fff, 0x7fff, 0x7fff, 0x7fff, 0x7fff, 0x7fff,
    0x7fff, 0x7fff, 0x7fff, 0x7fff, 0x7fff, 0x7fff, 0x7fff, 0x7fff, 0x733d, 0x733d, 0x733d, 0x733d,
    0x733d, 0x733d, 0x733d, 0x7fff, 0x7fff, 0x7fff, 0x7fff, 0x733d, 0x733d, 0x7fff, 0x24cb, 0x24cb,
    0x24cb, 0x24cb, 0x7fff, 0x7fff, 0x7fff, 0x7fff, 0x7fff, 0x7fff, 0x7fff, 0x7fff, 0x7fff, 0x7fff,
    0x7fff, 0x7fff, 0x7fff, 0x7fff, 0x7fff, 0x7fff, 0x7fff, 0x7fff, 0x7fff, 0x7fff, 0x7fff, 0x7fff,
    0x7fff, 0x7fff, 0x7fff, 0x7fff, 0x7fff, 0x7fff, 0x7fff, 0x7fff, 0x7fff, 0x7fff, 0x7fff, 0x7fff,
    0x7fff, 0x7fff, 0x7fff, 0x7fff, 0x7fff, 0x7fff, 0x7fff, 0x7fff, 0x7fff, 0x7fff, 0x7fff, 0x7fff,
    0x7fff, 0x7fff, 0x7fff, 0x7fff, 0x7fff, 0x7fff, 0x7fff, 0x7fff, 0x7fff, 0x7fff, 0x733d, 0x733d,
    0x7fff, 0x7fff, 0x7fff, 0x6adb, 0x6adb, 0x7fff, 0x7fff, 0x7fff, 0x7fff, 0x7fff, 0x7fff, 0x7fff,
    0x7fff, 0x7fff, 0x7fff, 0x7fff, 0x7fff, 0x7fff, 0x7fff, 0x7fff, 0x7fff, 0x7fff, 0x7fff, 0x7fff,
    0x7fff, 0x7fff, 0x7fff, 0x7fff, 0x7fff, 0x7fff, 0x7fff, 0x7fff, 0x7fff, 0x7fff, 0x7fff, 0x7fff,
    0x7fff, 0x733d, 0x733d, 0x733d, 0x733d, 0x733d, 0x733d, 0x733d, 0x733d, 0x733d, 0x733d, 0x733d,
    0x733d, 0x733d, 0x733d, 0x733d, 0x7fff, 0x7fff, 0x7fff, 0x7fff, 0x7fff, 0x7fff, 0x7fff, 0x7fff,
    0x7fff, 0x7fff, 0x7fff, 0x7fff, 0x7fff, 0x7fff, 0x7fff, 0x7fff, 0x7fff, 0x7fff, 0x7fff, 0x7fff,
    0x7fff, 0x7fff, 0x7fff, 0x7fff, 0x7fff, 0x7fff, 0x7fff, 0x7fff, 0x7fff, 0x7fff, 0x7fff, 0x7fff,
    0x7fff, 0x7fff, 0x733d, 0x733d, 0x733d, 0x733d, 0x7fff, 0x7fff, 0x7fff, 0x7fff, 0x7fff, 0x7fff,
    0x7fff, 0x7fff, 0x6adb, 0x6adb, 0x7fff, 0x7fff, 0x7fff, 0x7fff, 0x7fff, 0x7fff, 0x7fff, 0x7fff,
    0x7fff, 0x7fff, 0x7fff, 0x7fff, 0x7fff, 0x7fff, 0x7fff, 0x7fff, 0x7fff, 0x7fff, 0x779f, 0x779f,
    0x779f, 0x779f, 0x779f, 0x779f, 0x779f, 0x779f, 0x779f, 0x733d, 0x733d, 0x733d, 0x733d, 0x733d,
    0x733d, 0x733d, 0x779f, 0x779f, 0x779f, 0x779f, 0x779f, 0x779f, 0x7fff, 0x7fff, 0x7fff, 0x7fff,
    0x7fff, 0x7fff, 0x7fff, 0x7fff, 0x7fff, 0x7fff, 0x7fff, 0x7fff, 0x7fff, 0x7fff, 0x7fff, 0x7fff,
    0x7fff, 0x7fff, 0x7fff, 0x7fff, 0x7fff, 0x7fff, 0x733d, 0x733d, 0x733d, 0x733d, 0x733d, 0x733d,
    0x733d, 0x733d, 0x733d, 0x733d, 0x733d, 0x7fff, 0x733d, 0x733d, 0x733d, 0x7fff, 0x24cb, 0x24cb,
    0x24cb, 0x24cb, 0x7fff, 0x7fff, 0x7fff, 0x7fff, 0x7fff, 0x7fff, 0x7fff, 0x7fff, 0x7fff, 0x7fff,
    0x7fff, 0x7fff, 0x7fff, 0x7fff, 0x7fff, 0x7fff, 0x7fff, 0x7fff, 0x7fff, 0x7fff, 0x7fff, 0x7fff,
    0x7fff, 0x7fff, 0x7fff, 0x7fff, 0x7fff, 0x7fff, 0x7fff, 0x7fff, 0x7fff, 0x7fff, 0x7fff, 0x7fff,
    0x7fff, 0x7fff, 0x7fff, 0x7fff, 0x7fff, 0x7fff, 0x7fff, 0x7fff, 0x7fff, 0x7fff, 0x7fff, 0x7fff,
    0x7fff, 0x7fff, 0x7fff, 0x7fff, 0x7fff, 0x7fff, 0x7fff, 0x7fff, 0x7fff, 0x733d, 0x733d, 0x733d,
    0x733d, 0x7fff, 0x6adb, 0x6adb, 0x6adb, 0x6adb, 0x6adb, 0x7fff, 0x7fff, 0x7fff, 0x7fff, 0x7fff,
    0x7fff, 0x7fff, 0x7fff, 0x7fff, 0x7fff, 0x7fff, 0x7fff, 0x7fff, 0x7fff, 0x7fff, 0x7fff, 0x7fff,
    0x7fff, 0x7fff, 0x7fff, 0x7fff, 0x7fff, 0x7fff, 0x7fff, 0x7fff, 0x7fff, 0x7fff, 0x7fff, 0x7fff,
    0x7fff, 0x733d, 0x733d, 0x733d, 0x733d, 0x733d, 0x733d, 0x733d, 0x733d, 0x733d, 0x733d, 0x733d,
    0x733d, 0x733d, 0x733d, 0x733d, 0x7fff, 0x7fff, 0x7fff, 0x7fff, 0x7fff, 0x7fff, 0x7fff, 0x7fff,
    0x7fff, 0x7fff, 0x7fff, 0x7fff, 0x7fff, 0x7fff, 0x7fff, 0x7fff, 0x7fff, 0x7fff, 0x7fff, 0x7fff,
    0x7fff, 0x7fff, 0x7fff, 0x7fff, 0x7fff, 0x733d, 0x733d, 0x7fff, 0x7fff, 0x7fff, 0x7fff, 0x7fff,
    0x7fff, 0x733d, 0x733d, 0x733d, 0x733d, 0x733d, 0x733d, 0x733d, 0x7fff, 0x7fff, 0x7fff, 0x7fff,
    0x7fff, 0x6adb, 0x6adb, 0x6adb, 0x6adb, 0x6adb, 0x7fff, 0x7fff, 0x7fff, 0x7fff, 0x7fff, 0x7fff,
    0x7fff, 0x7fff, 0x7fff, 0x7fff, 0x7fff, 0x7fff, 0x7fff, 0x7fff, 0x7fff, 0x7fff, 0x779f, 0x779f,
    0x779f, 0x779f, 0x779f, 0x779f, 0x733d, 0x733d, 0x733d, 0x733d, 0x733d, 0x733d, 0x733d, 0x733d,
    0x733d, 0x733d, 0x733d, 0x779f, 0x779f, 0x779f, 0x779f, 0x7fff, 0x7fff, 0x7fff, 0x7fff, 0x7fff,
    0x7fff, 0x7fff, 0x7fff, 0x7fff, 0x7fff, 0x7fff, 0x7fff, 0x7fff, 0x7fff, 0x7fff, 0x7fff, 0x7fff,
    0x7fff, 0x7fff, 0x7fff, 0x7fff, 0x733d, 0x733d, 0x733d, 0x733d, 0x733d, 0x733d, 0x733d, 0x733d,
    0x733d, 0x733d, 0x733d, 0x733d, 0x733d, 0x733d, 0x733d, 0x733d, 0x733d, 0x7fff, 0x24cb, 0x24cb,
    0x24cb, 0x24cb, 0x7fff, 0x7fff, 0x7fff, 0x7fff, 0x7fff, 0x7fff, 0x7fff, 0x7fff, 0x7fff, 0x7fff,
    0x7fff, 0x7fff, 0x7fff, 0x7fff, 0x7fff, 0x7fff, 0x7fff, 0x7fff, 0x7fff, 0x7fff, 0x7fff, 0x7fff,
    0x7fff, 0x7fff, 0x7fff, 0x7fff, 0x7fff, 0x7fff, 0x7fff, 0x7fff, 0x7fff, 0x7fff, 0x7fff, 0x7fff,
    0x7fff, 0x7fff, 0x7fff, 0x7fff, 0x7fff, 0x7fff, 0x7fff, 0x7fff, 0x7fff, 0x7fff, 0x7fff, 0x7fff,
    0x7fff, 0x7fff, 0x7fff, 0x7fff, 0x7fff, 0x7fff, 0x7fff, 0x7fff, 0x733d, 0x733d, 0x733d, 0x733d,
    0x733d, 0x6adb, 0x6adb, 0x6adb, 0x6adb, 0x6adb, 0x6adb, 0x6adb, 0x7fff, 0x7fff, 0x7fff, 0x7fff,
    0x7fff, 0x7fff, 0x7fff, 0x7fff, 0x7fff, 0x7fff, 0x7fff, 0x7fff, 0x7fff, 0x7fff, 0x7fff, 0x7fff,
    0x7fff, 0x7fff, 0x7fff, 0x7fff, 0x7fff, 0x7fff, 0x7fff, 0x7fff, 0x7fff, 0x7fff, 0x7fff, 0x7fff,
    0x733d, 0x733d, 0x733d, 0x733d, 0x733d, 0x733d, 0x733d, 0x733d, 0x733d, 0x733d, 0x733d, 0x733d,
    0x733d, 0x733d, 0x733d, 0x733d, 0x7fff, 0x7fff, 0x7fff, 0x7fff, 0x7fff, 0x7fff, 0x7fff, 0x7fff,
    0x7fff, 0x7fff, 0x7fff, 0x7fff, 0x7fff, 0x7fff, 0x7fff, 0x7fff, 0x7fff, 0x7fff, 0x7fff, 0x7fff,
    0x7fff, 0x7fff, 0x7fff, 0x7fff, 0x733d, 0x733d, 0x733d, 0x733d, 0x7fff, 0x7fff, 0x7fff, 0x7fff,
    0x7fff, 0x733d, 0x733d, 0x733d, 0x733d, 0x733d, 0x733d, 0x6adb, 0x733d, 0x7fff, 0x7fff, 0x6adb,
    0x6adb, 0x6adb, 0x6adb, 0x6adb, 0x6adb, 0x6adb, 0x6adb, 0x6adb, 0x7fff, 0x7fff, 0x7fff, 0x7fff,
    0x7fff, 0x7fff, 0x7fff, 0x7fff, 0x7fff, 0x7fff, 0x7fff, 0x7fff, 0x7fff, 0x7fff, 0x7fff, 0x7fff,
    0x7fff, 0x7fff, 0x733d, 0x733d, 0x733d, 0x733d, 0x733d, 0x733d, 0x733d, 0x733d, 0x733d, 0x733d,
    0x733d, 0x733d, 0x733d, 0x733d, 0x779f, 0x779f, 0x779f, 0x7fff, 0x7fff, 0x7fff, 0x7fff, 0x7fff,
    0x7fff, 0x7fff, 0x7fff, 0x7fff, 0x7fff, 0x7fff, 0x7fff, 0x7fff, 0x7fff, 0x7fff, 0x7fff, 0x7fff,
    0x7fff, 0x7fff, 0x733d, 0x733d, 0x733d, 0x733d, 0x733d, 0x733d, 0x733d, 0x733d, 0x733d, 0x733d,
    0x733d, 0x733d, 0x733d, 0x733d, 0x733d, 0x733d, 0x733d, 0x733d, 0x733d, 0x7fff, 0x7fff, 0x7fff,
    0x7fff, 0x7fff, 0x7fff, 0x7fff, 0x7fff, 0x7fff, 0x7fff, 0x7fff, 0x7fff, 0x7fff, 0x7fff, 0x7fff,
    0x7fff, 0x7fff, 0x7fff, 0x7fff, 0x7fff, 0x7fff, 0x7fff, 0x7fff, 0x7fff, 0x7fff, 0x7fff, 0x7fff,
    0x7fff, 0x7fff, 0x7fff, 0x7fff, 0x7fff, 0x7fff, 0x7fff, 0x7fff, 0x7fff, 0x7fff, 0x7fff, 0x7fff,
    0x7fff, 0x7fff, 0x7fff, 0x7fff, 0x7fff, 0x7fff, 0x7fff, 0x7fff, 0x7fff, 0x7fff, 0x7fff, 0x7fff,
    0x7fff, 0x7fff, 0x7fff, 0x7fff, 0x6adb, 0x6adb, 0x7fff, 0x733d, 0x733d, 0x733d, 0x733d, 0x733d,
    0x6adb, 0x6adb, 0x6adb, 0x6adb, 0x6adb, 0x6adb, 0x6adb, 0x6adb, 0x6adb, 0x7fff, 0x7fff, 0x7fff,
    0x733d, 0x733d, 0x7fff, 0x7fff, 0x7fff, 0x7fff, 0x7fff, 0x7fff, 0x7fff, 0x7fff, 0x7fff, 0x7fff,
    0x7fff, 0x7fff, 0x7fff, 0x7fff, 0x7fff, 0x7fff, 0x7fff, 0x7fff, 0x7fff, 0x7fff, 0x7fff, 0x7fff,
    0x733d, 0x733d, 0x733d, 0x733d, 0x733d, 0x733d, 0x733d, 0x733d, 0x733d, 0x733d, 0x733d, 0x733d,
    0x733d, 0x733d, 0x733d, 0x733d, 0x733d, 0x7fff, 0x7fff, 0x7fff, 0x7fff, 0x7fff, 0x7fff, 0x7fff,
    0x7fff, 0x7fff, 0x7fff, 0x7fff, 0x7fff, 0x7fff, 0x7fff, 0x7fff, 0x7fff, 0x7fff, 0x7fff, 0x7fff,
    0x7fff, 0x7fff, 0x7fff, 0x733d, 0x733d, 0x733d, 0x733d, 0x733d, 0x733d, 0x7fff, 0x7fff, 0x7fff,
    0x733d, 0x733d, 0x733d, 0x733d, 0x733d, 0x733d, 0x6adb, 0x6adb, 0x6adb, 0x733d, 0x6adb, 0x6adb,
    0x6adb, 0x6adb, 0x6adb, 0x6adb, 0x6adb, 0x6adb, 0x6adb, 0x6adb, 0x6adb, 0x6adb, 0x7fff, 0x7fff,
    0x7fff, 0x7fff, 0x7fff, 0x7fff, 0x7fff, 0x7fff, 0x7fff, 0x7fff, 0x7fff, 0x7fff, 0x7fff, 0x7fff,
    0x733d, 0x733d, 0x733d, 0x733d, 0x733d, 0x733d, 0x733d, 0x733d, 0x733d, 0x733d, 0x733d, 0x733d,
    0x733d, 0x733d, 0x733d, 0x733d, 0x733d, 0x733d, 0x779f, 0x7fff, 0x7fff, 0x7fff, 0x7fff, 0x7fff,
    0x7fff, 0x7fff, 0x7fff, 0x7fff, 0x7fff, 0x7fff, 0x7fff, 0x7fff, 0x7fff, 0x7fff, 0x7fff, 0x733d,
    0x733d, 0x733d, 0x733d, 0x733d, 0x733d, 0x733d, 0x733d, 0x733d, 0x733d, 0x733d, 0x733d, 0x733d,
    0x733d, 0x733d, 0x733d, 0x733d, 0x733d, 0x733d, 0x733d, 0x733d, 0x733d, 0x733d, 0x733d, 0x733d,
    0x733d, 0x733d, 0x7fff, 0x7fff, 0x7fff, 0x7fff, 0x7fff, 0x7fff, 0x7fff, 0x7fff, 0x7fff, 0x7fff,
    0x7fff, 0x7fff, 0x7fff, 0x7fff, 0x7fff, 0x7fff, 0x7fff, 0x7fff, 0x7fff, 0x7fff, 0x7fff, 0x7fff,
    0x7fff, 0x7fff, 0x7fff, 0x7fff, 0x7fff, 0x7fff, 0x7fff, 0x7fff, 0x7fff, 0x7fff, 0x7fff, 0x7fff,
    0x7fff, 0x7fff, 0x7fff, 0x7fff, 0x7fff, 0x7fff, 0x7fff, 0x7fff, 0x7fff, 0x7fff, 0x7fff, 0x7fff,
    0x7fff, 0x7fff, 0x6adb, 0x6adb, 0x6adb, 0x6adb, 0x6adb, 0x733d, 0x733d, 0x733d, 0x733d, 0x6adb,
    0x6adb, 0x6adb, 0x6adb, 0x6adb, 0x6adb, 0x6adb, 0x6adb, 0x6adb, 0x6adb, 0x7fff, 0x7fff, 0x7fff,
    0x733d, 0x733d, 0x733d, 0x7fff, 0x7fff, 0x7fff, 0x7fff, 0x7fff, 0x7fff, 0x7fff, 0x7fff, 0x7fff,
    0x7fff, 0x7fff, 0x7fff, 0x7fff, 0x7fff, 0x7fff, 0x7fff, 0x7fff, 0x7fff, 0x7fff, 0x7fff, 0x733d,
    0x733d, 0x733d, 0x733d, 0x733d, 0x733d, 0x733d, 0x733d, 0x733d, 0x733d, 0x733d, 0x733d, 0x733d,
    0x733d, 0x733d, 0x733d, 0x733d, 0x733d, 0x733d, 0x7fff, 0x7fff, 0x7fff, 0x7fff, 0x7fff, 0x7fff,
    0x7fff, 0x7fff, 0x7fff, 0x7fff, 0x7fff, 0x7fff, 0x7fff, 0x7fff, 0x7fff, 0x7fff, 0x7fff, 0x7fff,
    0x7fff, 0x7fff, 0x7fff, 0x733d, 0x733d, 0x733d, 0x733d, 0x733d, 0x733d, 0x7fff, 0x7fff, 0x733d,
    0x733d, 0x733d, 0x733d, 0x733d, 0x733d, 0x6adb, 0x6adb, 0x6adb, 0x6adb, 0x6adb, 0x6adb, 0x6adb,
    0x6adb, 0x6adb, 0x6adb, 0x6adb, 0x6adb, 0x6adb, 0x6adb, 0x6adb, 0x6adb, 0x6adb, 0x6adb, 0x7fff,
    0x7fff, 0x7fff, 0x7fff, 0x7fff, 0x7fff, 0x7fff, 0x7fff, 0x7fff, 0x7fff, 0x7fff, 0x7fff, 0x733d,
    0x733d, 0x733d, 0x733d, 0x733d, 0x733d, 0x733d, 0x733d, 0x733d, 0x733d, 0x733d, 0x733d, 0x733d,
    0x733d, 0x733d, 0x733d, 0x733d, 0x733d, 0x733d, 0x733d, 0x7fff, 0x7fff, 0x7fff, 0x7fff, 0x7fff,
    0x7fff, 0x7fff, 0x7fff, 0x7fff, 0x7fff, 0x7fff, 0x7fff, 0x7fff, 0x7fff, 0x7fff, 0x733d, 0x733d,
    0x733d, 0x733d, 0x733d, 0x733d, 0x733d, 0x733d, 0x733d, 0x733d, 0x733d, 0x733d, 0x733d, 0x733d,
    0x733d, 0x733d, 0x733d, 0x733d, 0x733d, 0x733d, 0x733d, 0x733d, 0x733d, 0x733d, 0x733d, 0x733d,
    0x733d, 0x733d, 0x6adb, 0x6adb, 0x7fff, 0x7fff, 0x7fff, 0x7fff, 0x7fff, 0x7fff, 0x7fff, 0x7fff,
    0x7fff, 0x7fff, 0x7fff, 0x7fff, 0x7fff, 0x7fff, 0x7fff, 0x7fff, 0x7fff, 0x7fff, 0x7fff, 0x7fff,
    0x7fff, 0x7fff, 0x7fff, 0x7fff, 0x7fff, 0x7fff, 0x7fff, 0x7fff, 0x7fff, 0x7fff, 0x7fff, 0x7fff,
    0x7fff, 0x7fff, 0x7fff, 0x7fff, 0x7fff, 0x7fff, 0x7fff, 0x7fff, 0x7fff, 0x7fff, 0x7fff, 0x7fff,
    0x7fff, 0x6adb, 0x6adb, 0x6adb, 0x6adb, 0x6adb, 0x6adb, 0x6adb, 0x6adb, 0x6adb, 0x6adb, 0x6adb,
    0x6adb, 0x6adb, 0x6adb, 0x6adb, 0x6adb, 0x6adb, 0x6adb, 0x6adb, 0x6adb, 0x6adb, 0x7fff, 0x7fff,
    0x733d, 0x733d, 0x733d, 0x733d, 0x7fff, 0x7fff, 0x7fff, 0x7fff, 0x7fff, 0x7fff, 0x7fff, 0x7fff,
    0x7fff, 0x7fff, 0x7fff, 0x7fff, 0x7fff, 0x7fff, 0x7fff, 0x7fff, 0x7fff, 0x7fff, 0x7fff, 0x733d,
    0x733d, 0x733d, 0x733d, 0x733d, 0x733d, 0x733d, 0x733d, 0x733d, 0x733d, 0x733d, 0x733d, 0x733d,
    0x733d, 0x733d, 0x733d, 0x733d, 0x733d, 0x733d, 0x733d, 0x7fff, 0x7fff, 0x7fff, 0x7fff, 0x7fff,
    0x7fff, 0x7fff, 0x7fff, 0x7fff, 0x7fff, 0x7fff, 0x7fff, 0x7fff, 0x7fff, 0x7fff, 0x7fff, 0x7fff,
    0x7fff, 0x733d, 0x733d, 0x733d, 0x733d, 0x733d, 0x733d, 0x733d, 0x733d, 0x733d, 0x733d, 0x733d,
    0x733d, 0x733d, 0x733d, 0x733d, 0x6adb, 0x6adb, 0x6adb, 0x6adb, 0x6adb, 0x6adb, 0x6adb, 0x6adb,
    0x6adb, 0x6adb, 0x6adb, 0x6adb, 0x6adb, 0x6adb, 0x6adb, 0x6adb, 0x6adb, 0x6adb, 0x6adb, 0x6adb,
    0x6adb, 0x7fff, 0x7fff, 0x7fff, 0x7fff, 0x7fff, 0x7fff, 0x7fff, 0x733d, 0x733d, 0x733d, 0x733d,
    0x733d, 0x733d, 0x733d, 0x733d, 0x733d, 0x733d, 0x733d, 0x733d, 0x733d, 0x733d, 0x2d2c, 0x2d2c,
    0x2d2c, 0x2d2c, 0x733d, 0x733d, 0x733d, 0x733d, 0x733d, 0x733d, 0x7fff, 0x7fff, 0x7fff, 0x7fff,
    0x7fff, 0x7fff, 0x7fff, 0x7fff, 0x7fff, 0x7fff, 0x7fff, 0x7fff, 0x733d, 0x733d, 0x733d, 0x733d,
    0x733d, 0x733d, 0x733d, 0x733d, 0x733d, 0x733d, 0x733d, 0x733d, 0x733d, 0x733d, 0x733d, 0x733d,
    0x733d, 0x733d, 0x733d, 0x733d, 0x733d, 0x733d, 0x733d, 0x733d, 0x733d, 0x733d, 0x733d, 0x733d,
    0x733d, 0x6adb, 0x6adb, 0x6adb, 0x6adb, 0x6adb, 0x7fff, 0x7fff, 0x7fff, 0x7fff, 0x7fff, 0x7fff,
    0x7fff, 0x7fff, 0x7fff, 0x7fff, 0x7fff, 0x7fff, 0x7fff, 0x7fff, 0x7fff, 0x7fff, 0x7fff, 0x7fff,
    0x7fff, 0x7fff, 0x7fff, 0x7fff, 0x7fff, 0x7fff, 0x7fff, 0x7fff, 0x7fff, 0x7fff, 0x7fff, 0x7fff,
    0x7fff, 0x7fff, 0x7fff, 0x7fff, 0x7fff, 0x7fff, 0x7fff, 0x7fff, 0x7fff, 0x7fff, 0x7fff, 0x7fff,
    0x6adb, 0x6adb, 0x6adb, 0x6adb, 0x6adb, 0x6adb, 0x6adb, 0x6adb, 0x6adb, 0x6adb, 0x6adb, 0x6adb,
    0x6adb, 0x6adb, 0x6adb, 0x6adb, 0x6adb, 0x6adb, 0x6adb, 0x6adb, 0x6adb, 0x6adb, 0x6adb, 0x6adb,
    0x733d, 0x733d, 0x733d, 0x733d, 0x733d, 0x7fff, 0x7fff, 0x7fff, 0x7fff, 0x7fff, 0x7fff, 0x7fff,
    0x7fff, 0x7fff, 0x7fff, 0x7fff, 0x7fff, 0x7fff, 0x7fff, 0x7fff, 0x7fff, 0x7fff, 0x733d, 0x733d,
    0x733d, 0x733d, 0x733d, 0x733d, 0x733d, 0x733d, 0x733d, 0x733d, 0x733d, 0x733d, 0x733d, 0x733d,
    0x733d, 0x733d, 0x733d, 0x733d, 0x733d, 0x733d, 0x733d, 0x7fff, 0x7fff, 0x7fff, 0x7fff, 0x7fff,
    0x7fff, 0x7fff, 0x7fff, 0x7fff, 0x7fff, 0x7fff, 0x7fff, 0x7fff, 0x7fff, 0x7fff, 0x733d, 0x733d,
    0x733d, 0x733d, 0x733d, 0x733d, 0x733d, 0x733d, 0x733d, 0x733d, 0x733d, 0x733d, 0x733d, 0x733d,
    0x733d, 0x733d, 0x733d, 0x733d, 0x6adb, 0x6adb, 0x6adb, 0x6adb, 0x6adb, 0x6adb, 0x6adb, 0x6adb,
    0x6adb, 0x6adb, 0x6adb, 0x6adb, 0x6adb, 0x6adb, 0x6adb, 0x6adb, 0x6adb, 0x6adb, 0x6adb, 0x6adb,
    0x6adb, 0x6adb, 0x7fff, 0x7fff, 0x7fff, 0x7fff, 0x733d, 0x733d, 0x733d, 0x733d, 0x733d, 0x733d,
    0x733d, 0x733d, 0x733d, 0x733d, 0x733d, 0x733d, 0x733d, 0x733d, 0x733d, 0x2d2c, 0x2d2c, 0x2d2c,
    0x2d2c, 0x2d2c, 0x2d2c, 0x733d, 0x733d, 0x733d, 0x733d, 0x733d, 0x733d, 0x733d, 0x7fff, 0x7fff,
    0x7fff, 0x7fff, 0x7fff, 0x7fff, 0x7fff, 0x733d, 0x733d, 0x733d, 0x733d, 0x733d, 0x733d, 0x733d,
    0x733d, 0x733d, 0x733d, 0x733d, 0x733d, 0x733d, 0x733d, 0x733d, 0x733d, 0x733d, 0x733d, 0x733d,
    0x733d, 0x733d, 0x733d, 0x733d, 0x733d, 0x733d, 0x733d, 0x733d, 0x733d, 0x733d, 0x733d, 0x733d,
    0x6adb, 0x6adb, 0x6adb, 0x6adb, 0x6adb, 0x6adb, 0x6adb, 0x6adb, 0x7fff, 0x7fff, 0x7fff, 0x7fff,
    0x7fff, 0x7fff, 0x7fff, 0x7fff, 0x7fff, 0x7fff, 0x7fff, 0x7fff, 0x7fff, 0x7fff, 0x7fff, 0x7fff,
    0x7fff, 0x7fff, 0x7fff, 0x7fff, 0x7fff, 0x7fff, 0x7fff, 0x7fff, 0x7fff, 0x7fff, 0x7fff, 0x7fff,
    0x7fff, 0x7fff, 0x7fff, 0x7fff, 0x7fff, 0x7fff, 0x7fff, 0x7fff, 0x7fff, 0x7fff, 0x7fff, 0x6adb,
    0x6adb, 0x6adb, 0x6adb, 0x6adb, 0x6adb, 0x6adb, 0x6adb, 0x6adb, 0x6adb, 0x6adb, 0x6adb, 0x6adb,
    0x6adb, 0x6adb, 0x6adb, 0x6adb, 0x6adb, 0x6adb, 0x6adb, 0x6adb, 0x6adb, 0x6adb, 0x6adb, 0x6adb,
    0x733d, 0x733d, 0x733d, 0x733d, 0x733d, 0x733d, 0x7fff, 0x7fff, 0x7fff, 0x7fff, 0x7fff, 0x7fff,
    0x7fff, 0x7fff, 0x7fff, 0x7fff, 0x7fff, 0x7fff, 0x7fff, 0x733d, 0x733d, 0x733d, 0x733d, 0x733d,
    0x733d, 0x733d, 0x733d, 0x733d, 0x733d, 0x733d, 0x733d, 0x733d, 0x733d, 0x733d, 0x733d, 0x733d,
    0x733d, 0x733d, 0x733d, 0x733d, 0x733d, 0x733d, 0x733d, 0x733d, 0x7fff, 0x7fff, 0x7fff, 0x7fff,
    0x7fff, 0x7fff, 0x7fff, 0x7fff, 0x7fff, 0x7fff, 0x7fff, 0x7fff, 0x7fff, 0x733d, 0x733d, 0x733d,
    0x733d, 0x733d, 0x733d, 0x733d, 0x733d, 0x733d, 0x733d, 0x733d, 0x733d, 0x733d, 0x733d, 0x733d,
    0x733d, 0x733d, 0x733d, 0x6adb, 0x6adb, 0x6adb, 0x6adb, 0x6adb, 0x6adb, 0x6adb, 0x6adb, 0x6adb,
    0x6adb, 0x6adb, 0x6adb, 0x6adb, 0x6adb, 0x6adb, 0x6adb, 0x6adb, 0x6adb, 0x6adb, 0x6adb, 0x6adb,
    0x6adb, 0x6adb, 0x6adb, 0x6adb, 0x7fff, 0x733d, 0x733d, 0x733d, 0x733d, 0x733d, 0x733d, 0x733d,
    0x733d, 0x733d, 0x733d, 0x733d, 0x733d, 0x733d, 0x733d, 0x733d, 0x733d, 0x2d2c, 0x2d2c, 0x2d2c,
    0x2d2c, 0x2d2c, 0x2d2c, 0x733d, 0x733d, 0x733d, 0x733d, 0x733d, 0x733d, 0x733d, 0x733d, 0x7fff,
    0x7fff, 0x7fff, 0x7fff, 0x733d, 0x733d, 0x733d, 0x733d, 0x733d, 0x733d, 0x733d, 0x733d, 0x733d,
    0x733d, 0x733d, 0x733d, 0x733d, 0x733d, 0x733d, 0x733d, 0x733d, 0x733d, 0x733d, 0x733d, 0x733d,
    0x733d, 0x733d, 0x733d, 0x733d, 0x733d, 0x733d, 0x733d, 0x733d, 0x733d, 0x733d, 0x733d, 0x6adb,
    0x6adb, 0x6adb, 0x6adb, 0x6adb, 0x6adb, 0x6adb, 0x6adb, 0x6adb, 0x6adb, 0x7fff, 0x7fff, 0x7fff,
    0x7fff, 0x7fff, 0x7fff, 0x7fff, 0x7fff, 0x7fff, 0x7fff, 0x7fff, 0x7fff, 0x7fff, 0x7fff, 0x7fff,
    0x7fff, 0x7fff, 0x7fff, 0x7fff, 0x7fff, 0x7fff, 0x7fff, 0x7fff, 0x7fff, 0x7fff, 0x7fff, 0x7fff,
    0x7fff, 0x7fff, 0x7fff, 0x7fff, 0x7fff, 0x7fff, 0x7fff, 0x7fff, 0x7fff, 0x7fff, 0x6adb, 0x6adb,
    0x6adb, 0x6adb, 0x6adb, 0x6adb, 0x6adb, 0x6adb, 0x6adb, 0x6adb, 0x6adb, 0x6adb, 0x6adb, 0x6adb,
    0x6adb, 0x6adb, 0x6adb, 0x6adb, 0x6adb, 0x6adb, 0x6adb, 0x6adb, 0x6adb, 0x6adb, 0x6adb, 0x6adb,
    0x733d, 0x733d, 0x733d, 0x733d, 0x733d, 0x733d, 0x7fff, 0x7fff, 0x7fff, 0x7fff, 0x7fff, 0x7fff,
    0x7fff, 0x7fff, 0x7fff, 0x7fff, 0x7fff, 0x733d, 0x733d, 0x733d, 0x733d, 0x733d, 0x6adb, 0x733d,
    0x733d, 0x733d, 0x733d, 0x733d, 0x733d, 0x733d, 0x733d, 0x733d, 0x733d, 0x733d, 0x733d, 0x733d,
    0x733d, 0x733d, 0x733d, 0x733d, 0x733d, 0x733d, 0x733d, 0x733d, 0x733d, 0x733d, 0x733d, 0x7fff,
    0x7fff, 0x7fff, 0x7fff, 0x7fff, 0x7fff, 0x7fff, 0x7fff, 0x7fff, 0x733d, 0x733d, 0x733d, 0x733d,
    0x733d, 0x733d, 0x733d, 0x733d, 0x733d, 0x733d, 0x733d, 0x733d, 0x733d, 0x733d, 0x733d, 0x733d,
    0x733d, 0x733d, 0x733d, 0x6adb, 0x6adb, 0x6adb, 0x6adb, 0x6adb, 0x6adb, 0x6adb, 0x6adb, 0x6adb,
    0x6adb, 0x6adb, 0x6adb, 0x6adb, 0x6adb, 0x6adb, 0x6adb, 0x6adb, 0x6adb, 0x6adb, 0x6adb, 0x6adb,
    0x6adb, 0x6adb, 0x6adb, 0x6adb, 0x6adb, 0x6adb, 0x733d, 0x733d, 0x733d, 0x733d, 0x733d, 0x733d,
    0x733d, 0x733d, 0x733d, 0x733d, 0x733d, 0x733d, 0x2d2c, 0x2d2c, 0x2d2c, 0x2d2c, 0x2d2c, 0x2d2c,
    0x2d2c, 0x2d2c, 0x2d2c, 0x2d2c, 0x2d2c, 0x2d2c, 0x733d, 0x733d, 0x733d, 0x733d, 0x733d, 0x733d,
    0x7fff, 0x733d, 0x733d, 0x733d, 0x733d, 0x733d, 0x733d, 0x733d, 0x733d, 0x733d, 0x733d, 0x733d,
    0x733d, 0x733d, 0x733d, 0x733d, 0x733d, 0x733d, 0x733d, 0x733d, 0x733d, 0x733d, 0x733d, 0x733d,
    0x733d, 0x733d, 0x733d, 0x733d, 0x733d, 0x733d, 0x733d, 0x733d, 0x733d, 0x733d, 0x6adb, 0x6adb,
    0x6adb, 0x6adb, 0x6adb, 0x6adb, 0x6adb, 0x6adb, 0x6adb, 0x6adb, 0x6adb, 0x6adb, 0x6adb, 0x7fff,
    0x7fff, 0x7fff, 0x7fff, 0x7fff, 0x7fff, 0x7fff, 0x7fff, 0x7fff, 0x7fff, 0x7fff, 0x7fff, 0x7fff,
    0x7fff, 0x733d, 0x733d, 0x7fff, 0x7fff, 0x7fff, 0x7fff, 0x7fff, 0x7fff, 0x7fff, 0x7fff, 0x7fff,
    0x7fff, 0x7fff, 0x7fff, 0x7fff, 0x7fff, 0x7fff, 0x7fff, 0x7fff, 0x6adb, 0x6adb, 0x6adb, 0x6adb,
    0x6adb, 0x6adb, 0x6adb, 0x6adb, 0x6adb, 0x6adb, 0x6adb, 0x6adb, 0x6adb, 0x6adb, 0x6adb, 0x6adb,
    0x6adb, 0x6adb, 0x6adb, 0x6adb, 0x6adb, 0x6adb, 0x6adb, 0x6adb, 0x6adb, 0x6adb, 0x6adb, 0x6adb,
    0x733d, 0x733d, 0x733d, 0x733d, 0x733d, 0x733d, 0x733d, 0x7fff, 0x7fff, 0x7fff, 0x7fff, 0x7fff,
    0x7fff, 0x7fff, 0x7fff, 0x7fff, 0x733d, 0x733d, 0x733d, 0x733d, 0x733d, 0x6adb, 0x6adb, 0x6adb,
    0x733d, 0x733d, 0x733d, 0x733d, 0x733d, 0x733d, 0x733d, 0x733d, 0x733d, 0x733d, 0x733d, 0x733d,
    0x733d, 0x733d, 0x733d, 0x733d, 0x733d, 0x733d, 0x733d, 0x733d, 0x733d, 0x733d, 0x733d, 0x733d,
    0x7fff, 0x7fff, 0x7fff, 0x7fff, 0x7fff, 0x7fff, 0x7fff, 0x733d, 0x733d, 0x733d, 0x733d, 0x733d,
    0x733d, 0x733d, 0x733d, 0x733d, 0x733d, 0x733d, 0x733d, 0x733d, 0x733d, 0x733d, 0x733d, 0x733d,
    0x733d, 0x733d, 0x6adb, 0x6adb, 0x6adb, 0x6adb, 0x6adb, 0x6adb, 0x6adb, 0x6adb, 0x6adb, 0x6adb,
    0x6adb, 0x6adb, 0x6adb, 0x6adb, 0x6adb, 0x6adb, 0x6adb, 0x6adb, 0x6adb, 0x6adb, 0x6adb, 0x6adb,
    0x6adb, 0x6adb, 0x6adb, 0x6adb, 0x6adb, 0x6adb, 0x6adb, 0x6adb, 0x6adb, 0x733d, 0x733d, 0x733d,
    0x733d, 0x733d, 0x733d, 0x733d, 0x733d, 0x733d, 0x733d, 0x733d, 0x733d, 0x1888, 0x1888, 0x1888,
    0x1888, 0x1888, 0x1888, 0x733d, 0x6adb, 0x733d, 0x733d, 0x733d, 0x733d, 0x733d, 0x733d, 0x733d,
    0x733d, 0x733d, 0x733d, 0x733d, 0x733d, 0x733d, 0x733d, 0x733d, 0x733d, 0x733d, 0x733d, 0x733d,
    0x733d, 0x733d, 0x733d, 0x733d, 0x733d, 0x733d, 0x733d, 0x733d, 0x733d, 0x733d, 0x733d, 0x733d,
    0x733d, 0x733d, 0x733d, 0x733d, 0x733d, 0x733d, 0x733d, 0x733d, 0x733d, 0x733d, 0x6adb, 0x6adb,
    0x6adb, 0x6adb, 0x6adb, 0x6adb, 0x6adb, 0x6adb, 0x6adb, 0x6adb, 0x6adb, 0x6adb, 0x6adb, 0x6adb,
    0x6adb, 0x7fff, 0x7fff, 0x7fff, 0x7fff, 0x7fff, 0x7fff, 0x7fff, 0x7fff, 0x7fff, 0x7fff, 0x7fff,
    0x733d, 0x733d, 0x733d, 0x733d, 0x7fff, 0x7fff, 0x7fff, 0x7fff, 0x7fff, 0x7fff, 0x7fff, 0x7fff,
    0x7fff, 0x7fff, 0x7fff, 0x7fff, 0x7fff, 0x7fff, 0x7fff, 0x6adb, 0x6adb, 0x6adb, 0x6adb, 0x6adb,
    0x6adb, 0x6adb, 0x6adb, 0x6adb, 0x6adb, 0x6adb, 0x6adb, 0x6adb, 0x6adb, 0x6adb, 0x6adb, 0x6adb,
    0x6adb, 0x6adb, 0x6adb, 0x6adb, 0x6adb, 0x6adb, 0x6adb, 0x6adb, 0x6adb, 0x6adb, 0x6adb, 0x6adb,
    0x733d, 0x733d, 0x733d, 0x733d, 0x733d, 0x733d, 0x733d, 0x7fff, 0x7fff, 0x7fff, 0x7fff, 0x7fff,
    0x7fff, 0x7fff, 0x7fff, 0x733d, 0x733d, 0x733d, 0x733d, 0x733d, 0x733d, 0x6adb, 0x6adb, 0x6adb,
    0x733d, 0x733d, 0x733d, 0x733d, 0x733d, 0x733d, 0x733d, 0x733d, 0x733d, 0x733d, 0x733d, 0x733d,
    0x733d, 0x733d, 0x733d, 0x733d, 0x733d, 0x733d, 0x733d, 0x733d, 0x733d, 0x733d, 0x733d, 0x733d,
    0x733d, 0x7fff, 0x7fff, 0x7fff, 0x7fff, 0x7fff, 0x733d, 0x733d, 0x733d, 0x733d, 0x733d, 0x733d,
    0x733d, 0x733d, 0x733d, 0x733d, 0x733d, 0x733d, 0x733d, 0x733d, 0x733d, 0x733d, 0x733d, 0x733d,
    0x733d, 0x6adb, 0x6adb, 0x6adb, 0x6adb, 0x6adb, 0x6adb, 0x6adb, 0x6adb, 0x6adb, 0x6adb, 0x6adb,
    0x6adb, 0x6adb, 0x6adb, 0x6adb, 0x6adb, 0x6adb, 0x6adb, 0x6adb, 0x6adb, 0x6adb, 0x6adb, 0x6adb,
    0x6adb, 0x6adb, 0x6adb, 0x6adb, 0x6adb, 0x6adb, 0x6adb, 0x6adb, 0x6adb, 0x6adb, 0x6adb, 0x733d,
    0x733d, 0x733d, 0x733d, 0x733d, 0x733d, 0x733d, 0x733d, 0x6adb, 0x6adb, 0x1888, 0x1888, 0x1888,
    0x1888, 0x1888, 0x1888, 0x6adb, 0x6adb, 0x6adb, 0x733d, 0x733d, 0x733d, 0x733d, 0x733d, 0x733d,
    0x733d, 0x733d, 0x733d, 0x733d, 0x733d, 0x733d, 0x733d, 0x733d, 0x733d, 0x6adb, 0x733d, 0x733d,
    0x733d, 0x733d, 0x733d, 0x733d, 0x733d, 0x733d, 0x733d, 0x733d, 0x733d, 0x733d, 0x733d, 0x733d,
    0x733d, 0x733d, 0x733d, 0x733d, 0x733d, 0x733d, 0x733d, 0x733d, 0x6adb, 0x6adb, 0x6adb, 0x6adb,
    0x6adb, 0x6adb, 0x6adb, 0x6adb, 0x6adb, 0x6adb, 0x6adb, 0x6adb, 0x6adb, 0x6adb, 0x6adb, 0x6adb,
    0x6adb, 0x6adb, 0x7fff, 0x7fff, 0x7fff, 0x7fff, 0x7fff, 0x7fff, 0x7fff, 0x7fff, 0x7fff, 0x733d,
    0x733d, 0x733d, 0x733d, 0x733d, 0x733d, 0x7fff, 0x7fff, 0x7fff, 0x7fff, 0x7fff, 0x7fff, 0x7fff,
    0x7fff, 0x7fff, 0x7fff, 0x7fff, 0x7fff, 0x7fff, 0x6adb, 0x6adb, 0x6adb, 0x6adb, 0x6adb, 0x6adb,
    0x6adb, 0x6adb, 0x6adb, 0x6adb, 0x6adb, 0x6adb, 0x6adb, 0x6adb, 0x6adb, 0x6adb, 0x6adb, 0x6adb,
    0x6adb, 0x6adb, 0x6adb, 0x6adb, 0x6adb, 0x6adb, 0x6adb, 0x6adb, 0x6adb, 0x6adb, 0x6adb, 0x6adb,
    0x733d, 0x733d, 0x733d, 0x733d, 0x733d, 0x733d, 0x733d, 0x733d, 0x7fff, 0x7fff, 0x7fff, 0x7fff,
    0x7fff, 0x7fff, 0x733d, 0x733d, 0x733d, 0x733d, 0x733d, 0x6adb, 0x6adb, 0x6adb, 0x6adb, 0x6adb,
    0x6adb, 0x733d, 0x733d, 0x733d, 0x733d, 0x733d, 0x733d, 0x733d, 0x733d, 0x733d, 0x733d, 0x733d,
    0x733d, 0x733d, 0x733d, 0x733d, 0x733d, 0x733d, 0x733d, 0x733d, 0x733d, 0x733d, 0x733d, 0x733d,
    0x733d, 0x733d, 0x733d, 0x7fff, 0x7fff, 0x733d, 0x733d, 0x733d, 0x733d, 0x733d, 0x733d, 0x733d,
    0x733d, 0x733d, 0x733d, 0x733d, 0x733d, 0x733d, 0x733d, 0x733d, 0x733d, 0x733d, 0x733d, 0x733d,
    0x6adb, 0x6adb, 0x6adb, 0x6adb, 0x6adb, 0x6adb, 0x6adb, 0x6adb, 0x6adb, 0x6adb, 0x6adb, 0x6adb,
    0x6adb, 0x6adb, 0x6adb, 0x6adb, 0x6adb, 0x6adb, 0x6adb, 0x6adb, 0x6adb, 0x6adb, 0x6adb, 0x6adb,
    0x6adb, 0x6adb, 0x6adb, 0x6adb, 0x6adb, 0x6adb, 0x6adb, 0x6adb, 0x6adb, 0x6adb, 0x6adb, 0x6adb,
    0x733d, 0x733d, 0x733d, 0x733d, 0x733d, 0x733d, 0x6adb, 0x6adb, 0x6adb, 0x1888, 0x1888, 0x1888,
    0x1888, 0x1888, 0x1888, 0x6adb, 0x6adb, 0x6adb, 0x6adb, 0x733d, 0x733d, 0x733d, 0x733d, 0x733d,
    0x733d, 0x733d, 0x733d, 0x733d, 0x733d, 0x733d, 0x733d, 0x6adb, 0x6adb, 0x6adb, 0x6adb, 0x6adb,
    0x733d, 0x733d, 0x733d, 0x733d, 0x733d, 0x733d, 0x733d, 0x733d, 0x733d, 0x733d, 0x733d, 0x733d,
    0x733d, 0x733d, 0x733d, 0x733d, 0x733d, 0x733d, 0x6adb, 0x6adb, 0x6adb, 0x6adb, 0x6adb, 0x6adb,
    0x6adb, 0x6adb, 0x6adb, 0x6adb, 0x6adb, 0x6adb, 0x6adb, 0x6adb, 0x6adb, 0x6adb, 0x6adb, 0x6adb,
    0x6adb, 0x6adb, 0x6adb, 0x6adb, 0x7fff, 0x7fff, 0x7fff, 0x7fff, 0x7fff, 0x7fff, 0x733d, 0x733d,
    0x733d, 0x733d, 0x733d, 0x733d, 0x733d, 0x733d, 0x733d, 0x7fff, 0x7fff, 0x7fff, 0x7fff, 0x7fff,
    0x7fff, 0x7fff, 0x7fff, 0x7fff, 0x7fff, 0x6adb, 0x6adb, 0x6adb, 0x6adb, 0x6adb, 0x6adb, 0x6adb,
    0x6adb, 0x6adb, 0x6adb, 0x6adb, 0x6adb, 0x6adb, 0x6adb, 0x6adb, 0x6adb, 0x6adb, 0x6adb, 0x6adb,
    0x6adb, 0x6adb, 0x6adb, 0x6adb, 0x6adb, 0x6adb, 0x6adb, 0x6adb, 0x6adb, 0x6adb, 0x6adb, 0x6adb,
    0x733d, 0x733d, 0x733d, 0x733d, 0x733d, 0x733d, 0x733d, 0x733d, 0x733d, 0x7fff, 0x7fff, 0x7fff,
    0x7fff, 0x733d, 0x733d, 0x733d, 0x733d, 0x733d, 0x6adb, 0x6adb, 0x6adb, 0x6adb, 0x6adb, 0x6adb,
    0x6adb, 0x6adb, 0x733d, 0x733d, 0x733d, 0x733d, 0x733d, 0x733d, 0x733d, 0x733d, 0x733d, 0x733d,
    0x733d, 0x733d, 0x733d, 0x733d, 0x733d, 0x733d, 0x733d, 0x733d, 0x733d, 0x733d, 0x733d, 0x733d,
    0x733d, 0x733d, 0x733d, 0x733d, 0x733d, 0x733d, 0x733d, 0x733d, 0x733d, 0x733d, 0x733d, 0x733d,
    0x733d, 0x733d, 0x733d, 0x733d, 0x733d, 0x733d, 0x733d, 0x733d, 0x733d, 0x733d, 0x733d, 0x6adb,
    0x6adb, 0x6adb, 0x6adb, 0x6adb, 0x6adb, 0x6adb, 0x6adb, 0x6adb, 0x6adb, 0x6adb, 0x6adb, 0x6adb,
    0x6adb, 0x6adb, 0x6adb, 0x6adb, 0x6adb, 0x6adb, 0x6adb, 0x6adb, 0x6adb, 0x6adb, 0x6adb, 0x6adb,
    0x6adb, 0x6adb, 0x6adb, 0x6adb, 0x6adb, 0x6adb, 0x6adb, 0x6adb, 0x6adb, 0x6adb, 0x6adb, 0x6adb,
    0x6adb, 0x6adb, 0x6adb, 0x733d, 0x6adb, 0x6adb, 0x6adb, 0x6adb, 0x1caf, 0x1888, 0x1888, 0x1888,
    0x1888, 0x1888, 0x6adb, 0x6adb, 0x6adb, 0x6adb, 0x6adb, 0x6adb, 0x733d, 0x733d, 0x733d, 0x733d,
    0x733d, 0x733d, 0x733d, 0x733d, 0x733d, 0x733d, 0x6adb, 0x6adb, 0x6adb, 0x6adb, 0x6adb, 0x6adb,
    0x733d, 0x733d, 0x733d, 0x733d, 0x733d, 0x733d, 0x733d, 0x733d, 0x733d, 0x733d, 0x733d, 0x733d,
    0x733d, 0x733d, 0x733d, 0x733d, 0x733d, 0x6adb, 0x6adb, 0x6adb, 0x6adb, 0x6adb, 0x6adb, 0x6adb,
    0x6adb, 0x6adb, 0x6adb, 0x6adb, 0x6adb, 0x6adb, 0x6adb, 0x6adb, 0x6adb, 0x6adb, 0x6adb, 0x6adb,
    0x6adb, 0x6adb, 0x6adb, 0x6adb, 0x6adb, 0x6adb, 0x7fff, 0x7fff, 0x7fff, 0x733d, 0x733d, 0x733d,
    0x733d, 0x733d, 0x733d, 0x733d, 0x733d, 0x733d, 0x733d, 0x733d, 0x7fff, 0x7fff, 0x7fff, 0x7fff,
    0x7fff, 0x7fff, 0x7fff, 0x6adb, 0x6adb, 0x6adb, 0x6adb, 0x6adb, 0x6adb, 0x6adb, 0x6adb, 0x6adb,
    0x6adb, 0x6adb, 0x6adb, 0x6adb, 0x6adb, 0x6adb, 0x6adb, 0x6adb, 0x6adb, 0x6adb, 0x6adb, 0x6adb,
    0x6adb, 0x6adb, 0x6adb, 0x6adb, 0x6adb, 0x6adb, 0x6adb, 0x6adb, 0x6adb, 0x6adb, 0x6adb, 0x6adb,
    0x733d, 0x733d, 0x733d, 0x733d, 0x733d, 0x733d, 0x733d, 0x733d, 0x733d, 0x7fff, 0x7fff, 0x7fff,
    0x733d, 0x733d, 0x733d, 0x733d, 0x733d, 0x6adb, 0x6adb, 0x6adb, 0x6adb, 0x6adb, 0x6adb, 0x6adb,
    0x6adb, 0x6adb, 0x6adb, 0x733d, 0x733d, 0x733d, 0x733d, 0x733d, 0x733d, 0x733d, 0x733d, 0x733d,
    0x733d, 0x733d, 0x733d, 0x733d, 0x733d, 0x733d, 0x733d, 0x733d, 0x733d, 0x733d, 0x733d, 0x733d,
    0x733d, 0x733d, 0x733d, 0x733d, 0x733d, 0x733d, 0x733d, 0x733d, 0x733d, 0x733d, 0x733d, 0x733d,
    0x733d, 0x733d, 0x733d, 0x733d, 0x733d, 0x733d, 0x733d, 0x733d, 0x733d, 0x733d, 0x6adb, 0x6adb,
    0x6adb, 0x6adb, 0x6adb, 0x6adb, 0x6adb, 0x6adb, 0x6adb, 0x6adb, 0x6adb, 0x6adb, 0x6adb, 0x6adb,
    0x6adb, 0x6adb, 0x6adb, 0x6adb, 0x6adb, 0x6adb, 0x6adb, 0x6adb, 0x6adb, 0x6adb, 0x6adb, 0x6adb,
    0x6adb, 0x6adb, 0x6adb, 0x6adb, 0x6adb, 0x6adb, 0x6adb, 0x6adb, 0x6adb, 0x6adb, 0x6adb, 0x6adb,
    0x6adb, 0x6adb, 0x6adb, 0x6adb, 0x6adb, 0x6adb, 0x6adb, 0x1caf, 0x1caf, 0x1caf, 0x1888, 0x1888,
    0x1888, 0x1888, 0x1caf, 0x6adb, 0x6adb, 0x6adb, 0x6adb, 0x6adb, 0x6adb, 0x733d, 0x733d, 0x733d,
    0x733d, 0x733d, 0x733d, 0x733d, 0x733d, 0x733d, 0x6adb, 0x6adb, 0x6adb, 0x6adb, 0x6adb, 0x6adb,
    0x6adb, 0x733d, 0x733d, 0x733d, 0x733d, 0x733d, 0x733d, 0x733d, 0x733d, 0x733d, 0x733d, 0x733d,
    0x733d, 0x733d, 0x733d, 0x733d, 0x6adb, 0x6adb, 0x6adb, 0x6adb, 0x6adb, 0x6adb, 0x6adb, 0x6adb,
    0x6adb, 0x6adb, 0x6adb, 0x6adb, 0x6adb, 0x6adb, 0x6adb, 0x6adb, 0x6adb, 0x6adb, 0x6adb, 0x6adb,
    0x6adb, 0x6adb, 0x6adb, 0x6adb, 0x6adb, 0x6adb, 0x6adb, 0x7fff, 0x733d, 0x733d, 0x733d, 0x733d,
    0x733d, 0x733d, 0x733d, 0x733d, 0x733d, 0x733d, 0x733d, 0x733d, 0x733d, 0x733d, 0x7fff, 0x7fff,
    0x7fff, 0x7fff, 0x6adb, 0x6adb, 0x6adb, 0x6adb, 0x6adb, 0x6adb, 0x6adb, 0x6adb, 0x6adb, 0x6adb,
    0x6adb, 0x6adb, 0x6adb, 0x6adb, 0x6adb, 0x6adb, 0x6adb, 0x6adb, 0x6adb, 0x6adb, 0x6adb, 0x6adb,
    0x6adb, 0x6adb, 0x6adb, 0x6adb, 0x6adb, 0x6adb, 0x6adb, 0x6adb, 0x6adb, 0x6adb, 0x6adb, 0x6adb,
    0x733d, 0x6adb, 0x6adb, 0x6adb, 0x733d, 0x733d, 0x733d, 0x733d, 0x733d, 0x733d, 0x733d, 0x733d,
    0x733d, 0x733d, 0x733d, 0x733d, 0x6adb, 0x6adb, 0x6adb, 0x6adb, 0x6adb, 0x6adb, 0x6adb, 0x6adb,
    0x6adb, 0x6adb, 0x6adb, 0x733d, 0x733d, 0x733d, 0x733d, 0x733d, 0x733d, 0x733d, 0x733d, 0x733d,
    0x733d, 0x733d, 0x733d, 0x733d, 0x733d, 0x733d, 0x733d, 0x733d, 0x733d, 0x733d, 0x733d, 0x733d,
    0x733d, 0x733d, 0x733d, 0x733d, 0x733d, 0x733d, 0x733d, 0x733d, 0x733d, 0x733d, 0x733d, 0x733d,
    0x733d, 0x733d, 0x733d, 0x733d, 0x733d, 0x733d, 0x733d, 0x733d, 0x733d, 0x6adb, 0x6adb, 0x6adb,
    0x6adb, 0x6adb, 0x6adb, 0x6adb, 0x6adb, 0x6adb, 0x6adb, 0x6adb, 0x6adb, 0x6adb, 0x6adb, 0x6adb,
    0x6adb, 0x6adb, 0x6adb, 0x6adb, 0x6adb, 0x6adb, 0x6adb, 0x6adb, 0x6adb, 0x6adb, 0x6adb, 0x6adb,
    0x6adb, 0x6adb, 0x6adb, 0x6adb, 0x6adb, 0x6adb, 0x6adb, 0x6adb, 0x6adb, 0x6adb, 0x6adb, 0x6adb,
    0x6adb, 0x6adb, 0x6adb, 0x6adb, 0x6adb, 0x6adb, 0x1caf, 0x1caf, 0x1caf, 0x1caf, 0x1caf, 0x1caf,
    0x1caf, 0x1caf, 0x1caf, 0x6adb, 0x6adb, 0x6adb, 0x6adb, 0x6adb, 0x6adb, 0x6adb, 0x733d, 0x733d,
    0x733d, 0x733d, 0x733d, 0x733d, 0x733d, 0x733d, 0x6adb, 0x6adb, 0x6adb, 0x6adb, 0x6adb, 0x6adb,
    0x6adb, 0x733d, 0x733d, 0x733d, 0x733d, 0x733d, 0x733d, 0x733d, 0x733d, 0x733d, 0x733d, 0x733d,
    0x733d, 0x733d, 0x733d, 0x6adb, 0x6adb, 0x6adb, 0x6adb, 0x6adb, 0x6adb, 0x6adb, 0x6adb, 0x6adb,
    0x6adb, 0x6adb, 0x6adb, 0x6adb, 0x6adb, 0x6adb, 0x6adb, 0x6adb, 0x6adb, 0x6adb, 0x6adb, 0x6adb,
    0x6adb, 0x6adb, 0x6adb, 0x6adb, 0x6adb, 0x6adb, 0x6adb, 0x6adb, 0x6adb, 0x6adb, 0x733d, 0x733d,
    0x733d, 0x733d, 0x733d, 0x733d, 0x733d, 0x733d, 0x733d, 0x733d, 0x733d, 0x733d, 0x733d, 0x7fff,
    0x7fff, 0x6adb, 0x6adb, 0x6adb, 0x6adb, 0x6adb, 0x6adb, 0x6adb, 0x6adb, 0x6adb, 0x6adb, 0x6adb,
    0x6adb, 0x6adb, 0x6adb, 0x6adb, 0x6adb, 0x6adb, 0x6adb, 0x6adb, 0x6adb, 0x6adb, 0x6adb, 0x6adb,
    0x6adb, 0x6adb, 0x6adb, 0x6adb, 0x6adb, 0x6adb, 0x6adb, 0x6adb, 0x6adb, 0x6adb, 0x6adb, 0x6adb,
    0x6adb, 0x6adb, 0x6adb, 0x6adb, 0x6adb, 0x733d, 0x6adb, 0x733d, 0x733d, 0x733d, 0x733d, 0x733d,
    0x733d, 0x733d, 0x733d, 0x6adb, 0x6adb, 0x6adb, 0x6adb, 0x6adb, 0x6adb, 0x6adb, 0x6adb, 0x6adb,
    0x6adb, 0x6adb, 0x6adb, 0x6adb, 0x733d, 0x733d, 0x733d, 0x733d, 0x733d, 0x733d, 0x733d, 0x733d,
    0x733d, 0x733d, 0x733d, 0x733d, 0x733d, 0x733d, 0x733d, 0x733d, 0x733d, 0x733d, 0x733d, 0x733d,
    0x733d, 0x733d, 0x733d, 0x733d, 0x733d, 0x733d, 0x733d, 0x733d, 0x733d, 0x733d, 0x733d, 0x733d,
    0x733d, 0x733d, 0x733d, 0x733d, 0x733d, 0x733d, 0x733d, 0x6adb, 0x6adb, 0x6adb, 0x6adb, 0x6adb,
    0x6adb, 0x6adb, 0x6adb, 0x6adb, 0x6adb, 0x6adb, 0x6adb, 0x6adb, 0x6adb, 0x6adb, 0x6adb, 0x6adb,
    0x6adb, 0x6adb, 0x6adb, 0x6adb, 0x6adb, 0x6adb, 0x6adb, 0x6adb, 0x6adb, 0x6adb, 0x6adb, 0x6adb,
    0x6adb, 0x6adb, 0x6adb, 0x6adb, 0x6adb, 0x6adb, 0x6adb, 0x6adb, 0x6adb, 0x6adb, 0x6adb, 0x6adb,
    0x6adb, 0x6adb, 0x6adb, 0x6adb, 0x6adb, 0x6adb, 0x1caf, 0x1caf, 0x1caf, 0x1caf, 0x1caf, 0x1caf,
    0x1caf, 0x1888, 0x1caf, 0x6adb, 0x6adb, 0x6adb, 0x6adb, 0x6adb, 0x6adb, 0x6adb, 0x6adb, 0x733d,
    0x733d, 0x733d, 0x733d, 0x733d, 0x733d, 0x6adb, 0x6adb, 0x6adb, 0x6adb, 0x6adb, 0x6adb, 0x6adb,
    0x6adb, 0x6adb, 0x733d, 0x733d, 0x733d, 0x733d, 0x733d, 0x733d, 0x733d, 0x733d, 0x733d, 0x733d,
    0x733d, 0x733d, 0x6adb, 0x6adb, 0x6adb, 0x6adb, 0x6adb, 0x6adb, 0x6adb, 0x6adb, 0x6adb, 0x6adb,
    0x6adb, 0x6adb, 0x6adb, 0x6adb, 0x6adb, 0x6adb, 0x6adb, 0x6adb, 0x6adb, 0x6adb, 0x6adb, 0x6adb,
    0x6adb, 0x6adb, 0x6adb, 0x6adb, 0x6adb, 0x6adb, 0x6adb, 0x6adb, 0x6adb, 0x6adb, 0x6adb, 0x733d,
    0x733d, 0x733d, 0x733d, 0x733d, 0x733d, 0x733d, 0x733d, 0x733d, 0x733d, 0x733d, 0x733d, 0x733d,
    0x6adb, 0x6adb, 0x6adb, 0x6adb, 0x6adb, 0x6adb, 0x6adb, 0x6adb, 0x6adb, 0x6adb, 0x6adb, 0x6adb,
    0x6adb, 0x6adb, 0x6adb, 0x6adb, 0x6adb, 0x6adb, 0x6adb, 0x6adb, 0x6adb, 0x6adb, 0x6adb, 0x6adb,
    0x6adb, 0x6adb, 0x6adb, 0x6adb, 0x6adb, 0x6adb, 0x6adb, 0x6adb, 0x6adb, 0x6adb, 0x6adb, 0x6adb,
    0x6adb, 0x6adb, 0x6adb, 0x6adb, 0x6adb, 0x6adb, 0x6adb, 0x6adb, 0x733d, 0x733d, 0x733d, 0x733d,
    0x733d, 0x733d, 0x6adb, 0x6adb, 0x6adb, 0x6adb, 0x6adb, 0x6adb, 0x6adb, 0x6adb, 0x6adb, 0x6adb,
    0x6adb, 0x6adb, 0x6adb, 0x6adb, 0x6adb, 0x6adb, 0x733d, 0x733d, 0x733d, 0x733d, 0x733d, 0x733d,
    0x733d, 0x733d, 0x733d, 0x733d, 0x733d, 0x733d, 0x733d, 0x733d, 0x733d, 0x733d, 0x733d, 0x733d,
    0x733d, 0x733d, 0x733d, 0x733d, 0x733d, 0x733d, 0x733d, 0x733d, 0x733d, 0x733d, 0x733d, 0x733d,
    0x733d, 0x733d, 0x733d, 0x733d, 0x733d, 0x733d, 0x6adb, 0x6adb, 0x6adb, 0x6adb, 0x6adb, 0x6adb,
    0x6adb, 0x6adb, 0x6adb, 0x6adb, 0x6adb, 0x6adb, 0x6adb, 0x6adb, 0x6adb, 0x6adb, 0x6adb, 0x6adb,
    0x6adb, 0x6adb, 0x6adb, 0x6adb, 0x6adb, 0x6adb, 0x6adb, 0x6adb, 0x6adb, 0x6adb, 0x6adb, 0x6adb,
    0x6adb, 0x6adb, 0x6adb, 0x6adb, 0x6adb, 0x6adb, 0x6adb, 0x6adb, 0x6adb, 0x6adb, 0x6adb, 0x6adb,
    0x6adb, 0x6adb, 0x6adb, 0x6adb, 0x6adb, 0x1caf, 0x1caf, 0x1caf, 0x1caf, 0x1caf, 0x1caf, 0x1caf,
    0x1caf, 0x1888, 0x1caf, 0x6adb, 0x6adb, 0x6adb, 0x6adb, 0x6adb, 0x6adb, 0x6adb, 0x6adb, 0x6adb,
    0x733d, 0x733d, 0x733d, 0x733d, 0x733d, 0x6adb, 0x6adb, 0x6adb, 0x6adb, 0x6adb, 0x6adb, 0x6adb,
    0x6adb, 0x6adb, 0x6adb, 0x733d, 0x733d, 0x733d, 0x733d, 0x733d, 0x733d, 0x733d, 0x733d, 0x733d,
    0x733d, 0x733d, 0x6adb, 0x6adb, 0x6adb, 0x6adb, 0x6adb, 0x6adb, 0x6adb, 0x6adb, 0x6adb, 0x6adb,
    0x6adb, 0x6adb, 0x6adb, 0x6adb, 0x6adb, 0x6adb, 0x6adb, 0x6adb, 0x6adb, 0x6adb, 0x6adb, 0x6adb,
    0x6adb, 0x6adb, 0x6adb, 0x6adb, 0x6adb, 0x6adb, 0x6adb, 0x6adb, 0x6adb, 0x6adb, 0x6adb, 0x6adb,
    0x6adb, 0x6adb, 0x733d, 0x733d, 0x733d, 0x733d, 0x733d, 0x733d, 0x733d, 0x733d, 0x6adb, 0x6adb,
    0x6adb, 0x6adb, 0x6adb, 0x6adb, 0x6adb, 0x6adb, 0x6adb, 0x6adb, 0x6adb, 0x6adb, 0x6adb, 0x6adb,
    0x6adb, 0x6adb, 0x6adb, 0x6adb, 0x6adb, 0x6adb, 0x6adb, 0x6adb, 0x6adb, 0x6adb, 0x6adb, 0x6adb,
    0x6adb, 0x6adb, 0x6adb, 0x6adb, 0x6adb, 0x6adb, 0x6adb, 0x6adb, 0x6adb, 0x6adb, 0x6adb, 0x6adb,
    0x6adb, 0x6adb, 0x6adb, 0x6adb, 0x6adb, 0x6adb, 0x6adb, 0x6adb, 0x6adb, 0x733d, 0x733d, 0x733d,
    0x733d, 0x6adb, 0x6adb, 0x6adb, 0x6adb, 0x6adb, 0x6adb, 0x6adb, 0x6adb, 0x6adb, 0x6adb, 0x6adb,
    0x6adb, 0x6adb, 0x6adb, 0x6adb, 0x6adb, 0x6adb, 0x6adb, 0x733d, 0x733d, 0x733d, 0x733d, 0x733d,
    0x733d, 0x733d, 0x733d, 0x733d, 0x733d, 0x733d, 0x733d, 0x733d, 0x733d, 0x733d, 0x733d, 0x733d,
    0x733d, 0x733d, 0x733d, 0x733d, 0x733d, 0x733d, 0x733d, 0x733d, 0x733d, 0x733d, 0x733d, 0x733d,
    0x733d, 0x733d, 0x733d, 0x733d, 0x6adb, 0x6adb, 0x6adb, 0x6adb, 0x6adb, 0x6adb, 0x6adb, 0x6adb,
    0x6adb, 0x6adb, 0x6adb, 0x6adb, 0x6adb, 0x6adb, 0x6adb, 0x6adb, 0x6adb, 0x6adb, 0x6adb, 0x6adb,
    0x6adb, 0x6adb, 0x6adb, 0x6adb, 0x6adb, 0x6adb, 0x6adb, 0x6adb, 0x6adb, 0x6adb, 0x6adb, 0x6adb,
    0x6adb, 0x6adb, 0x6adb, 0x6adb, 0x6adb, 0x6adb, 0x6adb, 0x6adb, 0x6adb, 0x6adb, 0x6adb, 0x6adb,
    0x6adb, 0x6adb, 0x6adb, 0x6adb, 0x6adb, 0x1caf, 0x1caf, 0x1caf, 0x1caf, 0x1caf, 0x1caf, 0x1caf,
    0x1888, 0x1888, 0x1888, 0x1caf, 0x6adb, 0x6adb, 0x6adb, 0x6adb, 0x6adb, 0x6adb, 0x6adb, 0x6adb,
    0x6adb, 0x6adb, 0x6adb, 0x6adb, 0x6adb, 0x6adb, 0x6adb, 0x6adb, 0x6adb, 0x6adb, 0x6adb, 0x6adb,
    0x6adb, 0x6adb, 0x6adb, 0x733d, 0x733d, 0x733d, 0x733d, 0x733d, 0x733d, 0x733d, 0x733d, 0x733d,
    0x733d, 0x6adb, 0x6adb, 0x6adb, 0x6adb, 0x6adb, 0x6adb, 0x6adb, 0x6adb, 0x6adb, 0x6adb, 0x6adb,
    0x6adb, 0x6adb, 0x6adb, 0x6adb, 0x6adb, 0x6adb, 0x6adb, 0x6adb, 0x6adb, 0x6adb, 0x6adb, 0x6adb,
    0x6adb, 0x6adb, 0x6adb, 0x6adb, 0x6adb, 0x6adb, 0x6adb, 0x6adb, 0x6adb, 0x6adb, 0x6adb, 0x6adb,
    0x6adb, 0x6adb, 0x6adb, 0x6adb, 0x733d, 0x733d, 0x733d, 0x733d, 0x733d, 0x6adb, 0x6adb, 0x6adb,
    0x6adb, 0x6adb, 0x6adb, 0x6adb, 0x6adb, 0x6adb, 0x6adb, 0x6adb, 0x6adb, 0x6adb, 0x6adb, 0x6adb,
    0x6adb, 0x6adb, 0x6adb, 0x6adb, 0x6adb, 0x6adb, 0x6adb, 0x6adb, 0x6adb, 0x6adb, 0x6adb, 0x6adb,
    0x6adb, 0x6adb, 0x6adb, 0x6adb, 0x6adb, 0x6adb, 0x6adb, 0x6adb, 0x6adb, 0x6adb, 0x6adb, 0x6adb,
    0x6adb, 0x6adb, 0x6adb, 0x6adb, 0x6adb, 0x6adb, 0x6adb, 0x6adb, 0x6adb, 0x733d, 0x733d, 0x733d,
    0x733d, 0x6adb, 0x6adb, 0x6adb, 0x6adb, 0x6adb, 0x6adb, 0x6adb, 0x6adb, 0x6adb, 0x6adb, 0x6adb,
    0x6adb, 0x6adb, 0x6adb, 0x6adb, 0x6adb, 0x6adb, 0x6adb, 0x6adb, 0x733d, 0x733d, 0x733d, 0x733d,
    0x733d, 0x733d, 0x733d, 0x733d, 0x733d, 0x733d, 0x733d, 0x733d, 0x733d, 0x733d, 0x733d, 0x733d,
    0x733d, 0x733d, 0x733d, 0x733d, 0x733d, 0x733d, 0x733d, 0x733d, 0x733d, 0x733d, 0x733d, 0x733d,
    0x733d, 0x733d, 0x733d, 0x6adb, 0x6adb, 0x6adb, 0x6adb, 0x6adb, 0x6adb, 0x6adb, 0x6adb, 0x6adb,
    0x6adb, 0x6adb, 0x6adb, 0x6adb, 0x6adb, 0x6adb, 0x6adb, 0x6adb, 0x6adb, 0x6adb, 0x6adb, 0x6adb,
    0x6adb, 0x6adb, 0x6adb, 0x6adb, 0x6adb, 0x6adb, 0x6adb, 0x6adb, 0x6adb, 0x6adb, 0x6adb, 0x6adb,
    0x6adb, 0x6adb, 0x6adb, 0x6adb, 0x6adb, 0x6adb, 0x6adb, 0x6adb, 0x6adb, 0x6adb, 0x6adb, 0x6adb,
    0x6adb, 0x6adb, 0x6adb, 0x6adb, 0x6adb, 0x1caf, 0x1caf, 0x1caf, 0x1caf, 0x1caf, 0x1caf, 0x1caf,
    0x1888, 0x1888, 0x1888, 0x1caf, 0x6adb, 0x6adb, 0x6adb, 0x6adb, 0x6adb, 0x6adb, 0x6adb, 0x6adb,
    0x6adb, 0x6adb, 0x6adb, 0x6adb, 0x6adb, 0x6adb, 0x6adb, 0x6adb, 0x6adb, 0x6adb, 0x6adb, 0x6adb,
    0x6adb, 0x6adb, 0x6adb, 0x6adb, 0x733d, 0x733d, 0x733d, 0x733d, 0x733d, 0x733d, 0x733d, 0x733d,
    0x6adb, 0x6adb, 0x6adb, 0x6adb, 0x6adb, 0x6adb, 0x6adb, 0x6adb, 0x6adb, 0x6adb, 0x6adb, 0x6adb,
    0x6adb, 0x6adb, 0x6adb, 0x6adb, 0x6adb, 0x6adb, 0x6adb, 0x6adb, 0x6adb, 0x6adb, 0x6adb, 0x6adb,
    0x6adb, 0x6adb, 0x6adb, 0x6adb, 0x6adb, 0x6adb, 0x6adb, 0x6adb, 0x6adb, 0x6adb, 0x6adb, 0x6adb,
    0x6adb, 0x6adb, 0x6adb, 0x6adb, 0x6adb, 0x733d, 0x733d, 0x733d, 0x6adb, 0x6adb, 0x6adb, 0x6adb,
    0x6adb, 0x6adb, 0x6adb, 0x6adb, 0x6adb, 0x6adb, 0x6adb, 0x6adb, 0x6adb, 0x6adb, 0x6adb, 0x6adb,
    0x6adb, 0x6adb, 0x6adb, 0x6adb, 0x6adb, 0x6adb, 0x6adb, 0x6adb, 0x6adb, 0x6adb, 0x6adb, 0x6adb,
    0x6adb, 0x6adb, 0x6adb, 0x6adb, 0x6adb, 0x6adb, 0x6adb, 0x6adb, 0x6adb, 0x6adb, 0x6adb, 0x6adb,
    0x6adb, 0x6adb, 0x6adb, 0x6adb, 0x6adb, 0x6adb, 0x6adb, 0x6adb, 0x6adb, 0x6adb, 0x733d, 0x733d,
    0x6adb, 0x6adb, 0x6adb, 0x6adb, 0x6adb, 0x6adb, 0x6adb, 0x6adb, 0x6adb, 0x6adb, 0x6adb, 0x6adb,
    0x6adb, 0x6adb, 0x6adb, 0x6adb, 0x6adb, 0x6adb, 0x6adb, 0x6adb, 0x6adb, 0x733d, 0x733d, 0x733d,
    0x733d, 0x733d, 0x733d, 0x733d, 0x733d, 0x733d, 0x733d, 0x733d, 0x733d, 0x733d, 0x733d, 0x733d,
    0x733d, 0x733d, 0x733d, 0x733d, 0x733d, 0x733d, 0x733d, 0x733d, 0x733d, 0x733d, 0x733d, 0x733d,
    0x733d, 0x733d, 0x6adb, 0x6adb, 0x6adb, 0x6adb, 0x6adb, 0x6adb, 0x6adb, 0x6adb, 0x6adb, 0x6adb,
    0x6adb, 0x6adb, 0x6adb, 0x6adb, 0x6adb, 0x6adb, 0x6adb, 0x6adb, 0x6adb, 0x6adb, 0x6adb, 0x6adb,
    0x6adb, 0x6adb, 0x6adb, 0x6adb, 0x6adb, 0x6adb, 0x6adb, 0x6adb, 0x6adb, 0x6adb, 0x6adb, 0x6adb,
    0x6adb, 0x6adb, 0x6adb, 0x6adb, 0x6adb, 0x6adb, 0x6adb, 0x6adb, 0x6adb, 0x6adb, 0x6adb, 0x6adb,
    0x6adb, 0x6adb, 0x6adb, 0x6adb, 0x1caf, 0x1caf, 0x1caf, 0x1caf, 0x1caf, 0x1caf, 0x1caf, 0x1888,
    0x1888, 0x1888, 0x1888, 0x1caf, 0x6adb, 0x6adb, 0x6adb, 0x6adb, 0x6adb, 0x6adb, 0x6adb, 0x6adb,
    0x6adb, 0x6adb, 0x6adb, 0x6adb, 0x6adb, 0x6adb, 0x6adb, 0x6adb, 0x6adb, 0x6adb, 0x6adb, 0x6adb,
    0x6adb, 0x6adb, 0x6adb, 0x6adb, 0x733d, 0x733d, 0x733d, 0x733d, 0x733d, 0x733d, 0x733d, 0x6adb,
    0x6adb, 0x6adb, 0x6adb, 0x6adb, 0x6adb, 0x6adb, 0x6adb, 0x6adb, 0x6adb, 0x6adb, 0x6adb, 0x6adb,
    0x6adb, 0x6adb, 0x6adb, 0x6adb, 0x6adb, 0x6adb, 0x6adb, 0x6adb, 0x6adb, 0x6adb, 0x6adb, 0x6adb,
    0x6adb, 0x6adb, 0x6adb, 0x6adb, 0x6adb, 0x6adb, 0x6adb, 0x6adb, 0x6adb, 0x6adb, 0x6adb, 0x6adb,
    0x6adb, 0x6adb, 0x6adb, 0x6adb, 0x6adb, 0x6adb, 0x6adb, 0x6adb, 0x6adb, 0x6adb, 0x6adb, 0x6adb,
    0x6adb, 0x6adb, 0x6adb, 0x6adb, 0x6adb, 0x6adb, 0x6adb, 0x6adb, 0x6adb, 0x6adb, 0x6adb, 0x6adb,
    0x6adb, 0x6adb, 0x6adb, 0x6adb, 0x6adb, 0x6adb, 0x6adb, 0x6adb, 0x6adb, 0x6adb, 0x6adb, 0x6adb,
    0x6adb, 0x6adb, 0x6adb, 0x6adb, 0x6adb, 0x6adb, 0x6adb, 0x6adb, 0x6adb, 0x6adb, 0x6adb, 0x6adb,
    0x6adb, 0x6adb, 0x6adb, 0x6adb, 0x6adb, 0x6adb, 0x6adb, 0x6adb, 0x6adb, 0x6adb, 0x6adb, 0x6adb,
    0x6adb, 0x6adb, 0x6adb, 0x6adb, 0x6adb, 0x6adb, 0x6adb, 0x6adb, 0x6adb, 0x6adb, 0x6adb, 0x6adb,
    0x6adb, 0x6adb, 0x6adb, 0x6adb, 0x6adb, 0x6adb, 0x6adb, 0x6adb, 0x6adb, 0x6adb, 0x733d, 0x733d,
    0x733d, 0x733d, 0x733d, 0x733d, 0x733d, 0x733d, 0x733d, 0x733d, 0x733d, 0x733d, 0x733d, 0x6adb,
    0x6adb, 0x6adb, 0x733d, 0x733d, 0x733d, 0x733d, 0x733d, 0x733d, 0x733d, 0x733d, 0x733d, 0x733d,
    0x733d, 0x6adb, 0x6adb, 0x6adb, 0x6adb, 0x6adb, 0x6adb, 0x6adb, 0x6adb, 0x6adb, 0x6adb, 0x6adb,
    0x6adb, 0x6adb, 0x6adb, 0x6adb, 0x6adb, 0x6adb, 0x6adb, 0x6adb, 0x6adb, 0x6adb, 0x6adb, 0x6adb,
    0x6adb, 0x6adb, 0x6adb, 0x6adb, 0x6adb, 0x6adb, 0x6adb, 0x6adb, 0x6adb, 0x6adb, 0x6adb, 0x6adb,
    0x6adb, 0x6adb, 0x6adb, 0x6adb, 0x6adb, 0x6adb, 0x6adb, 0x6adb, 0x6adb, 0x6adb, 0x6adb, 0x6adb,
    0x6adb, 0x6adb, 0x6adb, 0x6adb, 0x1caf, 0x1caf, 0x1caf, 0x1caf, 0x1caf, 0x1caf, 0x1caf, 0x1888,
    0x1888, 0x1888, 0x1888, 0x1888, 0x1caf, 0x6adb, 0x6adb, 0x6adb, 0x6adb, 0x6adb, 0x6adb, 0x6adb,
    0x6adb, 0x6adb, 0x6adb, 0x6adb, 0x6adb, 0x6adb, 0x6adb, 0x6adb, 0x6adb, 0x6adb, 0x6adb, 0x6adb,
    0x6adb, 0x6adb, 0x6adb, 0x6adb, 0x6adb, 0x733d, 0x733d, 0x733d, 0x733d, 0x733d, 0x6adb, 0x6adb,
    0x6adb, 0x6adb, 0x6adb, 0x6adb, 0x6adb, 0x6adb, 0x6adb, 0x6adb, 0x6adb, 0x6adb, 0x6adb, 0x6adb,
    0x6adb, 0x6adb, 0x6adb, 0x6adb, 0x6adb, 0x6adb, 0x6adb, 0x6adb, 0x6adb, 0x6adb, 0x6adb, 0x6adb,
    0x6adb, 0x6adb, 0x6adb, 0x6adb, 0x6adb, 0x6adb, 0x6adb, 0x6adb, 0x6adb, 0x6adb, 0x6adb, 0x6adb,
    0x6adb, 0x6adb, 0x6adb, 0x6adb, 0x6adb, 0x6adb, 0x6adb, 0x6adb, 0x6adb, 0x6adb, 0x6adb, 0x6adb,
    0x6adb, 0x6adb, 0x6adb, 0x6adb, 0x6adb, 0x6adb, 0x6adb, 0x6adb, 0x6adb, 0x6adb, 0x6adb, 0x6adb,
    0x6adb, 0x6adb, 0x6adb, 0x6adb, 0x6adb, 0x6adb, 0x6adb, 0x6adb, 0x6adb, 0x6adb, 0x6adb, 0x6adb,
    0x6adb, 0x6adb, 0x6adb, 0x6adb, 0x6adb, 0x6adb, 0x6adb, 0x6adb, 0x6adb, 0x6adb, 0x6adb, 0x6adb,
    0x6adb, 0x6adb, 0x6adb, 0x6adb, 0x6adb, 0x6adb, 0x6adb, 0x6adb, 0x6adb, 0x6adb, 0x6adb, 0x6adb,
    0x6adb, 0x6adb, 0x6adb, 0x6adb, 0x6adb, 0x6adb, 0x6adb, 0x6adb, 0x6adb, 0x6adb, 0x6adb, 0x6adb,
    0x6adb, 0x6adb, 0x6adb, 0x6adb, 0x6adb, 0x6adb, 0x6adb, 0x6adb, 0x6adb, 0x6adb, 0x6adb, 0x733d,
    0x733d, 0x733d, 0x733d, 0x733d, 0x733d, 0x6adb, 0x6adb, 0x6adb, 0x6adb, 0x6adb, 0x6adb, 0x6adb,
    0x6adb, 0x6adb, 0x6adb, 0x733d, 0x733d, 0x733d, 0x733d, 0x733d, 0x733d, 0x733d, 0x733d, 0x733d,
    0x6adb, 0x6adb, 0x6adb, 0x6adb, 0x6adb, 0x6adb, 0x6adb, 0x6adb, 0x6adb, 0x6adb, 0x6adb, 0x6adb,
    0x6adb, 0x6adb, 0x6adb, 0x6adb, 0x6adb, 0x6adb, 0x6adb, 0x6adb, 0x6adb, 0x6adb, 0x6adb, 0x6adb,
    0x6adb, 0x6adb, 0x6adb, 0x6adb, 0x6adb, 0x6adb, 0x6adb, 0x6adb, 0x6adb, 0x6adb, 0x6adb, 0x6adb,
    0x6adb, 0x6adb, 0x6adb, 0x6adb, 0x6adb, 0x6adb, 0x6adb, 0x6adb, 0x6adb, 0x6adb, 0x6adb, 0x6adb,
    0x6adb, 0x6adb, 0x6adb, 0x6adb, 0x1caf, 0x1caf, 0x1caf, 0x1caf, 0x1caf, 0x1caf, 0x1888, 0x1888,
    0x1888, 0x1888, 0x1888, 0x1888, 0x1caf, 0x6adb, 0x6adb, 0x6adb, 0x6adb, 0x6adb, 0x6adb, 0x6adb,
    0x6adb, 0x6adb, 0x6adb, 0x6adb, 0x6adb, 0x6adb, 0x6adb, 0x6adb, 0x6adb, 0x6adb, 0x6adb, 0x6adb,
    0x6adb, 0x6adb, 0x6adb, 0x6adb, 0x6adb, 0x6adb, 0x733d, 0x733d, 0x733d, 0x6adb, 0x6adb, 0x6adb,
    0x6adb, 0x6adb, 0x6adb, 0x6adb, 0x6adb, 0x6adb, 0x6adb, 0x6adb, 0x6adb, 0x6adb, 0x6adb, 0x6adb,
    0x6adb, 0x6adb, 0x6adb, 0x6adb, 0x6adb, 0x6adb, 0x6adb, 0x6adb, 0x6adb, 0x6adb, 0x6adb, 0x6adb,
    0x6adb, 0x6adb, 0x6adb, 0x6adb, 0x6adb, 0x6adb, 0x6adb, 0x6adb, 0x6adb, 0x6adb, 0x6adb, 0x6adb,
    0x6adb, 0x6adb, 0x6adb, 0x6adb, 0x6adb, 0x6adb, 0x6adb, 0x6adb, 0x6adb, 0x6adb, 0x6adb, 0x6adb,
    0x6adb, 0x6adb, 0x6adb, 0x6adb, 0x6adb, 0x6adb, 0x6adb, 0x6adb, 0x6adb, 0x6adb, 0x6adb, 0x6adb,
    0x6adb, 0x6adb, 0x6adb, 0x6adb, 0x6adb, 0x6adb, 0x6adb, 0x6adb, 0x6adb, 0x6adb, 0x6adb, 0x6adb,
    0x6adb, 0x6adb, 0x6adb, 0x6adb, 0x6adb, 0x6adb, 0x6adb, 0x6adb, 0x6adb, 0x6adb, 0x6adb, 0x6adb,
    0x6adb, 0x6adb, 0x6adb, 0x6adb, 0x6adb, 0x6adb, 0x6adb, 0x6adb, 0x6adb, 0x6adb, 0x6adb, 0x6adb,
    0x6adb, 0x6adb, 0x6adb, 0x6adb, 0x6adb, 0x6adb, 0x6adb, 0x6adb, 0x6adb, 0x6adb, 0x6adb, 0x6adb,
    0x6adb, 0x6adb, 0x6adb, 0x6adb, 0x6adb, 0x6adb, 0x6adb, 0x6adb, 0x6adb, 0x6adb, 0x6adb, 0x6adb,
    0x733d, 0x733d, 0x733d, 0x6adb, 0x6adb, 0x6adb, 0x6adb, 0x6adb, 0x6adb, 0x6adb, 0x6adb, 0x6adb,
    0x6adb, 0x6adb, 0x6adb, 0x6adb, 0x6adb, 0x733d, 0x733d, 0x733d, 0x733d, 0x733d, 0x6adb, 0x6adb,
    0x6adb, 0x6adb, 0x6adb, 0x6adb, 0x6adb, 0x6adb, 0x6adb, 0x6adb, 0x6adb, 0x6adb, 0x6adb, 0x6adb,
    0x6adb, 0x6adb, 0x6adb, 0x6adb, 0x6adb, 0x6adb, 0x6adb, 0x6adb, 0x6adb, 0x6adb, 0x6adb, 0x6adb,
    0x6adb, 0x6adb, 0x6adb, 0x6adb, 0x6adb, 0x6adb, 0x6adb, 0x6adb, 0x6adb, 0x6adb, 0x6adb, 0x6adb,
    0x6adb, 0x6adb, 0x6adb, 0x6adb, 0x6adb, 0x6adb, 0x6adb, 0x6adb, 0x6adb, 0x6adb, 0x6adb, 0x6adb,
    0x6adb, 0x6adb, 0x6adb, 0x6adb, 0x1caf, 0x1caf, 0x1caf, 0x1caf, 0x1caf, 0x4d15, 0x1888, 0x1888,
    0x1888, 0x1888, 0x1888, 0x1888, 0x1caf, 0x6adb, 0x6adb, 0x6adb, 0x6adb, 0x6adb, 0x6adb, 0x6adb,
    0x6adb, 0x6adb, 0x6adb, 0x6adb, 0x6adb, 0x6adb, 0x6adb, 0x6adb, 0x6adb, 0x6adb, 0x6adb, 0x6adb,
    0x6adb, 0x6adb, 0x6adb, 0x6adb, 0x6adb, 0x6adb, 0x6adb, 0x733d, 0x6adb, 0x6adb, 0x6adb, 0x6adb,
    0x6adb, 0x6adb, 0x6adb, 0x6adb, 0x6adb, 0x6adb, 0x6adb, 0x6adb, 0x6adb, 0x6adb, 0x6adb, 0x6adb,
    0x6adb, 0x6adb, 0x6adb, 0x6adb, 0x6adb, 0x6adb, 0x6adb, 0x6adb, 0x6adb, 0x6adb, 0x6adb, 0x6adb,
    0x6adb, 0x6adb, 0x6adb, 0x6adb, 0x6adb, 0x6adb, 0x6adb, 0x6adb, 0x6adb, 0x6adb, 0x6adb, 0x6adb,
    0x6adb, 0x6adb, 0x6adb, 0x6adb, 0x6adb, 0x6adb, 0x6adb, 0x6adb, 0x6adb, 0x6adb, 0x6adb, 0x6adb,
    0x6adb, 0x6adb, 0x6adb, 0x6adb, 0x6adb, 0x6adb, 0x6adb, 0x6adb, 0x6adb, 0x6adb, 0x6adb, 0x6adb,
    0x6adb, 0x6adb, 0x6adb, 0x6adb, 0x6adb, 0x6adb, 0x6adb, 0x6adb, 0x6adb, 0x6adb, 0x6adb, 0x6adb,
    0x6adb, 0x6adb, 0x6adb, 0x6adb, 0x6adb, 0x6adb, 0x6adb, 0x6adb, 0x6adb, 0x6adb, 0x6adb, 0x6adb,
    0x6adb, 0x6adb, 0x6adb, 0x6adb, 0x6adb, 0x6adb, 0x6adb, 0x6adb, 0x6adb, 0x6adb, 0x6adb, 0x6adb,
    0x6adb, 0x6adb, 0x6adb, 0x6adb, 0x6adb, 0x6adb, 0x6adb, 0x6adb, 0x6adb, 0x6adb, 0x6adb, 0x6adb,
    0x6adb, 0x6adb, 0x6adb, 0x6adb, 0x6adb, 0x6adb, 0x6adb, 0x6adb, 0x6adb, 0x6adb, 0x6adb, 0x6adb,
    0x6adb, 0x6adb, 0x6adb, 0x6adb, 0x6adb, 0x6adb, 0x6adb, 0x6adb, 0x6adb, 0x6adb, 0x6adb, 0x6adb,
    0x6adb, 0x6adb, 0x6adb, 0x6adb, 0x6adb, 0x6adb, 0x733d, 0x733d, 0x733d, 0x6adb, 0x6adb, 0x6adb,
    0x6adb, 0x6adb, 0x6adb, 0x6adb, 0x6adb, 0x6adb, 0x6adb, 0x6adb, 0x6adb, 0x6adb, 0x6adb, 0x6adb,
    0x6adb, 0x6adb, 0x6adb, 0x6adb, 0x6adb, 0x6adb, 0x6adb, 0x6adb, 0x6adb, 0x6adb, 0x6adb, 0x6adb,
    0x6adb, 0x6adb, 0x6adb, 0x6adb, 0x6adb, 0x6adb, 0x6adb, 0x6adb, 0x6adb, 0x6adb, 0x6adb, 0x6adb,
    0x6adb, 0x6adb, 0x6adb, 0x6adb, 0x6adb, 0x6adb, 0x6adb, 0x6adb, 0x6adb, 0x6adb, 0x6adb, 0x6adb,
    0x6adb, 0x6adb, 0x6adb, 0x6adb, 0x4d15, 0x1caf, 0x1caf, 0x1caf, 0x4d15, 0x1caf, 0x1888, 0x1888,
    0x1888, 0x1888, 0x1888, 0x1888, 0x1caf, 0x6adb, 0x6adb, 0x6adb, 0x6adb, 0x6adb, 0x6adb, 0x6adb,
    0x6adb, 0x6adb, 0x6adb, 0x6adb, 0x6adb, 0x6adb, 0x6adb, 0x6adb, 0x6adb, 0x6adb, 0x6adb, 0x6adb,
    0x6adb, 0x6adb, 0x6adb, 0x6adb, 0x6adb, 0x6adb, 0x6adb, 0x733d, 0x6adb, 0x6adb, 0x6adb, 0x6adb,
    0x6adb, 0x6adb, 0x6adb, 0x6adb, 0x6adb, 0x6adb, 0x6adb, 0x6adb, 0x6adb, 0x6adb, 0x6adb, 0x6adb,
    0x6adb, 0x6adb, 0x6adb, 0x6adb, 0x6adb, 0x6adb, 0x6adb, 0x6adb, 0x6adb, 0x6adb, 0x6adb, 0x6adb,
    0x6adb, 0x6adb, 0x6adb, 0x6adb, 0x6adb, 0x6adb, 0x6adb, 0x6adb, 0x6adb, 0x6adb, 0x6adb, 0x6adb,
    0x6adb, 0x6adb, 0x6adb, 0x6adb, 0x6adb, 0x6adb, 0x6adb, 0x6adb, 0x6adb, 0x6adb, 0x6adb, 0x6adb,
    0x6adb, 0x6adb, 0x6adb, 0x6adb, 0x6adb, 0x6adb, 0x6adb, 0x6adb, 0x6adb, 0x6adb, 0x6adb, 0x6adb,
    0x6adb, 0x6adb, 0x6adb, 0x6adb, 0x6adb, 0x6adb, 0x6adb, 0x6adb, 0x6adb, 0x6adb, 0x6adb, 0x6adb,
    0x6adb, 0x6adb, 0x6adb, 0x6adb, 0x6adb, 0x6adb, 0x6adb, 0x6adb, 0x6adb, 0x6adb, 0x6adb, 0x6adb,
    0x6adb, 0x6adb, 0x6adb, 0x6adb, 0x6adb, 0x6adb, 0x6adb, 0x6adb, 0x6adb, 0x6adb, 0x6adb, 0x6adb,
    0x6adb, 0x6adb, 0x6adb, 0x6adb, 0x6adb, 0x6adb, 0x6adb, 0x6adb, 0x6adb, 0x6adb, 0x6adb, 0x6adb,
    0x6adb, 0x6adb, 0x6adb, 0x6adb, 0x6adb, 0x6adb, 0x6adb, 0x6adb, 0x6adb, 0x6adb, 0x6adb, 0x6adb,
    0x6adb, 0x6adb, 0x6adb, 0x6adb, 0x6adb, 0x6adb, 0x6adb, 0x6adb, 0x6adb, 0x6adb, 0x6adb, 0x6adb,
    0x6adb, 0x6adb, 0x6adb, 0x6adb, 0x6adb, 0x6adb, 0x6adb, 0x6adb, 0x6adb, 0x6adb, 0x6adb, 0x6adb,
    0x6adb, 0x6adb, 0x6adb, 0x6adb, 0x6adb, 0x6adb, 0x6adb, 0x6adb, 0x6adb, 0x6adb, 0x6adb, 0x6adb,
    0x6adb, 0x6adb, 0x6adb, 0x6adb, 0x6adb, 0x6adb, 0x6adb, 0x6adb, 0x6adb, 0x6adb, 0x6adb, 0x6adb,
    0x6adb, 0x6adb, 0x6adb, 0x6adb, 0x6adb, 0x6adb, 0x6adb, 0x6adb, 0x6adb, 0x6adb, 0x6adb, 0x6adb,
    0x6adb, 0x6adb, 0x6adb, 0x6adb, 0x6adb, 0x6adb, 0x6adb, 0x6adb, 0x6adb, 0x6adb, 0x6adb, 0x6adb,
    0x6adb, 0x6adb, 0x6adb, 0x6adb, 0x1caf, 0x4d15, 0x4d15, 0x4d15, 0x1caf, 0x1caf, 0x1888, 0x1888,
    0x1888, 0x1888, 0x1888, 0x1888, 0x1caf, 0x6adb, 0x6adb, 0x6adb, 0x6adb, 0x6adb, 0x6adb, 0x6adb,
    0x6adb, 0x6adb, 0x6adb, 0x6adb, 0x6adb, 0x6adb, 0x6adb, 0x6adb, 0x6adb, 0x6adb, 0x6adb, 0x6adb,
    0x6adb, 0x6adb, 0x6adb, 0x6adb, 0x6adb, 0x6adb, 0x6adb, 0x6adb, 0x6adb, 0x6adb, 0x6adb, 0x6adb,
    0x6adb, 0x6adb, 0x6adb, 0x6adb, 0x6adb, 0x6adb, 0x6adb, 0x6adb, 0x6adb, 0x6adb, 0x6adb, 0x6adb,
    0x6adb, 0x6adb, 0x6adb, 0x6adb, 0x6adb, 0x6adb, 0x6adb, 0x6adb, 0x6adb, 0x6adb, 0x6adb, 0x6adb,
    0x6adb, 0x6adb, 0x6adb, 0x6adb, 0x6adb, 0x6adb, 0x6adb, 0x6adb, 0x6adb, 0x6adb, 0x6adb, 0x6adb,
    0x6adb, 0x6adb, 0x6adb, 0x6adb, 0x6adb, 0x6adb, 0x6adb, 0x6adb, 0x6adb, 0x6adb, 0x6adb, 0x6adb,
    0x6adb, 0x6adb, 0x6adb, 0x6adb, 0x6adb, 0x6adb, 0x6adb, 0x6adb, 0x6adb, 0x6adb, 0x6adb, 0x6adb,
    0x6adb, 0x6adb, 0x6adb, 0x6adb, 0x6adb, 0x6adb, 0x6adb, 0x6adb, 0x6adb, 0x6adb, 0x6adb, 0x6adb,
    0x6adb, 0x6adb, 0x6adb, 0x6adb, 0x6adb, 0x6adb, 0x6adb, 0x6adb, 0x6adb, 0x6adb, 0x6adb, 0x6adb,
    0x6adb, 0x6adb, 0x6adb, 0x6adb, 0x6adb, 0x6adb, 0x6adb, 0x6adb, 0x6adb, 0x6adb, 0x6adb, 0x6adb,
    0x6adb, 0x6adb, 0x6adb, 0x6adb, 0x6adb, 0x6adb, 0x6adb, 0x6adb, 0x6adb, 0x6adb, 0x6adb, 0x6adb,
    0x6adb, 0x6adb, 0x6adb, 0x6adb, 0x6adb, 0x6adb, 0x6adb, 0x6adb, 0x6adb, 0x6adb, 0x6adb, 0x6adb,
    0x6adb, 0x6adb, 0x6adb, 0x6adb, 0x6adb, 0x6adb, 0x6adb, 0x6adb, 0x6adb, 0x6adb, 0x6adb, 0x6adb,
    0x6adb, 0x6adb, 0x6adb, 0x6adb, 0x6adb, 0x6adb, 0x6adb, 0x6adb, 0x6adb, 0x6adb, 0x6adb, 0x6adb,
    0x6adb, 0x6adb, 0x6adb, 0x6adb, 0x6adb, 0x6adb, 0x6adb, 0x6adb, 0x6adb, 0x6adb, 0x6adb, 0x6adb,
    0x6adb, 0x6adb, 0x6adb, 0x6adb, 0x6adb, 0x6adb, 0x6adb, 0x6adb, 0x6adb, 0x6adb, 0x6adb, 0x6adb,
    0x6adb, 0x6adb, 0x6adb, 0x6adb, 0x6adb, 0x6adb, 0x6adb, 0x6adb, 0x6adb, 0x6adb, 0x6adb, 0x6adb,
    0x6adb, 0x6adb, 0x6adb, 0x6adb, 0x6adb, 0x6adb, 0x6adb, 0x6adb, 0x6adb, 0x6adb, 0x6adb, 0x6adb,
    0x6adb, 0x6adb, 0x6adb, 0x6adb, 0x1caf, 0x1caf, 0x1caf, 0x1caf, 0x1caf, 0x1caf, 0x1888, 0x1888,
    0x1888, 0x1888, 0x1888, 0x1888, 0x1caf, 0x6adb, 0x6adb, 0x6adb, 0x6adb, 0x6adb, 0x6adb, 0x6adb,
    0x6adb, 0x6adb, 0x6adb, 0x6adb, 0x6adb, 0x6adb, 0x6adb, 0x6adb, 0x6adb, 0x6adb, 0x6adb, 0x6adb,
    0x6adb, 0x6adb, 0x6adb, 0x6adb, 0x6adb, 0x6adb, 0x6adb, 0x6adb, 0x6adb, 0x6adb, 0x6adb, 0x6adb,
    0x6adb, 0x6adb, 0x6adb, 0x6adb, 0x6adb, 0x6adb, 0x6adb, 0x6adb, 0x6adb, 0x6adb, 0x6adb, 0x6adb,
    0x6adb, 0x6adb, 0x6adb, 0x6adb, 0x6adb, 0x6adb, 0x6adb, 0x6adb, 0x6adb, 0x6adb, 0x6adb, 0x6adb,
    0x6adb, 0x6adb, 0x6adb, 0x6adb, 0x6adb, 0x6adb, 0x6adb, 0x6adb, 0x6adb, 0x6adb, 0x6adb, 0x6adb,
    0x6adb, 0x6adb, 0x6adb, 0x6adb, 0x6adb, 0x6adb, 0x6adb, 0x6adb, 0x6adb, 0x6adb, 0x6adb, 0x6adb,
    0x6adb, 0x6adb, 0x6adb, 0x6adb, 0x6adb, 0x6adb, 0x6adb, 0x6adb, 0x6adb, 0x6adb, 0x6adb, 0x6adb,
    0x6adb, 0x6adb, 0x6adb, 0x6adb, 0x6adb, 0x6adb, 0x6adb, 0x6adb, 0x6adb, 0x6adb, 0x6adb, 0x6adb,
    0x6adb, 0x6adb, 0x6adb, 0x6adb, 0x6adb, 0x6adb, 0x6adb, 0x6adb, 0x6adb, 0x6adb, 0x6adb, 0x6adb,
    0x6adb, 0x6adb, 0x6adb, 0x6adb, 0x6adb, 0x6adb, 0x6adb, 0x6adb, 0x6adb, 0x6adb, 0x6adb, 0x6adb,
    0x6adb, 0x6adb, 0x6adb, 0x6adb, 0x6adb, 0x6adb, 0x6adb, 0x6adb, 0x6adb, 0x6adb, 0x6adb, 0x6adb,
    0x6adb, 0x6adb, 0x6adb, 0x6adb, 0x6adb, 0x6adb, 0x6adb, 0x6adb, 0x6adb, 0x6adb, 0x6adb, 0x6adb,
    0x6adb, 0x6adb, 0x6adb, 0x6adb, 0x6adb, 0x6adb, 0x6adb, 0x6adb, 0x6adb, 0x6adb, 0x6adb, 0x6adb,
    0x6adb, 0x6adb, 0x6adb, 0x6adb, 0x6adb, 0x6adb, 0x6adb, 0x6adb, 0x6adb, 0x6adb, 0x6adb, 0x6adb,
    0x6adb, 0x6adb, 0x6adb, 0x6adb, 0x6adb, 0x6adb, 0x6adb, 0x6adb, 0x6adb, 0x6adb, 0x6adb, 0x6adb,
    0x6adb, 0x6adb, 0x6adb, 0x6adb, 0x6adb, 0x6adb, 0x6adb, 0x6adb, 0x6adb, 0x6adb, 0x6adb, 0x6adb,
    0x6adb, 0x6adb, 0x6adb, 0x6adb, 0x6adb, 0x6adb, 0x6adb, 0x6adb, 0x6adb, 0x6adb, 0x6adb, 0x6adb,
    0x6adb, 0x6adb, 0x6adb, 0x6adb, 0x6adb, 0x6adb, 0x6adb, 0x6adb, 0x6adb, 0x6adb, 0x6adb, 0x6adb,
    0x6adb, 0x6adb, 0x6adb, 0x6adb, 0x6adb, 0x1caf, 0x1caf, 0x1caf, 0x1caf, 0x1888, 0x1888, 0x1888,
    0x6adb, 0x1888, 0x1888, 0x1888, 0x1caf, 0x6adb, 0x6adb, 0x6adb, 0x6adb, 0x6adb, 0x6adb, 0x6adb,
    0x6adb, 0x6adb, 0x6adb, 0x6adb, 0x6adb, 0x6adb, 0x6adb, 0x6adb, 0x6adb, 0x6adb, 0x6adb, 0x6adb,
    0x6adb, 0x6adb, 0x6adb, 0x6adb, 0x6adb, 0x6adb, 0x6adb, 0x6adb, 0x6adb, 0x6adb, 0x6adb, 0x6adb,
    0x6adb, 0x6adb, 0x6adb, 0x6adb, 0x6adb, 0x6adb, 0x6adb, 0x6adb, 0x6adb, 0x6adb, 0x6adb, 0x6adb,
    0x6adb, 0x6adb, 0x6adb, 0x6adb, 0x6adb, 0x6adb, 0x6adb, 0x6adb, 0x6adb, 0x6adb, 0x6adb, 0x6adb,
    0x6adb, 0x6adb, 0x6adb, 0x6adb, 0x6adb, 0x6adb, 0x6adb, 0x6adb, 0x6adb, 0x6adb, 0x6adb, 0x6adb,
    0x6adb, 0x6adb, 0x6adb, 0x6adb, 0x6adb, 0x6adb, 0x6adb, 0x6adb, 0x6adb, 0x6adb, 0x6adb, 0x6adb,
    0x6adb, 0x6adb, 0x6adb, 0x6adb, 0x6adb, 0x6adb, 0x6adb, 0x6adb, 0x6adb, 0x6adb, 0x6adb, 0x6adb,
    0x6adb, 0x6adb, 0x6adb, 0x6adb, 0x6adb, 0x6adb, 0x6adb, 0x6adb, 0x6adb, 0x6adb, 0x6adb, 0x6adb,
    0x6adb, 0x6adb, 0x6adb, 0x6adb, 0x6adb, 0x6adb, 0x6adb, 0x6adb, 0x6adb, 0x6adb, 0x6adb, 0x6adb,
    0x6adb, 0x6adb, 0x6adb, 0x6adb, 0x6adb, 0x6adb, 0x6adb, 0x6adb, 0x6adb, 0x6adb, 0x6adb, 0x6adb,
    0x6adb, 0x6adb, 0x6adb, 0x6adb, 0x6adb, 0x6adb, 0x6adb, 0x6adb, 0x6adb, 0x6adb, 0x6adb, 0x6adb,
    0x6adb, 0x6adb, 0x6adb, 0x6adb, 0x6adb, 0x6adb, 0x6adb, 0x6adb, 0x6adb, 0x6adb, 0x6adb, 0x6adb,
    0x6adb, 0x6adb, 0x6adb, 0x6adb, 0x6adb, 0x6adb, 0x6adb, 0x6adb, 0x6adb, 0x6adb, 0x6adb, 0x6adb,
    0x6adb, 0x6adb, 0x6adb, 0x6adb, 0x6adb, 0x6adb, 0x6adb, 0x6adb, 0x6adb, 0x6adb, 0x6adb, 0x6adb,
    0x6adb, 0x6adb, 0x6adb, 0x6adb, 0x6adb, 0x6adb, 0x6adb, 0x6adb, 0x6adb, 0x6adb, 0x6adb, 0x6adb,
    0x6adb, 0x6adb, 0x6adb, 0x6adb, 0x6adb, 0x6adb, 0x6adb, 0x6adb, 0x6adb, 0x6adb, 0x6adb, 0x6adb,
    0x6adb, 0x6adb, 0x6adb, 0x6adb, 0x6adb, 0x6adb, 0x6adb, 0x6adb, 0x6adb, 0x6adb, 0x6adb, 0x6adb,
    0x6adb, 0x6adb, 0x6adb, 0x6adb, 0x6adb, 0x6adb, 0x6adb, 0x6adb, 0x6adb, 0x6adb, 0x6adb, 0x6adb,
    0x6adb, 0x6adb, 0x6adb, 0x6adb, 0x6adb, 0x1caf, 0x1caf, 0x1caf, 0x1888, 0x1888, 0x6adb, 0x6adb,
    0x6adb, 0x1888, 0x1888, 0x1888, 0x6adb, 0x6adb, 0x6adb, 0x6adb, 0x6adb, 0x6adb, 0x6adb, 0x6adb,
    0x6adb, 0x6adb, 0x6adb, 0x6adb, 0x6adb, 0x6adb, 0x6adb, 0x6adb, 0x6adb, 0x6adb, 0x6adb, 0x6adb,
    0x6adb, 0x6adb, 0x6adb, 0x6adb, 0x6adb, 0x6adb, 0x6adb, 0x6adb, 0x6adb, 0x6adb, 0x6adb, 0x6adb,
    0x6adb, 0x6adb, 0x6adb, 0x6adb, 0x6adb, 0x6adb, 0x6adb, 0x6adb, 0x6adb, 0x6adb, 0x6adb, 0x6adb,
    0x6adb, 0x6adb, 0x6adb, 0x6adb, 0x6adb, 0x6adb, 0x6adb, 0x6adb, 0x6adb, 0x6adb, 0x6adb, 0x6adb,
    0x6adb, 0x6adb, 0x6adb, 0x6adb, 0x6adb, 0x6adb, 0x6adb, 0x6adb, 0x6adb, 0x6adb, 0x6adb, 0x6adb,
    0x6adb, 0x6adb, 0x6adb, 0x6adb, 0x6adb, 0x6adb, 0x6adb, 0x6adb, 0x6adb, 0x6adb, 0x6adb, 0x6adb,
    0x6adb, 0x6adb, 0x6adb, 0x6adb, 0x6adb, 0x6adb, 0x6adb, 0x6adb, 0x6adb, 0x6adb, 0x6adb, 0x6adb,
    0x6adb, 0x6adb, 0x6adb, 0x6adb, 0x6adb, 0x6adb, 0x6adb, 0x6adb, 0x6adb, 0x6adb, 0x6adb, 0x6adb,
    0x6adb, 0x6adb, 0x6adb, 0x6adb, 0x6adb, 0x6adb, 0x6adb, 0x6adb, 0x6adb, 0x6adb, 0x6adb, 0x6adb,
    0x6adb, 0x6adb, 0x6adb, 0x6adb, 0x6adb, 0x6adb, 0x6adb, 0x6adb, 0x6adb, 0x6adb, 0x6adb, 0x6adb,
    0x6adb, 0x6adb, 0x6adb, 0x6adb, 0x6adb, 0x6adb, 0x6adb, 0x6adb, 0x6adb, 0x6adb, 0x6adb, 0x6adb,
    0x6adb, 0x6adb, 0x6adb, 0x6adb, 0x6adb, 0x6adb, 0x6adb, 0x6adb, 0x6adb, 0x6adb, 0x6adb, 0x6adb,
    0x6adb, 0x6adb, 0x6adb, 0x6adb, 0x6adb, 0x6adb, 0x6adb, 0x6adb, 0x6adb, 0x6adb, 0x6adb, 0x6adb,
    0x6adb, 0x6adb, 0x6adb, 0x6adb, 0x6adb, 0x6adb, 0x6adb, 0x6adb, 0x6adb, 0x6adb, 0x6adb, 0x6adb,
    0x6adb, 0x6adb, 0x6adb, 0x6adb, 0x6adb, 0x6adb, 0x6adb, 0x6adb, 0x6adb, 0x6adb, 0x6adb, 0x6adb,
    0x6adb, 0x6adb, 0x6adb, 0x6adb, 0x6adb, 0x6adb, 0x6adb, 0x6adb, 0x6adb, 0x6adb, 0x6adb, 0x6adb,
    0x6adb, 0x6adb, 0x6adb, 0x6adb, 0x6adb, 0x6adb, 0x6adb, 0x6adb, 0x6adb, 0x6adb, 0x6adb, 0x6adb,
    0x6adb, 0x6adb, 0x6adb, 0x6adb, 0x6adb, 0x6adb, 0x6adb, 0x6adb, 0x6adb, 0x6adb, 0x6adb, 0x6adb,
    0x6adb, 0x6adb, 0x6adb, 0x6adb, 0x6adb, 0x6adb, 0x1888, 0x1888, 0x6adb, 0x6adb, 0x6adb, 0x6adb,
    0x6adb, 0x6adb, 0x1888, 0x1888, 0x6adb, 0x6adb, 0x6adb, 0x6adb, 0x6adb, 0x6adb, 0x6adb, 0x6adb,
    0x6adb, 0x6adb, 0x6adb, 0x6adb, 0x6adb, 0x6adb, 0x6adb, 0x6adb, 0x6adb, 0x6adb, 0x6adb, 0x6adb,
    0x6adb, 0x6adb, 0x6adb, 0x6adb, 0x6adb, 0x6adb, 0x6adb, 0x6adb, 0x6adb, 0x6adb, 0x6adb, 0x6adb,
    0x6adb, 0x6adb, 0x6adb, 0x6adb, 0x6adb, 0x6adb, 0x6adb, 0x6adb, 0x6adb, 0x6adb, 0x6adb, 0x6adb,
    0x6adb, 0x6adb, 0x6adb, 0x6adb, 0x6adb, 0x6adb, 0x6adb, 0x6adb, 0x6adb, 0x6adb, 0x6adb, 0x6adb,
    0x6adb, 0x6adb, 0x6adb, 0x6adb, 0x6adb, 0x6adb, 0x6adb, 0x6adb, 0x6adb, 0x6adb, 0x6adb, 0x6adb,
    0x6adb, 0x6adb, 0x6adb, 0x6adb, 0x6adb, 0x6adb, 0x6adb, 0x6adb, 0x6adb, 0x6adb, 0x6adb, 0x6adb,
    0x6adb, 0x6adb, 0x6adb, 0x6adb, 0x6adb, 0x6adb, 0x6adb, 0x6adb, 0x6adb, 0x6adb, 0x6adb, 0x6adb,
    0x6adb, 0x6adb, 0x6adb, 0x6adb, 0x6adb, 0x6adb, 0x6adb, 0x6adb, 0x6adb, 0x6adb, 0x6adb, 0x6adb,
    0x6adb, 0x6adb, 0x6adb, 0x6adb, 0x6adb, 0x6adb, 0x6adb, 0x6adb, 0x6adb, 0x6adb, 0x6adb, 0x6adb,
    0x6adb, 0x6adb, 0x6adb, 0x6adb, 0x6adb, 0x6adb, 0x6adb, 0x6adb, 0x6adb, 0x6adb, 0x6adb, 0x6adb,
    0x6adb, 0x6adb, 0x6adb, 0x6adb, 0x6adb, 0x6adb, 0x6adb, 0x6adb, 0x6adb, 0x6adb, 0x6adb, 0x6adb,
    0x6adb, 0x6adb, 0x6adb, 0x6adb, 0x6adb, 0x6adb, 0x6adb, 0x6adb, 0x6adb, 0x6adb, 0x6adb, 0x6adb,
    0x6adb, 0x6adb, 0x6adb, 0x6adb, 0x6adb, 0x6adb, 0x6adb, 0x6adb, 0x6adb, 0x6adb, 0x6adb, 0x6adb,
    0x6adb, 0x6adb, 0x6adb, 0x6adb, 0x6adb, 0x6adb, 0x6adb, 0x6adb, 0x6adb, 0x6adb, 0x6adb, 0x6adb,
    0x6adb, 0x6adb, 0x6adb, 0x6adb, 0x6adb, 0x6adb, 0x6adb, 0x6adb, 0x6adb, 0x6adb, 0x6adb, 0x6adb,
    0x6adb, 0x6adb, 0x6adb, 0x6adb, 0x6adb, 0x6adb, 0x6adb, 0x6adb, 0x6adb, 0x6adb, 0x6adb, 0x6adb,
    0x6adb, 0x6adb, 0x6adb, 0x6adb, 0x6adb, 0x6adb, 0x6adb, 0x6adb, 0x6adb, 0x6adb, 0x6adb, 0x6adb,
    0x6adb, 0x6adb, 0x6adb, 0x6adb, 0x6adb, 0x6adb, 0x6adb, 0x6adb, 0x6adb, 0x6adb, 0x6adb, 0x6adb,
    0x6adb, 0x6adb, 0x6adb, 0x6adb, 0x6adb, 0x6adb, 0x1888, 0x6adb, 0x6adb, 0x6adb, 0x6adb, 0x6adb,
    0x6adb, 0x6adb, 0x6adb, 0x1888, 0x6adb, 0x6adb, 0x6adb, 0x6adb, 0x6adb, 0x6adb, 0x6adb, 0x6adb,
    0x6adb, 0x6adb, 0x6adb, 0x6adb, 0x6adb, 0x6adb, 0x6adb, 0x6adb, 0x6adb, 0x6adb, 0x6adb, 0x6adb,
    0x6adb, 0x6adb, 0x6adb, 0x6adb, 0x6adb, 0x6adb, 0x6adb, 0x6adb, 0x6adb, 0x6adb, 0x6adb, 0x6adb,
    0x6adb, 0x6adb, 0x6adb, 0x6adb, 0x6adb, 0x6adb, 0x6adb, 0x6adb, 0x6adb, 0x6adb, 0x6adb, 0x6adb,
    0x6adb, 0x6adb, 0x6adb, 0x6adb, 0x6adb, 0x6adb, 0x6adb, 0x6adb, 0x6adb, 0x6adb, 0x6adb, 0x6adb,
    0x6adb, 0x6adb, 0x6adb, 0x6adb, 0x6adb, 0x6adb, 0x6adb, 0x6adb, 0x6adb, 0x6adb, 0x6adb, 0x6adb,
    0x6adb, 0x6adb, 0x6adb, 0x6adb, 0x6adb, 0x6adb, 0x6adb, 0x6adb, 0x6adb, 0x6adb, 0x6adb, 0x6adb,
    0x6adb, 0x6adb, 0x6adb, 0x6adb, 0x6adb, 0x6adb, 0x6adb, 0x6adb, 0x6adb, 0x6adb, 0x6adb, 0x6adb,
    0x6adb, 0x6adb, 0x6adb, 0x6adb, 0x6adb, 0x6adb, 0x6adb, 0x6adb, 0x6adb, 0x6adb, 0x6adb, 0x6adb,
    0x6adb, 0x6adb, 0x6adb, 0x6adb, 0x6adb, 0x6adb, 0x6adb, 0x6adb, 0x6adb, 0x6adb, 0x6adb, 0x6adb,
    0x6f1d, 0x6f1d, 0x6f1d, 0x6f1d, 0x6f1d, 0x6f1d, 0x6f1d, 0x6f1d, 0x6f1d, 0x6f1d, 0x6f1d, 0x6f1d,
    0x6f1d, 0x6f1d, 0x6f1d, 0x6f1d, 0x6f1d, 0x6f1d, 0x6f1d, 0x6f1d, 0x6f1d, 0x6f1d, 0x6f1d, 0x6f1d,
    0x6f1d, 0x6f1d, 0x6f1d, 0x6f1d, 0x6f1d, 0x6f1d, 0x6f1d, 0x6f1d, 0x6f1d, 0x6f1d, 0x6f1d, 0x6f1d,
    0x6f1d, 0x6f1d, 0x6f1d, 0x6f1d, 0x6f1d, 0x6f1d, 0x6f1d, 0x6f1d, 0x6f1d, 0x6f1d, 0x6f1d, 0x6f1d,
    0x6f1d, 0x6f1d, 0x6f1d, 0x6f1d, 0x6f1d, 0x6f1d, 0x6f1d, 0x6f1d, 0x6f1d, 0x6f1d, 0x6f1d, 0x6f1d,
    0x6f1d, 0x6f1d, 0x6f1d, 0x6f1d, 0x6f1d, 0x6f1d, 0x6f1d, 0x6f1d, 0x6f1d, 0x6f1d, 0x6f1d, 0x6f1d,
    0x6f1d, 0x6f1d, 0x6f1d, 0x6f1d, 0x6f1d, 0x6f1d, 0x6f1d, 0x6f1d, 0x6f1d, 0x6f1d, 0x6f1d, 0x6f1d,
    0x6f1d, 0x6f1d, 0x6f1d, 0x6f1d, 0x6f1d, 0x6f1d, 0x6f1d, 0x6f1d, 0x6f1d, 0x6f1d, 0x6f1d, 0x6f1d,
    0x6f1d, 0x6f1d, 0x6f1d, 0x6f1d, 0x6f1d, 0x6f1d, 0x6f1d, 0x6f1d, 0x6f1d, 0x6f1d, 0x6f1d, 0x6f1d,
    0x6f1d, 0x6f1d, 0x6f1d, 0x6f1d, 0x6f1d, 0x1888, 0x6f1d, 0x6f1d, 0x6f1d, 0x6f1d, 0x6f1d, 0x6f1d,
    0x6f1d, 0x6f1d, 0x1888, 0x6f1d, 0x6f1d, 0x6f1d, 0x6f1d, 0x6f1d, 0x6f1d, 0x6f1d, 0x6f1d, 0x6f1d,
    0x6f1d, 0x6f1d, 0x6f1d, 0x6f1d, 0x6f1d, 0x6f1d, 0x6f1d, 0x6f1d, 0x6f1d, 0x6f1d, 0x6f1d, 0x6f1d,
    0x6f1d, 0x6f1d, 0x6f1d, 0x6f1d, 0x6f1d, 0x6f1d, 0x6f1d, 0x6f1d, 0x6f1d, 0x6f1d, 0x6f1d, 0x6f1d,
    0x6f1d, 0x6f1d, 0x6f1d, 0x6f1d, 0x6f1d, 0x6f1d, 0x6f1d, 0x6f1d, 0x6f1d, 0x6f1d, 0x6f1d, 0x6f1d,
    0x6f1d, 0x6f1d, 0x6f1d, 0x6f1d, 0x6f1d, 0x6f1d, 0x6f1d, 0x6f1d, 0x6f1d, 0x6f1d, 0x6f1d, 0x6f1d,
    0x6f1d, 0x6f1d, 0x6f1d, 0x6f1d, 0x6f1d, 0x6f1d, 0x6f1d, 0x6f1d, 0x6f1d, 0x6f1d, 0x6f1d, 0x6f1d,
    0x6f1d, 0x6f1d, 0x6f1d, 0x6f1d, 0x6f1d, 0x6f1d, 0x6f1d, 0x6f1d, 0x6f1d, 0x6f1d, 0x6f1d, 0x6f1d,
    0x6f1d, 0x6f1d, 0x6f1d, 0x6f1d, 0x6f1d, 0x6f1d, 0x6f1d, 0x6f1d, 0x6f1d, 0x6f1d, 0x6f1d, 0x6f1d,
    0x6f1d, 0x6f1d, 0x6f1d, 0x6f1d, 0x6f1d, 0x6f1d, 0x6f1d, 0x6f1d, 0x6f1d, 0x6f1d, 0x6f1d, 0x6f1d,
    0x6f1d, 0x6f1d, 0x6f1d, 0x6f1d, 0x6f1d, 0x6f1d, 0x6f1d, 0x6f1d, 0x6f1d, 0x6f1d, 0x6f1d, 0x6f1d,
    0x6f1d, 0x6f1d, 0x6f1d, 0x6f1d, 0x6f1d, 0x6f1d, 0x6f1d, 0x6f1d, 0x6f1d, 0x6f1d, 0x6f1d, 0x6f1d,
    0x6f1d, 0x6f1d, 0x6f1d, 0x6f1d, 0x6f1d, 0x6f1d, 0x6f1d, 0x6f1d, 0x6f1d, 0x6f1d, 0x6f1d, 0x6f1d,
    0x6f1d, 0x6f1d, 0x6f1d, 0x6f1d, 0x6f1d, 0x6f1d, 0x6f1d, 0x6f1d, 0x6f1d, 0x6f1d, 0x6f1d, 0x6f1d,
    0x6f1d, 0x6f1d, 0x6f1d, 0x6f1d, 0x6f1d, 0x6f1d, 0x6f1d, 0x6f1d, 0x6f1d, 0x6f1d, 0x6f1d, 0x6f1d,
    0x6f1d, 0x6f1d, 0x6f1d, 0x6f1d, 0x6f1d, 0x6f1d, 0x6f1d, 0x6f1d, 0x6f1d, 0x6f1d, 0x6f1d, 0x6f1d,
    0x6f1d, 0x6f1d, 0x6f1d, 0x6f1d, 0x6f1d, 0x6f1d, 0x6f1d, 0x6f1d, 0x6f1d, 0x6f1d, 0x6f1d, 0x6f1d,
    0x6f1d, 0x6f1d, 0x6f1d, 0x6f1d, 0x6f1d, 0x6f1d, 0x6f1d, 0x6f1d, 0x6f1d, 0x6f1d, 0x6f1d, 0x6f1d,
    0x6f1d, 0x6f1d, 0x6f1d, 0x6f1d, 0x6f1d, 0x6f1d, 0x6f1d, 0x6f1d, 0x6f1d, 0x6f1d, 0x6f1d, 0x6f1d,
    0x6f1d, 0x6f1d, 0x6f1d, 0x6f1d, 0x6f1d, 0x6f1d, 0x6f1d, 0x6f1d, 0x6f1d, 0x6f1d, 0x6f1d, 0x6f1d,
    0x6f1d, 0x6f1d, 0x6f1d, 0x6f1d, 0x6f1d, 0x1888, 0x1888, 0x6f1d, 0x6f1d, 0x6f1d, 0x6f1d, 0x6f1d,
    0x6f1d, 0x1888, 0x1888, 0x6f1d, 0x6f1d, 0x6f1d, 0x6f1d, 0x6f1d, 0x6f1d, 0x6f1d, 0x6f1d, 0x6f1d,
    0x6f1d, 0x6f1d, 0x6f1d, 0x6f1d, 0x6f1d, 0x6f1d, 0x6f1d, 0x6f1d, 0x6f1d, 0x6f1d, 0x6f1d, 0x6f1d,
    0x6f1d, 0x6f1d, 0x6f1d, 0x6f1d, 0x6f1d, 0x6f1d, 0x6f1d, 0x6f1d, 0x6f1d, 0x6f1d, 0x6f1d, 0x6f1d,
    0x6f1d, 0x6f1d, 0x6f1d, 0x6f1d, 0x6f1d, 0x6f1d, 0x6f1d, 0x6f1d, 0x6f1d, 0x6f1d, 0x6f1d, 0x6f1d,
    0x6f1d, 0x6f1d, 0x6f1d, 0x6f1d, 0x6f1d, 0x6f1d, 0x6f1d, 0x6f1d, 0x6f1d, 0x6f1d, 0x6f1d, 0x6f1d,
    0x6f1d, 0x6f1d, 0x6f1d, 0x6f1d, 0x6f1d, 0x6f1d, 0x6f1d, 0x6f1d, 0x6f1d, 0x6f1d, 0x6f1d, 0x6f1d,
    0x6f1d, 0x6f1d, 0x6f1d, 0x6f1d, 0x6f1d, 0x6f1d, 0x6f1d, 0x6f1d, 0x6f1d, 0x6f1d, 0x6f1d, 0x6f1d,
    0x6f1d, 0x6f1d, 0x6f1d, 0x6f1d, 0x6f1d, 0x6f1d, 0x6f1d, 0x6f1d, 0x6f1d, 0x6f1d, 0x6f1d, 0x6f1d,
    0x6f1d, 0x6f1d, 0x6f1d, 0x6f1d, 0x6f1d, 0x6f1d, 0x6f1d, 0x6f1d, 0x6f1d, 0x6f1d, 0x6f1d, 0x6f1d,
    0x6f1d, 0x6f1d, 0x6f1d, 0x6f1d, 0x6f1d, 0x6f1d, 0x6f1d, 0x6f1d, 0x6f1d, 0x6f1d, 0x6f1d, 0x6f1d,
    0x6f1d, 0x6f1d, 0x6f1d, 0x6f1d, 0x6f1d, 0x6f1d, 0x6f1d, 0x6f1d, 0x6f1d, 0x6f1d, 0x6f1d, 0x6f1d,
    0x6f1d, 0x6f1d, 0x6f1d, 0x6f1d, 0x6f1d, 0x6f1d, 0x6f1d, 0x6f1d, 0x6f1d, 0x6f1d, 0x6f1d, 0x6f1d,
    0x6f1d, 0x6f1d, 0x6f1d, 0x6f1d, 0x6f1d, 0x6f1d, 0x6f1d, 0x6f1d, 0x6f1d, 0x6f1d, 0x6f1d, 0x6f1d,
    0x6f1d, 0x6f1d, 0x6f1d, 0x6f1d, 0x6f1d, 0x6f1d, 0x6f1d, 0x6f1d, 0x6f1d, 0x6f1d, 0x6f1d, 0x6f1d,
    0x6f1d, 0x6f1d, 0x6f1d, 0x6f1d, 0x6f1d, 0x6f1d, 0x6f1d, 0x6f1d, 0x6f1d, 0x6f1d, 0x6f1d, 0x6f1d,
    0x6f1d, 0x6f1d, 0x6f1d, 0x6f1d, 0x6f1d, 0x6f1d, 0x6f1d, 0x6f1d, 0x6f1d, 0x6f1d, 0x6f1d, 0x6f1d,
    0x6f1d, 0x6f1d, 0x6f1d, 0x6f1d, 0x6f1d, 0x6f1d, 0x6f1d, 0x6f1d, 0x6f1d, 0x6f1d, 0x6f1d, 0x6f1d,
    0x6f1d, 0x6f1d, 0x6f1d, 0x6f1d, 0x6f1d, 0x6f1d, 0x6f1d, 0x6f1d, 0x6f1d, 0x6f1d, 0x6f1d, 0x6f1d,
    0x6f1d, 0x6f1d, 0x6f1d, 0x6f1d, 0x6f1d, 0x6f1d, 0x6f1d, 0x6f1d, 0x6f1d, 0x6f1d, 0x6f1d, 0x6f1d,
    0x6f1d, 0x6f1d, 0x6f1d, 0x6f1d, 0x6f1d, 0x1caf, 0x1caf, 0x1caf, 0x1888, 0x1888, 0x6f1d, 0x6f1d,
    0x6f1d, 0x1888, 0x1888, 0x1888, 0x6f1d, 0x6f1d, 0x6f1d, 0x6f1d, 0x6f1d, 0x6f1d, 0x6f1d, 0x6f1d,
    0x6f1d, 0x6f1d, 0x6f1d, 0x6f1d, 0x6f1d, 0x6f1d, 0x6f1d, 0x6f1d, 0x6f1d, 0x6f1d, 0x6f1d, 0x6f1d,
    0x6f1d, 0x6f1d, 0x6f1d, 0x6f1d, 0x6f1d, 0x6f1d, 0x6f1d, 0x6f1d, 0x6f1d, 0x6f1d, 0x6f1d, 0x6f1d,
    0x6f1d, 0x6f1d, 0x6f1d, 0x6f1d, 0x6f1d, 0x6f1d, 0x6f1d, 0x6f1d, 0x6f1d, 0x6f1d, 0x6f1d, 0x6f1d,
    0x6f1d, 0x6f1d, 0x6f1d, 0x6f1d, 0x6f1d, 0x6f1d, 0x6f1d, 0x6f1d, 0x6f1d, 0x6f1d, 0x6f1d, 0x6f1d,
    0x6f1d, 0x6f1d, 0x6f1d, 0x6f1d, 0x6f1d, 0x6f1d, 0x6f1d, 0x6f1d, 0x6f1d, 0x6f1d, 0x6f1d, 0x6f1d,
    0x6f1d, 0x6f1d, 0x6f1d, 0x6f1d, 0x6f1d, 0x6f1d, 0x6f1d, 0x6f1d, 0x6f1d, 0x6f1d, 0x6f1d, 0x6f1d,
    0x6f1d, 0x6f1d, 0x6f1d, 0x6f1d, 0x6f1d, 0x6f1d, 0x6f1d, 0x6f1d, 0x6f1d, 0x6f1d, 0x6f1d, 0x6f1d,
    0x6f1d, 0x6f1d, 0x6f1d, 0x6f1d, 0x6f1d, 0x6f1d, 0x6f1d, 0x6f1d, 0x6f1d, 0x6f1d, 0x6f1d, 0x6f1d,
    0x6f1d, 0x6f1d, 0x6f1d, 0x6f1d, 0x6f1d, 0x6f1d, 0x6f1d, 0x6f1d, 0x6f1d, 0x6f1d, 0x6f1d, 0x6f1d,
    0x6f1d, 0x6f1d, 0x6f1d, 0x6f1d, 0x6f1d, 0x6f1d, 0x6f1d, 0x6f1d, 0x6f1d, 0x6f1d, 0x6f1d, 0x6f1d,
    0x6f1d, 0x6f1d, 0x6f1d, 0x6f1d, 0x6f1d, 0x6f1d, 0x6f1d, 0x6f1d, 0x6f1d, 0x6f1d, 0x6f1d, 0x6f1d,
    0x6f1d, 0x6f1d, 0x6f1d, 0x6f1d, 0x6f1d, 0x6f1d, 0x6f1d, 0x6f1d, 0x6f1d, 0x6f1d, 0x6f1d, 0x6f1d,
    0x6f1d, 0x6f1d, 0x6f1d, 0x6f1d, 0x6f1d, 0x6f1d, 0x6f1d, 0x6f1d, 0x6f1d, 0x6f1d, 0x6f1d, 0x6f1d,
    0x6f1d, 0x6f1d, 0x6f1d, 0x6f1d, 0x6f1d, 0x6f1d, 0x6f1d, 0x6f1d, 0x6f1d, 0x6f1d, 0x6f1d, 0x6f1d,
    0x6f1d, 0x6f1d, 0x6f1d, 0x6f1d, 0x6f1d, 0x6f1d, 0x6f1d, 0x6f1d, 0x6f1d, 0x6f1d, 0x6f1d, 0x6f1d,
    0x6f1d, 0x6f1d, 0x6f1d, 0x6f1d, 0x6f1d, 0x6f1d, 0x6f1d, 0x6f1d, 0x6f1d, 0x6f1d, 0x6f1d, 0x6f1d,
    0x6f1d, 0x6f1d, 0x6f1d, 0x6f1d, 0x6f1d, 0x6f1d, 0x6f1d, 0x6f1d, 0x6f1d, 0x6f1d, 0x6f1d, 0x6f1d,
    0x6f1d, 0x6f1d, 0x6f1d, 0x6f1d, 0x6f1d, 0x6f1d, 0x6f1d, 0x6f1d, 0x6f1d, 0x6f1d, 0x6f1d, 0x6f1d,
    0x6f1d, 0x6f1d, 0x6f1d, 0x1caf, 0x1caf, 0x1caf, 0x1caf, 0x1888, 0x1888, 0x1888, 0x6f1d, 0x1888,
    0x1888, 0x1888, 0x1caf, 0x6f1d, 0x6f1d, 0x6f1d, 0x6f1d, 0x6f1d, 0x6f1d, 0x6f1d, 0x6f1d, 0x6f1d,
    0x6f1d, 0x6f1d, 0x6f1d, 0x6f1d, 0x6f1d, 0x6f1d, 0x6f1d, 0x6f1d, 0x6f1d, 0x6f1d, 0x6f1d, 0x6f1d,
    0x6f1d, 0x6f1d, 0x6f1d, 0x6f1d, 0x6f1d, 0x6f1d, 0x6f1d, 0x6f1d, 0x6f1d, 0x6f1d, 0x6f1d, 0x6f1d,
    0x6f1d, 0x6f1d, 0x6f1d, 0x6f1d, 0x6f1d, 0x6f1d, 0x6f1d, 0x6f1d, 0x6f1d, 0x6f1d, 0x6f1d, 0x6f1d,
    0x6f1d, 0x6f1d, 0x6f1d, 0x6f1d, 0x6f1d, 0x6f1d, 0x6f1d, 0x6f1d, 0x6f1d, 0x6f1d, 0x6f1d, 0x6f1d,
    0x6f1d, 0x6f1d, 0x6f1d, 0x6f1d, 0x6f1d, 0x6f1d, 0x6f1d, 0x6f1d, 0x6f1d, 0x6f1d, 0x6f1d, 0x6f1d,
    0x6f1d, 0x6f1d, 0x6f1d, 0x6f1d, 0x6f1d, 0x6f1d, 0x6f1d, 0x6f1d, 0x6f1d, 0x6f1d, 0x6f1d, 0x6f1d,
    0x6f1d, 0x6f1d, 0x6f1d, 0x6f1d, 0x6f1d, 0x6f1d, 0x6f1d, 0x6f1d, 0x6f1d, 0x6f1d, 0x6f1d, 0x6f1d,
    0x6f1d, 0x6f1d, 0x6f1d, 0x6f1d, 0x6f1d, 0x6f1d, 0x6f1d, 0x6f1d, 0x6f1d, 0x6f1d, 0x6f1d, 0x6f1d,
    0x6f1d, 0x6f1d, 0x6f1d, 0x6f1d, 0x6f1d, 0x6f1d, 0x6f1d, 0x6f1d, 0x6f1d, 0x6f1d, 0x6f1d, 0x6f1d,
    0x6f1d, 0x6f1d, 0x6f1d, 0x6f1d, 0x6f1d, 0x6f1d, 0x6f1d, 0x6f1d, 0x6f1d, 0x6f1d, 0x6f1d, 0x6f1d,
    0x6f1d, 0x6f1d, 0x6f1d, 0x6f1d, 0x6f1d, 0x6f1d, 0x6f1d, 0x6f1d, 0x6f1d, 0x6f1d, 0x6f1d, 0x6f1d,
    0x6f1d, 0x6f1d, 0x6f1d, 0x6f1d, 0x6f1d, 0x6f1d, 0x6f1d, 0x6f1d, 0x6f1d, 0x6f1d, 0x6f1d, 0x6f1d,
    0x6f1d, 0x6f1d, 0x6f1d, 0x6f1d, 0x6f1d, 0x6f1d, 0x6f1d, 0x6f1d, 0x6f1d, 0x6f1d, 0x6f1d, 0x6f1d,
    0x6f1d, 0x6f1d, 0x6f1d, 0x6f1d, 0x6f1d, 0x6f1d, 0x6f1d, 0x6f1d, 0x6f1d, 0x6f1d, 0x6f1d, 0x6f1d,
    0x6f1d, 0x6f1d, 0x6f1d, 0x6f1d, 0x6f1d, 0x6f1d, 0x6f1d, 0x6f1d, 0x6f1d, 0x6f1d, 0x6f1d, 0x6f1d,
    0x6f1d, 0x6f1d, 0x6f1d, 0x6f1d, 0x6f1d, 0x6f1d, 0x6f1d, 0x6f1d, 0x6f1d, 0x6f1d, 0x6f1d, 0x6f1d,
    0x6f1d, 0x6f1d, 0x6f1d, 0x6f1d, 0x6f1d, 0x6f1d, 0x6f1d, 0x6f1d, 0x6f1d, 0x6f1d, 0x6f1d, 0x6f1d,
    0x6f1d, 0x6f1d, 0x6f1d, 0x6f1d, 0x6f1d, 0x6f1d, 0x6f1d, 0x6f1d, 0x6f1d, 0x6f1d, 0x6f1d, 0x6f1d,
    0x6f1d, 0x6f1d, 0x1caf, 0x1caf, 0x1caf, 0x1caf, 0x1caf, 0x1caf, 0x1888, 0x1888, 0x1888, 0x1888,
    0x1888, 0x1888, 0x1caf, 0x6f1d, 0x6f1d, 0x6f1d, 0x6f1d, 0x6f1d, 0x6f1d, 0x6f1d, 0x6f1d, 0x6f1d,
    0x6f1d, 0x6f1d, 0x6f1d, 0x6f1d, 0x6f1d, 0x6f1d, 0x6f1d, 0x6f1d, 0x6f1d, 0x6f1d, 0x6f1d, 0x6f1d,
    0x6f1d, 0x6f1d, 0x6f1d, 0x6f1d, 0x6f1d, 0x6f1d, 0x6f1d, 0x6f1d, 0x6f1d, 0x6f1d, 0x6f1d, 0x6f1d,
    0x6f1d, 0x6f1d, 0x6f1d, 0x6f1d, 0x6f1d, 0x6f1d, 0x6f1d, 0x6f1d, 0x6f1d, 0x6f1d, 0x6f1d, 0x6f1d,
    0x6f1d, 0x6f1d, 0x6f1d, 0x6f1d, 0x6f1d, 0x6f1d, 0x6f1d, 0x6f1d, 0x6f1d, 0x6f1d, 0x6f1d, 0x6f1d,
    0x6f1d, 0x6f1d, 0x6f1d, 0x6f1d, 0x6f1d, 0x6f1d, 0x6f1d, 0x6f1d, 0x6f1d, 0x6f1d, 0x6f1d, 0x6f1d,
    0x6f1d, 0x6f1d, 0x6f1d, 0x6f1d, 0x6f1d, 0x6f1d, 0x6f1d, 0x6f1d, 0x6f1d, 0x6f1d, 0x6f1d, 0x6f1d,
    0x6f1d, 0x6f1d, 0x6f1d, 0x6f1d, 0x6f1d, 0x6f1d, 0x6f1d, 0x6f1d, 0x6f1d, 0x6f1d, 0x6f1d, 0x6f1d,
    0x6f1d, 0x6f1d, 0x6f1d, 0x6f1d, 0x6f1d, 0x6f1d, 0x6f1d, 0x6f1d, 0x6f1d, 0x6f1d, 0x6f1d, 0x6f1d,
    0x6f1d, 0x6f1d, 0x6f1d, 0x6f1d, 0x6f1d, 0x6f1d, 0x6f1d, 0x6f1d, 0x6f1d, 0x6f1d, 0x6f1d, 0x6f1d,
    0x6f1d, 0x6f1d, 0x6f1d, 0x6f1d, 0x6f1d, 0x6f1d, 0x6f1d, 0x6f1d, 0x6f1d, 0x6f1d, 0x6f1d, 0x6f1d,
    0x6f1d, 0x6f1d, 0x6f1d, 0x6f1d, 0x6f1d, 0x6f1d, 0x6f1d, 0x6f1d, 0x6f1d, 0x6f1d, 0x6f1d, 0x6f1d,
    0x6f1d, 0x6f1d, 0x6f1d, 0x6f1d, 0x6f1d, 0x6f1d, 0x6f1d, 0x6f1d, 0x6f1d, 0x6f1d, 0x6f1d, 0x6f1d,
    0x6f1d, 0x6f1d, 0x6f1d, 0x6f1d, 0x6f1d, 0x6f1d, 0x6f1d, 0x6f1d, 0x6f1d, 0x6f1d, 0x6f1d, 0x6f1d,
    0x6f1d, 0x6f1d, 0x6f1d, 0x6f1d, 0x6f1d, 0x6f1d, 0x6f1d, 0x6f1d, 0x6f1d, 0x6f1d, 0x6f1d, 0x6f1d,
    0x6f1d, 0x6f1d, 0x6f1d, 0x6f1d, 0x6f1d, 0x6f1d, 0x6f1d, 0x6f1d, 0x6f1d, 0x6f1d, 0x6f1d, 0x6f1d,
    0x6f1d, 0x6f1d, 0x6f1d, 0x6f1d, 0x6f1d, 0x6f1d, 0x6f1d, 0x6f1d, 0x6f1d, 0x6f1d, 0x6f1d, 0x6f1d,
    0x6f1d, 0x6f1d, 0x6f1d, 0x6f1d, 0x6f1d, 0x6f1d, 0x6f1d, 0x6f1d, 0x6f1d, 0x6f1d, 0x6f1d, 0x6f1d,
    0x6f1d, 0x6f1d, 0x6f1d, 0x6f1d, 0x6f1d, 0x6f1d, 0x6f1d, 0x6f1d, 0x6f1d, 0x6f1d, 0x6f1d, 0x6f1d,
    0x6f1d, 0x6f1d, 0x1caf, 0x4d15, 0x4d15, 0x4d15, 0x1caf, 0x1caf, 0x1888, 0x1888, 0x1888, 0x1888,
    0x1888, 0x1888, 0x1caf, 0x6f1d, 0x6f1d, 0x6f1d, 0x6f1d, 0x6f1d, 0x6f1d, 0x6f1d, 0x6f1d, 0x6f1d,
    0x6f1d, 0x6f1d, 0x6f1d, 0x6f1d, 0x6f1d, 0x6f1d, 0x6f1d, 0x6f1d, 0x6f1d, 0x6f1d, 0x6f1d, 0x6f1d,
    0x6f1d, 0x6f1d, 0x6f1d, 0x6f1d, 0x6f1d, 0x6f1d, 0x6f1d, 0x6f1d, 0x6f1d, 0x6f1d, 0x6f1d, 0x6f1d,
    0x6f1d, 0x6f1d, 0x6f1d, 0x6f1d, 0x6f1d, 0x6f1d, 0x6f1d, 0x6f1d, 0x6f1d, 0x6f1d, 0x6f1d, 0x6f1d,
    0x6f1d, 0x6f1d, 0x6f1d, 0x6f1d, 0x6f1d, 0x6f1d, 0x6f1d, 0x6f1d, 0x6f1d, 0x6f1d, 0x6f1d, 0x6f1d,
    0x6f1d, 0x6f1d, 0x6f1d, 0x6f1d, 0x6f1d, 0x6f1d, 0x6f1d, 0x6f1d, 0x6f1d, 0x6f1d, 0x6f1d, 0x6f1d,
    0x6f1d, 0x6f1d, 0x6f1d, 0x6f1d, 0x6f1d, 0x6f1d, 0x6f1d, 0x6f1d, 0x6f1d, 0x6f1d, 0x6f1d, 0x6f1d,
    0x6f1d, 0x6f1d, 0x6f1d, 0x6f1d, 0x6f1d, 0x6f1d, 0x6f1d, 0x6f1d, 0x6f1d, 0x6f1d, 0x6f1d, 0x6f1d,
    0x6f1d, 0x6f1d, 0x6f1d, 0x6f1d, 0x6f1d, 0x6f1d, 0x6f1d, 0x6f1d, 0x6f1d, 0x6f1d, 0x6f1d, 0x6f1d,
    0x6f1d, 0x6f1d, 0x6f1d, 0x6f1d, 0x6f1d, 0x6f1d, 0x6f1d, 0x6f1d, 0x6f1d, 0x6f1d, 0x6f1d, 0x6f1d,
    0x6f1d, 0x6f1d, 0x6f1d, 0x6f1d, 0x6f1d, 0x6f1d, 0x6f1d, 0x6f1d, 0x6f1d, 0x6f1d, 0x6f1d, 0x6f1d,
    0x6f1d, 0x6f1d, 0x6f1d, 0x6f1d, 0x6f1d, 0x6f1d, 0x6f1d, 0x6f1d, 0x6f1d, 0x6f1d, 0x6f1d, 0x6f1d,
    0x6f1d, 0x6f1d, 0x6f1d, 0x6f1d, 0x6f1d, 0x6f1d, 0x6f1d, 0x6f1d, 0x6f1d, 0x6f1d, 0x6f1d, 0x6f1d,
    0x6f1d, 0x6f1d, 0x6f1d, 0x6f1d, 0x6f1d, 0x6f1d, 0x6f1d, 0x6f1d, 0x6f1d, 0x6f1d, 0x6f1d, 0x6f1d,
    0x6f1d, 0x6f1d, 0x6f1d, 0x6f1d, 0x6f1d, 0x6f1d, 0x6f1d, 0x6f1d, 0x6f1d, 0x7b9f, 0x7b9f, 0x7b9f,
    0x6f1d, 0x6f1d, 0x6f1d, 0x6f1d, 0x6f1d, 0x6f1d, 0x6f1d, 0x6f1d, 0x6f1d, 0x6f1d, 0x6f1d, 0x6f1d,
    0x6f1d, 0x6f1d, 0x6f1d, 0x6f1d, 0x6f1d, 0x6f1d, 0x6f1d, 0x6f1d, 0x6f1d, 0x6f1d, 0x6f1d, 0x6f1d,
    0x6f1d, 0x6f1d, 0x6f1d, 0x6f1d, 0x6f1d, 0x6f1d, 0x6f1d, 0x6f1d, 0x6f1d, 0x6f1d, 0x6f1d, 0x6f1d,
    0x6f1d, 0x6f1d, 0x6f1d, 0x6f1d, 0x6f1d, 0x6f1d, 0x6f1d, 0x6f1d, 0x6f1d, 0x6f1d, 0x6f1d, 0x6f1d,
    0x6f1d, 0x4d15, 0x1caf, 0x1caf, 0x1caf, 0x4d15, 0x1caf, 0x1888, 0x1888, 0x1888, 0x1888, 0x1888,
    0x1888, 0x1caf, 0x6f1d, 0x6f1d, 0x6f1d, 0x6f1d, 0x6f1d, 0x6f1d, 0x6f1d, 0x6f1d, 0x6f1d, 0x6f1d,
    0x6f1d, 0x6f1d, 0x6f1d, 0x6f1d, 0x6f1d, 0x6f1d, 0x6f1d, 0x6f1d, 0x6f1d, 0x6f1d, 0x6f1d, 0x6f1d,
    0x6f1d, 0x6f1d, 0x6f1d, 0x6f1d, 0x6f1d, 0x6f1d, 0x6f1d, 0x6f1d, 0x6f1d, 0x6f1d, 0x7b9f, 0x6f1d,
    0x6f1d, 0x6f1d, 0x6f1d, 0x6f1d, 0x6f1d, 0x6f1d, 0x6f1d, 0x6f1d, 0x6f1d, 0x6f1d, 0x6f1d, 0x6f1d,
    0x6f1d, 0x6f1d, 0x6f1d, 0x6f1d, 0x6f1d, 0x6f1d, 0x6f1d, 0x6f1d, 0x6f1d, 0x6f1d, 0x6f1d, 0x6f1d,
    0x6f1d, 0x6f1d, 0x6f1d, 0x6f1d, 0x6f1d, 0x6f1d, 0x6f1d, 0x6f1d, 0x6f1d, 0x6f1d, 0x6f1d, 0x6f1d,
    0x6f1d, 0x6f1d, 0x6f1d, 0x6f1d, 0x6f1d, 0x6f1d, 0x6f1d, 0x6f1d, 0x6f1d, 0x6f1d, 0x6f1d, 0x6f1d,
    0x6f1d, 0x6f1d, 0x6f1d, 0x6f1d, 0x6f1d, 0x6f1d, 0x6f1d, 0x6f1d, 0x6f1d, 0x6f1d, 0x6f1d, 0x6f1d,
    0x6f1d, 0x6f1d, 0x6f1d, 0x6f1d, 0x6f1d, 0x6f1d, 0x6f1d, 0x6f1d, 0x6f1d, 0x6f1d, 0x6f1d, 0x6f1d,
    0x6f1d, 0x6f1d, 0x6f1d, 0x6f1d, 0x6f1d, 0x6f1d, 0x6f1d, 0x6f1d, 0x6f1d, 0x6f1d, 0x6f1d, 0x6f1d,
    0x6f1d, 0x6f1d, 0x6f1d, 0x6f1d, 0x6f1d, 0x6f1d, 0x6f1d, 0x6f1d, 0x6f1d, 0x6f1d, 0x6f1d, 0x6f1d,
    0x6f1d, 0x6f1d, 0x6f1d, 0x6f1d, 0x6f1d, 0x6f1d, 0x6f1d, 0x6f1d, 0x6f1d, 0x6f1d, 0x6f1d, 0x6f1d,
    0x6f1d, 0x6f1d, 0x6f1d, 0x6f1d, 0x6f1d, 0x6f1d, 0x6f1d, 0x6f1d, 0x6f1d, 0x6f1d, 0x6f1d, 0x6f1d,
    0x6f1d, 0x6f1d, 0x7b9f, 0x7b9f, 0x7b9f, 0x6f1d, 0x6f1d, 0x6f1d, 0x6f1d, 0x6f1d, 0x6f1d, 0x6f1d,
    0x6f1d, 0x6f1d, 0x6f1d, 0x6f1d, 0x6f1d, 0x6f1d, 0x6f1d, 0x7b9f, 0x7b9f, 0x7b9f, 0x7b9f, 0x7b9f,
    0x6f1d, 0x6f1d, 0x6f1d, 0x6f1d, 0x6f1d, 0x6f1d, 0x6f1d, 0x6f1d, 0x6f1d, 0x6f1d, 0x6f1d, 0x6f1d,
    0x6f1d, 0x6f1d, 0x6f1d, 0x6f1d, 0x6f1d, 0x6f1d, 0x6f1d, 0x6f1d, 0x6f1d, 0x6f1d, 0x6f1d, 0x6f1d,
    0x6f1d, 0x6f1d, 0x6f1d, 0x6f1d, 0x6f1d, 0x6f1d, 0x6f1d, 0x6f1d, 0x6f1d, 0x6f1d, 0x6f1d, 0x6f1d,
    0x6f1d, 0x6f1d, 0x6f1d, 0x6f1d, 0x6f1d, 0x6f1d, 0x6f1d, 0x6f1d, 0x6f1d, 0x6f1d, 0x6f1d, 0x6f1d,
    0x6f1d, 0x6f1d, 0x1caf, 0x1caf, 0x1caf, 0x1caf, 0x1caf, 0x4d15, 0x1888, 0x1888, 0x1888, 0x1888,
    0x1888, 0x1888, 0x1caf, 0x6f1d, 0x6f1d, 0x6f1d, 0x6f1d, 0x6f1d, 0x6f1d, 0x6f1d, 0x6f1d, 0x6f1d,
    0x6f1d, 0x6f1d, 0x6f1d, 0x6f1d, 0x6f1d, 0x6f1d, 0x6f1d, 0x6f1d, 0x6f1d, 0x6f1d, 0x6f1d, 0x6f1d,
    0x6f1d, 0x6f1d, 0x6f1d, 0x6f1d, 0x6f1d, 0x6f1d, 0x6f1d, 0x6f1d, 0x6f1d, 0x7b9f, 0x6f1d, 0x6f1d,
    0x6f1d, 0x6f1d, 0x6f1d, 0x6f1d, 0x6f1d, 0x6f1d, 0x6f1d, 0x6f1d, 0x6f1d, 0x6f1d, 0x6f1d, 0x6f1d,
    0x6f1d, 0x6f1d, 0x6f1d, 0x6f1d, 0x6f1d, 0x6f1d, 0x6f1d, 0x6f1d, 0x6f1d, 0x6f1d, 0x6f1d, 0x6f1d,
    0x6f1d, 0x6f1d, 0x6f1d, 0x6f1d, 0x6f1d, 0x6f1d, 0x6f1d, 0x6f1d, 0x6f1d, 0x6f1d, 0x6f1d, 0x6f1d,
    0x6f1d, 0x6f1d, 0x6f1d, 0x6f1d, 0x6f1d, 0x6f1d, 0x6f1d, 0x6f1d, 0x6f1d, 0x6f1d, 0x6f1d, 0x6f1d,
    0x6f1d, 0x6f1d, 0x6f1d, 0x6f1d, 0x6f1d, 0x6f1d, 0x6f1d, 0x6f1d, 0x6f1d, 0x6f1d, 0x6f1d, 0x6f1d,
    0x6f1d, 0x6f1d, 0x6f1d, 0x6f1d, 0x6f1d, 0x6f1d, 0x6f1d, 0x6f1d, 0x6f1d, 0x6f1d, 0x6f1d, 0x6f1d,
    0x6f1d, 0x6f1d, 0x6f1d, 0x6f1d, 0x6f1d, 0x6f1d, 0x6f1d, 0x6f1d, 0x6f1d, 0x6f1d, 0x6f1d, 0x6f1d,
    0x6f1d, 0x6f1d, 0x6f1d, 0x6f1d, 0x6f1d, 0x6f1d, 0x6f1d, 0x6f1d, 0x6f1d, 0x6f1d, 0x6f1d, 0x6f1d,
    0x6f1d, 0x6f1d, 0x6f1d, 0x6f1d, 0x6f1d, 0x6f1d, 0x6f1d, 0x6f1d, 0x6f1d, 0x6f1d, 0x6f1d, 0x6f1d,
    0x6f1d, 0x6f1d, 0x6f1d, 0x6f1d, 0x6f1d, 0x6f1d, 0x6f1d, 0x6f1d, 0x6f1d, 0x6f1d, 0x6f1d, 0x6f1d,
    0x6f1d, 0x6f1d, 0x7b9f, 0x7b9f, 0x7b9f, 0x7b9f, 0x7b9f, 0x7b9f, 0x6f1d, 0x6f1d, 0x6f1d, 0x6f1d,
    0x6f1d, 0x6f1d, 0x6f1d, 0x6f1d, 0x6f1d, 0x6f1d, 0x7b9f, 0x7b9f, 0x7b9f, 0x7b9f, 0x7b9f, 0x7b9f,
    0x7b9f, 0x7b9f, 0x7b9f, 0x6f1d, 0x6f1d, 0x6f1d, 0x6f1d, 0x6f1d, 0x6f1d, 0x6f1d, 0x6f1d, 0x6f1d,
    0x6f1d, 0x6f1d, 0x6f1d, 0x6f1d, 0x6f1d, 0x6f1d, 0x6f1d, 0x6f1d, 0x6f1d, 0x6f1d, 0x6f1d, 0x6f1d,
    0x6f1d, 0x6f1d, 0x6f1d, 0x6f1d, 0x6f1d, 0x6f1d, 0x6f1d, 0x6f1d, 0x6f1d, 0x6f1d, 0x6f1d, 0x6f1d,
    0x6f1d, 0x6f1d, 0x6f1d, 0x6f1d, 0x6f1d, 0x6f1d, 0x6f1d, 0x6f1d, 0x6f1d, 0x6f1d, 0x6f1d, 0x6f1d,
    0x6f1d, 0x1caf, 0x1caf, 0x1caf, 0x1caf, 0x1caf, 0x1caf, 0x1888, 0x1888, 0x1888, 0x1888, 0x1888,
    0x1888, 0x1caf, 0x6f1d, 0x6f1d, 0x6f1d, 0x6f1d, 0x6f1d, 0x6f1d, 0x6f1d, 0x6f1d, 0x6f1d, 0x6f1d,
    0x6f1d, 0x6f1d, 0x6f1d, 0x6f1d, 0x6f1d, 0x6f1d, 0x6f1d, 0x6f1d, 0x6f1d, 0x6f1d, 0x6f1d, 0x6f1d,
    0x6f1d, 0x6f1d, 0x6f1d, 0x6f1d, 0x6f1d, 0x6f1d, 0x6f1d, 0x6f1d, 0x6f1d, 0x7b9f, 0x7b9f, 0x7b9f,
    0x6f1d, 0x6f1d, 0x6f1d, 0x6f1d, 0x6f1d, 0x6f1d, 0x6f1d, 0x6f1d, 0x6f1d, 0x6f1d, 0x6f1d, 0x6f1d,
    0x6f1d, 0x6f1d, 0x6f1d, 0x6f1d, 0x6f1d, 0x6f1d, 0x6f1d, 0x6f1d, 0x6f1d, 0x6f1d, 0x6f1d, 0x6f1d,
    0x6f1d, 0x6f1d, 0x6f1d, 0x6f1d, 0x6f1d, 0x6f1d, 0x6f1d, 0x6f1d, 0x6f1d, 0x6f1d, 0x6f1d, 0x6f1d,
    0x6f1d, 0x6f1d, 0x6f1d, 0x6f1d, 0x6f1d, 0x6f1d, 0x6f1d, 0x6f1d, 0x6f1d, 0x6f1d, 0x6f1d, 0x6f1d,
    0x6f1d, 0x6f1d, 0x6f1d, 0x6f1d, 0x6f1d, 0x6f1d, 0x6f1d, 0x6f1d, 0x6f1d, 0x6f1d, 0x6f1d, 0x6f1d,
    0x6f1d, 0x6f1d, 0x6f1d, 0x6f1d, 0x6f1d, 0x6f1d, 0x6f1d, 0x6f1d, 0x6f1d, 0x6f1d, 0x6f1d, 0x6f1d,
    0x6f1d, 0x6f1d, 0x6f1d, 0x6f1d, 0x6f1d, 0x6f1d, 0x6f1d, 0x6f1d, 0x6f1d, 0x6f1d, 0x6f1d, 0x6f1d,
    0x6f1d, 0x6f1d, 0x6f1d, 0x6f1d, 0x6f1d, 0x6f1d, 0x6f1d, 0x6f1d, 0x6f1d, 0x6f1d, 0x6f1d, 0x6f1d,
    0x6f1d, 0x6f1d, 0x6f1d, 0x6f1d, 0x6f1d, 0x6f1d, 0x6f1d, 0x6f1d, 0x6f1d, 0x6f1d, 0x6f1d, 0x6f1d,
    0x6f1d, 0x6f1d, 0x6f1d, 0x6f1d, 0x6f1d, 0x6f1d, 0x6f1d, 0x6f1d, 0x6f1d, 0x6f1d, 0x6f1d, 0x6f1d,
    0x7b9f, 0x7b9f, 0x7b9f, 0x7b9f, 0x7b9f, 0x7b9f, 0x7b9f, 0x7b9f, 0x7b9f, 0x7b9f, 0x7b9f, 0x7b9f,
    0x7b9f, 0x6f1d, 0x6f1d, 0x6f1d, 0x7b9f, 0x7b9f, 0x7b9f, 0x7b9f, 0x7b9f, 0x7b9f, 0x7b9f, 0x7b9f,
    0x7b9f, 0x7b9f, 0x7b9f, 0x6f1d, 0x6f1d, 0x6f1d, 0x6f1d, 0x6f1d, 0x6f1d, 0x6f1d, 0x6f1d, 0x6f1d,
    0x6f1d, 0x6f1d, 0x6f1d, 0x6f1d, 0x6f1d, 0x6f1d, 0x6f1d, 0x6f1d, 0x6f1d, 0x6f1d, 0x6f1d, 0x6f1d,
    0x6f1d, 0x6f1d, 0x6f1d, 0x6f1d, 0x6f1d, 0x6f1d, 0x6f1d, 0x6f1d, 0x6f1d, 0x6f1d, 0x6f1d, 0x6f1d,
    0x6f1d, 0x6f1d, 0x6f1d, 0x6f1d, 0x6f1d, 0x6f1d, 0x6f1d, 0x6f1d, 0x6f1d, 0x6f1d, 0x6f1d, 0x6f1d,
    0x6f1d, 0x6f1d, 0x1caf, 0x1caf, 0x1caf, 0x1caf, 0x1caf, 0x1caf, 0x1caf, 0x1888, 0x1888, 0x1888,
    0x1888, 0x1888, 0x1caf, 0x6f1d, 0x6f1d, 0x6f1d, 0x6f1d, 0x6f1d, 0x6f1d, 0x6f1d, 0x6f1d, 0x6f1d,
    0x6f1d, 0x6f1d, 0x6f1d, 0x6f1d, 0x6f1d, 0x6f1d, 0x6f1d, 0x6f1d, 0x6f1d, 0x6f1d, 0x6f1d, 0x6f1d,
    0x6f1d, 0x6f1d, 0x6f1d, 0x6f1d, 0x6f1d, 0x6f1d, 0x6f1d, 0x7b9f, 0x7b9f, 0x7b9f, 0x7b9f, 0x7b9f,
    0x6f1d, 0x6f1d, 0x6f1d, 0x6f1d, 0x6f1d, 0x6f1d, 0x6f1d, 0x6f1d, 0x6f1d, 0x6f1d, 0x6f1d, 0x6f1d,
    0x6f1d, 0x6f1d, 0x6f1d, 0x6f1d, 0x6f1d, 0x6f1d, 0x6f1d, 0x6f1d, 0x6f1d, 0x6f1d, 0x6f1d, 0x6f1d,
    0x6f1d, 0x6f1d, 0x6f1d, 0x6f1d, 0x6f1d, 0x6f1d, 0x6f1d, 0x6f1d, 0x6f1d, 0x6f1d, 0x6f1d, 0x6f1d,
    0x6f1d, 0x6f1d, 0x6f1d, 0x6f1d, 0x6f1d, 0x6f1d, 0x6f1d, 0x6f1d, 0x6f1d, 0x6f1d, 0x6f1d, 0x6f1d,
    0x6f1d, 0x6f1d, 0x6f1d, 0x6f1d, 0x6f1d, 0x6f1d, 0x6f1d, 0x6f1d, 0x6f1d, 0x6f1d, 0x6f1d, 0x6f1d,
    0x6f1d, 0x6f1d, 0x6f1d, 0x6f1d, 0x6f1d, 0x6f1d, 0x6f1d, 0x6f1d, 0x6f1d, 0x6f1d, 0x6f1d, 0x6f1d,
    0x6f1d, 0x6f1d, 0x6f1d, 0x6f1d, 0x6f1d, 0x6f1d, 0x6f1d, 0x6f1d, 0x6f1d, 0x6f1d, 0x6f1d, 0x6f1d,
    0x6f1d, 0x6f1d, 0x6f1d, 0x6f1d, 0x6f1d, 0x6f1d, 0x6f1d, 0x6f1d, 0x6f1d, 0x6f1d, 0x7b9f, 0x7b9f,
    0x6f1d, 0x6f1d, 0x6f1d, 0x6f1d, 0x6f1d, 0x6f1d, 0x6f1d, 0x6f1d, 0x6f1d, 0x6f1d, 0x6f1d, 0x6f1d,
    0x6f1d, 0x6f1d, 0x6f1d, 0x6f1d, 0x6f1d, 0x6f1d, 0x6f1d, 0x6f1d, 0x6f1d, 0x7b9f, 0x7b9f, 0x7b9f,
    0x7b9f, 0x7b9f, 0x7b9f, 0x7b9f, 0x7b9f, 0x7b9f, 0x7b9f, 0x7b9f, 0x7b9f, 0x7b9f, 0x7b9f, 0x7b9f,
    0x7b9f, 0x7b9f, 0x7b9f, 0x7b9f, 0x7b9f, 0x7b9f, 0x7b9f, 0x7b9f, 0x7b9f, 0x7b9f, 0x7b9f, 0x7b9f,
    0x7b9f, 0x7b9f, 0x6f1d, 0x6f1d, 0x6f1d, 0x6f1d, 0x6f1d, 0x6f1d, 0x6f1d, 0x6f1d, 0x6f1d, 0x6f1d,
    0x6f1d, 0x6f1d, 0x6f1d, 0x6f1d, 0x6f1d, 0x6f1d, 0x6f1d, 0x6f1d, 0x6f1d, 0x6f1d, 0x6f1d, 0x6f1d,
    0x6f1d, 0x6f1d, 0x6f1d, 0x6f1d, 0x6f1d, 0x6f1d, 0x6f1d, 0x6f1d, 0x6f1d, 0x6f1d, 0x6f1d, 0x6f1d,
    0x6f1d, 0x6f1d, 0x6f1d, 0x6f1d, 0x6f1d, 0x6f1d, 0x6f1d, 0x6f1d, 0x6f1d, 0x6f1d, 0x6f1d, 0x6f1d,
    0x6f1d, 0x6f1d, 0x6f1d, 0x6f1d, 0x1caf, 0x1caf, 0x1caf, 0x1caf, 0x1caf, 0x1caf, 0x1caf, 0x1888,
    0x1888, 0x1888, 0x1888, 0x1caf, 0x6f1d, 0x6f1d, 0x6f1d, 0x6f1d, 0x6f1d, 0x6f1d, 0x6f1d, 0x6f1d,
    0x6f1d, 0x6f1d, 0x6f1d, 0x6f1d, 0x6f1d, 0x6f1d, 0x6f1d, 0x6f1d, 0x6f1d, 0x6f1d, 0x6f1d, 0x6f1d,
    0x6f1d, 0x6f1d, 0x6f1d, 0x6f1d, 0x7b9f, 0x7b9f, 0x7b9f, 0x7b9f, 0x7b9f, 0x7b9f, 0x7b9f, 0x6f1d,
    0x6f1d, 0x6f1d, 0x6f1d, 0x6f1d, 0x6f1d, 0x6f1d, 0x6f1d, 0x6f1d, 0x6f1d, 0x6f1d, 0x6f1d, 0x6f1d,
    0x6f1d, 0x6f1d, 0x6f1d, 0x6f1d, 0x6f1d, 0x6f1d, 0x6f1d, 0x6f1d, 0x6f1d, 0x6f1d, 0x6f1d, 0x6f1d,
    0x6f1d, 0x6f1d, 0x6f1d, 0x6f1d, 0x6f1d, 0x6f1d, 0x6f1d, 0x6f1d, 0x6f1d, 0x6f1d, 0x6f1d, 0x6f1d,
    0x6f1d, 0x6f1d, 0x6f1d, 0x6f1d, 0x6f1d, 0x6f1d, 0x6f1d, 0x6f1d, 0x6f1d, 0x6f1d, 0x6f1d, 0x6f1d,
    0x6f1d, 0x6f1d, 0x6f1d, 0x6f1d, 0x6f1d, 0x6f1d, 0x6f1d, 0x6f1d, 0x6f1d, 0x6f1d, 0x6f1d, 0x6f1d,
    0x6f1d, 0x6f1d, 0x6f1d, 0x6f1d, 0x6f1d, 0x6f1d, 0x6f1d, 0x6f1d, 0x6f1d, 0x6f1d, 0x6f1d, 0x6f1d,
    0x6f1d, 0x6f1d, 0x6f1d, 0x6f1d, 0x6f1d, 0x6f1d, 0x6f1d, 0x6f1d, 0x6f1d, 0x6f1d, 0x6f1d, 0x6f1d,
    0x6f1d, 0x6f1d, 0x6f1d, 0x6f1d, 0x6f1d, 0x6f1d, 0x6f1d, 0x7b9f, 0x7b9f, 0x7b9f, 0x7b9f, 0x6f1d,
    0x6f1d, 0x6f1d, 0x6f1d, 0x6f1d, 0x6f1d, 0x6f1d, 0x6f1d, 0x6f1d, 0x6f1d, 0x6f1d, 0x6f1d, 0x6f1d,
    0x6f1d, 0x6f1d, 0x6f1d, 0x6f1d, 0x6f1d, 0x6f1d, 0x7b9f, 0x7b9f, 0x7b9f, 0x7b9f, 0x7b9f, 0x7b9f,
    0x7b9f, 0x7b9f, 0x7b9f, 0x7b9f, 0x7b9f, 0x7b9f, 0x7b9f, 0x7b9f, 0x7b9f, 0x7b9f, 0x7b9f, 0x7b9f,
    0x7b9f, 0x7b9f, 0x7b9f, 0x7b9f, 0x7b9f, 0x7b9f, 0x7b9f, 0x7b9f, 0x7b9f, 0x7b9f, 0x7b9f, 0x7b9f,
    0x7b9f, 0x6f1d, 0x6f1d, 0x6f1d, 0x6f1d, 0x6f1d, 0x6f1d, 0x6f1d, 0x6f1d, 0x6f1d, 0x6f1d, 0x6f1d,
    0x6f1d, 0x6f1d, 0x6f1d, 0x6f1d, 0x6f1d, 0x6f1d, 0x6f1d, 0x6f1d, 0x6f1d, 0x6f1d, 0x6f1d, 0x6f1d,
    0x6f1d, 0x6f1d, 0x6f1d, 0x6f1d, 0x6f1d, 0x6f1d, 0x6f1d, 0x6f1d, 0x6f1d, 0x6f1d, 0x6f1d, 0x6f1d,
    0x6f1d, 0x6f1d, 0x6f1d, 0x6f1d, 0x6f1d, 0x6f1d, 0x6f1d, 0x6f1d, 0x6f1d, 0x6f1d, 0x6f1d, 0x6f1d,
    0x6f1d, 0x6f1d, 0x6f1d, 0x6f1d, 0x6f1d, 0x6f1d, 0x6f1d, 0x1caf, 0x1caf, 0x1caf, 0x1caf, 0x1caf,
    0x1caf, 0x1caf, 0x1888, 0x1888, 0x1888, 0x1caf, 0x6f1d, 0x6f1d, 0x6f1d, 0x6f1d, 0x6f1d, 0x6f1d,
    0x6f1d, 0x6f1d, 0x6f1d, 0x6f1d, 0x6f1d, 0x6f1d, 0x6f1d, 0x6f1d, 0x6f1d, 0x6f1d, 0x6f1d, 0x6f1d,
    0x6f1d, 0x6f1d, 0x7b9f, 0x7b9f, 0x7b9f, 0x7b9f, 0x7b9f, 0x7b9f, 0x7b9f, 0x7b9f, 0x6f1d, 0x6f1d,
    0x6f1d, 0x6f1d, 0x6f1d, 0x6f1d, 0x6f1d, 0x6f1d, 0x6f1d, 0x6f1d, 0x6f1d, 0x6f1d, 0x6f1d, 0x6f1d,
    0x6f1d, 0x6f1d, 0x6f1d, 0x6f1d, 0x6f1d, 0x6f1d, 0x6f1d, 0x6f1d, 0x6f1d, 0x6f1d, 0x6f1d, 0x6f1d,
    0x6f1d, 0x6f1d, 0x6f1d, 0x6f1d, 0x6f1d, 0x6f1d, 0x6f1d, 0x6f1d, 0x6f1d, 0x6f1d, 0x6f1d, 0x6f1d,
    0x6f1d, 0x6f1d, 0x6f1d, 0x7b9f, 0x7b9f, 0x7b9f, 0x6f1d, 0x6f1d, 0x6f1d, 0x6f1d, 0x6f1d, 0x6f1d,
    0x6f1d, 0x6f1d, 0x6f1d, 0x6f1d, 0x6f1d, 0x6f1d, 0x6f1d, 0x6f1d, 0x6f1d, 0x6f1d, 0x6f1d, 0x6f1d,
    0x6f1d, 0x6f1d, 0x6f1d, 0x6f1d, 0x6f1d, 0x6f1d, 0x6f1d, 0x6f1d, 0x6f1d, 0x6f1d, 0x6f1d, 0x6f1d,
    0x6f1d, 0x6f1d, 0x6f1d, 0x6f1d, 0x6f1d, 0x6f1d, 0x6f1d, 0x6f1d, 0x6f1d, 0x6f1d, 0x6f1d, 0x6f1d,
    0x6f1d, 0x6f1d, 0x6f1d, 0x6f1d, 0x6f1d, 0x6f1d, 0x7b9f, 0x7b9f, 0x7b9f, 0x7b9f, 0x6f1d, 0x6f1d,
    0x6f1d, 0x6f1d, 0x6f1d, 0x6f1d, 0x6f1d, 0x6f1d, 0x6f1d, 0x6f1d, 0x6f1d, 0x6f1d, 0x6f1d, 0x6f1d,
    0x6f1d, 0x6f1d, 0x6f1d, 0x6f1d, 0x7b9f, 0x7b9f, 0x7b9f, 0x7b9f, 0x7b9f, 0x7b9f, 0x7b9f, 0x7b9f,
    0x7b9f, 0x7b9f, 0x7b9f, 0x7b9f, 0x7b9f, 0x7b9f, 0x7b9f, 0x7b9f, 0x7b9f, 0x7b9f, 0x7b9f, 0x7b9f,
    0x7b9f, 0x7b9f, 0x7b9f, 0x7b9f, 0x7b9f, 0x7b9f, 0x7b9f, 0x7b9f, 0x7b9f, 0x7b9f, 0x7b9f, 0x7b9f,
    0x7b9f, 0x6f1d, 0x6f1d, 0x6f1d, 0x6f1d, 0x6f1d, 0x6f1d, 0x6f1d, 0x6f1d, 0x6f1d, 0x6f1d, 0x6f1d,
    0x6f1d, 0x6f1d, 0x6f1d, 0x6f1d, 0x6f1d, 0x6f1d, 0x6f1d, 0x6f1d, 0x6f1d, 0x6f1d, 0x6f1d, 0x6f1d,
    0x6f1d, 0x6f1d, 0x6f1d, 0x6f1d, 0x6f1d, 0x6f1d, 0x6f1d, 0x6f1d, 0x6f1d, 0x6f1d, 0x6f1d, 0x6f1d,
    0x6f1d, 0x6f1d, 0x6f1d, 0x6f1d, 0x6f1d, 0x6f1d, 0x6f1d, 0x6f1d, 0x6f1d, 0x6f1d, 0x6f1d, 0x6f1d,
    0x6f1d, 0x6f1d, 0x6f1d, 0x6f1d, 0x6f1d, 0x6f1d, 0x6f1d, 0x6f1d, 0x1caf, 0x1caf, 0x1caf, 0x1caf,
    0x1caf, 0x1caf, 0x1caf, 0x1888, 0x1888, 0x1888, 0x1caf, 0x6f1d, 0x6f1d, 0x6f1d, 0x6f1d, 0x6f1d,
    0x6f1d, 0x6f1d, 0x6f1d, 0x6f1d, 0x6f1d, 0x6f1d, 0x6f1d, 0x6f1d, 0x6f1d, 0x6f1d, 0x6f1d, 0x6f1d,
    0x7b9f, 0x7b9f, 0x7b9f, 0x7b9f, 0x7b9f, 0x7b9f, 0x7b9f, 0x7b9f, 0x7b9f, 0x7b9f, 0x6f1d, 0x6f1d,
    0x6f1d, 0x6f1d, 0x6f1d, 0x6f1d, 0x6f1d, 0x6f1d, 0x6f1d, 0x6f1d, 0x6f1d, 0x6f1d, 0x6f1d, 0x6f1d,
    0x6f1d, 0x6f1d, 0x6f1d, 0x6f1d, 0x6f1d, 0x6f1d, 0x6f1d, 0x6f1d, 0x6f1d, 0x6f1d, 0x6f1d, 0x6f1d,
    0x6f1d, 0x6f1d, 0x6f1d, 0x6f1d, 0x6f1d, 0x6f1d, 0x6f1d, 0x6f1d, 0x6f1d, 0x6f1d, 0x6f1d, 0x6f1d,
    0x6f1d, 0x7b9f, 0x7b9f, 0x7b9f, 0x7b9f, 0x7b9f, 0x6f1d, 0x6f1d, 0x6f1d, 0x6f1d, 0x6f1d, 0x6f1d,
    0x6f1d, 0x6f1d, 0x6f1d, 0x6f1d, 0x6f1d, 0x6f1d, 0x6f1d, 0x6f1d, 0x6f1d, 0x6f1d, 0x6f1d, 0x6f1d,
    0x6f1d, 0x6f1d, 0x6f1d, 0x6f1d, 0x6f1d, 0x6f1d, 0x6f1d, 0x6f1d, 0x6f1d, 0x6f1d, 0x6f1d, 0x6f1d,
    0x6f1d, 0x6f1d, 0x6f1d, 0x6f1d, 0x6f1d, 0x6f1d, 0x6f1d, 0x6f1d, 0x6f1d, 0x6f1d, 0x6f1d, 0x6f1d,
    0x6f1d, 0x6f1d, 0x6f1d, 0x6f1d, 0x6f1d, 0x6f1d, 0x7b9f, 0x7b9f, 0x7b9f, 0x7b9f, 0x7b9f, 0x7b9f,
    0x6f1d, 0x6f1d, 0x6f1d, 0x6f1d, 0x6f1d, 0x6f1d, 0x6f1d, 0x6f1d, 0x6f1d, 0x6f1d, 0x6f1d, 0x6f1d,
    0x6f1d, 0x6f1d, 0x6f1d, 0x6f1d, 0x7b9f, 0x7b9f, 0x7b9f, 0x7b9f, 0x7b9f, 0x7b9f, 0x7b9f, 0x7b9f,
    0x7b9f, 0x7b9f, 0x7b9f, 0x7b9f, 0x7b9f, 0x7b9f, 0x7b9f, 0x7b9f, 0x7b9f, 0x7b9f, 0x7b9f, 0x7b9f,
    0x7b9f, 0x7b9f, 0x7b9f, 0x7b9f, 0x7b9f, 0x7b9f, 0x7b9f, 0x7b9f, 0x7b9f, 0x7b9f, 0x7b9f, 0x7b9f,
    0x7b9f, 0x7b9f, 0x7b9f, 0x7b9f, 0x6f1d, 0x6f1d, 0x6f1d, 0x6f1d, 0x6f1d, 0x6f1d, 0x6f1d, 0x6f1d,
    0x6f1d, 0x6f1d, 0x6f1d, 0x6f1d, 0x6f1d, 0x6f1d, 0x6f1d, 0x6f1d, 0x6f1d, 0x6f1d, 0x6f1d, 0x6f1d,
    0x6f1d, 0x6f1d, 0x6f1d, 0x6f1d, 0x6f1d, 0x6f1d, 0x6f1d, 0x6f1d, 0x6f1d, 0x6f1d, 0x6f1d, 0x6f1d,
    0x6f1d, 0x6f1d, 0x6f1d, 0x6f1d, 0x6f1d, 0x6f1d, 0x6f1d, 0x6f1d, 0x6f1d, 0x6f1d, 0x6f1d, 0x6f1d,
    0x6f1d, 0x6f1d, 0x6f1d, 0x6f1d, 0x6f1d, 0x6f1d, 0x6f1d, 0x1caf, 0x1caf, 0x1caf, 0x1caf, 0x1caf,
    0x1caf, 0x1caf, 0x1caf, 0x1888, 0x1caf, 0x6f1d, 0x6f1d, 0x6f1d, 0x6f1d, 0x6f1d, 0x7b9f, 0x7b9f,
    0x7b9f, 0x7b9f, 0x7b9f, 0x6f1d, 0x6f1d, 0x6f1d, 0x6f1d, 0x6f1d, 0x6f1d, 0x6f1d, 0x6f1d, 0x6f1d,
    0x6f1d, 0x7b9f, 0x7b9f, 0x7b9f, 0x7b9f, 0x7b9f, 0x7b9f, 0x7b9f, 0x7b9f, 0x7b9f, 0x7b9f, 0x7b9f,
    0x6f1d, 0x6f1d, 0x6f1d, 0x6f1d, 0x6f1d, 0x6f1d, 0x6f1d, 0x6f1d, 0x6f1d, 0x6f1d, 0x6f1d, 0x6f1d,
    0x6f1d, 0x6f1d, 0x6f1d, 0x6f1d, 0x6f1d, 0x6f1d, 0x6f1d, 0x6f1d, 0x6f1d, 0x6f1d, 0x6f1d, 0x6f1d,
    0x6f1d, 0x6f1d, 0x6f1d, 0x6f1d, 0x6f1d, 0x6f1d, 0x6f1d, 0x6f1d, 0x6f1d, 0x6f1d, 0x6f1d, 0x6f1d,
    0x7b9f, 0x7b9f, 0x7b9f, 0x7b9f, 0x7b9f, 0x7b9f, 0x7b9f, 0x7b9f, 0x6f1d, 0x6f1d, 0x6f1d, 0x6f1d,
    0x6f1d, 0x6f1d, 0x6f1d, 0x6f1d, 0x6f1d, 0x6f1d, 0x6f1d, 0x6f1d, 0x6f1d, 0x6f1d, 0x6f1d, 0x6f1d,
    0x6f1d, 0x6f1d, 0x6f1d, 0x6f1d, 0x6f1d, 0x6f1d, 0x6f1d, 0x6f1d, 0x6f1d, 0x6f1d, 0x6f1d, 0x6f1d,
    0x6f1d, 0x6f1d, 0x6f1d, 0x6f1d, 0x6f1d, 0x6f1d, 0x6f1d, 0x6f1d, 0x6f1d, 0x6f1d, 0x6f1d, 0x6f1d,
    0x7b9f, 0x7b9f, 0x6f1d, 0x6f1d, 0x6f1d, 0x6f1d, 0x6f1d, 0x7b9f, 0x6f1d, 0x7b9f, 0x7b9f, 0x7b9f,
    0x7b9f, 0x7b9f, 0x7b9f, 0x7b9f, 0x7b9f, 0x6f1d, 0x6f1d, 0x6f1d, 0x6f1d, 0x6f1d, 0x6f1d, 0x6f1d,
    0x6f1d, 0x6f1d, 0x6f1d, 0x6f1d, 0x6f1d, 0x6f1d, 0x7b9f, 0x7b9f, 0x7b9f, 0x7b9f, 0x7b9f, 0x7b9f,
    0x7b9f, 0x7b9f, 0x7b9f, 0x7b9f, 0x7b9f, 0x7b9f, 0x7b9f, 0x7b9f, 0x7b9f, 0x7b9f, 0x7b9f, 0x7b9f,
    0x7b9f, 0x7b9f, 0x7b9f, 0x7b9f, 0x7b9f, 0x7b9f, 0x7b9f, 0x7b9f, 0x7b9f, 0x7b9f, 0x7b9f, 0x7b9f,
    0x7b9f, 0x7b9f, 0x7b9f, 0x7b9f, 0x7b9f, 0x7b9f, 0x7b9f, 0x7b9f, 0x7b9f, 0x6f1d, 0x6f1d, 0x6f1d,
    0x6f1d, 0x6f1d, 0x6f1d, 0x6f1d, 0x6f1d, 0x6f1d, 0x6f1d, 0x6f1d, 0x6f1d, 0x6f1d, 0x6f1d, 0x6f1d,
    0x6f1d, 0x6f1d, 0x6f1d, 0x6f1d, 0x6f1d, 0x6f1d, 0x6f1d, 0x6f1d, 0x6f1d, 0x6f1d, 0x6f1d, 0x6f1d,
    0x6f1d, 0x6f1d, 0x6f1d, 0x6f1d, 0x6f1d, 0x6f1d, 0x6f1d, 0x6f1d, 0x6f1d, 0x6f1d, 0x6f1d, 0x6f1d,
    0x6f1d, 0x6f1d, 0x6f1d, 0x6f1d, 0x1caf, 0x1caf, 0x1caf, 0x1caf, 0x1caf, 0x1caf, 0x1caf, 0x1888,
    0x1caf, 0x6f1d, 0x6f1d, 0x6f1d, 0x6f1d, 0x6f1d, 0x6f1d, 0x6f1d, 0x6f1d, 0x6f1d, 0x6f1d, 0x6f1d,
    0x6f1d, 0x7b9f, 0x7b9f, 0x7b9f, 0x7b9f, 0x7b9f, 0x7b9f, 0x6f1d, 0x6f1d, 0x6f1d, 0x6f1d, 0x6f1d,
    0x6f1d, 0x6f1d, 0x6f1d, 0x6f1d, 0x7b9f, 0x7b9f, 0x7b9f, 0x7b9f, 0x7b9f, 0x7b9f, 0x7b9f, 0x7b9f,
    0x7b9f, 0x7b9f, 0x7b9f, 0x7b9f, 0x6f1d, 0x6f1d, 0x6f1d, 0x6f1d, 0x6f1d, 0x6f1d, 0x6f1d, 0x6f1d,
    0x6f1d, 0x6f1d, 0x6f1d, 0x6f1d, 0x6f1d, 0x6f1d, 0x6f1d, 0x6f1d, 0x6f1d, 0x6f1d, 0x6f1d, 0x6f1d,
    0x6f1d, 0x6f1d, 0x6f1d, 0x6f1d, 0x6f1d, 0x6f1d, 0x6f1d, 0x6f1d, 0x6f1d, 0x6f1d, 0x6f1d, 0x6f1d,
    0x6f1d, 0x7b9f, 0x7b9f, 0x7b9f, 0x7b9f, 0x7b9f, 0x7b9f, 0x7b9f, 0x7b9f, 0x7b9f, 0x7b9f, 0x7b9f,
    0x7b9f, 0x7b9f, 0x6f1d, 0x6f1d, 0x6f1d, 0x6f1d, 0x6f1d, 0x6f1d, 0x6f1d, 0x6f1d, 0x6f1d, 0x6f1d,
    0x6f1d, 0x6f1d, 0x6f1d, 0x6f1d, 0x6f1d, 0x6f1d, 0x6f1d, 0x6f1d, 0x6f1d, 0x6f1d, 0x6f1d, 0x6f1d,
    0x6f1d, 0x6f1d, 0x6f1d, 0x6f1d, 0x6f1d, 0x6f1d, 0x6f1d, 0x6f1d, 0x6f1d, 0x6f1d, 0x6f1d, 0x6f1d,
    0x7b9f, 0x7b9f, 0x7b9f, 0x6f1d, 0x6f1d, 0x6f1d, 0x7b9f, 0x7b9f, 0x7b9f, 0x7b9f, 0x7b9f, 0x7b9f,
    0x7b9f, 0x7b9f, 0x7b9f, 0x7b9f, 0x7b9f, 0x7b9f, 0x6f1d, 0x6f1d, 0x6f1d, 0x6f1d, 0x6f1d, 0x6f1d,
    0x6f1d, 0x6f1d, 0x6f1d, 0x6f1d, 0x6f1d, 0x7b9f, 0x7b9f, 0x7b9f, 0x7b9f, 0x7b9f, 0x7b9f, 0x7b9f,
    0x7b9f, 0x7b9f, 0x7b9f, 0x7b9f, 0x7b9f, 0x7b9f, 0x7b9f, 0x7b9f, 0x7b9f, 0x7b9f, 0x7b9f, 0x7b9f,
    0x7b9f, 0x7b9f, 0x7b9f, 0x7b9f, 0x7b9f, 0x7b9f, 0x7b9f, 0x7b9f, 0x7b9f, 0x7b9f, 0x7b9f, 0x7b9f,
    0x7b9f, 0x7b9f, 0x7b9f, 0x7b9f, 0x7b9f, 0x7b9f, 0x7b9f, 0x7b9f, 0x7b9f, 0x7b9f, 0x7b9f, 0x6f1d,
    0x6f1d, 0x6f1d, 0x6f1d, 0x6f1d, 0x6f1d, 0x6f1d, 0x6f1d, 0x6f1d, 0x6f1d, 0x6f1d, 0x6f1d, 0x6f1d,
    0x6f1d, 0x6f1d, 0x6f1d, 0x6f1d, 0x6f1d, 0x6f1d, 0x6f1d, 0x6f1d, 0x6f1d, 0x6f1d, 0x6f1d, 0x6f1d,
    0x6f1d, 0x6f1d, 0x6f1d, 0x6f1d, 0x6f1d, 0x6f1d, 0x6f1d, 0x6f1d, 0x6f1d, 0x6f1d, 0x6f1d, 0x6f1d,
    0x6f1d, 0x6f1d, 0x6f1d, 0x6f1d, 0x1caf, 0x1caf, 0x1caf, 0x1caf, 0x1caf, 0x1caf, 0x1caf, 0x1caf,
    0x1caf, 0x6f1d, 0x6f1d, 0x6f1d, 0x6f1d, 0x6f1d, 0x6f1d, 0x6f1d, 0x6f1d, 0x6f1d, 0x6f1d, 0x6f1d,
    0x7b9f, 0x7b9f, 0x7b9f, 0x7b9f, 0x7b9f, 0x7b9f, 0x7b9f, 0x7b9f, 0x6f1d, 0x6f1d, 0x6f1d, 0x6f1d,
    0x6f1d, 0x6f1d, 0x6f1d, 0x7b9f, 0x7b9f, 0x7b9f, 0x7b9f, 0x7b9f, 0x7b9f, 0x7b9f, 0x7b9f, 0x7b9f,
    0x7b9f, 0x7b9f, 0x7b9f, 0x7b9f, 0x7b9f, 0x6f1d, 0x6f1d, 0x6f1d, 0x6f1d, 0x6f1d, 0x6f1d, 0x6f1d,
    0x6f1d, 0x6f1d, 0x6f1d, 0x6f1d, 0x6f1d, 0x6f1d, 0x6f1d, 0x6f1d, 0x6f1d, 0x6f1d, 0x6f1d, 0x6f1d,
    0x6f1d, 0x6f1d, 0x6f1d, 0x6f1d, 0x6f1d, 0x6f1d, 0x6f1d, 0x6f1d, 0x6f1d, 0x6f1d, 0x6f1d, 0x6f1d,
    0x7b9f, 0x7b9f, 0x7b9f, 0x7b9f, 0x7b9f, 0x7b9f, 0x7b9f, 0x7b9f, 0x7b9f, 0x7b9f, 0x7b9f, 0x7b9f,
    0x7b9f, 0x7fff, 0x7fff, 0x6f1d, 0x6f1d, 0x6f1d, 0x6f1d, 0x6f1d, 0x6f1d, 0x6f1d, 0x6f1d, 0x6f1d,
    0x6f1d, 0x6f1d, 0x6f1d, 0x6f1d, 0x6f1d, 0x6f1d, 0x6f1d, 0x6f1d, 0x6f1d, 0x6f1d, 0x6f1d, 0x6f1d,
    0x6f1d, 0x6f1d, 0x6f1d, 0x6f1d, 0x6f1d, 0x6f1d, 0x6f1d, 0x6f1d, 0x6f1d, 0x6f1d, 0x6f1d, 0x6f1d,
    0x7b9f, 0x7b9f, 0x7b9f, 0x7b9f, 0x7b9f, 0x7fff, 0x7fff, 0x7fff, 0x7b9f, 0x7b9f, 0x7b9f, 0x7b9f,
    0x7b9f, 0x6f1d, 0x6f1d, 0x6f1d, 0x6f1d, 0x6f1d, 0x6f1d, 0x6f1d, 0x6f1d, 0x6f1d, 0x6f1d, 0x7b9f,
    0x7b9f, 0x7b9f, 0x7b9f, 0x7b9f, 0x7b9f, 0x7b9f, 0x7b9f, 0x7b9f, 0x7b9f, 0x7b9f, 0x7b9f, 0x7b9f,
    0x7b9f, 0x7b9f, 0x7b9f, 0x7b9f, 0x7b9f, 0x7b9f, 0x7b9f, 0x7b9f, 0x7b9f, 0x7b9f, 0x7b9f, 0x7b9f,
    0x7b9f, 0x7b9f, 0x7b9f, 0x7b9f, 0x7b9f, 0x7b9f, 0x7b9f, 0x7b9f, 0x7b9f, 0x7b9f, 0x7b9f, 0x7b9f,
    0x7b9f, 0x7b9f, 0x7b9f, 0x7b9f, 0x7b9f, 0x7b9f, 0x6f1d, 0x6f1d, 0x6f1d, 0x6f1d, 0x6f1d, 0x6f1d,
    0x6f1d, 0x6f1d, 0x6f1d, 0x6f1d, 0x6f1d, 0x6f1d, 0x6f1d, 0x6f1d, 0x6f1d, 0x6f1d, 0x6f1d, 0x6f1d,
    0x6f1d, 0x6f1d, 0x6f1d, 0x6f1d, 0x6f1d, 0x6f1d, 0x6f1d, 0x6f1d, 0x6f1d, 0x6f1d, 0x6f1d, 0x6f1d,
    0x6f1d, 0x6f1d, 0x6f1d, 0x6f1d, 0x6f1d, 0x6f1d, 0x6f1d, 0x6f1d, 0x6f1d, 0x6f1d, 0x6f1d, 0x6f1d,
    0x6f1d, 0x6f1d, 0x6f1d, 0x6f1d, 0x6f1d, 0x6f1d, 0x6f1d, 0x6f1d, 0x6f1d, 0x6f1d, 0x6f1d, 0x1caf,
    0x1caf, 0x1caf, 0x1888, 0x1888, 0x1888, 0x1888, 0x1caf, 0x7b9f, 0x7b9f, 0x7b9f, 0x7b9f, 0x7b9f,
    0x7b9f, 0x7b9f, 0x6f1d, 0x6f1d, 0x6f1d, 0x6f1d, 0x6f1d, 0x6f1d, 0x6f1d, 0x7b9f, 0x7b9f, 0x7b9f,
    0x7b9f, 0x7b9f, 0x7b9f, 0x7b9f, 0x7b9f, 0x7b9f, 0x7b9f, 0x7b9f, 0x7b9f, 0x7b9f, 0x7b9f, 0x7b9f,
    0x6f1d, 0x6f1d, 0x6f1d, 0x6f1d, 0x6f1d, 0x6f1d, 0x6f1d, 0x6f1d, 0x6f1d, 0x6f1d, 0x6f1d, 0x6f1d,
    0x6f1d, 0x6f1d, 0x6f1d, 0x6f1d, 0x6f1d, 0x6f1d, 0x6f1d, 0x6f1d, 0x6f1d, 0x6f1d, 0x6f1d, 0x6f1d,
    0x6f1d, 0x6f1d, 0x6f1d, 0x7bbf, 0x7b9f, 0x7b9f, 0x7b9f, 0x7b9f, 0x7b9f, 0x7b9f, 0x7b9f, 0x7b9f,
    0x7b9f, 0x7b9f, 0x7b9f, 0x7b9f, 0x7b9f, 0x7b9f, 0x7fff, 0x7fff, 0x7fff, 0x7fff, 0x6f1d, 0x6f1d,
    0x6f1d, 0x6f1d, 0x6f1d, 0x6f1d, 0x6f1d, 0x6f1d, 0x6f1d, 0x6f1d, 0x6f1d, 0x6f1d, 0x6f1d, 0x6f1d,
    0x6f1d, 0x6f1d, 0x6f1d, 0x6f1d, 0x6f1d, 0x6f1d, 0x6f1d, 0x6f1d, 0x6f1d, 0x6f1d, 0x6f1d, 0x6f1d,
    0x6f1d, 0x6f1d, 0x6f1d, 0x6f1d, 0x6f1d, 0x6f1d, 0x6f1d, 0x6f1d, 0x6f1d, 0x6f1d, 0x6f1d, 0x6f1d,
    0x7b9f, 0x7b9f, 0x7b9f, 0x7b9f, 0x7b9f, 0x7b9f, 0x7b9f, 0x7b9f, 0x7b9f, 0x7b9f, 0x7b9f, 0x7b9f,
    0x7b9f, 0x7bbf, 0x7bbf, 0x7bbf, 0x7bbf, 0x7b9f, 0x7b9f, 0x7b9f, 0x7b9f, 0x7b9f, 0x6f1d, 0x6f1d,
    0x6f1d, 0x6f1d, 0x6f1d, 0x6f1d, 0x6f1d, 0x6f1d, 0x7b9f, 0x7b9f, 0x7b9f, 0x7b9f, 0x7b9f, 0x7b9f,
    0x7b9f, 0x7b9f, 0x7b9f, 0x7b9f, 0x7b9f, 0x7b9f, 0x7b9f, 0x7b9f, 0x7b9f, 0x7b9f, 0x7b9f, 0x7b9f,
    0x7b9f, 0x7b9f, 0x7b9f, 0x7b9f, 0x7b9f, 0x7b9f, 0x7b9f, 0x7b9f, 0x7b9f, 0x7b9f, 0x7b9f, 0x7b9f,
    0x7b9f, 0x7b9f, 0x7b9f, 0x7b9f, 0x7b9f, 0x7b9f, 0x7b9f, 0x7b9f, 0x7b9f, 0x7b9f, 0x7b9f, 0x7b9f,
    0x7b9f, 0x7b9f, 0x7b9f, 0x6f1d, 0x6f1d, 0x6f1d, 0x6f1d, 0x6f1d, 0x6f1d, 0x6f1d, 0x6f1d, 0x6f1d,
    0x6f1d, 0x6f1d, 0x6f1d, 0x6f1d, 0x6f1d, 0x6f1d, 0x6f1d, 0x6f1d, 0x6f1d, 0x6f1d, 0x6f1d, 0x6f1d,
    0x6f1d, 0x6f1d, 0x6f1d, 0x6f1d, 0x6f1d, 0x6f1d, 0x6f1d, 0x6f1d, 0x6f1d, 0x6f1d, 0x6f1d, 0x6f1d,
    0x6f1d, 0x6f1d, 0x6f1d, 0x6f1d, 0x1caf, 0x1888, 0x1888, 0x1888, 0x1888, 0x1888, 0x6f1d, 0x6f1d,
    0x6f1d, 0x6f1d, 0x6f1d, 0x6f1d, 0x6f1d, 0x6f1d, 0x6f1d, 0x6f1d, 0x6f1d, 0x6f1d, 0x6f1d, 0x6f1d,
    0x7b9f, 0x7b9f, 0x7b9f, 0x7b9f, 0x7b9f, 0x7b9f, 0x7b9f, 0x7b9f, 0x7b9f, 0x7b9f, 0x6f1d, 0x6f1d,
    0x6f1d, 0x6f1d, 0x6f1d, 0x6f1d, 0x7b9f, 0x7b9f, 0x7b9f, 0x7b9f, 0x7b9f, 0x7b9f, 0x7b9f, 0x7b9f,
    0x7b9f, 0x7b9f, 0x7b9f, 0x7b9f, 0x7b9f, 0x7b9f, 0x7b9f, 0x7b9f, 0x7b9f, 0x6f1d, 0x6f1d, 0x6f1d,
    0x6f1d, 0x6f1d, 0x6f1d, 0x6f1d, 0x6f1d, 0x6f1d, 0x6f1d, 0x6f1d, 0x6f1d, 0x6f1d, 0x6f1d, 0x6f1d,
    0x6f1d, 0x6f1d, 0x6f1d, 0x6f1d, 0x6f1d, 0x6f1d, 0x6f1d, 0x6f1d, 0x6f1d, 0x6f1d, 0x7bbf, 0x7bbf,
    0x7bbf, 0x7b9f, 0x7b9f, 0x7b9f, 0x7b9f, 0x7b9f, 0x7b9f, 0x7b9f, 0x7b9f, 0x7b9f, 0x7b9f, 0x7b9f,
    0x7fff, 0x7fff, 0x7fff, 0x7fff, 0x7fff, 0x7fff, 0x7fff, 0x6f1d, 0x6f1d, 0x6f1d, 0x6f1d, 0x6f1d,
    0x6f1d, 0x6f1d, 0x6f1d, 0x6f1d, 0x6f1d, 0x6f1d, 0x6f1d, 0x6f1d, 0x6f1d, 0x6f1d, 0x6f1d, 0x6f1d,
    0x6f1d, 0x6f1d, 0x6f1d, 0x6f1d, 0x6f1d, 0x6f1d, 0x6f1d, 0x6f1d, 0x6f1d, 0x6f1d, 0x6f1d, 0x6f1d,
    0x7b9f, 0x7b9f, 0x7b9f, 0x7b9f, 0x7bbf, 0x7bbf, 0x7bbf, 0x7bbf, 0x7bbf, 0x7bbf, 0x7b9f, 0x7b9f,
    0x7b9f, 0x7b9f, 0x7b9f, 0x6f1d, 0x6f1d, 0x6f1d, 0x6f1d, 0x6f1d, 0x6f1d, 0x7b9f, 0x7b9f, 0x7b9f,
    0x7b9f, 0x7b9f, 0x7b9f, 0x7b9f, 0x7b9f, 0x7b9f, 0x7b9f, 0x7b9f, 0x7b9f, 0x7b9f, 0x7b9f, 0x7b9f,
    0x7b9f, 0x7b9f, 0x7b9f, 0x7b9f, 0x7b9f, 0x7b9f, 0x7b9f, 0x7b9f, 0x7b9f, 0x7b9f, 0x7b9f, 0x7fff,
    0x7fff, 0x7b9f, 0x7b9f, 0x7b9f, 0x7b9f, 0x7b9f, 0x7b9f, 0x7b9f, 0x7b9f, 0x7b9f, 0x7b9f, 0x7b9f,
    0x7b9f, 0x7b9f, 0x7b9f, 0x7b9f, 0x7b9f, 0x7b9f, 0x7b9f, 0x7b9f, 0x6f1d, 0x6f1d, 0x6f1d, 0x6f1d,
    0x6f1d, 0x6f1d, 0x6f1d, 0x6f1d, 0x6f1d, 0x6f1d, 0x6f1d, 0x6f1d, 0x6f1d, 0x6f1d, 0x6f1d, 0x6f1d,
    0x6f1d, 0x6f1d, 0x6f1d, 0x6f1d, 0x6f1d, 0x6f1d, 0x6f1d, 0x6f1d, 0x6f1d, 0x6f1d, 0x6f1d, 0x6f1d,
    0x6f1d, 0x6f1d, 0x6f1d, 0x6f1d, 0x6f1d, 0x6f1d, 0x6f1d, 0x6f1d, 0x7b9f, 0x7b9f, 0x7b9f, 0x7b9f,
    0x7b9f, 0x7b9f, 0x6f1d, 0x6f1d, 0x6f1d, 0x6f1d, 0x6f1d, 0x6f1d, 0x6f1d, 0x6f1d, 0x6f1d, 0x6f1d,
    0x6f1d, 0x1888, 0x1888, 0x1888, 0x1888, 0x1888, 0x1888, 0x7b9f, 0x7b9f, 0x7b9f, 0x7b9f, 0x7b9f,
    0x7b9f, 0x7b9f, 0x7b9f, 0x6f1d, 0x6f1d, 0x6f1d, 0x6f1d, 0x6f1d, 0x7b9f, 0x7b9f, 0x7b9f, 0x7b9f,
    0x7b9f, 0x7b9f, 0x7b9f, 0x7b9f, 0x7b9f, 0x7b9f, 0x7b9f, 0x7b9f, 0x7b9f, 0x7b9f, 0x7b9f, 0x7b9f,
    0x7b9f, 0x7b9f, 0x6f1d, 0x6f1d, 0x6f1d, 0x6f1d, 0x6f1d, 0x6f1d, 0x6f1d, 0x6f1d, 0x6f1d, 0x6f1d,
    0x6f1d, 0x6f1d, 0x6f1d, 0x6f1d, 0x6f1d, 0x6f1d, 0x6f1d, 0x6f1d, 0x6f1d, 0x6f1d, 0x6f1d, 0x6f1d,
    0x7bbf, 0x7bbf, 0x7bbf, 0x7bbf, 0x7bbf, 0x7bbf, 0x7b9f, 0x7b9f, 0x7b9f, 0x7b9f, 0x7b9f, 0x7b9f,
    0x7b9f, 0x7b9f, 0x7b9f, 0x7fff, 0x7fff, 0x7fff, 0x7fff, 0x7fff, 0x7fff, 0x7fff, 0x7fff, 0x7fff,
    0x7fff, 0x6f1d, 0x6f1d, 0x6f1d, 0x6f1d, 0x6f1d, 0x6f1d, 0x6f1d, 0x6f1d, 0x6f1d, 0x6f1d, 0x6f1d,
    0x6f1d, 0x6f1d, 0x6f1d, 0x6f1d, 0x6f1d, 0x6f1d, 0x6f1d, 0x6f1d, 0x6f1d, 0x6f1d, 0x6f1d, 0x6f1d,
    0x6f1d, 0x6f1d, 0x6f1d, 0x6f1d, 0x6f1d, 0x6f1d, 0x6f1d, 0x6f1d, 0x6f1d, 0x6f1d, 0x6f1d, 0x6f1d,
    0x7b9f, 0x7b9f, 0x7b9f, 0x7b9f, 0x7b9f, 0x7b9f, 0x7b9f, 0x7b9f, 0x7b9f, 0x7b9f, 0x7bbf, 0x7bbf,
    0x7bbf, 0x7bbf, 0x7bbf, 0x7bbf, 0x7bbf, 0x7bbf, 0x7b9f, 0x7b9f, 0x7b9f, 0x7b9f, 0x7b9f, 0x7b9f,
    0x6f1d, 0x6f1d, 0x6f1d, 0x7b9f, 0x7b9f, 0x7b9f, 0x7b9f, 0x7b9f, 0x7b9f, 0x7b9f, 0x7b9f, 0x7b9f,
    0x7b9f, 0x7b9f, 0x7b9f, 0x7b9f, 0x7b9f, 0x7b9f, 0x7b9f, 0x7b9f, 0x7b9f, 0x7b9f, 0x7b9f, 0x7b9f,
    0x7b9f, 0x7b9f, 0x7b9f, 0x7b9f, 0x7fff, 0x7fff, 0x7fff, 0x7fff, 0x7fff, 0x7b9f, 0x7b9f, 0x7b9f,
    0x7b9f, 0x7b9f, 0x7b9f, 0x7b9f, 0x7b9f, 0x7b9f, 0x7b9f, 0x7b9f, 0x7b9f, 0x7b9f, 0x7b9f, 0x7b9f,
    0x7b9f, 0x7b9f, 0x7b9f, 0x7b9f, 0x6f1d, 0x6f1d, 0x6f1d, 0x6f1d, 0x6f1d, 0x6f1d, 0x6f1d, 0x6f1d,
    0x6f1d, 0x6f1d, 0x6f1d, 0x6f1d, 0x6f1d, 0x6f1d, 0x6f1d, 0x6f1d, 0x6f1d, 0x6f1d, 0x6f1d, 0x6f1d,
    0x6f1d, 0x6f1d, 0x6f1d, 0x6f1d, 0x6f1d, 0x6f1d, 0x6f1d, 0x6f1d, 0x6f1d, 0x6f1d, 0x6f1d, 0x6f1d,
    0x6f1d, 0x6f1d, 0x7b9f, 0x7b9f, 0x7b9f, 0x7b9f, 0x1888, 0x1888, 0x1888, 0x1888, 0x1888, 0x1888,
    0x6f1d, 0x6f1d, 0x6f1d, 0x6f1d, 0x7b9f, 0x6f1d, 0x6f1d, 0x6f1d, 0x6f1d, 0x7b9f, 0x7b9f, 0x7b9f,
    0x7b9f, 0x7b9f, 0x7b9f, 0x7b9f, 0x7b9f, 0x7b9f, 0x7b9f, 0x7b9f, 0x7b9f, 0x7b9f, 0x7b9f, 0x7b9f,
    0x6f1d, 0x7b9f, 0x7b9f, 0x7b9f, 0x7b9f, 0x7b9f, 0x7b9f, 0x7b9f, 0x7b9f, 0x7b9f, 0x7b9f, 0x7b9f,
    0x7b9f, 0x7b9f, 0x7b9f, 0x7b9f, 0x7b9f, 0x7b9f, 0x7b9f, 0x7b9f, 0x7b9f, 0x7b9f, 0x7b9f, 0x6f1d,
    0x6f1d, 0x6f1d, 0x6f1d, 0x6f1d, 0x6f1d, 0x6f1d, 0x6f1d, 0x6f1d, 0x6f1d, 0x6f1d, 0x6f1d, 0x6f1d,
    0x6f1d, 0x6f1d, 0x6f1d, 0x6f1d, 0x6f1d, 0x7bbf, 0x7bbf, 0x7bbf, 0x7bbf, 0x7bbf, 0x7bbf, 0x7bbf,
    0x7bbf, 0x7bbf, 0x7b9f, 0x7b9f, 0x7b9f, 0x7b9f, 0x7b9f, 0x7b9f, 0x7fff, 0x7fff, 0x7fff, 0x7fff,
    0x7fff, 0x7fff, 0x7fff, 0x7fff, 0x7fff, 0x7fff, 0x7fff, 0x7fff, 0x7fff, 0x6f1d, 0x6f1d, 0x6f1d,
    0x6f1d, 0x6f1d, 0x6f1d, 0x6f1d, 0x6f1d, 0x6f1d, 0x6f1d, 0x6f1d, 0x6f1d, 0x6f1d, 0x6f1d, 0x6f1d,
    0x6f1d, 0x6f1d, 0x6f1d, 0x6f1d, 0x6f1d, 0x6f1d, 0x6f1d, 0x6f1d, 0x6f1d, 0x6f1d, 0x6f1d, 0x6f1d,
    0x7b9f, 0x7b9f, 0x7b9f, 0x7b9f, 0x7b9f, 0x7b9f, 0x7b9f, 0x7b9f, 0x7bbf, 0x7bbf, 0x7bbf, 0x7bbf,
    0x7bbf, 0x7bbf, 0x7bbf, 0x7bbf, 0x7bbf, 0x7b9f, 0x7b9f, 0x7b9f, 0x7b9f, 0x7b9f, 0x6f1d, 0x6f1d,
    0x6f1d, 0x7b9f, 0x7b9f, 0x7b9f, 0x7b9f, 0x7b9f, 0x7b9f, 0x7b9f, 0x7b9f, 0x7b9f, 0x7b9f, 0x7b9f,
    0x7b9f, 0x7b9f, 0x7b9f, 0x7b9f, 0x7b9f, 0x7b9f, 0x7b9f, 0x7b9f, 0x7b9f, 0x7b9f, 0x7b9f, 0x7b9f,
    0x7b9f, 0x7fff, 0x7fff, 0x7fff, 0x7fff, 0x7fff, 0x7fff, 0x7fff, 0x7b9f, 0x7b9f, 0x7b9f, 0x7b9f,
    0x7b9f, 0x7b9f, 0x7b9f, 0x7b9f, 0x7b9f, 0x7b9f, 0x7b9f, 0x7b9f, 0x7b9f, 0x7b9f, 0x7b9f, 0x7b9f,
    0x7b9f, 0x7b9f, 0x7b9f, 0x6f1d, 0x6f1d, 0x6f1d, 0x6f1d, 0x6f1d, 0x6f1d, 0x6f1d, 0x6f1d, 0x6f1d,
    0x6f1d, 0x6f1d, 0x6f1d, 0x6f1d, 0x6f1d, 0x6f1d, 0x6f1d, 0x6f1d, 0x6f1d, 0x6f1d, 0x6f1d, 0x6f1d,
    0x6f1d, 0x6f1d, 0x6f1d, 0x6f1d, 0x6f1d, 0x6f1d, 0x6f1d, 0x6f1d, 0x6f1d, 0x6f1d, 0x7b9f, 0x7b9f,
    0x7b9f, 0x7b9f, 0x7b9f, 0x7b9f, 0x7b9f, 0x7b9f, 0x7b9f, 0x7b9f, 0x1888, 0x1888, 0x1888, 0x1888,
    0x1888, 0x1888, 0x7b9f, 0x7b9f, 0x7b9f, 0x6f1d, 0x7b9f, 0x7b9f, 0x7b9f, 0x7b9f, 0x7b9f, 0x7b9f,
    0x7b9f, 0x7b9f, 0x7b9f, 0x7b9f, 0x7b9f, 0x7b9f, 0x7b9f, 0x7b9f, 0x7b9f, 0x7b9f, 0x7b9f, 0x7b9f,
    0x7b9f, 0x7b9f, 0x7b9f, 0x7b9f, 0x7b9f, 0x7b9f, 0x7b9f, 0x7b9f, 0x7b9f, 0x7b9f, 0x7b9f, 0x7b9f,
    0x7b9f, 0x7b9f, 0x7b9f, 0x7b9f, 0x7b9f, 0x7b9f, 0x7b9f, 0x7b9f, 0x7b9f, 0x7b9f, 0x7b9f, 0x6f1d,
    0x6f1d, 0x6f1d, 0x6f1d, 0x6f1d, 0x6f1d, 0x6f1d, 0x6f1d, 0x6f1d, 0x6f1d, 0x6f1d, 0x6f1d, 0x6f1d,
    0x6f1d, 0x6f1d, 0x7bbf, 0x7bbf, 0x7bbf, 0x7bbf, 0x7bbf, 0x7bbf, 0x7bbf, 0x7bbf, 0x7bbf, 0x7bbf,
    0x7bbf, 0x7b9f, 0x7b9f, 0x7b9f, 0x7b9f, 0x7bbf, 0x7bbf, 0x7fff, 0x7fff, 0x7fff, 0x7fff, 0x7fff,
    0x7fff, 0x7fff, 0x7fff, 0x7fff, 0x7fff, 0x7fff, 0x7fff, 0x7fff, 0x6f1d, 0x6f1d, 0x6f1d, 0x6f1d,
    0x6f1d, 0x6f1d, 0x6f1d, 0x6f1d, 0x6f1d, 0x6f1d, 0x6f1d, 0x6f1d, 0x6f1d, 0x6f1d, 0x6f1d, 0x6f1d,
    0x6f1d, 0x6f1d, 0x6f1d, 0x6f1d, 0x6f1d, 0x6f1d, 0x6f1d, 0x6f1d, 0x6f1d, 0x6f1d, 0x6f1d, 0x6f1d,
    0x7b9f, 0x7bbf, 0x7bbf, 0x7bbf, 0x7bbf, 0x7bbf, 0x7bbf, 0x7bbf, 0x7bbf, 0x7bbf, 0x7bbf, 0x7bbf,
    0x7b9f, 0x7b9f, 0x7b9f, 0x7b9f, 0x7b9f, 0x6f1d, 0x7b9f, 0x7b9f, 0x7b9f, 0x7b9f, 0x7b9f, 0x7b9f,
    0x7b9f, 0x7b9f, 0x7b9f, 0x7b9f, 0x7b9f, 0x7b9f, 0x7b9f, 0x7b9f, 0x7b9f, 0x7b9f, 0x7b9f, 0x7b9f,
    0x7b9f, 0x7b9f, 0x7b9f, 0x7b9f, 0x7b9f, 0x7b9f, 0x7fff, 0x7fff, 0x7fff, 0x7fff, 0x7fff, 0x7fff,
    0x7fff, 0x7fff, 0x7fff, 0x7b9f, 0x7b9f, 0x7b9f, 0x7b9f, 0x7b9f, 0x7b9f, 0x7b9f, 0x7b9f, 0x7b9f,
    0x7b9f, 0x7b9f, 0x7b9f, 0x7b9f, 0x7b9f, 0x7b9f, 0x7b9f, 0x7b9f, 0x7b9f, 0x7b9f, 0x6f1d, 0x6f1d,
    0x6f1d, 0x6f1d, 0x6f1d, 0x6f1d, 0x6f1d, 0x6f1d, 0x6f1d, 0x6f1d, 0x6f1d, 0x6f1d, 0x6f1d, 0x6f1d,
    0x6f1d, 0x6f1d, 0x6f1d, 0x6f1d, 0x6f1d, 0x6f1d, 0x6f1d, 0x6f1d, 0x6f1d, 0x6f1d, 0x6f1d, 0x6f1d,
    0x6f1d, 0x7b9f, 0x7b9f, 0x7b9f, 0x7b9f, 0x7b9f, 0x7b9f, 0x7b9f, 0x7b9f, 0x7b9f, 0x7b9f, 0x7b9f,
    0x7b9f, 0x7b9f, 0x7b9f, 0x7b9f, 0x7b9f, 0x7b9f, 0x7b9f, 0x7b9f, 0x7b9f, 0x7b9f, 0x7b9f, 0x2d2c,
    0x2d2c, 0x2d2c, 0x2d2c, 0x2d2c, 0x2d2c, 0x2d2c, 0x2d2c, 0x2d2c, 0x2d2c, 0x2d2c, 0x2d2c, 0x7b9f,
    0x7b9f, 0x7b9f, 0x7b9f, 0x7b9f, 0x7b9f, 0x7b9f, 0x7b9f, 0x7b9f, 0x7b9f, 0x7b9f, 0x7b9f, 0x7b9f,
    0x7b9f, 0x7b9f, 0x7b9f, 0x7b9f, 0x7b9f, 0x7b9f, 0x7b9f, 0x7b9f, 0x7b9f, 0x7b9f, 0x7b9f, 0x7b9f,
    0x7b9f, 0x7b9f, 0x7b9f, 0x7b9f, 0x7b9f, 0x6f1d, 0x6f1d, 0x6f1d, 0x6f1d, 0x6f1d, 0x6f1d, 0x6f1d,
    0x6f1d, 0x6f1d, 0x6f1d, 0x6f1d, 0x6f1d, 0x6f1d, 0x7bbf, 0x7bbf, 0x7bbf, 0x7bbf, 0x7bbf, 0x7bbf,
    0x7bbf, 0x7bbf, 0x7bbf, 0x7bbf, 0x7bbf, 0x7bbf, 0x7bbf, 0x7bbf, 0x7b9f, 0x7b9f, 0x7bbf, 0x7bbf,
    0x7bbf, 0x7bbf, 0x7fff, 0x7fff, 0x7fff, 0x7fff, 0x7fff, 0x7fff, 0x7fff, 0x7fff, 0x7fff, 0x7fff,
    0x7fff, 0x7fff, 0x7fff, 0x6f1d, 0x6f1d, 0x6f1d, 0x6f1d, 0x6f1d, 0x6f1d, 0x6f1d, 0x6f1d, 0x6f1d,
    0x6f1d, 0x6f1d, 0x6f1d, 0x6f1d, 0x6f1d, 0x6f1d, 0x6f1d, 0x6f1d, 0x6f1d, 0x6f1d, 0x6f1d, 0x6f1d,
    0x6f1d, 0x6f1d, 0x6f1d, 0x6f1d, 0x6f1d, 0x6f1d, 0x6f1d, 0x6f1d, 0x6f1d, 0x6f1d, 0x6f1d, 0x6f1d,
    0x7b9f, 0x7b9f, 0x7b9f, 0x7b9f, 0x7b9f, 0x7b9f, 0x7b9f, 0x7b9f, 0x7b9f, 0x7b9f, 0x7bbf, 0x7bbf,
    0x7bbf, 0x7bbf, 0x7bbf, 0x7bbf, 0x7bbf, 0x7bbf, 0x7bbf, 0x7bbf, 0x7bbf, 0x7bbf, 0x7bbf, 0x7b9f,
    0x7b9f, 0x7b9f, 0x7b9f, 0x7b9f, 0x7b9f, 0x7b9f, 0x7b9f, 0x7b9f, 0x7b9f, 0x7b9f, 0x7b9f, 0x7b9f,
    0x7b9f, 0x7b9f, 0x7b9f, 0x7b9f, 0x7b9f, 0x7b9f, 0x7b9f, 0x7b9f, 0x7b9f, 0x7b9f, 0x7b9f, 0x7b9f,
    0x7fff, 0x7fff, 0x7fff, 0x7fff, 0x7fff, 0x7fff, 0x7fff, 0x7fff, 0x7fff, 0x7fff, 0x7fff, 0x7fff,
    0x7fff, 0x7b9f, 0x7b9f, 0x7b9f, 0x7b9f, 0x7b9f, 0x7b9f, 0x7b9f, 0x7b9f, 0x7b9f, 0x7b9f, 0x7b9f,
    0x7b9f, 0x7b9f, 0x7b9f, 0x7b9f, 0x7b9f, 0x7b9f, 0x7b9f, 0x6f1d, 0x6f1d, 0x6f1d, 0x6f1d, 0x6f1d,
    0x6f1d, 0x6f1d, 0x6f1d, 0x6f1d, 0x6f1d, 0x6f1d, 0x6f1d, 0x6f1d, 0x6f1d, 0x6f1d, 0x6f1d, 0x6f1d,
    0x6f1d, 0x6f1d, 0x6f1d, 0x6f1d, 0x6f1d, 0x6f1d, 0x6f1d, 0x6f1d, 0x7bbf, 0x7b9f, 0x7b9f, 0x7b9f,
    0x7b9f, 0x7b9f, 0x7b9f, 0x7b9f, 0x7b9f, 0x2d2c, 0x2d2c, 0x2d2c, 0x2d2c, 0x2d2c, 0x2d2c, 0x7b9f,
    0x7b9f, 0x7b9f, 0x7b9f, 0x7b9f, 0x7b9f, 0x7b9f, 0x7b9f, 0x7b9f, 0x7b9f, 0x7b9f, 0x7b9f, 0x7b9f,
    0x7b9f, 0x7b9f, 0x7b9f, 0x7bbf, 0x7bbf, 0x7bbf, 0x7bbf, 0x7b9f, 0x7b9f, 0x7b9f, 0x7b9f, 0x7b9f,
    0x7b9f, 0x7b9f, 0x7b9f, 0x7b9f, 0x7b9f, 0x7b9f, 0x7b9f, 0x7b9f, 0x7b9f, 0x7b9f, 0x7b9f, 0x7b9f,
    0x7b9f, 0x7b9f, 0x7b9f, 0x7b9f, 0x7b9f, 0x7b9f, 0x7b9f, 0x7b9f, 0x7b9f, 0x7b9f, 0x7b9f, 0x7b9f,
    0x7b9f, 0x7b9f, 0x7b9f, 0x6f1d, 0x6f1d, 0x6f1d, 0x6f1d, 0x6f1d, 0x6f1d, 0x6f1d, 0x6f1d, 0x6f1d,
    0x6f1d, 0x7bbf, 0x7bbf, 0x7bbf, 0x7bbf, 0x7bbf, 0x7bbf, 0x7bbf, 0x7bbf, 0x7bbf, 0x7bbf, 0x7bbf,
    0x7bbf, 0x7bbf, 0x7bbf, 0x7bbf, 0x7bbf, 0x7bbf, 0x7bbf, 0x7bbf, 0x7bbf, 0x7bbf, 0x7bbf, 0x7bbf,
    0x7bbf, 0x7bbf, 0x7bbf, 0x7bbf, 0x7bbf, 0x7bbf, 0x7fff, 0x7fff, 0x7fff, 0x7fff, 0x7fff, 0x7fff,
    0x7fff, 0x7fff, 0x6f1d, 0x6f1d, 0x6f1d, 0x6f1d, 0x6f1d, 0x6f1d, 0x6f1d, 0x6f1d, 0x6f1d, 0x6f1d,
    0x6f1d, 0x6f1d, 0x6f1d, 0x6f1d, 0x6f1d, 0x6f1d, 0x6f1d, 0x6f1d, 0x6f1d, 0x6f1d, 0x6f1d, 0x6f1d,
    0x7b9f, 0x7b9f, 0x7b9f, 0x7b9f, 0x7b9f, 0x7b9f, 0x7b9f, 0x7bbf, 0x7bbf, 0x7bbf, 0x7bbf, 0x7bbf,
    0x7bbf, 0x7bbf, 0x7bbf, 0x7bbf, 0x7bbf, 0x7bbf, 0x7bbf, 0x7bbf, 0x7bbf, 0x7fff, 0x7fff, 0x7fff,
    0x7b9f, 0x7b9f, 0x7b9f, 0x7b9f, 0x7b9f, 0x7b9f, 0x7b9f, 0x7b9f, 0x7b9f, 0x7b9f, 0x7b9f, 0x7b9f,
    0x7b9f, 0x7b9f, 0x7b9f, 0x7b9f, 0x7b9f, 0x7b9f, 0x7b9f, 0x7b9f, 0x7b9f, 0x7fff, 0x7fff, 0x7fff,
    0x7fff, 0x7fff, 0x7fff, 0x7fff, 0x7fff, 0x7fff, 0x7fff, 0x7fff, 0x7fff, 0x7fff, 0x7fff, 0x7fff,
    0x7b9f, 0x7b9f, 0x7b9f, 0x7b9f, 0x7b9f, 0x7b9f, 0x7b9f, 0x7b9f, 0x7b9f, 0x7b9f, 0x7b9f, 0x7b9f,
    0x7b9f, 0x7b9f, 0x7b9f, 0x7b9f, 0x7b9f, 0x7b9f, 0x6f1d, 0x6f1d, 0x6f1d, 0x6f1d, 0x6f1d, 0x6f1d,
    0x6f1d, 0x6f1d, 0x6f1d, 0x6f1d, 0x6f1d, 0x6f1d, 0x6f1d, 0x6f1d, 0x6f1d, 0x6f1d, 0x6f1d, 0x6f1d,
    0x6f1d, 0x6f1d, 0x6f1d, 0x6f1d, 0x7bbf, 0x7bbf, 0x7bbf, 0x7bbf, 0x7b9f, 0x7b9f, 0x7b9f, 0x7b9f,
    0x7b9f, 0x7b9f, 0x7b9f, 0x7b9f, 0x7b9f, 0x7b9f, 0x7b9f, 0x2d2c, 0x2d2c, 0x2d2c, 0x2d2c, 0x2d2c,
    0x2d2c, 0x7b9f, 0x7b9f, 0x7b9f, 0x7b9f, 0x7b9f, 0x7b9f, 0x7b9f, 0x7b9f, 0x7b9f, 0x7b9f, 0x7b9f,
    0x7bbf, 0x7bbf, 0x7bbf, 0x7bbf, 0x7bbf, 0x7bbf, 0x7bbf, 0x7b9f, 0x7b9f, 0x7b9f, 0x7b9f, 0x7b9f,
    0x7b9f, 0x7b9f, 0x7b9f, 0x7b9f, 0x7b9f, 0x7b9f, 0x7b9f, 0x7b9f, 0x7b9f, 0x7b9f, 0x7b9f, 0x7b9f,
    0x7b9f, 0x7b9f, 0x7b9f, 0x7b9f, 0x7b9f, 0x7b9f, 0x7b9f, 0x7b9f, 0x7b9f, 0x7b9f, 0x7b9f, 0x7b9f,
    0x7b9f, 0x7b9f, 0x6f1d, 0x6f1d, 0x6f1d, 0x6f1d, 0x6f1d, 0x6f1d, 0x6f1d, 0x6f1d, 0x7bbf, 0x7bbf,
    0x7bbf, 0x7bbf, 0x7bbf, 0x7bbf, 0x7bbf, 0x7bbf, 0x7bbf, 0x7bbf, 0x7bbf, 0x7bbf, 0x7bbf, 0x7bbf,
    0x7bbf, 0x7bbf, 0x7bbf, 0x7bbf, 0x7bbf, 0x7bbf, 0x7bbf, 0x7bbf, 0x7bbf, 0x7bbf, 0x7bbf, 0x7bbf,
    0x7bbf, 0x7bbf, 0x7bbf, 0x7bbf, 0x7bbf, 0x7fff, 0x7fff, 0x7fff, 0x7fff, 0x7fff, 0x7fff, 0x7bbf,
    0x7bbf, 0x6f1d, 0x6f1d, 0x6f1d, 0x6f1d, 0x6f1d, 0x6f1d, 0x6f1d, 0x6f1d, 0x6f1d, 0x6f1d, 0x6f1d,
    0x6f1d, 0x6f1d, 0x6f1d, 0x6f1d, 0x6f1d, 0x6f1d, 0x6f1d, 0x6f1d, 0x6f1d, 0x6f1d, 0x6f1d, 0x6f1d,
    0x7bbf, 0x7bbf, 0x7bbf, 0x7bbf, 0x7bbf, 0x7bbf, 0x7bbf, 0x7bbf, 0x7bbf, 0x7bbf, 0x7bbf, 0x7bbf,
    0x7bbf, 0x7fff, 0x7fff, 0x7fff, 0x7fff, 0x7b9f, 0x7b9f, 0x7b9f, 0x7b9f, 0x7b9f, 0x7b9f, 0x7b9f,
    0x7b9f, 0x7b9f, 0x7b9f, 0x7b9f, 0x7b9f, 0x7b9f, 0x7b9f, 0x7b9f, 0x7b9f, 0x7b9f, 0x7b9f, 0x7b9f,
    0x7b9f, 0x7fff, 0x7fff, 0x7fff, 0x7fff, 0x7fff, 0x7fff, 0x7fff, 0x7fff, 0x7fff, 0x7fff, 0x7fff,
    0x7fff, 0x7fff, 0x7fff, 0x7fff, 0x7fff, 0x7fff, 0x7fff, 0x7b9f, 0x7b9f, 0x7b9f, 0x7b9f, 0x7b9f,
    0x7b9f, 0x7b9f, 0x7b9f, 0x7b9f, 0x7b9f, 0x7b9f, 0x7b9f, 0x7b9f, 0x7b9f, 0x7b9f, 0x6f1d, 0x6f1d,
    0x6f1d, 0x6f1d, 0x6f1d, 0x6f1d, 0x6f1d, 0x6f1d, 0x6f1d, 0x6f1d, 0x6f1d, 0x6f1d, 0x6f1d, 0x6f1d,
    0x6f1d, 0x6f1d, 0x6f1d, 0x6f1d, 0x6f1d, 0x6f1d, 0x6f1d, 0x7bbf, 0x7bbf, 0x7bbf, 0x7bbf, 0x7bbf,
    0x7bbf, 0x7bbf, 0x7b9f, 0x7b9f, 0x7b9f, 0x7b9f, 0x7b9f, 0x7b9f, 0x7b9f, 0x7b9f, 0x7b9f, 0x7b9f,
    0x7b9f, 0x7b9f, 0x7b9f, 0x7b9f, 0x7b9f, 0x7b9f, 0x7b9f, 0x7b9f, 0x7b9f, 0x7b9f, 0x7b9f, 0x7b9f,
    0x7b9f, 0x7b9f, 0x7bbf, 0x7bbf, 0x2d2c, 0x2d2c, 0x2d2c, 0x2d2c, 0x7bbf, 0x7bbf, 0x7bbf, 0x7bbf,
    0x7bbf, 0x7bbf, 0x7b9f, 0x7b9f, 0x7b9f, 0x7b9f, 0x7b9f, 0x7b9f, 0x7b9f, 0x7b9f, 0x7b9f, 0x7b9f,
    0x7b9f, 0x7b9f, 0x7b9f, 0x7b9f, 0x7b9f, 0x7b9f, 0x7b9f, 0x7b9f, 0x7b9f, 0x7b9f, 0x7b9f, 0x7b9f,
    0x7b9f, 0x7b9f, 0x7b9f, 0x7fff, 0x7fff, 0x7fff, 0x7fff, 0x7fff, 0x7fff, 0x6f1d, 0x6f1d, 0x6f1d,
    0x7bbf, 0x7bbf, 0x7bbf, 0x7bbf, 0x7bbf, 0x7bbf, 0x7bbf, 0x7bbf, 0x7bbf, 0x7bbf, 0x7bbf, 0x7bbf,
    0x7bbf, 0x7bbf, 0x7bbf, 0x7bbf, 0x7bbf, 0x7bbf, 0x7bbf, 0x7bbf, 0x7bbf, 0x7bbf, 0x7bbf, 0x7bbf,
    0x7bbf, 0x7bbf, 0x7bbf, 0x7bbf, 0x7bbf, 0x7bbf, 0x7bbf, 0x7bbf, 0x7bbf, 0x7bbf, 0x7bbf, 0x7bbf,
    0x7bbf, 0x7bbf, 0x7bbf, 0x7bbf, 0x7bbf, 0x7bbf, 0x6f1d, 0x6f1d, 0x6f1d, 0x6f1d, 0x6f1d, 0x6f1d,
    0x6f1d, 0x6f1d, 0x6f1d, 0x6f1d, 0x6f1d, 0x6f1d, 0x6f1d, 0x6f1d, 0x6f1d, 0x6f1d, 0x6f1d, 0x6f1d,
    0x6f1d, 0x6f1d, 0x6f1d, 0x6f1d, 0x6f1d, 0x6f1d, 0x7b9f, 0x6f1d, 0x6f1d, 0x6f1d, 0x7b9f, 0x7b9f,
    0x7bbf, 0x7bbf, 0x7bbf, 0x7bbf, 0x7bbf, 0x7bbf, 0x7bbf, 0x7bbf, 0x7bbf, 0x7bbf, 0x7bbf, 0x7bbf,
    0x7bbf, 0x7bbf, 0x7bbf, 0x7bbf, 0x7fff, 0x7fff, 0x7fff, 0x7fff, 0x7b9f, 0x7b9f, 0x7b9f, 0x7b9f,
    0x7b9f, 0x7b9f, 0x7b9f, 0x7b9f, 0x7b9f, 0x7b9f, 0x7b9f, 0x7b9f, 0x7b9f, 0x7b9f, 0x7b9f, 0x7b9f,
    0x7b9f, 0x7b9f, 0x7b9f, 0x7fff, 0x7fff, 0x7fff, 0x7fff, 0x7fff, 0x7fff, 0x7fff, 0x7fff, 0x7fff,
    0x7fff, 0x7fff, 0x7fff, 0x7fff, 0x7fff, 0x7fff, 0x7fff, 0x7fff, 0x7fff, 0x7fff, 0x7fff, 0x7fff,
    0x7b9f, 0x7b9f, 0x7b9f, 0x7b9f, 0x7b9f, 0x7b9f, 0x7fff, 0x7fff, 0x7b9f, 0x7b9f, 0x7b9f, 0x7b9f,
    0x7b9f, 0x7b9f, 0x6f1d, 0x6f1d, 0x6f1d, 0x6f1d, 0x6f1d, 0x6f1d, 0x6f1d, 0x6f1d, 0x6f1d, 0x6f1d,
    0x6f1d, 0x6f1d, 0x6f1d, 0x6f1d, 0x6f1d, 0x6f1d, 0x6f1d, 0x6f1d, 0x7bbf, 0x7bbf, 0x7bbf, 0x7bbf,
    0x7bbf, 0x7bbf, 0x7bbf, 0x7bbf, 0x7bbf, 0x7bbf, 0x7bbf, 0x7bbf, 0x7b9f, 0x7b9f, 0x7b9f, 0x7b9f,
    0x7b9f, 0x7b9f, 0x7b9f, 0x7b9f, 0x7b9f, 0x7b9f, 0x7b9f, 0x7b9f, 0x7b9f, 0x7b9f, 0x7b9f, 0x7b9f,
    0x7b9f, 0x7b9f, 0x7b9f, 0x7b9f, 0x7bbf, 0x7bbf, 0x7bbf, 0x7bbf, 0x7bbf, 0x7bbf, 0x7bbf, 0x7bbf,
    0x7bbf, 0x7bbf, 0x7bbf, 0x7bbf, 0x7bbf, 0x7bbf, 0x7bbf, 0x7b9f, 0x7b9f, 0x7b9f, 0x7b9f, 0x7b9f,
    0x7b9f, 0x7b9f, 0x7b9f, 0x7b9f, 0x7b9f, 0x7b9f, 0x7b9f, 0x7b9f, 0x7b9f, 0x7b9f, 0x7b9f, 0x7b9f,
    0x7b9f, 0x7b9f, 0x7b9f, 0x7b9f, 0x7b9f, 0x7b9f, 0x7fff, 0x24cb, 0x24cb, 0x24cb, 0x24cb, 0x7fff,
    0x6f1d, 0x7bbf, 0x7bbf, 0x7bbf, 0x7bbf, 0x7bbf, 0x7bbf, 0x7bbf, 0x7bbf, 0x7bbf, 0x7bbf, 0x7bbf,
    0x7bbf, 0x7bbf, 0x7bbf, 0x7bbf, 0x7bbf, 0x7bbf, 0x7bbf, 0x7bbf, 0x7bbf, 0x7bbf, 0x7bbf, 0x7bbf,
    0x7bbf, 0x7bbf, 0x7bbf, 0x7bbf, 0x7bbf, 0x7bbf, 0x7bbf, 0x7bbf, 0x7bbf, 0x7bbf, 0x7bbf, 0x7bbf,
    0x7bbf, 0x7bbf, 0x7bbf, 0x7bbf, 0x7bbf, 0x7bbf, 0x7bbf, 0x7bbf, 0x7bbf, 0x7bbf, 0x6f1d, 0x6f1d,
    0x6f1d, 0x6f1d, 0x6f1d, 0x6f1d, 0x6f1d, 0x6f1d, 0x6f1d, 0x6f1d, 0x6f1d, 0x6f1d, 0x6f1d, 0x6f1d,
    0x6f1d, 0x6f1d, 0x6f1d, 0x6f1d, 0x6f1d, 0x6f1d, 0x6f1d, 0x7fff, 0x7fff, 0x7fff, 0x7b9f, 0x6f1d,
    0x7fff, 0x7fff, 0x7b9f, 0x7b9f, 0x7b9f, 0x7b9f, 0x7b9f, 0x7bbf, 0x7bbf, 0x7bbf, 0x7bbf, 0x7bbf,
    0x7bbf, 0x7bbf, 0x7bbf, 0x7bbf, 0x7bbf, 0x7bbf, 0x7bbf, 0x7bbf, 0x7bbf, 0x7bbf, 0x7bbf, 0x7bbf,
    0x7fff, 0x7fff, 0x7fff, 0x7fff, 0x7fff, 0x7b9f, 0x7b9f, 0x7b9f, 0x7b9f, 0x7b9f, 0x7b9f, 0x7b9f,
    0x7b9f, 0x7b9f, 0x7b9f, 0x7b9f, 0x7b9f, 0x7b9f, 0x7b9f, 0x7b9f, 0x7b9f, 0x7b9f, 0x7fff, 0x7fff,
    0x7fff, 0x7fff, 0x7fff, 0x7fff, 0x7fff, 0x7fff, 0x7fff, 0x7fff, 0x7fff, 0x7fff, 0x7fff, 0x7fff,
    0x7fff, 0x7fff, 0x7fff, 0x7fff, 0x7fff, 0x7fff, 0x7fff, 0x7fff, 0x7b9f, 0x7b9f, 0x7b9f, 0x7b9f,
    0x7b9f, 0x7b9f, 0x7fff, 0x7fff, 0x7fff, 0x7b9f, 0x7b9f, 0x7b9f, 0x7b9f, 0x7b9f, 0x7b9f, 0x6f1d,
    0x6f1d, 0x6f1d, 0x7b9f, 0x6f1d, 0x6f1d, 0x6f1d, 0x6f1d, 0x6f1d, 0x6f1d, 0x6f1d, 0x6f1d, 0x6f1d,
    0x6f1d, 0x6f1d, 0x6f1d, 0x7bbf, 0x7bbf, 0x7bbf, 0x7bbf, 0x7bbf, 0x7bbf, 0x7bbf, 0x7bbf, 0x7bbf,
    0x7bbf, 0x7bbf, 0x7bbf, 0x7bbf, 0x7bbf, 0x7b9f, 0x7b9f, 0x7b9f, 0x7b9f, 0x7b9f, 0x7b9f, 0x7b9f,
    0x7b9f, 0x7b9f, 0x7b9f, 0x7b9f, 0x7b9f, 0x7b9f, 0x7b9f, 0x7b9f, 0x7b9f, 0x7b9f, 0x7b9f, 0x7bbf,
    0x7bbf, 0x7bbf, 0x7bbf, 0x7bbf, 0x7bbf, 0x7bbf, 0x7bbf, 0x7bbf, 0x7bbf, 0x7bbf, 0x7bbf, 0x7bbf,
    0x7bbf, 0x7bbf, 0x7bbf, 0x7bbf, 0x7b9f, 0x7b9f, 0x7b9f, 0x7b9f, 0x7b9f, 0x7b9f, 0x7b9f, 0x7b9f,
    0x7b9f, 0x7b9f, 0x7b9f, 0x7b9f, 0x7b9f, 0x7b9f, 0x7b9f, 0x7b9f, 0x7b9f, 0x7b9f, 0x7b9f, 0x7b9f,
    0x7b9f, 0x7b9f, 0x7fff, 0x24cb, 0x24cb, 0x24cb, 0x24cb, 0x7fff, 0x7bbf, 0x7bbf, 0x7bbf, 0x7bbf,
    0x7bbf, 0x7bbf, 0x7bbf, 0x7bbf, 0x7bbf, 0x7bbf, 0x7bbf, 0x7bbf, 0x7bbf, 0x7bbf, 0x7bbf, 0x7bbf,
    0x7bbf, 0x7bbf, 0x7bbf, 0x7bbf, 0x7bbf, 0x7bbf, 0x7bbf, 0x7bbf, 0x7bbf, 0x7bbf, 0x7bbf, 0x7bbf,
    0x7bbf, 0x7bbf, 0x7bbf, 0x7bbf, 0x7bbf, 0x7bbf, 0x7bbf, 0x7bbf, 0x7bbf, 0x7bbf, 0x7bbf, 0x7bbf,
    0x7bbf, 0x7bbf, 0x7bbf, 0x7bbf, 0x7bbf, 0x7bbf, 0x7bbf, 0x6f1d, 0x6f1d, 0x6f1d, 0x6f1d, 0x6f1d,
    0x7b9f, 0x7b9f, 0x7b9f, 0x7b9f, 0x6f1d, 0x6f1d, 0x6f1d, 0x6f1d, 0x6f1d, 0x6f1d, 0x6f1d, 0x6f1d,
    0x7fff, 0x7fff, 0x7b9f, 0x7b9f, 0x7bbf, 0x7bbf, 0x7bbf, 0x7bbf, 0x7bbf, 0x7bbf, 0x7bbf, 0x7bbf,
    0x7bbf, 0x7bbf, 0x7bbf, 0x7bbf, 0x7bbf, 0x7bbf, 0x7bbf, 0x7bbf, 0x7bbf, 0x7bbf, 0x7bbf, 0x7fff,
    0x7fff, 0x7fff, 0x7fff, 0x7fff, 0x7b9f, 0x7b9f, 0x7b9f, 0x7b9f, 0x7b9f, 0x7b9f, 0x7b9f, 0x7b9f,
    0x7b9f, 0x7b9f, 0x7b9f, 0x7b9f, 0x7b9f, 0x7b9f, 0x7b9f, 0x7b9f, 0x7fff, 0x7fff, 0x7fff, 0x7fff,
    0x7fff, 0x7fff, 0x7fff, 0x7fff, 0x7fff, 0x7fff, 0x7fff, 0x7fff, 0x7fff, 0x7fff, 0x7fff, 0x7fff,
    0x7fff, 0x7fff, 0x7fff, 0x7fff, 0x7fff, 0x7fff, 0x7fff, 0x7fff, 0x7b9f, 0x7b9f, 0x7b9f, 0x7b9f,
    0x7fff, 0x7fff, 0x7fff, 0x7fff, 0x7fff, 0x7b9f, 0x7b9f, 0x7b9f, 0x7b9f, 0x7b9f, 0x7b9f, 0x6f1d,
    0x7b9f, 0x7bbf, 0x7bbf, 0x6f1d, 0x6f1d, 0x6f1d, 0x6f1d, 0x6f1d, 0x6f1d, 0x6f1d, 0x6f1d, 0x6f1d,
    0x7bbf, 0x7bbf, 0x7bbf, 0x7bbf, 0x7bbf, 0x7bbf, 0x7bbf, 0x7bbf, 0x7bbf, 0x7bbf, 0x7bbf, 0x7bbf,
    0x7bbf, 0x7bbf, 0x7bbf, 0x7bbf, 0x7bbf, 0x7bbf, 0x7b9f, 0x7b9f, 0x7b9f, 0x7b9f, 0x7b9f, 0x7b9f,
    0x7b9f, 0x7b9f, 0x7b9f, 0x7b9f, 0x7b9f, 0x7b9f, 0x7b9f, 0x7b9f, 0x7bbf, 0x7bbf, 0x7bbf, 0x7bbf,
    0x7bbf, 0x7bbf, 0x7bbf, 0x7bbf, 0x7bbf, 0x7bbf, 0x7bbf, 0x7bbf, 0x7bbf, 0x7bbf, 0x7bbf, 0x7bbf,
    0x7bbf, 0x7bbf, 0x7bbf, 0x7bbf, 0x7bbf, 0x7bbf, 0x7b9f, 0x7b9f, 0x7b9f, 0x7b9f, 0x7b9f, 0x7b9f,
    0x7b9f, 0x7b9f, 0x7b9f, 0x7b9f, 0x7b9f, 0x7b9f, 0x7b9f, 0x7b9f, 0x7b9f, 0x7b9f, 0x7b9f, 0x7b9f,
    0x7b9f, 0x7fff, 0x24cb, 0x24cb, 0x24cb, 0x24cb, 0x7fff, 0x7bbf, 0x7bbf, 0x7bbf, 0x7bbf, 0x7bbf,
    0x7bbf, 0x7bbf, 0x7bbf, 0x7bbf, 0x7bbf, 0x7bbf, 0x7bbf, 0x7bbf, 0x7bbf, 0x7bbf, 0x7bbf, 0x7bbf,
    0x7bbf, 0x7bbf, 0x7bbf, 0x7bbf, 0x7bbf, 0x7bbf, 0x7bbf, 0x7bbf, 0x7bbf, 0x7bbf, 0x7bbf, 0x7bbf,
    0x7bbf, 0x7bbf, 0x7bbf, 0x7bbf, 0x7bbf, 0x7bbf, 0x7bbf, 0x7bbf, 0x7bbf, 0x7bbf, 0x7bbf, 0x7bbf,
    0x7bbf, 0x7bbf, 0x7bbf, 0x7bbf, 0x7bbf, 0x7bbf, 0x7bbf, 0x7bbf, 0x6f1d, 0x6f1d, 0x7bbf, 0x7b9f,
    0x7b9f, 0x7b9f, 0x7b9f, 0x7b9f, 0x6f1d, 0x6f1d, 0x6f1d, 0x6f1d, 0x6f1d, 0x6f1d, 0x6f1d, 0x6f1d,
    0x7bbf, 0x7bbf, 0x7bbf, 0x7bbf, 0x7bbf, 0x7bbf, 0x7bbf, 0x7bbf, 0x7bbf, 0x7bbf, 0x7bbf, 0x7bbf,
    0x7bbf, 0x7bbf, 0x7bbf, 0x7bbf, 0x7fff, 0x7fff, 0x7fff, 0x7fff, 0x7fff, 0x7b9f, 0x7b9f, 0x7b9f,
    0x7b9f, 0x7b9f, 0x7b9f, 0x7b9f, 0x7b9f, 0x7b9f, 0x7b9f, 0x7b9f, 0x7b9f, 0x7b9f, 0x7b9f, 0x7b9f,
    0x7fff, 0x7fff, 0x7fff, 0x7fff, 0x7fff, 0x7fff, 0x7fff, 0x7fff, 0x7fff, 0x7fff, 0x7fff, 0x7fff,
    0x7fff, 0x7fff, 0x7fff, 0x7fff, 0x7fff, 0x7fff, 0x7fff, 0x7fff, 0x7fff, 0x7fff, 0x7fff, 0x7fff,
    0x7fff, 0x7b9f, 0x7b9f, 0x7fff, 0x7fff, 0x7fff, 0x7fff, 0x7fff, 0x7fff, 0x7b9f, 0x7b9f, 0x7b9f,
    0x7b9f, 0x7b9f, 0x7b9f, 0x7b9f, 0x7bbf, 0x7bbf, 0x7bbf, 0x7bbf, 0x7bbf, 0x6f1d, 0x6f1d, 0x6f1d,
    0x6f1d, 0x6f1d, 0x7bbf, 0x7bbf, 0x7bbf, 0x7bbf, 0x7fff, 0x7fff, 0x7fff, 0x7fff, 0x7fff, 0x7fff,
    0x7fff, 0x7fff, 0x7fff, 0x7fff, 0x7fff, 0x7fff, 0x7fff, 0x7fff, 0x7fff, 0x7fff, 0x7fff, 0x7fff,
    0x7b9f, 0x7b9f, 0x7b9f, 0x7b9f, 0x7b9f, 0x7b9f, 0x7b9f, 0x7b9f, 0x7b9f, 0x7b9f, 0x7b9f, 0x7bbf,
    0x7bbf, 0x7bbf, 0x7bbf, 0x7bbf, 0x7bbf, 0x7bbf, 0x7bbf, 0x7bbf, 0x7bbf, 0x7bbf, 0x7bbf, 0x7bbf,
    0x7bbf, 0x7bbf, 0x7bbf, 0x7bbf, 0x7bbf, 0x7bbf, 0x7bbf, 0x7bbf, 0x7bbf, 0x7bbf, 0x7bbf, 0x7bbf,
    0x7b9f, 0x7b9f, 0x7b9f, 0x7b9f, 0x7b9f, 0x7b9f, 0x7b9f, 0x7b9f, 0x7b9f, 0x7b9f, 0x7b9f, 0x7b9f,
    0x7b9f, 0x7b9f, 0x7b9f, 0x7b9f, 0x7b9f, 0x7fff, 0x24cb, 0x24cb, 0x24cb, 0x24cb, 0x7fff, 0x7bbf,
    0x7bbf, 0x7bbf, 0x7bbf, 0x7bbf, 0x7bbf, 0x7bbf, 0x7bbf, 0x7bbf, 0x7bbf, 0x7bbf, 0x7bbf, 0x7bbf,
    0x7bbf, 0x7bbf, 0x7bbf, 0x7bbf, 0x7bbf, 0x7bbf, 0x7bbf, 0x7bbf, 0x7bbf, 0x7bbf, 0x7bbf, 0x7bbf,
    0x7bbf, 0x7bbf, 0x7bbf, 0x7bbf, 0x7bbf, 0x7bbf, 0x7bbf, 0x7bbf, 0x7bbf, 0x7bbf, 0x7bbf, 0x7bbf,
    0x7bbf, 0x7bbf, 0x7bbf, 0x7bbf, 0x7bbf, 0x7bbf, 0x7bbf, 0x7bbf, 0x7bbf, 0x7bbf, 0x7bbf, 0x7bbf,
    0x7bbf, 0x7bbf, 0x7bbf, 0x7bbf, 0x7b9f, 0x7b9f, 0x7b9f, 0x7b9f, 0x7b9f, 0x6f1d, 0x6f1d, 0x6f1d,
    0x6f1d, 0x6f1d, 0x6f1d, 0x6f1d, 0x7fff, 0x7fff, 0x7fff, 0x7fff, 0x7fff, 0x7fff, 0x7fff, 0x7fff,
    0x7bbf, 0x7bbf, 0x7bbf, 0x7bbf, 0x7bbf, 0x7bbf, 0x7bbf, 0x7bbf, 0x7bbf, 0x7bbf, 0x7bbf, 0x7bbf,
    0x7bbf, 0x7fff, 0x7fff, 0x7fff, 0x7fff, 0x7b9f, 0x7b9f, 0x7b9f, 0x7b9f, 0x7b9f, 0x7b9f, 0x7b9f,
    0x7b9f, 0x7b9f, 0x7b9f, 0x7b9f, 0x7b9f, 0x7b9f, 0x7b9f, 0x7b9f, 0x7fff, 0x7fff, 0x7fff, 0x7fff,
    0x7fff, 0x7fff, 0x7fff, 0x7fff, 0x7fff, 0x7fff, 0x7fff, 0x7fff, 0x7fff, 0x7fff, 0x7fff, 0x7fff,
    0x7fff, 0x7fff, 0x7fff, 0x7fff, 0x7fff, 0x7fff, 0x7fff, 0x7fff, 0x7fff, 0x7fff, 0x7fff, 0x7fff,
    0x7fff, 0x7fff, 0x7fff, 0x7fff, 0x7fff, 0x7fff, 0x7b9f, 0x7b9f, 0x7b9f, 0x7b9f, 0x7bbf, 0x7bbf,
    0x7bbf, 0x7bbf, 0x7bbf, 0x7bbf, 0x7bbf, 0x7bbf, 0x6f1d, 0x6f1d, 0x7bbf, 0x7bbf, 0x7bbf, 0x7bbf,
    0x7bbf, 0x7bbf, 0x7fff, 0x7fff, 0x7fff, 0x7fff, 0x7fff, 0x7fff, 0x7fff, 0x7fff, 0x7fff, 0x7fff,
    0x7fff, 0x7fff, 0x7fff, 0x7fff, 0x7fff, 0x7fff, 0x7fff, 0x7fff, 0x7fff, 0x7fff, 0x7fff, 0x7b9f,
    0x7b9f, 0x7b9f, 0x7b9f, 0x7b9f, 0x7b9f, 0x7b9f, 0x7bbf, 0x7bbf, 0x7bbf, 0x7bbf, 0x7bbf, 0x7bbf,
    0x7bbf, 0x7bbf, 0x7bbf, 0x7bbf, 0x7bbf, 0x7bbf, 0x7bbf, 0x7bbf, 0x7bbf, 0x7bbf, 0x7bbf, 0x7bbf,
    0x7bbf, 0x7bbf, 0x7bbf, 0x7bbf, 0x7bbf, 0x7bbf, 0x7bbf, 0x7bbf, 0x7bbf, 0x7bbf, 0x7b9f, 0x7b9f,
    0x7b9f, 0x7b9f, 0x7b9f, 0x7b9f, 0x7b9f, 0x7b9f, 0x7b9f, 0x7b9f, 0x7b9f, 0x7fff, 0x7b9f, 0x7b9f,
    0x7b9f, 0x7fff, 0x1caf, 0x24cb, 0x24cb, 0x1caf, 0x7fff, 0x7bbf, 0x7bbf, 0x7bbf, 0x7bbf, 0x7bbf,
    0x7bbf, 0x7bbf, 0x7bbf, 0x7bbf, 0x7bbf, 0x7bbf, 0x7bbf, 0x7bbf, 0x7bbf, 0x7bbf, 0x7bbf, 0x7bbf,
    0x7bbf, 0x7bbf, 0x7bbf, 0x7bbf, 0x7bbf, 0x7bbf, 0x7bbf, 0x7bbf, 0x7bbf, 0x7bbf, 0x7bbf, 0x7bbf,
    0x7bbf, 0x7bbf, 0x7bbf, 0x7bbf, 0x7bbf, 0x7bbf, 0x7bbf, 0x7bbf, 0x7bbf, 0x7bbf, 0x7bbf, 0x7bbf,
    0x7bbf, 0x7bbf, 0x7bbf, 0x7bbf, 0x7bbf, 0x7bbf, 0x7bbf, 0x7bbf, 0x7bbf, 0x7bbf, 0x7bbf, 0x7bbf,
    0x7bbf, 0x7b9f, 0x7b9f, 0x7b9f, 0x7b9f, 0x7fff, 0x6f1d, 0x6f1d, 0x6f1d, 0x6f1d, 0x6f1d, 0x7fff,
    0x7fff, 0x7fff, 0x7fff, 0x7fff, 0x7fff, 0x7fff, 0x7fff, 0x7fff, 0x7fff, 0x7fff, 0x7fff, 0x7fff,
    0x7bbf, 0x7bbf, 0x7bbf, 0x7bbf, 0x7bbf, 0x7bbf, 0x7bbf, 0x7bbf, 0x7bbf, 0x7bbf, 0x7bbf, 0x7bbf,
    0x7bbf, 0x7bbf, 0x7bbf, 0x7bbf, 0x7bbf, 0x7bbf, 0x7fff, 0x7fff, 0x7fff, 0x7fff, 0x7b9f, 0x7b9f,
    0x7b9f, 0x7b9f, 0x7b9f, 0x7b9f, 0x7b9f, 0x7b9f, 0x7b9f, 0x7b9f, 0x7b9f, 0x7b9f, 0x7b9f, 0x7fff,
    0x7fff, 0x7fff, 0x7fff, 0x7fff, 0x7fff, 0x7fff, 0x7fff, 0x7fff, 0x7fff, 0x7fff, 0x7fff, 0x7fff,
    0x7fff, 0x7fff, 0x7fff, 0x7fff, 0x7fff, 0x7fff, 0x7fff, 0x7fff, 0x7fff, 0x7fff, 0x7fff, 0x7fff,
    0x7fff, 0x7fff, 0x7fff, 0x7fff, 0x7fff, 0x7fff, 0x7fff, 0x7fff, 0x7fff, 0x7fff, 0x7fff, 0x7b9f,
    0x7b9f, 0x7fff, 0x7bbf, 0x7bbf, 0x7bbf, 0x7bbf, 0x7bbf, 0x7bbf, 0x7bbf, 0x7bbf, 0x7bbf, 0x7bbf,
    0x7bbf, 0x7bbf, 0x7bbf, 0x7bbf, 0x7bbf, 0x7bbf, 0x7bbf, 0x7bbf, 0x7bbf, 0x7fff, 0x7fff, 0x7fff,
    0x7fff, 0x7fff, 0x7fff, 0x7fff, 0x7fff, 0x7fff, 0x7fff, 0x7fff, 0x7fff, 0x7fff, 0x7fff, 0x7fff,
    0x7fff, 0x7fff, 0x7fff, 0x7b9f, 0x7b9f, 0x7b9f, 0x7b9f, 0x7b9f, 0x7bbf, 0x7bbf, 0x7bbf, 0x7bbf,
    0x7bbf, 0x7bbf, 0x7bbf, 0x7bbf, 0x7bbf, 0x7bbf, 0x7bbf, 0x7bbf, 0x7bbf, 0x7bbf, 0x7bbf, 0x7bbf,
    0x7bbf, 0x7bbf, 0x7bbf, 0x7bbf, 0x7bbf, 0x7bbf, 0x7bbf, 0x7bbf, 0x7bbf, 0x7bbf, 0x7bbf, 0x7bbf,
    0x7bbf, 0x7bbf, 0x7bbf, 0x7fff, 0x7b9f, 0x7b9f, 0x7b9f, 0x7b9f, 0x7b9f, 0x7b9f, 0x7b9f, 0x7fff,
    0x7fff, 0x7fff, 0x7fff, 0x7b9f, 0x7b9f, 0x7fff, 0x1caf, 0x24cb, 0x1caf, 0x1caf, 0x7fff, 0x7bbf,
    0x7bbf, 0x7bbf, 0x7bbf, 0x7bbf, 0x7bbf, 0x7bbf, 0x7bbf, 0x7bbf, 0x7bbf, 0x7bbf, 0x7bbf, 0x7bbf,
    0x7bbf, 0x7bbf, 0x7bbf, 0x7bbf, 0x7bbf, 0x7bbf, 0x7bbf, 0x7bbf, 0x7bbf, 0x7bbf, 0x7bbf, 0x7bbf,
    0x7bbf, 0x7bbf, 0x7bbf, 0x7bbf, 0x7bbf, 0x7bbf, 0x7bbf, 0x7bbf, 0x7bbf, 0x7bbf, 0x7bbf, 0x7bbf,
    0x7bbf, 0x7bbf, 0x7bbf, 0x7bbf, 0x7bbf, 0x7bbf, 0x7bbf, 0x7bbf, 0x7bbf, 0x7bbf, 0x7bbf, 0x7bbf,
    0x7bbf, 0x7bbf, 0x7bbf, 0x7bbf, 0x7bbf, 0x7bbf, 0x7b9f, 0x7b9f, 0x7bbf, 0x7fff, 0x7fff, 0x6f1d,
    0x6f1d, 0x7fff, 0x7fff, 0x7fff, 0x7fff, 0x7fff, 0x7fff, 0x7fff, 0x7fff, 0x7fff, 0x7fff, 0x7fff,
    0x7fff, 0x7fff, 0x7fff, 0x7bbf, 0x7bbf, 0x7bbf, 0x7bbf, 0x7bbf, 0x7bbf, 0x7bbf, 0x7bbf, 0x7bbf,
    0x7bbf, 0x7bbf, 0x7bbf, 0x7bbf, 0x7bbf, 0x7bbf, 0x7bbf, 0x7bbf, 0x7bbf, 0x7bbf, 0x7bbf, 0x7bbf,
    0x7bbf, 0x7bbf, 0x7fff, 0x7fff, 0x7fff, 0x7b9f, 0x7b9f, 0x7b9f, 0x7b9f, 0x7b9f, 0x7b9f, 0x7b9f,
    0x7b9f, 0x7b9f, 0x7b9f, 0x7b9f, 0x7b9f, 0x7fff, 0x7fff, 0x7fff, 0x7fff, 0x7fff, 0x7fff, 0x7fff,
    0x7fff, 0x7fff, 0x7fff, 0x7fff, 0x7fff, 0x7fff, 0x7fff, 0x7fff, 0x7fff, 0x7fff, 0x7fff, 0x7fff,
    0x7fff, 0x7fff, 0x7fff, 0x7fff, 0x7fff, 0x7fff, 0x7fff, 0x7fff, 0x7fff, 0x7fff, 0x7fff, 0x7fff,
    0x7fff, 0x7fff, 0x7fff, 0x7fff, 0x7fff, 0x7fff, 0x7fff, 0x7fff, 0x7bbf, 0x7bbf, 0x7bbf, 0x7bbf,
    0x7bbf, 0x7bbf, 0x7bbf, 0x7bbf, 0x7bbf, 0x7bbf, 0x7bbf, 0x7bbf, 0x7bbf, 0x7bbf, 0x7bbf, 0x7bbf,
    0x7bbf, 0x7bbf, 0x7bbf, 0x7bbf, 0x7fff, 0x7fff, 0x7fff, 0x7fff, 0x7fff, 0x7fff, 0x7fff, 0x7fff,
    0x7fff, 0x7fff, 0x7fff, 0x7fff, 0x7fff, 0x7fff, 0x7fff, 0x7fff, 0x7fff, 0x7fff, 0x7bbf, 0x7b9f,
    0x7b9f, 0x7b9f, 0x7bbf, 0x7bbf, 0x7bbf, 0x7bbf, 0x7bbf, 0x7bbf, 0x7bbf, 0x7bbf, 0x7bbf, 0x7bbf,
    0x7bbf, 0x7bbf, 0x7bbf, 0x7bbf, 0x7bbf, 0x7bbf, 0x7bbf, 0x7bbf, 0x7bbf, 0x7bbf, 0x7bbf, 0x7bbf,
    0x7bbf, 0x7bbf, 0x7bbf, 0x7bbf, 0x7bbf, 0x7bbf, 0x7bbf, 0x7bbf, 0x7bbf, 0x7bbf, 0x7fff, 0x7fff,
    0x7fff, 0x7b9f, 0x7b9f, 0x7fff, 0x7fff, 0x7fff, 0x7fff, 0x7fff, 0x7fff, 0x7fff, 0x7fff, 0x7fff,
    0x7fff, 0x24cb, 0x1caf, 0x24cb, 0x1caf, 0x7fff, 0x7bbf, 0x7bbf, 0x7bbf, 0x7bbf, 0x7bbf, 0x7bbf,
    0x7bbf, 0x7bbf, 0x7bbf, 0x7bbf, 0x7bbf, 0x7bbf, 0x7bbf, 0x7bbf, 0x7bbf, 0x7bbf, 0x7bbf, 0x7bbf,
    0x7bbf, 0x7bbf, 0x7bbf, 0x7bbf, 0x7bbf, 0x7bbf, 0x7bbf, 0x7bbf, 0x7bbf, 0x7bbf, 0x7bbf, 0x7bbf,
    0x7bbf, 0x7bbf, 0x7bbf, 0x7bbf, 0x7bbf, 0x7bbf, 0x7bbf, 0x7bbf, 0x7bbf, 0x7bbf, 0x7bbf, 0x7bbf,
    0x7bbf, 0x7bbf, 0x7bbf, 0x7bbf, 0x7bbf, 0x7bbf, 0x7bbf, 0x7bbf, 0x7bbf, 0x7bbf, 0x7bbf, 0x7bbf,
    0x7bbf, 0x7fff, 0x7fff, 0x7fff, 0x7fff, 0x7fff, 0x7fff, 0x7fff, 0x7fff, 0x7fff, 0x7fff, 0x7fff,
    0x7fff, 0x7fff, 0x7fff, 0x7fff, 0x7fff, 0x7fff, 0x7fff, 0x7bbf, 0x7bbf, 0x7bbf, 0x7bbf, 0x7bbf,
    0x7bbf, 0x7bbf, 0x7bbf, 0x7bbf, 0x7bbf, 0x7bbf, 0x7bbf, 0x7bbf, 0x7bbf, 0x7bbf, 0x7bbf, 0x7bbf,
    0x7bbf, 0x7bbf, 0x7bbf, 0x7bbf, 0x7bbf, 0x7bbf, 0x7bbf, 0x7fff, 0x7fff, 0x7b9f, 0x7b9f, 0x7b9f,
    0x7b9f, 0x7b9f, 0x7b9f, 0x7b9f, 0x7b9f, 0x7b9f, 0x7b9f, 0x7fff, 0x7fff, 0x7fff, 0x7fff, 0x7fff,
    0x7fff, 0x7fff, 0x7fff, 0x7fff, 0x7fff, 0x7fff, 0x7fff, 0x7fff, 0x7fff, 0x7fff, 0x7fff, 0x7fff,
    0x7fff, 0x7fff, 0x7fff, 0x7fff, 0x7fff, 0x7fff, 0x7fff, 0x7fff, 0x7fff, 0x7fff, 0x7fff, 0x7fff,
    0x7fff, 0x7fff, 0x7fff, 0x7fff, 0x7fff, 0x7fff, 0x7fff, 0x7fff, 0x7fff, 0x7fff, 0x7fff, 0x7fff,
    0x7fff, 0x7fff, 0x7bbf, 0x7bbf, 0x7bbf, 0x7bbf, 0x7bbf, 0x7bbf, 0x7fff, 0x7fff, 0x7fff, 0x7fff,
    0x7fff, 0x7fff, 0x1888, 0x1888, 0x1888, 0x1888, 0x1888, 0x1888, 0x1888, 0x1888, 0x1888, 0x1888,
    0x1888, 0x1888, 0x1888, 0x1888, 0x1888, 0x1888, 0x1888, 0x1888, 0x1888, 0x1888, 0x1888, 0x1888,
    0x1888, 0x1888, 0x1888, 0x1888, 0x1888, 0x1888, 0x1888, 0x1888, 0x1888, 0x1888, 0x1888, 0x1888,
    0x1888, 0x1888, 0x1888, 0x1888, 0x7fff, 0x7fff, 0x7fff, 0x7fff, 0x7fff, 0x7bbf, 0x7bbf, 0x7bbf,
    0x7bbf, 0x7bbf, 0x7bbf, 0x7bbf, 0x7fff, 0x7fff, 0x7fff, 0x7fff, 0x7fff, 0x7fff, 0x7bbf, 0x7bbf,
    0x7bbf, 0x7bbf, 0x7bbf, 0x7fff, 0x7fff, 0x7fff, 0x7fff, 0x7fff, 0x7fff, 0x7fff, 0x7fff, 0x7fff,
    0x7fff, 0x7fff, 0x7fff, 0x7fff, 0x7fff, 0x1caf, 0x1caf, 0x1caf, 0x1caf, 0x7fff, 0x7fff, 0x7fff,
    0x7fff, 0x7bbf, 0x7bbf, 0x7bbf, 0x7bbf, 0x7bbf, 0x7bbf, 0x7bbf, 0x7bbf, 0x7fff, 0x7fff, 0x7fff,
    0x7fff, 0x7fff, 0x7fff, 0x7bbf, 0x7bbf, 0x7bbf, 0x7bbf, 0x7bbf, 0x7bbf, 0x7bbf, 0x7bbf, 0x7bbf,
    0x7bbf, 0x7bbf, 0x7bbf, 0x7bbf, 0x7bbf, 0x7bbf, 0x7bbf, 0x7bbf, 0x7bbf, 0x7bbf, 0x7bbf, 0x7bbf,
    0x7bbf, 0x7bbf, 0x7bbf, 0x7bbf, 0x7bbf, 0x7bbf, 0x7bbf, 0x7bbf, 0x7bbf, 0x7bbf, 0x7bbf, 0x7bbf,
    0x7bbf, 0x7bbf, 0x7fff, 0x7fff, 0x7fff, 0x7fff, 0x7fff, 0x7fff, 0x7fff, 0x7fff, 0x7fff, 0x7fff,
    0x7fff, 0x7fff, 0x7fff, 0x7fff, 0x7bbf, 0x7bbf, 0x7bbf, 0x7bbf, 0x7bbf, 0x7bbf, 0x7bbf, 0x7bbf,
    0x7bbf, 0x7bbf, 0x7bbf, 0x7bbf, 0x7bbf, 0x7bbf, 0x7bbf, 0x7bbf, 0x7bbf, 0x7bbf, 0x7bbf, 0x7bbf,
    0x7bbf, 0x7bbf, 0x7bbf, 0x7bbf, 0x7bbf, 0x7bbf, 0x7fff, 0x7b9f, 0x7b9f, 0x7b9f, 0x7b9f, 0x7b9f,
    0x7b9f, 0x7b9f, 0x7b9f, 0x7b9f, 0x7fff, 0x7fff, 0x7fff, 0x7fff, 0x7fff, 0x7fff, 0x7fff, 0x7fff,
    0x24cb, 0x24cb, 0x24cb, 0x24cb, 0x7fff, 0x7fff, 0x7fff, 0x7fff, 0x24cb, 0x24cb, 0x24cb, 0x24cb,
    0x7fff, 0x7fff, 0x7fff, 0x7fff, 0x24cb, 0x24cb, 0x24cb, 0x1caf, 0x7fff, 0x7fff, 0x7fff, 0x24cb,
    0x24cb, 0x24cb, 0x24cb, 0x7fff, 0x7fff, 0x7fff, 0x24cb, 0x24cb, 0x24cb, 0x24cb, 0x7fff, 0x7bbf,
    0x7bbf, 0x7bbf, 0x7bbf, 0x7bbf, 0x7bbf, 0x7fff, 0x24cb, 0x24cb, 0x24cb, 0x24cb, 0x7fff, 0x7bbf,
    0x7bbf, 0x7bbf, 0x1888, 0x7fff, 0x7fff, 0x7fff, 0x7fff, 0x7fff, 0x7fff, 0x7fff, 0x7fff, 0x7fff,
    0x7fff, 0x7fff, 0x7fff, 0x7fff, 0x7fff, 0x7fff, 0x7fff, 0x7fff, 0x7fff, 0x7fff, 0x7fff, 0x7fff,
    0x7fff, 0x7fff, 0x7fff, 0x7fff, 0x7fff, 0x7fff, 0x7fff, 0x7fff, 0x7fff, 0x7fff, 0x7fff, 0x7fff,
    0x7fff, 0x7fff, 0x7fff, 0x1888, 0x1caf, 0x7fff, 0x7bbf, 0x7bbf, 0x7bbf, 0x7bbf, 0x7bbf, 0x7bbf,
    0x7bbf, 0x7fff, 0x24cb, 0x24cb, 0x24cb, 0x1caf, 0x7fff, 0x7bbf, 0x7bbf, 0x7bbf, 0x7bbf, 0x7bbf,
    0x7bbf, 0x7fff, 0x7fff, 0x7fff, 0x1caf, 0x24cb, 0x24cb, 0x24cb, 0x24cb, 0x24cb, 0x24cb, 0x24cb,
    0x7fff, 0x7fff, 0x1caf, 0x24cb, 0x1caf, 0x1caf, 0x1caf, 0x1caf, 0x1caf, 0x7fff, 0x7bbf, 0x7bbf,
    0x7bbf, 0x7bbf, 0x7bbf, 0x7bbf, 0x7bbf, 0x7bbf, 0x7fff, 0x24cb, 0x24cb, 0x24cb, 0x24cb, 0x7fff,
    0x7bbf, 0x7bbf, 0x7bbf, 0x7bbf, 0x7bbf, 0x7bbf, 0x7bbf, 0x7bbf, 0x7bbf, 0x7bbf, 0x7bbf, 0x7bbf,
    0x7bbf, 0x7bbf, 0x7bbf, 0x7bbf, 0x7bbf, 0x7bbf, 0x7bbf, 0x7bbf, 0x7bbf, 0x7bbf, 0x7bbf, 0x7bbf,
    0x7bbf, 0x7bbf, 0x7bbf, 0x7bbf, 0x7bbf, 0x7bbf, 0x7bbf, 0x7bbf, 0x7bbf, 0x7bbf, 0x7fff, 0x7fff,
    0x7fff, 0x7fff, 0x7fff, 0x7fff, 0x7fff, 0x7fff, 0x7fff, 0x7fff, 0x7fff, 0x7fff, 0x7fff, 0x7fff,
    0x7bbf, 0x7bbf, 0x7bbf, 0x7bbf, 0x7bbf, 0x7bbf, 0x7bbf, 0x7bbf, 0x7bbf, 0x7bbf, 0x7bbf, 0x7bbf,
    0x7bbf, 0x7bbf, 0x7bbf, 0x7bbf, 0x7bbf, 0x7bbf, 0x7bbf, 0x7bbf, 0x7bbf, 0x7bbf, 0x7bbf, 0x7bbf,
    0x7bbf, 0x7b9f, 0x7b9f, 0x7b9f, 0x7b9f, 0x7b9f, 0x7b9f, 0x7b9f, 0x7b9f, 0x7fff, 0x7fff, 0x7fff,
    0x7fff, 0x7fff, 0x7fff, 0x7fff, 0x7fff, 0x7fff, 0x24cb, 0x1caf, 0x24cb, 0x24cb, 0x7fff, 0x7fff,
    0x7fff, 0x7fff, 0x1caf, 0x24cb, 0x24cb, 0x1caf, 0x7fff, 0x7fff, 0x7fff, 0x7fff, 0x24cb, 0x24cb,
    0x1caf, 0x24cb, 0x7fff, 0x7fff, 0x7fff, 0x1caf, 0x24cb, 0x1caf, 0x24cb, 0x7fff, 0x7fff, 0x7fff,
    0x1caf, 0x1caf, 0x24cb, 0x24cb, 0x7fff, 0x7bbf, 0x7bbf, 0x7bbf, 0x7bbf, 0x7bbf, 0x7bbf, 0x7fff,
    0x24cb, 0x24cb, 0x1caf, 0x24cb, 0x7fff, 0x7bbf, 0x7bbf, 0x7bbf, 0x7bbf, 0x7bbf, 0x7bbf, 0x7bbf,
    0x7bbf, 0x7fff, 0x1888, 0x7fff, 0x1888, 0x1888, 0x1888, 0x1888, 0x1888, 0x7fff, 0x7fff, 0x1888,
    0x1888, 0x1888, 0x1888, 0x1888, 0x7fff, 0x7fff, 0x1888, 0x1888, 0x1888, 0x1888, 0x1888, 0x1888,
    0x7fff, 0x7fff, 0x1888, 0x1888, 0x1888, 0x1888, 0x7fff, 0x7fff, 0x7fff, 0x1888, 0x1888, 0x1888,
    0x1888, 0x7fff, 0x7fff, 0x1888, 0x7bbf, 0x7fff, 0x7fff, 0x7fff, 0x24cb, 0x24cb, 0x24cb, 0x24cb,
    0x7fff, 0x7fff, 0x7fff, 0x7bbf, 0x7bbf, 0x7bbf, 0x7bbf, 0x7fff, 0x7fff, 0x7fff, 0x24cb, 0x24cb,
    0x1caf, 0x24cb, 0x24cb, 0x24cb, 0x1caf, 0x24cb, 0x7fff, 0x7fff, 0x1caf, 0x1caf, 0x1caf, 0x1caf,
    0x1caf, 0x1caf, 0x1caf, 0x7fff, 0x7fff, 0x7fff, 0x7bbf, 0x7bbf, 0x7bbf, 0x7bbf, 0x7fff, 0x7fff,
    0x7fff, 0x24cb, 0x24cb, 0x24cb, 0x24cb, 0x7fff, 0x7fff, 0x7fff, 0x7bbf, 0x7bbf, 0x7bbf, 0x7bbf,
    0x7bbf, 0x7bbf, 0x7bbf, 0x7bbf, 0x7bbf, 0x7bbf, 0x7bbf, 0x7bbf, 0x7bbf, 0x7bbf, 0x7bbf, 0x7bbf,
    0x7bbf, 0x7bbf, 0x7bbf, 0x7bbf, 0x7bbf, 0x7bbf, 0x7bbf, 0x7bbf, 0x7bbf, 0x7bbf, 0x7bbf, 0x7bbf,
    0x7bbf, 0x7bbf, 0x7bbf, 0x7fff, 0x7fff, 0x7fff, 0x7fff, 0x7fff, 0x7fff, 0x7fff, 0x7fff, 0x7fff,
    0x7fff, 0x7fff, 0x7fff, 0x7fff, 0x7fff, 0x7fff, 0x7fff, 0x7fff, 0x7fff, 0x7fff, 0x7fff, 0x7fff,
    0x7bbf, 0x7bbf, 0x7bbf, 0x7bbf, 0x7bbf, 0x7bbf, 0x7bbf, 0x7bbf, 0x7bbf, 0x7bbf, 0x7bbf, 0x7bbf,
    0x7bbf, 0x7bbf, 0x7bbf, 0x7bbf, 0x7bbf, 0x7bbf, 0x7bbf, 0x7bbf, 0x7b9f, 0x7b9f, 0x7b9f, 0x7b9f,
    0x7b9f, 0x7b9f, 0x7b9f, 0x7fff, 0x7fff, 0x7fff, 0x7fff, 0x7fff, 0x7fff, 0x7fff, 0x7fff, 0x7fff,
    0x1caf, 0x24cb, 0x1caf, 0x24cb, 0x7fff, 0x7fff, 0x7fff, 0x7fff, 0x1caf, 0x1caf, 0x24cb, 0x1caf,
    0x7fff, 0x7fff, 0x7fff, 0x7fff, 0x1caf, 0x1caf, 0x24cb, 0x1caf, 0x7fff, 0x7fff, 0x7fff, 0x24cb,
    0x1caf, 0x24cb, 0x24cb, 0x7fff, 0x7fff, 0x7fff, 0x1caf, 0x24cb, 0x1caf, 0x1caf, 0x7fff, 0x7bbf,
    0x7bbf, 0x7bbf, 0x7bbf, 0x7bbf, 0x7bbf, 0x7fff, 0x24cb, 0x1caf, 0x24cb, 0x24cb, 0x7fff, 0x7bbf,
    0x7bbf, 0x7bbf, 0x7bbf, 0x7bbf, 0x7bbf, 0x7bbf, 0x7bbf, 0x7fff, 0x1caf, 0x24cb, 0x1caf, 0x24cb,
    0x1caf, 0x24cb, 0x1888, 0x7fff, 0x1888, 0x1888, 0x7fff, 0x7fff, 0x1888, 0x1888, 0x7fff, 0x1888,
    0x1888, 0x7fff, 0x7fff, 0x1888, 0x1888, 0x7fff, 0x1888, 0x1888, 0x7fff, 0x7fff, 0x7fff, 0x7fff,
    0x7fff, 0x1888, 0x1888, 0x7fff, 0x7fff, 0x7fff, 0x7fff, 0x7fff, 0x1888, 0x1888, 0x7fff, 0x7fff,
    0x7fff, 0x7fff, 0x7fff, 0x1888, 0x1caf, 0x24cb, 0x1caf, 0x24cb, 0x7fff, 0x7bbf, 0x7bbf, 0x7bbf,
    0x7bbf, 0x7fff, 0x1caf, 0x1caf, 0x1caf, 0x1caf, 0x24cb, 0x1caf, 0x24cb, 0x1caf, 0x24cb, 0x1caf,
    0x7fff, 0x7fff, 0x1caf, 0x1caf, 0x24cb, 0x1caf, 0x1caf, 0x1caf, 0x1caf, 0x1caf, 0x1caf, 0x7fff,
    0x7bbf, 0x7bbf, 0x7bbf, 0x7bbf, 0x7fff, 0x1caf, 0x24cb, 0x24cb, 0x1caf, 0x1caf, 0x24cb, 0x1caf,
    0x1caf, 0x7fff, 0x7bbf, 0x7bbf, 0x7bbf, 0x7bbf, 0x7bbf, 0x7bbf, 0x7bbf, 0x7bbf, 0x7bbf, 0x7bbf,
    0x7bbf, 0x7bbf, 0x7bbf, 0x7bbf, 0x7bbf, 0x7bbf, 0x7bbf, 0x7bbf, 0x7bbf, 0x7bbf, 0x7bbf, 0x7bbf,
    0x7bbf, 0x7bbf, 0x7bbf, 0x7bbf, 0x7bbf, 0x7bbf, 0x7bbf, 0x7bbf, 0x7fff, 0x7fff, 0x7fff, 0x7fff,
    0x7fff, 0x7fff, 0x7fff, 0x7fff, 0x7fff, 0x7fff, 0x7fff, 0x7fff, 0x7fff, 0x7fff, 0x7fff, 0x7fff,
    0x7fff, 0x7fff, 0x7fff, 0x7fff, 0x7fff, 0x7fff, 0x7fff, 0x7fff, 0x7fff, 0x7fff, 0x7fff, 0x7fff,
    0x7bbf, 0x7bbf, 0x7bbf, 0x7bbf, 0x7bbf, 0x7bbf, 0x7bbf, 0x7bbf, 0x7bbf, 0x7bbf, 0x7bbf, 0x7bbf,
    0x7bbf, 0x7bbf, 0x7bbf, 0x7bbf, 0x7bbf, 0x7bbf, 0x7bbf, 0x7b9f, 0x7b9f, 0x7b9f, 0x7b9f, 0x7b9f,
    0x7b9f, 0x7fff, 0x7fff, 0x7fff, 0x7fff, 0x7fff, 0x7fff, 0x7fff, 0x7fff, 0x7fff, 0x1caf, 0x1caf,
    0x24cb, 0x1caf, 0x7fff, 0x7fff, 0x7fff, 0x7fff, 0x24cb, 0x1caf, 0x1caf, 0x1caf, 0x7fff, 0x7fff,
    0x7fff, 0x7fff, 0x1caf, 0x1caf, 0x1caf, 0x1caf, 0x7fff, 0x7fff, 0x7fff, 0x1caf, 0x1caf, 0x1caf,
    0x1caf, 0x7fff, 0x7bbf, 0x7fff, 0x1caf, 0x1caf, 0x1caf, 0x1caf, 0x7fff, 0x7bbf, 0x7bbf, 0x7bbf,
    0x7bbf, 0x7bbf, 0x7bbf, 0x7fff, 0x1caf, 0x1caf, 0x1caf, 0x1caf, 0x7fff, 0x7bbf, 0x7bbf, 0x7bbf,
    0x7bbf, 0x7bbf, 0x7bbf, 0x7fff, 0x7fff, 0x7fff, 0x1caf, 0x1caf, 0x1caf, 0x1caf, 0x1caf, 0x1caf,
    0x1caf, 0x1caf, 0x1888, 0x7fff, 0x1888, 0x1888, 0x7fff, 0x7fff, 0x1888, 0x1888, 0x7fff, 0x1888,
    0x1888, 0x7fff, 0x7fff, 0x1888, 0x1888, 0x7fff, 0x1888, 0x1888, 0x1888, 0x1888, 0x1888, 0x7fff,
    0x7fff, 0x1888, 0x1888, 0x1888, 0x1888, 0x1888, 0x7fff, 0x7fff, 0x1888, 0x1888, 0x1888, 0x1888,
    0x1888, 0x7fff, 0x7fff, 0x1888, 0x1caf, 0x24cb, 0x7fff, 0x7fff, 0x7fff, 0x7fff, 0x7fff, 0x7fff,
    0x1caf, 0x24cb, 0x1caf, 0x1caf, 0x1caf, 0x1caf, 0x1caf, 0x24cb, 0x24cb, 0x1caf, 0x7fff, 0x7fff,
    0x1caf, 0x1caf, 0x1caf, 0x1caf, 0x1caf, 0x1caf, 0x1caf, 0x1caf, 0x1caf, 0x7fff, 0x7fff, 0x7fff,
    0x7fff, 0x7fff, 0x7fff, 0x1caf, 0x24cb, 0x1caf, 0x24cb, 0x1caf, 0x1caf, 0x1caf, 0x24cb, 0x7fff,
    0x7fff, 0x7fff, 0x7bbf, 0x7bbf, 0x7bbf, 0x7bbf, 0x7bbf, 0x7bbf, 0x7bbf, 0x7bbf, 0x7bbf, 0x7bbf,
    0x7bbf, 0x7bbf, 0x7bbf, 0x7bbf, 0x7bbf, 0x7bbf, 0x7bbf, 0x7bbf, 0x7bbf, 0x7bbf, 0x7bbf, 0x7bbf,
    0x7bbf, 0x7bbf, 0x7bbf, 0x7bbf, 0x7bbf, 0x7fff, 0x7fff, 0x7fff, 0x7fff, 0x7fff, 0x7fff, 0x7fff,
    0x7fff, 0x7fff, 0x7fff, 0x7fff, 0x7fff, 0x7fff, 0x7fff, 0x7fff, 0x7fff, 0x7fff, 0x7fff, 0x7fff,
    0x7fff, 0x7fff, 0x7fff, 0x7fff, 0x7fff, 0x7fff, 0x7fff, 0x7fff, 0x7fff, 0x7fff, 0x7fff, 0x7fff,
    0x7bbf, 0x7bbf, 0x7bbf, 0x7bbf, 0x7bbf, 0x7bbf, 0x7bbf, 0x7bbf, 0x7bbf, 0x7bbf, 0x7bbf, 0x7bbf,
    0x7bbf, 0x7bbf, 0x7bbf, 0x7bbf, 0x7bbf, 0x7bbf, 0x7bbf, 0x7bbf, 0x7bbf, 0x7fff, 0x7b9f, 0x7b9f,
    0x7b9f, 0x7b9f, 0x7fff, 0x7fff, 0x7fff, 0x7fff, 0x7fff, 0x7fff, 0x7fff, 0x7fff, 0x7fff, 0x7fff,
    0x1caf, 0x1caf, 0x1caf, 0x1caf, 0x7fff, 0x7fff, 0x7fff, 0x7fff, 0x1caf, 0x1caf, 0x1caf, 0x1caf,
    0x7fff, 0x7fff, 0x7fff, 0x7fff, 0x1caf, 0x1caf, 0x1caf, 0x1caf, 0x7fff, 0x7fff, 0x7fff, 0x1caf,
    0x1caf, 0x1caf, 0x1caf, 0x7fff, 0x7bbf, 0x7fff, 0x1caf, 0x1caf, 0x1caf, 0x1caf, 0x7fff, 0x7bbf,
    0x7bbf, 0x7bbf, 0x7bbf, 0x7bbf, 0x7bbf, 0x7fff, 0x1caf, 0x1caf, 0x1caf, 0x1caf, 0x7fff, 0x7bbf,
    0x7bbf, 0x7bbf, 0x7bbf, 0x7bbf, 0x7bbf, 0x7fff, 0x1caf, 0x1caf, 0x1caf, 0x1caf, 0x7fff, 0x7fff,
    0x7fff, 0x7fff, 0x1888, 0x7fff, 0x1888, 0x1888, 0x1888, 0x1888, 0x1888, 0x7fff, 0x7fff, 0x1888,
    0x1888, 0x1888, 0x1888, 0x1888, 0x7fff, 0x7fff, 0x1888, 0x1888, 0x1888, 0x1888, 0x1888, 0x7fff,
    0x7fff, 0x7fff, 0x1888, 0x1888, 0x1888, 0x1888, 0x1888, 0x7fff, 0x7fff, 0x1888, 0x1888, 0x1888,
    0x1888, 0x1888, 0x7fff, 0x1888, 0x7fff, 0x7fff, 0x1caf, 0x1caf, 0x1caf, 0x1caf, 0x7fff, 0x7fff,
    0x1caf, 0x1caf, 0x1caf, 0x1caf, 0x7fff, 0x7fff, 0x7fff, 0x7fff, 0x1caf, 0x1caf, 0x24cb, 0x1caf,
    0x7fff, 0x7fff, 0x1caf, 0x1caf, 0x1caf, 0x1caf, 0x7fff, 0x7fff, 0x7fff, 0x1caf, 0x1caf, 0x1caf,
    0x1caf, 0x7fff, 0x7fff, 0x1caf, 0x1caf, 0x24cb, 0x1caf, 0x7fff, 0x7fff, 0x7fff, 0x7fff, 0x1caf,
    0x1caf, 0x1caf, 0x1caf, 0x7fff, 0x7bbf, 0x7bbf, 0x7bbf, 0x7bbf, 0x7bbf, 0x7bbf, 0x7bbf, 0x7bbf,
    0x7bbf, 0x7bbf, 0x7bbf, 0x7bbf, 0x7bbf, 0x7bbf, 0x7bbf, 0x7bbf, 0x7bbf, 0x7bbf, 0x7bbf, 0x7bbf,
    0x7bbf, 0x7bbf, 0x7bbf, 0x7bbf, 0x7bbf, 0x7bbf, 0x7bbf, 0x7fff, 0x7fff, 0x7fff, 0x7fff, 0x7fff,
    0x7fff, 0x7fff, 0x7fff, 0x7fff, 0x7fff, 0x7fff, 0x7fff, 0x7fff, 0x7fff, 0x7fff, 0x7fff, 0x7fff,
    0x7fff, 0x7fff, 0x7fff, 0x7fff, 0x7fff, 0x7fff, 0x7fff, 0x7fff, 0x7fff, 0x7fff, 0x7fff, 0x7fff,
    0x7bbf, 0x7bbf, 0x7bbf, 0x7bbf, 0x7bbf, 0x7bbf, 0x7bbf, 0x7bbf, 0x7bbf, 0x7bbf, 0x7bbf, 0x7bbf,
    0x7bbf, 0x7bbf, 0x7bbf, 0x7bbf, 0x7bbf, 0x7bbf, 0x7bbf, 0x7bbf, 0x7bbf, 0x7bbf, 0x7bbf, 0x7bbf,
    0x7bbf, 0x7bbf, 0x7fff, 0x7fff, 0x7fff, 0x7b9f, 0x7b9f, 0x7fff, 0x7fff, 0x7fff, 0x7fff, 0x7fff,
    0x7fff, 0x7fff, 0x7fff, 0x7fff, 0x7fff, 0x7fff, 0x1caf, 0x1caf, 0x1caf, 0x1caf, 0x7fff, 0x7fff,
    0x7fff, 0x7fff, 0x1caf, 0x1caf, 0x1caf, 0x1caf, 0x7fff, 0x7fff, 0x7fff, 0x7fff, 0x1caf, 0x1caf,
    0x1caf, 0x1caf, 0x7fff, 0x7fff, 0x7fff, 0x1caf, 0x1caf, 0x1caf, 0x1caf, 0x7fff, 0x7bbf, 0x7fff,
    0x1caf, 0x1caf, 0x1caf, 0x1caf, 0x7fff, 0x7bbf, 0x7bbf, 0x7bbf, 0x7bbf, 0x7bbf, 0x7bbf, 0x7fff,
    0x1caf, 0x1caf, 0x1caf, 0x1caf, 0x7fff, 0x7bbf, 0x7bbf, 0x7bbf, 0x7bbf, 0x7bbf, 0x7bbf, 0x7fff,
    0x1caf, 0x1caf, 0x1888, 0x7fff, 0x1888, 0x1888, 0x7fff, 0x7fff, 0x7fff, 0x7fff, 0x7fff, 0x1888,
    0x1888, 0x7fff, 0x7fff, 0x1888, 0x1888, 0x7fff, 0x1888, 0x1888, 0x7fff, 0x7fff, 0x7fff, 0x7fff,
    0x7fff, 0x7fff, 0x7fff, 0x7fff, 0x7fff, 0x1888, 0x1888, 0x7fff, 0x7fff, 0x7fff, 0x7fff, 0x7fff,
    0x1888, 0x1888, 0x7fff, 0x1888, 0x1caf, 0x1caf, 0x24cb, 0x1caf, 0x7fff, 0x7bbf, 0x7bbf, 0x7fff,
    0x1caf, 0x1caf, 0x24cb, 0x1caf, 0x7fff, 0x7fff, 0x1caf, 0x1caf, 0x1caf, 0x1caf, 0x7fff, 0x7bbf,
    0x7bbf, 0x7fff, 0x1caf, 0x1caf, 0x1caf, 0x1caf, 0x7fff, 0x7fff, 0x1caf, 0x1caf, 0x1caf, 0x1caf,
    0x7fff, 0x7bbf, 0x7fff, 0x1caf, 0x1caf, 0x1caf, 0x1caf, 0x7fff, 0x7fff, 0x1caf, 0x1caf, 0x1caf,
    0x1caf, 0x7fff, 0x7bbf, 0x7bbf, 0x7fff, 0x1caf, 0x1caf, 0x1caf, 0x1caf, 0x7fff, 0x7bbf, 0x7bbf,
    0x7bbf, 0x7bbf, 0x7bbf, 0x7bbf, 0x7bbf, 0x7bbf, 0x7bbf, 0x7bbf, 0x7bbf, 0x7bbf, 0x7bbf, 0x7bbf,
    0x7bbf, 0x7bbf, 0x7bbf, 0x7bbf, 0x7bbf, 0x7bbf, 0x7bbf, 0x7bbf, 0x7bbf, 0x7bbf, 0x7bbf, 0x7bbf,
    0x7bbf, 0x7fff, 0x7fff, 0x7fff, 0x7fff, 0x7fff, 0x7fff, 0x7fff, 0x7fff, 0x7fff, 0x7fff, 0x7fff,
    0x7fff, 0x7fff, 0x7fff, 0x7fff, 0x7fff, 0x7fff, 0x7fff, 0x7fff, 0x7fff, 0x7fff, 0x7fff, 0x7fff,
    0x7bbf, 0x7bbf, 0x7bbf, 0x7bbf, 0x7bbf, 0x7bbf, 0x7bbf, 0x7bbf, 0x7bbf, 0x7bbf, 0x7bbf, 0x7bbf,
    0x7bbf, 0x7bbf, 0x7bbf, 0x7bbf, 0x7bbf, 0x7bbf, 0x7bbf, 0x7bbf, 0x7bbf, 0x7bbf, 0x7bbf, 0x7bbf,
    0x7bbf, 0x7bbf, 0x7bbf, 0x7bbf, 0x7bbf, 0x7bbf, 0x7bbf, 0x7bbf, 0x7fff, 0x7fff, 0x7fff, 0x7fff,
    0x7fff, 0x7fff, 0x7fff, 0x7fff, 0x7fff, 0x7fff, 0x7fff, 0x7fff, 0x7fff, 0x7fff, 0x7fff, 0x7fff,
    0x1caf, 0x1caf, 0x1caf, 0x1caf, 0x7fff, 0x7fff, 0x7fff, 0x7fff, 0x1caf, 0x1caf, 0x1caf, 0x1caf,
    0x7fff, 0x7fff, 0x7fff, 0x7fff, 0x1caf, 0x1caf, 0x1caf, 0x1caf, 0x7fff, 0x7fff, 0x7fff, 0x1caf,
    0x1caf, 0x1caf, 0x1caf, 0x7fff, 0x7bbf, 0x7fff, 0x1caf, 0x1caf, 0x1caf, 0x1caf, 0x7fff, 0x7bbf,
    0x7bbf, 0x7bbf, 0x7bbf, 0x7bbf, 0x7bbf, 0x7fff, 0x1caf, 0x1caf, 0x1caf, 0x1caf, 0x7fff, 0x7bbf,
    0x7bbf, 0x7bbf, 0x1888, 0x7fff, 0x1888, 0x1888, 0x7fff, 0x7fff, 0x7fff, 0x7fff, 0x7fff, 0x1888,
    0x1888, 0x7fff, 0x7fff, 0x1888, 0x1888, 0x7fff, 0x1888, 0x1888, 0x1888, 0x1888, 0x1888, 0x1888,
    0x7fff, 0x7fff, 0x1888, 0x1888, 0x1888, 0x1888, 0x7fff, 0x7fff, 0x7fff, 0x1888, 0x1888, 0x1888,
    0x1888, 0x7fff, 0x7fff, 0x1888, 0x7fff, 0x1caf, 0x1caf, 0x1caf, 0x7fff, 0x7fff, 0x1caf, 0x1caf,
    0x1caf, 0x1caf, 0x7fff, 0x7bbf, 0x7bbf, 0x7fff, 0x30d2, 0x1caf, 0x1caf, 0x30d2, 0x7fff, 0x7fff,
    0x1caf, 0x24cb, 0x1caf, 0x1caf, 0x7fff, 0x7bbf, 0x7bbf, 0x7fff, 0x1caf, 0x1caf, 0x1caf, 0x1caf,
    0x7fff, 0x7fff, 0x1caf, 0x1caf, 0x1caf, 0x1caf, 0x7fff, 0x7bbf, 0x7fff, 0x1caf, 0x1caf, 0x1caf,
    0x1caf, 0x7fff, 0x7fff, 0x1caf, 0x24cb, 0x1caf, 0x1caf, 0x7fff, 0x7bbf, 0x7bbf, 0x7fff, 0x1caf,
    0x1caf, 0x24cb, 0x1caf, 0x7fff, 0x7bbf, 0x7bbf, 0x7bbf, 0x7bbf, 0x7bbf, 0x7bbf, 0x7bbf, 0x7bbf,
    0x7bbf, 0x7bbf, 0x7bbf, 0x7bbf, 0x7bbf, 0x7bbf, 0x7bbf, 0x7bbf, 0x7bbf, 0x7bbf, 0x7bbf, 0x7bbf,
    0x7bbf, 0x7bbf, 0x7bbf, 0x7bbf, 0x7bbf, 0x7bbf, 0x7bbf, 0x7fff, 0x7fff, 0x7fff, 0x7fff, 0x7fff,
    0x7fff, 0x7fff, 0x7fff, 0x7fff, 0x7fff, 0x7fff, 0x7fff, 0x7fff, 0x7fff, 0x7fff, 0x7fff, 0x7fff,
    0x7fff, 0x7bbf, 0x7bbf, 0x7bbf, 0x7bbf, 0x7bbf, 0x7bbf, 0x7bbf, 0x7bbf, 0x7bbf, 0x7bbf, 0x7bbf,
    0x7bbf, 0x7bbf, 0x7bbf, 0x7bbf, 0x7bbf, 0x7bbf, 0x7bbf, 0x7bbf, 0x7bbf, 0x7bbf, 0x7bbf, 0x7bbf,
    0x7bbf, 0x7bbf, 0x7bbf, 0x7bbf, 0x7bbf, 0x7bbf, 0x7bbf, 0x7bbf, 0x7bbf, 0x7bbf, 0x7bbf, 0x7bbf,
    0x7fff, 0x7fff, 0x7fff, 0x7fff, 0x7fff, 0x7fff, 0x7fff, 0x7fff, 0x7fff, 0x7fff, 0x7fff, 0x7fff,
    0x7fff, 0x7fff, 0x7fff, 0x7fff, 0x1caf, 0x1caf, 0x1caf, 0x1caf, 0x7fff, 0x7fff, 0x7fff, 0x7fff,
    0x1caf, 0x1caf, 0x1caf, 0x1caf, 0x7fff, 0x7fff, 0x7fff, 0x7fff, 0x1caf, 0x1caf, 0x1caf, 0x1caf,
    0x7fff, 0x7fff, 0x7fff, 0x1caf, 0x1caf, 0x1caf, 0x1caf, 0x7fff, 0x7bbf, 0x7fff, 0x1caf, 0x1caf,
    0x1caf, 0x1caf, 0x7fff, 0x7bbf, 0x7bbf, 0x7bbf, 0x7bbf, 0x7bbf, 0x7bbf, 0x7fff, 0x1caf, 0x1caf,
    0x1caf, 0x30d2, 0x1888, 0x7fff, 0x7fff, 0x7fff, 0x7fff, 0x7fff, 0x7fff, 0x7fff, 0x7fff, 0x7fff,
    0x7fff, 0x7fff, 0x7fff, 0x7fff, 0x7fff, 0x7fff, 0x7fff, 0x7fff, 0x7fff, 0x7fff, 0x7fff, 0x7fff,
    0x7fff, 0x7fff, 0x7fff, 0x7fff, 0x7fff, 0x7fff, 0x7fff, 0x7fff, 0x7fff, 0x7fff, 0x7fff, 0x7fff,
    0x7fff, 0x7fff, 0x7fff, 0x1888, 0x7fff, 0x7fff, 0x7fff, 0x7fff, 0x7fff, 0x1caf, 0x30d2, 0x1caf,
    0x7fff, 0x7fff, 0x1caf, 0x1caf, 0x1caf, 0x1caf, 0x7fff, 0x7bbf, 0x7bbf, 0x7fff, 0x1caf, 0x1caf,
    0x1caf, 0x1caf, 0x7fff, 0x7fff, 0x1caf, 0x1caf, 0x1caf, 0x1caf, 0x7fff, 0x7bbf, 0x7bbf, 0x7fff,
    0x30d2, 0x1caf, 0x24cb, 0x1caf, 0x7fff, 0x7fff, 0x1caf, 0x1caf, 0x1caf, 0x1caf, 0x7fff, 0x7bbf,
    0x7fff, 0x1caf, 0x1caf, 0x1caf, 0x1caf, 0x7fff, 0x7fff, 0x1caf, 0x1caf, 0x1caf, 0x1caf, 0x7fff,
    0x7bbf, 0x7bbf, 0x7fff, 0x1caf, 0x1caf, 0x1caf, 0x1caf, 0x7fff, 0x7bbf, 0x7bbf, 0x7bbf, 0x7bbf,
    0x7bbf, 0x7bbf, 0x7bbf, 0x7bbf, 0x7bbf, 0x7bbf, 0x7bbf, 0x7bbf, 0x7bbf, 0x7bbf, 0x7bbf, 0x7bbf,
    0x7bbf, 0x7bbf, 0x7bbf, 0x7bbf, 0x7bbf, 0x7bbf, 0x7bbf, 0x7bbf, 0x7bbf, 0x7bbf, 0x7bbf, 0x7fff,
    0x7fff, 0x7fff, 0x7fff, 0x7fff, 0x7fff, 0x7fff, 0x7fff, 0x7fff, 0x7fff, 0x7fff, 0x7fff, 0x7fff,
    0x7fff, 0x7fff, 0x7fff, 0x7bbf, 0x7bbf, 0x7bbf, 0x7bbf, 0x7bbf, 0x7bbf, 0x7bbf, 0x7bbf, 0x7bbf,
    0x7bbf, 0x7bbf, 0x7bbf, 0x7bbf, 0x7bbf, 0x7bbf, 0x7bbf, 0x7bbf, 0x7bbf, 0x7bbf, 0x7bbf, 0x7bbf,
    0x7bbf, 0x7bbf, 0x7bbf, 0x7bbf, 0x7bbf, 0x7bbf, 0x7bbf, 0x7bbf, 0x7bbf, 0x7bbf, 0x7bbf, 0x7bbf,
    0x7bbf, 0x7fff, 0x7fff, 0x7fff, 0x7fff, 0x7fff, 0x7fff, 0x7fff, 0x7fff, 0x7fff, 0x7fff, 0x7fff,
    0x7fff, 0x7fff, 0x7fff, 0x7fff, 0x7fff, 0x1caf, 0x1caf, 0x1caf, 0x1caf, 0x7fff, 0x7fff, 0x7fff,
    0x7fff, 0x1caf, 0x1caf, 0x1caf, 0x1caf, 0x7fff, 0x7fff, 0x7fff, 0x7fff, 0x1caf, 0x1caf, 0x1caf,
    0x1caf, 0x7fff, 0x7fff, 0x7fff, 0x1caf, 0x1caf, 0x1caf, 0x1caf, 0x7fff, 0x7bbf, 0x7fff, 0x1caf,
    0x1caf, 0x1caf, 0x1caf, 0x7fff, 0x7bbf, 0x7bbf, 0x7bbf, 0x7bbf, 0x7bbf, 0x7bbf, 0x7fff, 0x1caf,
    0x1caf, 0x1caf, 0x1888, 0x7fff, 0x7fff, 0x7fff, 0x7fff, 0x7fff, 0x7fff, 0x7fff, 0x7fff, 0x7fff,
    0x7fff, 0x7fff, 0x7fff, 0x7fff, 0x7fff, 0x7fff, 0x7fff, 0x7fff, 0x7fff, 0x7fff, 0x7fff, 0x7fff,
    0x7fff, 0x7fff, 0x7fff, 0x7fff, 0x7fff, 0x7fff, 0x7fff, 0x7fff, 0x7fff, 0x7fff, 0x7fff, 0x7fff,
    0x7fff, 0x7fff, 0x7fff, 0x1888, 0x7bbf, 0x7bbf, 0x7bbf, 0x7bbf, 0x7bbf, 0x7fff, 0x1caf, 0x1caf,
    0x1caf, 0x7fff, 0x7fff, 0x1caf, 0x1caf, 0x1caf, 0x1caf, 0x7fff, 0x7bbf, 0x7bbf, 0x7fff, 0x7fff,
    0x7fff, 0x7fff, 0x7fff, 0x7fff, 0x7fff, 0x1caf, 0x1caf, 0x1caf, 0x1caf, 0x7fff, 0x7bbf, 0x7bbf,
    0x7fff, 0x1caf, 0x1caf, 0x1caf, 0x1caf, 0x7fff, 0x7fff, 0x1caf, 0x1caf, 0x1caf, 0x1caf, 0x7fff,
    0x7bbf, 0x7fff, 0x1caf, 0x1caf, 0x1caf, 0x1caf, 0x7fff, 0x7fff, 0x1caf, 0x1caf, 0x1caf, 0x1caf,
    0x7fff, 0x7bbf, 0x7bbf, 0x7fff, 0x7fff, 0x7fff, 0x7fff, 0x7fff, 0x7fff, 0x7bbf, 0x7bbf, 0x7bbf,
    0x7bbf, 0x7bbf, 0x7bbf, 0x7bbf, 0x7bbf, 0x7bbf, 0x7bbf, 0x7bbf, 0x7bbf, 0x7bbf, 0x7bbf, 0x7bbf,
    0x7bbf, 0x7bbf, 0x7bbf, 0x7bbf, 0x7bbf, 0x7bbf, 0x7bbf, 0x7bbf, 0x7bbf, 0x7bbf, 0x7bbf, 0x7bbf,
    0x7fff, 0x7fff, 0x7fff, 0x7fff, 0x7fff, 0x7fff, 0x7fff, 0x7fff, 0x7fff, 0x7fff, 0x7fff, 0x7fff,
    0x7bbf, 0x7bbf, 0x7bbf, 0x7bbf, 0x7bbf, 0x7bbf, 0x7bbf, 0x7bbf, 0x7bbf, 0x7bbf, 0x7bbf, 0x7bbf,
    0x7bbf, 0x7bbf, 0x7bbf, 0x7bbf, 0x7bbf, 0x7bbf, 0x7bbf, 0x7bbf, 0x7bbf, 0x7bbf, 0x7bbf, 0x7bbf,
    0x7bbf, 0x7bbf, 0x7bbf, 0x7bbf, 0x7bbf, 0x7bbf, 0x7bbf, 0x7bbf, 0x7bbf, 0x7bbf, 0x7fff, 0x7fff,
    0x7fff, 0x7fff, 0x7fff, 0x7fff, 0x7fff, 0x7fff, 0x7fff, 0x7fff, 0x7fff, 0x7fff, 0x7fff, 0x7fff,
    0x7fff, 0x7fff, 0x1caf, 0x1caf, 0x1caf, 0x1caf, 0x7fff, 0x7fff, 0x7fff, 0x7fff, 0x1caf, 0x1caf,
    0x1caf, 0x1caf, 0x7fff, 0x7fff, 0x7fff, 0x7fff, 0x1caf, 0x1caf, 0x1caf, 0x1caf, 0x7fff, 0x7fff,
    0x7fff, 0x1caf, 0x1caf, 0x1caf, 0x1caf, 0x7fff, 0x7bbf, 0x7fff, 0x1caf, 0x1caf, 0x1caf, 0x1caf,
    0x7fff, 0x7bbf, 0x7bbf, 0x7bbf, 0x7bbf, 0x7bbf, 0x7bbf, 0x7fff, 0x1caf, 0x1caf, 0x1caf, 0x1caf,
    0x7fff, 0x7bbf, 0x1888, 0x7fff, 0x7fff, 0x1888, 0x1888, 0x1888, 0x1888, 0x7fff, 0x7fff, 0x1888,
    0x1888, 0x1888, 0x1888, 0x1888, 0x1888, 0x7fff, 0x7fff, 0x1888, 0x1888, 0x1888, 0x1888, 0x7fff,
    0x7fff, 0x1888, 0x1888, 0x1888, 0x1888, 0x1888, 0x7fff, 0x7fff, 0x1888, 0x1888, 0x1888, 0x1888,
    0x1888, 0x1888, 0x7fff, 0x1888, 0x7bbf, 0x7bbf, 0x7fff, 0x1caf, 0x1caf, 0x1caf, 0x7fff, 0x7fff,
    0x1caf, 0x1caf, 0x1caf, 0x1caf, 0x7fff, 0x7bbf, 0x7bbf, 0x7bbf, 0x7bbf, 0x7bbf, 0x7bbf, 0x7bbf,
    0x7bbf, 0x7fff, 0x1caf, 0x1caf, 0x1caf, 0x1caf, 0x7fff, 0x7fff, 0x7fff, 0x7fff, 0x1caf, 0x1caf,
    0x1caf, 0x1caf, 0x7fff, 0x7fff, 0x1caf, 0x1caf, 0x1caf, 0x1caf, 0x7fff, 0x7bbf, 0x7fff, 0x1caf,
    0x1caf, 0x1caf, 0x1caf, 0x7fff, 0x7fff, 0x1caf, 0x1caf, 0x1caf, 0x1caf, 0x7fff, 0x7bbf, 0x7bbf,
    0x7bbf, 0x7bbf, 0x7bbf, 0x7bbf, 0x7bbf, 0x7bbf, 0x7bbf, 0x7bbf, 0x7bbf, 0x7bbf, 0x7bbf, 0x7bbf,
    0x7bbf, 0x7bbf, 0x7bbf, 0x7bbf, 0x7bbf, 0x7bbf, 0x7bbf, 0x7bbf, 0x7bbf, 0x7bbf, 0x7bbf, 0x7bbf,
    0x7bbf, 0x7bbf, 0x7bbf, 0x7bbf, 0x7bbf, 0x7bbf, 0x7bbf, 0x7bbf, 0x7bbf, 0x7fff, 0x7fff, 0x7fff,
    0x7fff, 0x7fff, 0x7fff, 0x7fff, 0x7fff, 0x7fff, 0x7fff, 0x7fff, 0x7fff, 0x7fff, 0x7fff, 0x7fff,
    0x7bbf, 0x7bbf, 0x7bbf, 0x7bbf, 0x7bbf, 0x7bbf, 0x7bbf, 0x7bbf, 0x7bbf, 0x7bbf, 0x7bbf, 0x7bbf,
    0x7bbf, 0x7bbf, 0x7bbf, 0x7bbf, 0x7bbf, 0x7bbf, 0x7bbf, 0x7bbf, 0x7bbf, 0x7bbf, 0x7bbf, 0x7bbf,
    0x7bbf, 0x7bbf, 0x7bbf, 0x7bbf, 0x7bbf, 0x7bbf, 0x7fff, 0x7fff, 0x7fff, 0x7fff, 0x7fff, 0x7fff,
    0x7fff, 0x7fff, 0x7fff, 0x7fff, 0x7fff, 0x7fff, 0x7fff, 0x7fff, 0x7fff, 0x7fff, 0x1caf, 0x1caf,
    0x1caf, 0x1caf, 0x7fff, 0x7fff, 0x7fff, 0x7fff, 0x1caf, 0x1caf, 0x1caf, 0x1caf, 0x7fff, 0x7fff,
    0x7fff, 0x7fff, 0x1caf, 0x1caf, 0x1caf, 0x1caf, 0x7fff, 0x7fff, 0x7fff, 0x1caf, 0x1caf, 0x1caf,
    0x1caf, 0x7fff, 0x7bbf, 0x7fff, 0x1caf, 0x1caf, 0x1caf, 0x1caf, 0x7fff, 0x7bbf, 0x7bbf, 0x7bbf,
    0x7bbf, 0x7bbf, 0x7bbf, 0x7fff, 0x1caf, 0x1caf, 0x1caf, 0x1caf, 0x7fff, 0x7bbf, 0x7bbf, 0x7bbf,
    0x7bbf, 0x7bbf, 0x1888, 0x7fff, 0x1888, 0x1888, 0x7fff, 0x7fff, 0x7fff, 0x7fff, 0x7fff, 0x7fff,
    0x7fff, 0x1888, 0x1888, 0x7fff, 0x7fff, 0x7fff, 0x1888, 0x1888, 0x7fff, 0x7fff, 0x1888, 0x1888,
    0x7fff, 0x1888, 0x1888, 0x7fff, 0x7fff, 0x1888, 0x1888, 0x7fff, 0x7fff, 0x7fff, 0x1888, 0x1888,
    0x7fff, 0x7fff, 0x7fff, 0x1888, 0x1caf, 0x1caf, 0x7fff, 0x7fff, 0x30d2, 0x1caf, 0x1caf, 0x1caf,
    0x7fff, 0x7bbf, 0x7bbf, 0x7bbf, 0x7bbf, 0x7bbf, 0x7bbf, 0x7bbf, 0x7bbf, 0x7fff, 0x7fff, 0x7fff,
    0x1caf, 0x1caf, 0x1caf, 0x1caf, 0x1caf, 0x1caf, 0x1caf, 0x1caf, 0x1caf, 0x1caf, 0x7fff, 0x7fff,
    0x1caf, 0x1caf, 0x1caf, 0x1caf, 0x7fff, 0x7bbf, 0x7fff, 0x1caf, 0x1caf, 0x1caf, 0x1caf, 0x7fff,
    0x7fff, 0x1caf, 0x1caf, 0x1caf, 0x1caf, 0x7fff, 0x7bbf, 0x7bbf, 0x7bbf, 0x7bbf, 0x7bbf, 0x7bbf,
    0x7bbf, 0x7bbf, 0x7bbf, 0x7bbf, 0x7bbf, 0x7bbf, 0x7bbf, 0x7bbf, 0x7bbf, 0x7bbf, 0x7bbf, 0x7bbf,
    0x7bbf, 0x7bbf, 0x7bbf, 0x7bbf, 0x7bbf, 0x7bbf, 0x7bbf, 0x7bbf, 0x7bbf, 0x7bbf, 0x7bbf, 0x7bbf,
    0x7bbf, 0x7bbf, 0x7bbf, 0x7bbf, 0x7bbf, 0x7fff, 0x7fff, 0x7fff, 0x7fff, 0x7fff, 0x7fff, 0x7fff,
    0x7fff, 0x7fff, 0x7fff, 0x7fff, 0x7fff, 0x7fff, 0x7fff, 0x7fff, 0x7fff, 0x7fff, 0x7fff, 0x7fff,
    0x7bbf, 0x7bbf, 0x7bbf, 0x7bbf, 0x7bbf, 0x7bbf, 0x7bbf, 0x7bbf, 0x7bbf, 0x7bbf, 0x7bbf, 0x7bbf,
    0x7bbf, 0x7bbf, 0x7bbf, 0x7bbf, 0x7bbf, 0x7bbf, 0x7bbf, 0x7bbf, 0x7bbf, 0x7bbf, 0x7bbf, 0x7bbf,
    0x7fff, 0x7fff, 0x7fff, 0x7fff, 0x7fff, 0x7fff, 0x7fff, 0x7fff, 0x7fff, 0x7fff, 0x7fff, 0x7fff,
    0x7fff, 0x7fff, 0x7fff, 0x7fff, 0x1caf, 0x1caf, 0x1caf, 0x1caf, 0x7fff, 0x7fff, 0x7fff, 0x7fff,
    0x1caf, 0x1caf, 0x1caf, 0x1caf, 0x7fff, 0x7fff, 0x7fff, 0x7fff, 0x1caf, 0x1caf, 0x1caf, 0x1caf,
    0x7fff, 0x7fff, 0x7fff, 0x1caf, 0x1caf, 0x1caf, 0x1caf, 0x7fff, 0x7bbf, 0x7fff, 0x1caf, 0x1caf,
    0x1caf, 0x1caf, 0x7fff, 0x7bbf, 0x7bbf, 0x7bbf, 0x7bbf, 0x7bbf, 0x7bbf, 0x7fff, 0x1caf, 0x1caf,
    0x1caf, 0x1caf, 0x7fff, 0x7bbf, 0x7bbf, 0x7bbf, 0x7bbf, 0x7bbf, 0x7bbf, 0x7fff, 0x1caf, 0x1caf,
    0x1caf, 0x1caf, 0x1888, 0x7fff, 0x1888, 0x1888, 0x1888, 0x1888, 0x1888, 0x7fff, 0x7fff, 0x7fff,
    0x7fff, 0x1888, 0x1888, 0x7fff, 0x7fff, 0x7fff, 0x1888, 0x1888, 0x7fff, 0x7fff, 0x1888, 0x1888,
    0x7fff, 0x1888, 0x1888, 0x7fff, 0x7fff, 0x1888, 0x1888, 0x7fff, 0x7fff, 0x7fff, 0x1888, 0x1888,
    0x7fff, 0x7fff, 0x7fff, 0x1888, 0x1caf, 0x1caf, 0x7fff, 0x7bbf, 0x7bbf, 0x7bbf, 0x7bbf, 0x7bbf,
    0x7bbf, 0x7bbf, 0x7bbf, 0x7bbf, 0x7bbf, 0x7fff, 0x1caf, 0x1caf, 0x1caf, 0x1caf, 0x1caf, 0x1caf,
    0x1caf, 0x1caf, 0x1caf, 0x1caf, 0x7fff, 0x7fff, 0x1caf, 0x1caf, 0x1caf, 0x1caf, 0x7fff, 0x7bbf,
    0x7fff, 0x1caf, 0x1caf, 0x1caf, 0x1caf, 0x7fff, 0x7fff, 0x1caf, 0x1caf, 0x1caf, 0x1caf, 0x7fff,
    0x7fff, 0x7fff, 0x7fff, 0x7fff, 0x7bbf, 0x7bbf, 0x7bbf, 0x7bbf, 0x7bbf, 0x7bbf, 0x7bbf, 0x7bbf,
    0x7bbf, 0x7bbf, 0x7bbf, 0x7bbf, 0x7bbf, 0x7bbf, 0x7bbf, 0x7bbf, 0x7bbf, 0x7bbf, 0x7bbf, 0x7bbf,
    0x7bbf, 0x7bbf, 0x7bbf, 0x7bbf, 0x7bbf, 0x7bbf, 0x7bbf, 0x7bbf, 0x7bbf, 0x7bbf, 0x7bbf, 0x7fff,
    0x7fff, 0x7fff, 0x7fff, 0x7fff, 0x7fff, 0x7fff, 0x7fff, 0x7fff, 0x7fff, 0x7fff, 0x7fff, 0x7fff,
    0x7fff, 0x7fff, 0x7fff, 0x7fff, 0x7fff, 0x7fff, 0x7fff, 0x7fff, 0x7fff, 0x7fff, 0x7fff, 0x7fff,
    0x7bbf, 0x7bbf, 0x7bbf, 0x7bbf, 0x7bbf, 0x7bbf, 0x7bbf, 0x7bbf, 0x7bbf, 0x7bbf, 0x7bbf, 0x7bbf,
    0x7bbf, 0x7bbf, 0x7bbf, 0x7bbf, 0x7bbf, 0x7bbf, 0x7bbf, 0x7fff, 0x7fff, 0x7fff, 0x7fff, 0x7fff,
    0x7fff, 0x7fff, 0x7fff, 0x7fff, 0x7fff, 0x7fff, 0x7fff, 0x7fff, 0x7fff, 0x7fff, 0x7fff, 0x1caf,
    0x1caf, 0x1caf, 0x1caf, 0x7fff, 0x7fff, 0x7fff, 0x7fff, 0x1caf, 0x1caf, 0x1caf, 0x1caf, 0x7fff,
    0x7fff, 0x7fff, 0x7fff, 0x1caf, 0x1caf, 0x1caf, 0x1caf, 0x7fff, 0x7fff, 0x7fff, 0x1caf, 0x1caf,
    0x1caf, 0x1caf, 0x7fff, 0x7bbf, 0x7fff, 0x1caf, 0x1caf, 0x1caf, 0x1caf, 0x7fff, 0x7bbf, 0x7bbf,
    0x7bbf, 0x7bbf, 0x7bbf, 0x7bbf, 0x7fff, 0x1caf, 0x1caf, 0x1caf, 0x1caf, 0x7fff, 0x7bbf, 0x7bbf,
    0x7bbf, 0x7bbf, 0x7bbf, 0x7bbf, 0x7fff, 0x1caf, 0x1caf, 0x1caf, 0x1caf, 0x7fff, 0x7bbf, 0x7bbf,
    0x7fff, 0x1caf, 0x1888, 0x7fff, 0x7fff, 0x1888, 0x1888, 0x1888, 0x1888, 0x1888, 0x7fff, 0x7fff,
    0x7fff, 0x1888, 0x1888, 0x7fff, 0x7fff, 0x7fff, 0x1888, 0x1888, 0x1888, 0x1888, 0x1888, 0x1888,
    0x7fff, 0x1888, 0x1888, 0x1888, 0x1888, 0x1888, 0x7fff, 0x7fff, 0x7fff, 0x7fff, 0x1888, 0x1888,
    0x7fff, 0x7fff, 0x7bbf, 0x1888, 0x7bbf, 0x7bbf, 0x7bbf, 0x7bbf, 0x7bbf, 0x7bbf, 0x7bbf, 0x7bbf,
    0x7fff, 0x7fff, 0x7fff, 0x1caf, 0x1caf, 0x1caf, 0x1caf, 0x1caf, 0x1caf, 0x1caf, 0x1caf, 0x7fff,
    0x7fff, 0x1caf, 0x1caf, 0x1caf, 0x1caf, 0x7fff, 0x7bbf, 0x7fff, 0x1caf, 0x1caf, 0x1caf, 0x1caf,
    0x7fff, 0x7fff, 0x1caf, 0x1caf, 0x1caf, 0x1caf, 0x1caf, 0x1caf, 0x1caf, 0x1caf, 0x7fff, 0x7bbf,
    0x7bbf, 0x7bbf, 0x7bbf, 0x7bbf, 0x7bbf, 0x7bbf, 0x7bbf, 0x7bbf, 0x7bbf, 0x7bbf, 0x7bbf, 0x7bbf,
    0x7bbf, 0x7bbf, 0x7bbf, 0x7bbf, 0x7bbf, 0x7bbf, 0x7bbf, 0x7bbf, 0x7bbf, 0x7bbf, 0x7bbf, 0x7bbf,
    0x7bbf, 0x7bbf, 0x7bbf, 0x7bbf, 0x7bbf, 0x7bbf, 0x7bbf, 0x7fff, 0x7fff, 0x7fff, 0x7fff, 0x7fff,
    0x7fff, 0x7fff, 0x7fff, 0x7fff, 0x7fff, 0x7fff, 0x7fff, 0x7fff, 0x7fff, 0x7fff, 0x7fff, 0x7fff,
    0x7fff, 0x7fff, 0x7fff, 0x7fff, 0x7fff, 0x7fff, 0x7fff, 0x7fff, 0x7fff, 0x7fff, 0x7fff, 0x7bbf,
    0x7bbf, 0x7bbf, 0x7bbf, 0x7bbf, 0x7bbf, 0x7bbf, 0x7bbf, 0x7bbf, 0x7bbf, 0x7bbf, 0x7bbf, 0x7bbf,
    0x7bbf, 0x7bbf, 0x7bbf, 0x7fff, 0x7fff, 0x7fff, 0x7fff, 0x7fff, 0x7fff, 0x7fff, 0x7fff, 0x7fff,
    0x7fff, 0x7fff, 0x7fff, 0x7fff, 0x7fff, 0x7fff, 0x7fff, 0x1caf, 0x1caf, 0x1caf, 0x1caf, 0x7fff,
    0x7fff, 0x7fff, 0x7fff, 0x1caf, 0x1caf, 0x1caf, 0x1caf, 0x7fff, 0x7fff, 0x7fff, 0x7fff, 0x1caf,
    0x1caf, 0x1caf, 0x1caf, 0x7fff, 0x7fff, 0x7fff, 0x1caf, 0x1caf, 0x1caf, 0x1caf, 0x7fff, 0x7bbf,
    0x7fff, 0x1caf, 0x1caf, 0x1caf, 0x1caf, 0x7fff, 0x7bbf, 0x7bbf, 0x7bbf, 0x7bbf, 0x7bbf, 0x7bbf,
    0x7fff, 0x1caf, 0x1caf, 0x1caf, 0x1caf, 0x7fff, 0x7bbf, 0x7bbf, 0x7bbf, 0x7bbf, 0x7bbf, 0x7bbf,
    0x7fff, 0x1caf, 0x1caf, 0x1caf, 0x1caf, 0x7fff, 0x7bbf, 0x7bbf, 0x7fff, 0x1caf, 0x1caf, 0x1caf,
    0x1caf, 0x7fff, 0x1888, 0x7fff, 0x7fff, 0x7fff, 0x7fff, 0x7fff, 0x1888, 0x1888, 0x7fff, 0x7fff,
    0x7fff, 0x1888, 0x1888, 0x7fff, 0x7fff, 0x7fff, 0x1888, 0x1888, 0x7fff, 0x7fff, 0x1888, 0x1888,
    0x7fff, 0x1888, 0x1888, 0x7fff, 0x7fff, 0x1888, 0x1888, 0x7fff, 0x7fff, 0x7fff, 0x1888, 0x1888,
    0x7fff, 0x7fff, 0x7bbf, 0x1888, 0x7bbf, 0x7bbf, 0x7bbf, 0x7bbf, 0x7bbf, 0x7bbf, 0x7fff, 0x1caf,
    0x1caf, 0x1caf, 0x1caf, 0x1caf, 0x1caf, 0x1caf, 0x1caf, 0x7fff, 0x7fff, 0x1caf, 0x1caf, 0x1caf,
    0x1caf, 0x7fff, 0x7bbf, 0x7fff, 0x1caf, 0x1caf, 0x1caf, 0x1caf, 0x7fff, 0x7fff, 0x1caf, 0x1caf,
    0x1caf, 0x1caf, 0x1caf, 0x1caf, 0x1caf, 0x1caf, 0x7fff, 0x7fff, 0x7fff, 0x7bbf, 0x7bbf, 0x7bbf,
    0x7bbf, 0x7bbf, 0x7bbf, 0x7bbf, 0x7bbf, 0x7bbf, 0x7bbf, 0x7bbf, 0x7bbf, 0x7bbf, 0x7bbf, 0x7bbf,
    0x7bbf, 0x7bbf, 0x7bbf, 0x7bbf, 0x7bbf, 0x7bbf, 0x7bbf, 0x7bbf, 0x7bbf, 0x7bbf, 0x7bbf, 0x7bbf,
    0x7bbf, 0x7bbf, 0x7bbf, 0x7bbf, 0x7fff, 0x7fff, 0x7fff, 0x7fff, 0x7fff, 0x7fff, 0x7fff, 0x7fff,
    0x7fff, 0x7fff, 0x7fff, 0x7fff, 0x7fff, 0x7fff, 0x7fff, 0x7fff, 0x7fff, 0x7fff, 0x7fff, 0x7fff,
    0x7fff, 0x7fff, 0x7fff, 0x7fff, 0x7fff, 0x7fff, 0x7fff, 0x7bbf, 0x7bbf, 0x7bbf, 0x7bbf, 0x7bbf,
    0x7bbf, 0x7bbf, 0x7bbf, 0x7bbf, 0x7bbf, 0x7bbf, 0x7bbf, 0x7bbf, 0x7bbf, 0x7bbf, 0x7bbf, 0x7bbf,
    0x7bbf, 0x7bbf, 0x7bbf, 0x7fff, 0x7fff, 0x7fff, 0x7fff, 0x7fff, 0x7fff, 0x7fff, 0x7fff, 0x7fff,
    0x7fff, 0x7fff, 0x7fff, 0x7fff, 0x7fff, 0x7fff, 0x1caf, 0x1caf, 0x1caf, 0x1caf, 0x7fff, 0x7fff,
    0x7fff, 0x7fff, 0x1caf, 0x1caf, 0x1caf, 0x1caf, 0x7fff, 0x7fff, 0x7fff, 0x7fff, 0x1caf, 0x1caf,
    0x1caf, 0x1caf, 0x7fff, 0x7fff, 0x7fff, 0x1caf, 0x1caf, 0x1caf, 0x1caf, 0x7fff, 0x7bbf, 0x7fff,
    0x1caf, 0x1caf, 0x1caf, 0x1caf, 0x7fff, 0x7bbf, 0x7bbf, 0x7bbf, 0x7bbf, 0x7bbf, 0x7bbf, 0x7fff,
    0x1caf, 0x1caf, 0x1caf, 0x1caf, 0x7fff, 0x7bbf, 0x7bbf, 0x7bbf, 0x7bbf, 0x7bbf, 0x7bbf, 0x7fff,
    0x1caf, 0x1caf, 0x1caf, 0x1caf, 0x7fff, 0x7bbf, 0x7bbf, 0x7fff, 0x1caf, 0x1caf, 0x1caf, 0x1caf,
    0x7fff, 0x7fff, 0x1888, 0x7fff, 0x7fff, 0x1888, 0x1888, 0x1888, 0x1888, 0x7fff, 0x7fff, 0x7fff,
    0x7fff, 0x1888, 0x1888, 0x7fff, 0x7fff, 0x7fff, 0x1888, 0x1888, 0x7fff, 0x7fff, 0x1888, 0x1888,
    0x7fff, 0x1888, 0x1888, 0x7fff, 0x7fff, 0x1888, 0x1888, 0x7fff, 0x7fff, 0x7fff, 0x1888, 0x1888,
    0x7fff, 0x7fff, 0x7bbf, 0x1888, 0x7bbf, 0x7bbf, 0x7bbf, 0x7bbf, 0x7bbf, 0x7fff, 0x7fff, 0x7fff,
    0x7fff, 0x7fff, 0x1caf, 0x1caf, 0x1caf, 0x1caf, 0x7fff, 0x7fff, 0x1caf, 0x1caf, 0x1caf, 0x1caf,
    0x7fff, 0x7bbf, 0x7fff, 0x1caf, 0x1caf, 0x1caf, 0x1caf, 0x7fff, 0x7fff, 0x1caf, 0x1caf, 0x1caf,
    0x1caf, 0x1caf, 0x1caf, 0x1caf, 0x1caf, 0x1caf, 0x1caf, 0x7fff, 0x7bbf, 0x7bbf, 0x7bbf, 0x7bbf,
    0x7bbf, 0x7bbf, 0x7bbf, 0x7bbf, 0x7bbf, 0x7bbf, 0x7bbf, 0x7bbf, 0x7bbf, 0x7bbf, 0x7bbf, 0x7bbf,
    0x7bbf, 0x7bbf, 0x7bbf, 0x7bbf, 0x7bbf, 0x7bbf, 0x7bbf, 0x7bbf, 0x7bbf, 0x7bbf, 0x7bbf, 0x7bbf,
    0x7bbf, 0x7bbf, 0x7bbf, 0x7fff, 0x7fff, 0x7fff, 0x7fff, 0x7fff, 0x7fff, 0x7fff, 0x7fff, 0x7fff,
    0x7fff, 0x7fff, 0x7fff, 0x7fff, 0x7fff, 0x7fff, 0x7fff, 0x7fff, 0x7fff, 0x7fff, 0x7fff, 0x7fff,
    0x7fff, 0x7fff, 0x7fff, 0x7fff, 0x7fff, 0x7fff, 0x7bbf, 0x7bbf, 0x7bbf, 0x7bbf, 0x7bbf, 0x7bbf,
    0x7bbf, 0x7bbf, 0x7bbf, 0x7bbf, 0x7bbf, 0x7bbf, 0x7bbf, 0x7bbf, 0x7bbf, 0x7bbf, 0x7bbf, 0x7bbf,
    0x7bbf, 0x7bbf, 0x7bbf, 0x7bbf, 0x7fff, 0x7fff, 0x7fff, 0x7fff, 0x7fff, 0x7fff, 0x7fff, 0x7fff,
    0x7fff, 0x7fff, 0x7fff, 0x7fff, 0x7fff, 0x7fff, 0x7fff, 0x1caf, 0x1caf, 0x1caf, 0x1caf, 0x7fff,
    0x7fff, 0x7fff, 0x7fff, 0x1caf, 0x1caf, 0x1caf, 0x1caf, 0x7fff, 0x7fff, 0x7fff, 0x7fff, 0x1caf,
    0x1caf, 0x1caf, 0x1caf, 0x7fff, 0x7fff, 0x7fff, 0x1caf, 0x1caf, 0x1caf, 0x1caf, 0x7fff, 0x7bbf,
    0x7fff, 0x1caf, 0x1caf, 0x1caf, 0x1caf, 0x7fff, 0x7fff, 0x7fff, 0x7fff, 0x7fff, 0x7fff, 0x7fff,
    0x7fff, 0x1caf, 0x1caf, 0x1caf, 0x1caf, 0x7fff, 0x7fff, 0x7fff, 0x7fff, 0x7fff, 0x7fff, 0x7fff,
    0x7fff, 0x1caf, 0x1caf, 0x1caf, 0x1caf, 0x7fff, 0x7bbf, 0x7bbf, 0x7fff, 0x1caf, 0x1caf, 0x5116,
    0x1caf, 0x7fff, 0x1888, 0x7fff, 0x7fff, 0x7fff, 0x7fff, 0x7fff, 0x7fff, 0x7fff, 0x7fff, 0x7fff,
    0x7fff, 0x7fff, 0x7fff, 0x7fff, 0x7fff, 0x7fff, 0x7fff, 0x7fff, 0x7fff, 0x7fff, 0x7fff, 0x7fff,
    0x7fff, 0x7fff, 0x7fff, 0x7fff, 0x7fff, 0x7fff, 0x7fff, 0x7fff, 0x7fff, 0x7fff, 0x7fff, 0x7fff,
    0x7fff, 0x7fff, 0x7fff, 0x1888, 0x7fff, 0x7fff, 0x7bbf, 0x7bbf, 0x7bbf, 0x7bbf, 0x7bbf, 0x7bbf,
    0x7bbf, 0x7bbf, 0x7fff, 0x1caf, 0x1caf, 0x1caf, 0x1caf, 0x7fff, 0x7fff, 0x1caf, 0x1caf, 0x1caf,
    0x1caf, 0x7fff, 0x7bbf, 0x7fff, 0x1caf, 0x1caf, 0x1caf, 0x1caf, 0x7fff, 0x7fff, 0x1caf, 0x1caf,
    0x1caf, 0x1caf, 0x1caf, 0x1caf, 0x1caf, 0x1caf, 0x1caf, 0x1caf, 0x7fff, 0x7fff, 0x7fff, 0x7bbf,
    0x7bbf, 0x7bbf, 0x7bbf, 0x7bbf, 0x7bbf, 0x7bbf, 0x7bbf, 0x7bbf, 0x7bbf, 0x7bbf, 0x7bbf, 0x7bbf,
    0x7bbf, 0x7bbf, 0x7bbf, 0x7bbf, 0x7bbf, 0x7bbf, 0x7bbf, 0x7bbf, 0x7bbf, 0x7bbf, 0x7bbf, 0x7bbf,
    0x7bbf, 0x7bbf, 0x7bbf, 0x7bbf, 0x7bbf, 0x7fff, 0x7fff, 0x7fff, 0x7fff, 0x7fff, 0x7fff, 0x7fff,
    0x7fff, 0x7fff, 0x7fff, 0x7fff, 0x7fff, 0x7fff, 0x7fff, 0x7fff, 0x7fff, 0x7fff, 0x7fff, 0x7fff,
    0x7fff, 0x7fff, 0x7fff, 0x7fff, 0x7fff, 0x7fff, 0x7bbf, 0x7bbf, 0x7bbf, 0x7bbf, 0x7bbf, 0x7bbf,
    0x7bbf, 0x7bbf, 0x7bbf, 0x7bbf, 0x7bbf, 0x7bbf, 0x7bbf, 0x7bbf, 0x7bbf, 0x7bbf, 0x7bbf, 0x7bbf,
    0x7bbf, 0x7bbf, 0x7bbf, 0x7bbf, 0x7bbf, 0x7bbf, 0x7bbf, 0x7fff, 0x7fff, 0x7fff, 0x7fff, 0x7fff,
    0x7fff, 0x7fff, 0x7fff, 0x7fff, 0x7fff, 0x7fff, 0x7fff, 0x7fff, 0x7fff, 0x7fff, 0x1caf, 0x1caf,
    0x1caf, 0x1caf, 0x7fff, 0x7fff, 0x7fff, 0x7fff, 0x1caf, 0x1caf, 0x1caf, 0x1caf, 0x7fff, 0x7fff,
    0x7fff, 0x7fff, 0x1caf, 0x1caf, 0x1caf, 0x1caf, 0x7fff, 0x7fff, 0x7fff, 0x1caf, 0x1caf, 0x1caf,
    0x1caf, 0x7fff, 0x7bbf, 0x7fff, 0x1caf, 0x1caf, 0x1caf, 0x1caf, 0x7fff, 0x7fff, 0x1caf, 0x1caf,
    0x1caf, 0x1caf, 0x7fff, 0x7fff, 0x1caf, 0x1caf, 0x1caf, 0x1caf, 0x7fff, 0x7fff, 0x1caf, 0x1caf,
    0x1caf, 0x1caf, 0x7fff, 0x7fff, 0x1caf, 0x1caf, 0x1caf, 0x1caf, 0x7fff, 0x7bbf, 0x7bbf, 0x7fff,
    0x1caf, 0x1caf, 0x1888, 0x1888, 0x1888, 0x1888, 0x1888, 0x1888, 0x1888, 0x1888, 0x1888, 0x1888,
    0x1888, 0x1888, 0x1888, 0x1888, 0x1888, 0x1888, 0x1888, 0x1888, 0x1888, 0x1888, 0x1888, 0x1888,
    0x1888, 0x1888, 0x1888, 0x1888, 0x1888, 0x1888, 0x1888, 0x1888, 0x1888, 0x1888, 0x1888, 0x1888,
    0x1888, 0x1888, 0x1888, 0x1888, 0x1caf, 0x1caf, 0x1caf, 0x1caf, 0x7fff, 0x7bbf, 0x7bbf, 0x7bbf,
    0x7bbf, 0x7bbf, 0x7bbf, 0x7bbf, 0x7bbf, 0x7fff, 0x1caf, 0x1caf, 0x1caf, 0x1caf, 0x7fff, 0x7fff,
    0x1caf, 0x1caf, 0x1caf, 0x1caf, 0x7fff, 0x7bbf, 0x7fff, 0x1caf, 0x1caf, 0x1caf, 0x1caf, 0x7fff,
    0x7fff, 0x1caf, 0x1caf, 0x1caf, 0x1caf, 0x7fff, 0x7fff, 0x7fff, 0x7fff, 0x1caf, 0x1caf, 0x1caf,
    0x1caf, 0x7fff, 0x7bbf, 0x7bbf, 0x7bbf, 0x7bbf, 0x7bbf, 0x7bbf, 0x7bbf, 0x7bbf, 0x7bbf, 0x7bbf,
    0x7bbf, 0x7bbf, 0x7bbf, 0x7bbf, 0x7bbf, 0x7bbf, 0x7bbf, 0x7bbf, 0x7bbf, 0x7bbf, 0x7bbf, 0x7bbf,
    0x7bbf, 0x7bbf, 0x7bbf, 0x7bbf, 0x7bbf, 0x7bbf, 0x7bbf, 0x7bbf, 0x7bbf, 0x7fff, 0x7fff, 0x7fff,
    0x7fff, 0x7fff, 0x7fff, 0x7fff, 0x7fff, 0x7fff, 0x7fff, 0x7fff, 0x7fff, 0x7fff, 0x7fff, 0x7fff,
    0x7fff, 0x7fff, 0x7fff, 0x7fff, 0x7fff, 0x7fff, 0x7fff, 0x7fff, 0x7fff, 0x7bbf, 0x7bbf, 0x7bbf,
    0x7bbf, 0x7bbf, 0x7bbf, 0x7bbf, 0x7bbf, 0x7bbf, 0x7bbf, 0x7bbf, 0x7bbf, 0x7bbf, 0x7bbf, 0x7bbf,
    0x7bbf, 0x7bbf, 0x7bbf, 0x7bbf, 0x7bbf, 0x7bbf, 0x7bbf, 0x7bbf, 0x7bbf, 0x7bbf, 0x7bbf, 0x7fff,
    0x7fff, 0x7fff, 0x7fff, 0x7fff, 0x7fff, 0x7fff, 0x7fff, 0x7fff, 0x7fff, 0x7fff, 0x7fff, 0x7fff,
    0x7fff, 0x7fff, 0x1caf, 0x1caf, 0x1caf, 0x1caf, 0x7fff, 0x7fff, 0x7fff, 0x7fff, 0x1caf, 0x1caf,
    0x1caf, 0x1caf, 0x7fff, 0x7fff, 0x7fff, 0x7fff, 0x1caf, 0x1caf, 0x1caf, 0x1caf, 0x7fff, 0x7fff,
    0x7fff, 0x1caf, 0x1caf, 0x5116, 0x1caf, 0x7fff, 0x7bbf, 0x7fff, 0x1caf, 0x1caf, 0x1caf, 0x1caf,
    0x7fff, 0x7fff, 0x1caf, 0x1caf, 0x1caf, 0x1caf, 0x7fff, 0x7fff, 0x1caf, 0x1caf, 0x1caf, 0x1caf,
    0x7fff, 0x7fff, 0x1caf, 0x1caf, 0x1caf, 0x1caf, 0x7fff, 0x7fff, 0x1caf, 0x1caf, 0x1caf, 0x1caf,
    0x7fff, 0x7bbf, 0x7bbf, 0x7fff, 0x1caf, 0x1caf, 0x1caf, 0x1caf, 0x7fff, 0x7fff, 0x1caf, 0x1caf,
    0x1caf, 0x1caf, 0x7fff, 0x7fff, 0x1caf, 0x1caf, 0x1caf, 0x1caf, 0x7fff, 0x7bbf, 0x7fff, 0x1caf,
    0x1caf, 0x1caf, 0x1caf, 0x7fff, 0x7bbf, 0x7bbf, 0x7bbf, 0x7bbf, 0x7bbf, 0x7bbf, 0x7bbf, 0x7fff,
    0x5116, 0x5116, 0x1caf, 0x1caf, 0x7fff, 0x7bbf, 0x7bbf, 0x7fff, 0x1caf, 0x1caf, 0x1caf, 0x1caf,
    0x7fff, 0x7bbf, 0x7bbf, 0x7bbf, 0x7bbf, 0x7bbf, 0x7bbf, 0x7bbf, 0x7bbf, 0x7fff, 0x1caf, 0x1caf,
    0x1caf, 0x1caf, 0x7fff, 0x7fff, 0x1caf, 0x1caf, 0x5116, 0x1caf, 0x7fff, 0x7bbf, 0x7fff, 0x1caf,
    0x1caf, 0x5116, 0x1caf, 0x7fff, 0x7fff, 0x1caf, 0x5116, 0x1caf, 0x1caf, 0x7fff, 0x7bbf, 0x7bbf,
    0x7fff, 0x1caf, 0x5116, 0x1caf, 0x1caf, 0x7fff, 0x7bbf, 0x7bbf, 0x7bbf, 0x7bbf, 0x7bbf, 0x7bbf,
    0x7bbf, 0x7bbf, 0x7bbf, 0x7bbf, 0x7bbf, 0x7bbf, 0x7bbf, 0x7bbf, 0x7bbf, 0x7bbf, 0x7bbf, 0x7bbf,
    0x7bbf, 0x7bbf, 0x7bbf, 0x7bbf, 0x7bbf, 0x7bbf, 0x7bbf, 0x7bbf, 0x7bbf, 0x7bbf, 0x7bbf, 0x7bbf,
    0x7bbf, 0x7bbf, 0x7fff, 0x7fff, 0x7fff, 0x7fff, 0x7fff, 0x7fff, 0x7fff, 0x7fff, 0x7fff, 0x7fff,
    0x7fff, 0x7fff, 0x7fff, 0x7fff, 0x7fff, 0x7fff, 0x7fff, 0x7fff, 0x7fff, 0x7fff, 0x7fff, 0x7fff,
    0x7bbf, 0x7bbf, 0x7bbf, 0x7bbf, 0x7bbf, 0x7bbf, 0x7bbf, 0x7bbf, 0x7bbf, 0x7bbf, 0x7bbf, 0x7bbf,
    0x7bbf, 0x7bbf, 0x7bbf, 0x7bbf, 0x7bbf, 0x7bbf, 0x7bbf, 0x7bbf, 0x7bbf, 0x7bbf, 0x7bbf, 0x7bbf,
    0x7bbf, 0x7bbf, 0x7bbf, 0x7bbf, 0x7bbf, 0x7fff, 0x7fff, 0x7fff, 0x7fff, 0x7fff, 0x7fff, 0x7fff,
    0x7fff, 0x7fff, 0x7fff, 0x7fff, 0x7fff, 0x7fff, 0x7fff, 0x1caf, 0x1caf, 0x1caf, 0x1caf, 0x7fff,
    0x7fff, 0x7fff, 0x7fff, 0x1caf, 0x1caf, 0x1caf, 0x1caf, 0x7fff, 0x7fff, 0x7fff, 0x7fff, 0x1caf,
    0x1caf, 0x1caf, 0x1caf, 0x7fff, 0x7bbf, 0x7fff, 0x1caf, 0x1caf, 0x1caf, 0x1caf, 0x7fff, 0x7bbf,
    0x7fff, 0x1caf, 0x1caf, 0x1caf, 0x1caf, 0x7fff, 0x7fff, 0x1caf, 0x1caf, 0x1caf, 0x1caf, 0x7fff,
    0x7fff, 0x5116, 0x1caf, 0x1caf, 0x1caf, 0x7fff, 0x7fff, 0x1caf, 0x5116, 0x1caf, 0x1caf, 0x7fff,
    0x7fff, 0x1caf, 0x1caf, 0x5116, 0x1caf, 0x7fff, 0x7bbf, 0x7bbf, 0x7fff, 0x1caf, 0x1caf, 0x1caf,
    0x5116, 0x7fff, 0x7fff, 0x1caf, 0x5116, 0x1caf, 0x1caf, 0x7fff, 0x7fff, 0x1caf, 0x1caf, 0x1caf,
    0x1caf, 0x7fff, 0x7bbf, 0x7fff, 0x1caf, 0x1caf, 0x5116, 0x1caf, 0x7fff, 0x7bbf, 0x7bbf, 0x7bbf,
    0x7bbf, 0x7bbf, 0x7bbf, 0x7bbf, 0x7fff, 0x1caf, 0x1caf, 0x5116, 0x1caf, 0x7fff, 0x7bbf, 0x7bbf,
    0x7fff, 0x1caf, 0x1caf, 0x1caf, 0x1caf, 0x7fff, 0x7bbf, 0x7bbf, 0x7bbf, 0x7bbf, 0x7bbf, 0x7bbf,
    0x7bbf, 0x7bbf, 0x7fff, 0x5116, 0x1caf, 0x1caf, 0x1caf, 0x7fff, 0x7fff, 0x1caf, 0x1caf, 0x1caf,
    0x1caf, 0x7fff, 0x7bbf, 0x7fff, 0x1caf, 0x1caf, 0x1caf, 0x1caf, 0x7fff, 0x7fff, 0x1caf, 0x1caf,
    0x1caf, 0x5116, 0x7fff, 0x7bbf, 0x7bbf, 0x7fff, 0x1caf, 0x1caf, 0x1caf, 0x1caf, 0x7fff, 0x7bbf,
    0x7bbf, 0x7bbf, 0x7bbf, 0x7bbf, 0x7bbf, 0x7bbf, 0x7bbf, 0x7bbf, 0x7bbf, 0x7bbf, 0x7bbf, 0x7bbf,
    0x7bbf, 0x7bbf, 0x7bbf, 0x7bbf, 0x7bbf, 0x7bbf, 0x7bbf, 0x7bbf, 0x7bbf, 0x7bbf, 0x7bbf, 0x7bbf,
    0x7bbf, 0x7bbf, 0x7bbf, 0x7bbf, 0x7bbf, 0x7bbf, 0x7bbf, 0x7bbf, 0x7fff, 0x7fff, 0x7fff, 0x7fff,
    0x7fff, 0x7fff, 0x7fff, 0x7fff, 0x7fff, 0x7fff, 0x7fff, 0x7fff, 0x7fff, 0x7fff, 0x7fff, 0x7fff,
    0x7bbf, 0x7bbf, 0x7bbf, 0x7bbf, 0x7bbf, 0x7bbf, 0x7bbf, 0x7bbf, 0x7bbf, 0x7bbf, 0x7bbf, 0x7bbf,
    0x7bbf, 0x7bbf, 0x7bbf, 0x7bbf, 0x7bbf, 0x7bbf, 0x7bbf, 0x7bbf, 0x7bbf, 0x7bbf, 0x7bbf, 0x7bbf,
    0x7bbf, 0x7bbf, 0x7bbf, 0x7bbf, 0x7bbf, 0x7bbf, 0x7bbf, 0x7bbf, 0x7bbf, 0x7bbf, 0x7fff, 0x7fff,
    0x7fff, 0x7fff, 0x7fff, 0x7fff, 0x7fff, 0x7fff, 0x7fff, 0x7fff, 0x7fff, 0x7fff, 0x7fff, 0x7fff,
    0x1caf, 0x1caf, 0x1caf, 0x1caf, 0x7fff, 0x7fff, 0x7fff, 0x7fff, 0x1caf, 0x1caf, 0x1caf, 0x1caf,
    0x7fff, 0x7fff, 0x7fff, 0x7fff, 0x5116, 0x1caf, 0x1caf, 0x1caf, 0x7fff, 0x7bbf, 0x7fff, 0x1caf,
    0x1caf, 0x1caf, 0x5116, 0x7fff, 0x7bbf, 0x7fff, 0x1caf, 0x5116, 0x1caf, 0x1caf, 0x7fff, 0x7fff,
    0x1caf, 0x5116, 0x1caf, 0x1caf, 0x7fff, 0x7fff, 0x1caf, 0x1caf, 0x1caf, 0x1caf, 0x7fff, 0x7fff,
    0x1caf, 0x1caf, 0x1caf, 0x1caf, 0x7fff, 0x7fff, 0x1caf, 0x5116, 0x1caf, 0x1caf, 0x7fff, 0x7fff,
    0x7fff, 0x7fff, 0x1caf, 0x5116, 0x1caf, 0x1caf, 0x7fff, 0x7fff, 0x1caf, 0x1caf, 0x1caf, 0x1caf,
    0x7fff, 0x7fff, 0x1caf, 0x1caf, 0x1caf, 0x1caf, 0x7fff, 0x7bbf, 0x7fff, 0x1caf, 0x5116, 0x1caf,
    0x1caf, 0x7fff, 0x7bbf, 0x7bbf, 0x7bbf, 0x7bbf, 0x7bbf, 0x7bbf, 0x7bbf, 0x7fff, 0x5116, 0x1caf,
    0x5116, 0x1caf, 0x7fff, 0x7fff, 0x7fff, 0x7fff, 0x1caf, 0x1caf, 0x5116, 0x1caf, 0x7fff, 0x7bbf,
    0x7fff, 0x7fff, 0x7fff, 0x7fff, 0x7fff, 0x7fff, 0x7fff, 0x7fff, 0x1caf, 0x1caf, 0x1caf, 0x1caf,
    0x7fff, 0x7fff, 0x1caf, 0x5116, 0x1caf, 0x5116, 0x7fff, 0x7fff, 0x7fff, 0x1caf, 0x1caf, 0x1caf,
    0x1caf, 0x7fff, 0x7fff, 0x1caf, 0x5116, 0x1caf, 0x1caf, 0x7fff, 0x7fff, 0x7fff, 0x7fff, 0x1caf,
    0x1caf, 0x5116, 0x1caf, 0x7fff, 0x7bbf, 0x7bbf, 0x7bbf, 0x7bbf, 0x7bbf, 0x7bbf, 0x7bbf, 0x7bbf,
    0x7bbf, 0x7bbf, 0x7bbf, 0x7bbf, 0x7bbf, 0x7bbf, 0x7bbf, 0x7bbf, 0x7bbf, 0x7bbf, 0x7bbf, 0x7bbf,
    0x7bbf, 0x7bbf, 0x7bbf, 0x7bbf, 0x7bbf, 0x7bbf, 0x7bbf, 0x7bbf, 0x7bbf, 0x7bbf, 0x7bbf, 0x7bbf,
    0x7bbf, 0x7bbf, 0x7fff, 0x7fff, 0x7fff, 0x7fff, 0x7fff, 0x7fff, 0x7fff, 0x7fff, 0x7fff, 0x7fff,
    0x7bbf, 0x7bbf, 0x7bbf, 0x7bbf, 0x7bbf, 0x7bbf, 0x7bbf, 0x7bbf, 0x7bbf, 0x7bbf, 0x7bbf, 0x7bbf,
    0x7bbf, 0x7bbf, 0x7bbf, 0x7bbf, 0x7bbf, 0x7bbf, 0x7bbf, 0x7bbf, 0x7bbf, 0x7bbf, 0x7bbf, 0x7bbf,
    0x7bbf, 0x7bbf, 0x7bbf, 0x7bbf, 0x7bbf, 0x7bbf, 0x7bbf, 0x7bbf, 0x7bbf, 0x7bbf, 0x7bbf, 0x7bbf,
    0x7bbf, 0x7bbf, 0x7fff, 0x7fff, 0x7fff, 0x7fff, 0x7fff, 0x7fff, 0x7fff, 0x7fff, 0x7fff, 0x7fff,
    0x7fff, 0x7fff, 0x7fff, 0x1caf, 0x1caf, 0x1caf, 0x1caf, 0x7fff, 0x7fff, 0x7fff, 0x7fff, 0x1caf,
    0x1caf, 0x1caf, 0x1caf, 0x7fff, 0x7fff, 0x7fff, 0x7fff, 0x1caf, 0x1caf, 0x1caf, 0x1caf, 0x7fff,
    0x7bbf, 0x7fff, 0x5116, 0x1caf, 0x1caf, 0x1caf, 0x7fff, 0x7bbf, 0x7fff, 0x1caf, 0x1caf, 0x5116,
    0x1caf, 0x5116, 0x1caf, 0x1caf, 0x1caf, 0x7fff, 0x7fff, 0x7fff, 0x7fff, 0x1caf, 0x1caf, 0x5116,
    0x1caf, 0x1caf, 0x1caf, 0x5116, 0x5116, 0x7fff, 0x7fff, 0x7fff, 0x7fff, 0x7fff, 0x7fff, 0x1caf,
    0x5116, 0x1caf, 0x1caf, 0x1caf, 0x5116, 0x1caf, 0x1caf, 0x7fff, 0x7fff, 0x7fff, 0x7fff, 0x1caf,
    0x1caf, 0x5116, 0x1caf, 0x5116, 0x1caf, 0x1caf, 0x1caf, 0x7fff, 0x7fff, 0x7fff, 0x7bbf, 0x7fff,
    0x5116, 0x5116, 0x1caf, 0x5116, 0x7fff, 0x7bbf, 0x7bbf, 0x7bbf, 0x7bbf, 0x7bbf, 0x7bbf, 0x7bbf,
    0x7fff, 0x7fff, 0x7fff, 0x5116, 0x5116, 0x1caf, 0x1caf, 0x5116, 0x1caf, 0x5116, 0x1caf, 0x1caf,
    0x1caf, 0x7fff, 0x7bbf, 0x7fff, 0x1caf, 0x1caf, 0x5116, 0x1caf, 0x1caf, 0x1caf, 0x1caf, 0x1caf,
    0x1caf, 0x7fff, 0x7fff, 0x7fff, 0x7fff, 0x5116, 0x1caf, 0x1caf, 0x1caf, 0x1caf, 0x5116, 0x1caf,
    0x1caf, 0x5116, 0x7fff, 0x7fff, 0x7fff, 0x7fff, 0x7fff, 0x7fff, 0x1caf, 0x5116, 0x1caf, 0x5116,
    0x1caf, 0x1caf, 0x1caf, 0x5116, 0x1caf, 0x1caf, 0x7fff, 0x7bbf, 0x7bbf, 0x7bbf, 0x7bbf, 0x7bbf,
    0x7bbf, 0x7bbf, 0x7bbf, 0x7bbf, 0x7bbf, 0x7bbf, 0x7bbf, 0x7bbf, 0x7bbf, 0x7bbf, 0x7bbf, 0x7bbf,
    0x7bbf, 0x7bbf, 0x7bbf, 0x7bbf, 0x7bbf, 0x7bbf, 0x7bbf, 0x7bbf, 0x7bbf, 0x7bbf, 0x7bbf, 0x7bbf,
    0x7bbf, 0x7bbf, 0x7bbf, 0x7bbf, 0x7bbf, 0x7bbf, 0x7fff, 0x7fff, 0x7fff, 0x7fff, 0x7fff, 0x7fff,
    0x7bbf, 0x7bbf, 0x7bbf, 0x7bbf, 0x7bbf, 0x7bbf, 0x7bbf, 0x7bbf, 0x7bbf, 0x7bbf, 0x7bbf, 0x7bbf,
    0x7bbf, 0x7bbf, 0x7bbf, 0x7bbf, 0x7bbf, 0x7bbf, 0x7bbf, 0x7bbf, 0x7bbf, 0x7bbf, 0x7bbf, 0x7bbf,
    0x7bbf, 0x7bbf, 0x7bbf, 0x7bbf, 0x7bbf, 0x7bbf, 0x7bbf, 0x7bbf, 0x7bbf, 0x7bbf, 0x7bbf, 0x7bbf,
    0x7bbf, 0x7bbf, 0x7bbf, 0x7bbf, 0x7bbf, 0x7fff, 0x7fff, 0x7fff, 0x7fff, 0x7fff, 0x7fff, 0x7fff,
    0x7fff, 0x7fff, 0x7fff, 0x7fff, 0x7fff, 0x7fff, 0x1caf, 0x5116, 0x1caf, 0x1caf, 0x7fff, 0x7fff,
    0x7fff, 0x7fff, 0x1caf, 0x1caf, 0x1caf, 0x1caf, 0x7fff, 0x7fff, 0x7fff, 0x7fff, 0x1caf, 0x1caf,
    0x5116, 0x1caf, 0x7fff, 0x7bbf, 0x7fff, 0x1caf, 0x5116, 0x1caf, 0x1caf, 0x7fff, 0x7bbf, 0x7fff,
    0x1caf, 0x1caf, 0x1caf, 0x1caf, 0x1caf, 0x5116, 0x5116, 0x1caf, 0x7fff, 0x7bbf, 0x7bbf, 0x7fff,
    0x5116, 0x5116, 0x1caf, 0x1caf, 0x1caf, 0x5116, 0x1caf, 0x1caf, 0x7fff, 0x7bbf, 0x7bbf, 0x7bbf,
    0x7bbf, 0x7fff, 0x1caf, 0x1caf, 0x5116, 0x1caf, 0x5116, 0x1caf, 0x5116, 0x5116, 0x7fff, 0x7bbf,
    0x7bbf, 0x7fff, 0x1caf, 0x5116, 0x1caf, 0x1caf, 0x5116, 0x5116, 0x5116, 0x1caf, 0x7fff, 0x7bbf,
    0x7bbf, 0x7bbf, 0x7fff, 0x1caf, 0x5116, 0x5116, 0x1caf, 0x7fff, 0x7bbf, 0x7bbf, 0x7bbf, 0x7bbf,
    0x7bbf, 0x7bbf, 0x7bbf, 0x7bbf, 0x7bbf, 0x7fff, 0x1caf, 0x1caf, 0x5116, 0x5116, 0x1caf, 0x5116,
    0x5116, 0x1caf, 0x5116, 0x1caf, 0x7fff, 0x7bbf, 0x7fff, 0x1caf, 0x5116, 0x1caf, 0x1caf, 0x5116,
    0x1caf, 0x1caf, 0x5116, 0x1caf, 0x7fff, 0x7bbf, 0x7bbf, 0x7fff, 0x1caf, 0x5116, 0x1caf, 0x5116,
    0x5116, 0x1caf, 0x1caf, 0x5116, 0x1caf, 0x7fff, 0x7bbf, 0x7bbf, 0x7bbf, 0x7bbf, 0x7fff, 0x1caf,
    0x1caf, 0x5116, 0x1caf, 0x5116, 0x1caf, 0x5116, 0x1caf, 0x1caf, 0x5116, 0x7fff, 0x7bbf, 0x7bbf,
    0x7bbf, 0x7bbf, 0x7bbf, 0x7bbf, 0x7bbf, 0x7bbf, 0x7bbf, 0x7bbf, 0x7bbf, 0x7bbf, 0x7bbf, 0x7bbf,
    0x7bbf, 0x7bbf, 0x7bbf, 0x7bbf, 0x7bbf, 0x7bbf, 0x7bbf, 0x7bbf, 0x7bbf, 0x7bbf, 0x7bbf, 0x7bbf,
    0x7bbf, 0x7bbf, 0x7bbf, 0x7bbf, 0x7bbf, 0x7bbf, 0x7bbf, 0x7bbf, 0x7bbf, 0x7bbf, 0x7bbf, 0x7fff,
    0x7bbf, 0x7bbf, 0x7bbf, 0x7bbf, 0x7bbf, 0x7bbf, 0x7bbf, 0x7bbf, 0x7bbf, 0x7bbf, 0x7bbf, 0x7bbf,
    0x7bbf, 0x7bbf, 0x7bbf, 0x7bbf, 0x7bbf, 0x7bbf, 0x7bbf, 0x7bbf, 0x7bbf, 0x7bbf, 0x7bbf, 0x7bbf,
    0x7bbf, 0x7bbf, 0x7bbf, 0x7bbf, 0x7bbf, 0x7bbf, 0x7bbf, 0x7bbf, 0x7bbf, 0x7bbf, 0x7bbf, 0x7bbf,
    0x7bbf, 0x7bbf, 0x7bbf, 0x7bbf, 0x7bbf, 0x7bbf, 0x7bbf, 0x7fff, 0x7fff, 0x7fff, 0x7fff, 0x7fff,
    0x7fff, 0x7fff, 0x7fff, 0x7fff, 0x7fff, 0x7fff, 0x7fff, 0x1caf, 0x1caf, 0x1caf, 0x1caf, 0x7fff,
    0x7fff, 0x7fff, 0x7fff, 0x1caf, 0x1caf, 0x1caf, 0x5116, 0x7fff, 0x7fff, 0x7fff, 0x7fff, 0x1caf,
    0x5116, 0x1caf, 0x1caf, 0x7fff, 0x7bbf, 0x7fff, 0x1caf, 0x1caf, 0x5116, 0x5116, 0x7fff, 0x7bbf,
    0x7fff, 0x1caf, 0x5116, 0x5116, 0x1caf, 0x5116, 0x1caf, 0x7fff, 0x7fff, 0x7fff, 0x7bbf, 0x7bbf,
    0x7fff, 0x1caf, 0x1caf, 0x5116, 0x5116, 0x5116, 0x5116, 0x7fff, 0x7fff, 0x7fff, 0x7bbf, 0x7bbf,
    0x7bbf, 0x7bbf, 0x7fff, 0x7fff, 0x7fff, 0x5116, 0x5116, 0x1caf, 0x5116, 0x7fff, 0x7fff, 0x7fff,
    0x7bbf, 0x7bbf, 0x7fff, 0x1caf, 0x1caf, 0x5116, 0x5116, 0x5116, 0x1caf, 0x7fff, 0x7fff, 0x7fff,
    0x7bbf, 0x7bbf, 0x7bbf, 0x7fff, 0x5116, 0x5116, 0x5116, 0x1caf, 0x7fff, 0x7bbf, 0x7bbf, 0x7bbf,
    0x7bbf, 0x7bbf, 0x7bbf, 0x7bbf, 0x7bbf, 0x7bbf, 0x7fff, 0x7fff, 0x7fff, 0x5116, 0x5116, 0x5116,
    0x5116, 0x5116, 0x5116, 0x5116, 0x5116, 0x7fff, 0x7bbf, 0x7fff, 0x1caf, 0x5116, 0x5116, 0x5116,
    0x5116, 0x5116, 0x1caf, 0x7fff, 0x7fff, 0x7fff, 0x7bbf, 0x7bbf, 0x7fff, 0x1caf, 0x5116, 0x5116,
    0x5116, 0x5116, 0x5116, 0x5116, 0x7fff, 0x7fff, 0x7fff, 0x7bbf, 0x7bbf, 0x7bbf, 0x7bbf, 0x7fff,
    0x7fff, 0x7fff, 0x5116, 0x5116, 0x5116, 0x5116, 0x5116, 0x5116, 0x5116, 0x1caf, 0x7fff, 0x7bbf,
    0x7bbf, 0x7bbf, 0x7bbf, 0x7bbf, 0x7bbf, 0x7bbf, 0x7bbf, 0x7bbf, 0x7bbf, 0x7bbf, 0x7bbf, 0x7bbf,
    0x7bbf, 0x7bbf, 0x7bbf, 0x7bbf, 0x7bbf, 0x7bbf, 0x7bbf, 0x7bbf, 0x7bbf, 0x7bbf, 0x7bbf, 0x7bbf,
    0x7bbf, 0x7bbf, 0x7bbf, 0x7bbf, 0x7bbf, 0x7bbf, 0x7bbf, 0x7bbf, 0x7bbf, 0x7bbf, 0x7bbf, 0x7bbf,
    0x7bbf, 0x7bbf, 0x7bbf, 0x7bbf, 0x7bbf, 0x7bbf, 0x7bbf, 0x7bbf, 0x7bbf, 0x7bbf, 0x7bbf, 0x7bbf,
    0x7bbf, 0x7bbf, 0x7bbf, 0x7bbf, 0x7bbf, 0x7bbf, 0x7bbf, 0x7bbf, 0x7bbf, 0x7bbf, 0x7bbf, 0x7bbf,
    0x7bbf, 0x7bbf, 0x7bbf, 0x7bbf, 0x7bbf, 0x7bbf, 0x7bbf, 0x7bbf, 0x7bbf, 0x7bbf, 0x7bbf, 0x7bbf,
    0x7bbf, 0x7bbf, 0x7bbf, 0x7bbf, 0x7bbf, 0x7bbf, 0x7bbf, 0x7bbf, 0x7fff, 0x7fff, 0x7fff, 0x7fff,
    0x7fff, 0x7fff, 0x7fff, 0x7fff, 0x7fff, 0x7fff, 0x7fff, 0x5116, 0x1caf, 0x1caf, 0x5116, 0x7fff,
    0x7fff, 0x7fff, 0x7fff, 0x5116, 0x1caf, 0x1caf, 0x1caf, 0x7fff, 0x7fff, 0x7fff, 0x7fff, 0x1caf,
    0x5116, 0x1caf, 0x5116, 0x7fff, 0x7bbf, 0x7fff, 0x5116, 0x5116, 0x5116, 0x5116, 0x7fff, 0x7bbf,
    0x7fff, 0x5116, 0x5116, 0x5116, 0x5116, 0x5116, 0x5116, 0x7fff, 0x7bbf, 0x7bbf, 0x7bbf, 0x7bbf,
    0x7fff, 0x5116, 0x5116, 0x5116, 0x5116, 0x5116, 0x5116, 0x7fff, 0x7bbf, 0x7bbf, 0x7bbf, 0x7bbf,
    0x7bbf, 0x7bbf, 0x7bbf, 0x7bbf, 0x7fff, 0x5116, 0x5116, 0x5116, 0x5116, 0x7fff, 0x7bbf, 0x7bbf,
    0x7bbf, 0x7bbf, 0x7fff, 0x5116, 0x5116, 0x5116, 0x5116, 0x5116, 0x5116, 0x7fff, 0x7bbf, 0x7bbf,
    0x7bbf, 0x7bbf, 0x7bbf, 0x7fff, 0x1caf, 0x5116, 0x5116, 0x5116, 0x7fff, 0x7fff, 0x7fff, 0x7fff,
    0x7fff, 0x7fff, 0x7fff, 0x7fff, 0x7bbf, 0x7bbf, 0x7bbf, 0x7bbf, 0x7fff, 0x5116, 0x5116, 0x5116,
    0x5116, 0x5116, 0x5116, 0x5116, 0x5116, 0x7fff, 0x7bbf, 0x7fff, 0x5116, 0x5116, 0x5116, 0x5116,
    0x5116, 0x5116, 0x5116, 0x7fff, 0x7bbf, 0x7bbf, 0x7bbf, 0x7bbf, 0x7fff, 0x5116, 0x5116, 0x5116,
    0x5116, 0x5116, 0x5116, 0x5116, 0x7fff, 0x7bbf, 0x7bbf, 0x7bbf, 0x7bbf, 0x7bbf, 0x7bbf, 0x7bbf,
    0x7bbf, 0x7fff, 0x5116, 0x5116, 0x5116, 0x5116, 0x5116, 0x5116, 0x1caf, 0x5116, 0x7fff, 0x7bbf,
    0x7bbf, 0x7bbf, 0x7bbf, 0x7bbf, 0x7bbf, 0x7bbf, 0x7bbf, 0x7bbf, 0x7bbf, 0x7bbf, 0x7bbf, 0x7bbf,
    0x7bbf, 0x7bbf, 0x7bbf, 0x7bbf, 0x7bbf, 0x7bbf, 0x7bbf, 0x7bbf, 0x7bbf, 0x7bbf, 0x7bbf, 0x7bbf,
    0x7bbf, 0x7bbf, 0x7bbf, 0x7bbf, 0x7bbf, 0x7bbf, 0x7bbf, 0x7bbf, 0x7bbf, 0x7bbf, 0x7bbf, 0x7bbf,
    0x7bbf, 0x7bbf, 0x7bbf, 0x7bbf, 0x7bbf, 0x7bbf, 0x7bbf, 0x7bbf, 0x7bbf, 0x7bbf, 0x7bbf, 0x7bbf,
    0x7bbf, 0x7bbf, 0x7bbf, 0x7bbf, 0x7bbf, 0x7bbf, 0x7bbf, 0x7bbf, 0x7bbf, 0x7bbf, 0x7bbf, 0x7bbf,
    0x7bbf, 0x7bbf, 0x7bbf, 0x7bbf, 0x7bbf, 0x7bbf, 0x7bbf, 0x7bbf, 0x7bbf, 0x7bbf, 0x7bbf, 0x7bbf,
    0x7bbf, 0x7bbf, 0x7bbf, 0x7bbf, 0x7bbf, 0x7bbf, 0x7bbf, 0x7bbf, 0x7fff, 0x7fff, 0x7fff, 0x7fff,
    0x7fff, 0x7fff, 0x7fff, 0x7fff, 0x7fff, 0x7fff, 0x1caf, 0x5116, 0x1caf, 0x1caf, 0x5116, 0x1caf,
    0x1caf, 0x5116, 0x1caf, 0x5116, 0x7fff, 0x7fff, 0x5116, 0x5116, 0x5116, 0x1caf, 0x5116, 0x5116,
    0x7fff, 0x7fff, 0x7fff, 0x7bbf, 0x7fff, 0x7fff, 0x7fff, 0x7fff, 0x7fff, 0x7fff, 0x7bbf, 0x7fff,
    0x7fff, 0x7fff, 0x7fff, 0x7fff, 0x7fff, 0x7fff, 0x7fff, 0x7bbf, 0x7bbf, 0x7bbf, 0x7bbf, 0x7fff,
    0x7fff, 0x7fff, 0x7fff, 0x7fff, 0x7fff, 0x7fff, 0x7fff, 0x7bbf, 0x7bbf, 0x7bbf, 0x7bbf, 0x7bbf,
    0x7bbf, 0x7bbf, 0x7bbf, 0x7fff, 0x7fff, 0x7fff, 0x7fff, 0x7fff, 0x7fff, 0x7bbf, 0x7bbf, 0x7bbf,
    0x7bbf, 0x7fff, 0x7fff, 0x7fff, 0x7fff, 0x7fff, 0x7fff, 0x7fff, 0x7fff, 0x7bbf, 0x7bbf, 0x7bbf,
    0x7bbf, 0x7bbf, 0x7fff, 0x7fff, 0x7fff, 0x5116, 0x1caf, 0x5116, 0x5116, 0x5116, 0x1caf, 0x5116,
    0x5116, 0x1caf, 0x7fff, 0x7bbf, 0x7bbf, 0x7bbf, 0x7bbf, 0x7fff, 0x7fff, 0x7fff, 0x7fff, 0x7fff,
    0x7fff, 0x7fff, 0x7fff, 0x7fff, 0x7fff, 0x7bbf, 0x7fff, 0x7fff, 0x7fff, 0x7fff, 0x7fff, 0x7fff,
    0x7fff, 0x7fff, 0x7fff, 0x7bbf, 0x7bbf, 0x7bbf, 0x7bbf, 0x7fff, 0x7fff, 0x7fff, 0x7fff, 0x7fff,
    0x7fff, 0x7fff, 0x7fff, 0x7fff, 0x7bbf, 0x7bbf, 0x7bbf, 0x7bbf, 0x7bbf, 0x7bbf, 0x7bbf, 0x7bbf,
    0x7fff, 0x7fff, 0x7fff, 0x7fff, 0x7fff, 0x7fff, 0x7fff, 0x7fff, 0x7fff, 0x7fff, 0x7bbf, 0x7bbf,
    0x7bbf, 0x7bbf, 0x7bbf, 0x7bbf, 0x7bbf, 0x7bbf, 0x7bbf, 0x7bbf, 0x7bbf, 0x7bbf, 0x7bbf, 0x7bbf,
    0x7bbf, 0x7bbf, 0x7bbf, 0x7bbf, 0x7bbf, 0x7bbf, 0x7bbf, 0x7bbf, 0x7bbf, 0x7bbf, 0x7bbf, 0x7bbf,
    0x7bbf, 0x7bbf, 0x7bbf, 0x7bbf, 0x7bbf, 0x7bbf, 0x7bbf, 0x7bbf, 0x7bbf, 0x7bbf, 0x7bbf, 0x7bbf,
    0x7bbf, 0x7bbf, 0x7bbf, 0x7bbf, 0x7bbf, 0x7bbf, 0x7bbf, 0x7bbf, 0x7bbf, 0x7bbf, 0x7bbf, 0x7bbf,
    0x7bbf, 0x7bbf, 0x7bbf, 0x7bbf, 0x7bbf, 0x7bbf, 0x7bbf, 0x7bbf, 0x7bbf, 0x7bbf, 0x7bbf, 0x7bbf,
    0x7bbf, 0x7bbf, 0x7bbf, 0x7bbf, 0x7bbf, 0x7bbf, 0x7bbf, 0x7bbf, 0x7bbf, 0x7bbf, 0x7bbf, 0x7bbf,
    0x7bbf, 0x7bbf, 0x7bbf, 0x7bbf, 0x7bbf, 0x7bbf, 0x7fff, 0x7fff, 0x7fff, 0x7fff, 0x7fff, 0x7fff,
    0x7fff, 0x7fff, 0x7fff, 0x1caf, 0x5116, 0x1caf, 0x5116, 0x1caf, 0x1caf, 0x5116, 0x1caf, 0x1caf,
    0x5116, 0x7fff, 0x7fff, 0x5116, 0x5116, 0x1caf, 0x5116, 0x5116, 0x5116, 0x7fff, 0x7bbf, 0x7bbf,
    0x7bbf, 0x7bbf, 0x7bbf, 0x7bbf, 0x7bbf, 0x7bbf, 0x7bbf, 0x7bbf, 0x7bbf, 0x7bbf, 0x7bbf, 0x7bbf,
    0x7bbf, 0x7bbf, 0x7bbf, 0x7bbf, 0x7bbf, 0x7bbf, 0x7bbf, 0x7bbf, 0x7bbf, 0x7bbf, 0x7bbf, 0x7bbf,
    0x7bbf, 0x7bbf, 0x7bbf, 0x7bbf, 0x7bbf, 0x7bbf, 0x7bbf, 0x7bbf, 0x7bbf, 0x7bbf, 0x7bbf, 0x7bbf,
    0x7bbf, 0x7bbf, 0x7bbf, 0x7bbf, 0x7bbf, 0x7bbf, 0x7bbf, 0x7bbf, 0x7bbf, 0x7bbf, 0x7bbf, 0x7bbf,
    0x7bbf, 0x7bbf, 0x7bbf, 0x7bbf, 0x7bbf, 0x7bbf, 0x7bbf, 0x7bbf, 0x7bbf, 0x7bbf, 0x7bbf, 0x7bbf,
    0x7bbf, 0x7fff, 0x5116, 0x5116, 0x5116, 0x5116, 0x1caf, 0x5116, 0x5116, 0x5116, 0x5116, 0x7fff,
    0x7bbf, 0x7bbf, 0x7bbf, 0x7bbf, 0x7bbf, 0x7bbf, 0x7bbf, 0x7bbf, 0x7bbf, 0x7bbf, 0x7bbf, 0x7bbf,
    0x7bbf, 0x7bbf, 0x7bbf, 0x7bbf, 0x7bbf, 0x7bbf, 0x7bbf, 0x7bbf, 0x7bbf, 0x7bbf, 0x7bbf, 0x7bbf,
    0x7bbf, 0x7bbf, 0x7bbf, 0x7bbf, 0x7bbf, 0x7bbf, 0x7bbf, 0x7bbf, 0x7bbf, 0x7bbf, 0x7bbf, 0x7bbf,
    0x7bbf, 0x7bbf, 0x7bbf, 0x7bbf, 0x7bbf, 0x7bbf, 0x7bbf, 0x7bbf, 0x7bbf, 0x7bbf, 0x7bbf, 0x7bbf,
    0x7bbf, 0x7bbf, 0x7bbf, 0x7bbf, 0x7bbf, 0x7bbf, 0x7bbf, 0x7bbf, 0x7bbf, 0x7bbf, 0x7bbf, 0x7bbf,
    0x7bbf, 0x7bbf, 0x7bbf, 0x7bbf, 0x7bbf, 0x7bbf, 0x7bbf, 0x7bbf, 0x7bbf, 0x7bbf, 0x7bbf, 0x7bbf,
    0x7bbf, 0x7bbf, 0x7bbf, 0x7bbf, 0x7bbf, 0x7bbf, 0x7bbf, 0x7bbf, 0x7bbf, 0x7bbf, 0x7bbf, 0x7bbf,
    0x7bbf, 0x7bbf, 0x7bbf, 0x7bbf, 0x7bbf, 0x7bbf, 0x7bbf, 0x7bbf, 0x7bbf, 0x7bbf, 0x7bbf, 0x7bbf,
    0x7bbf, 0x7bbf, 0x7bbf, 0x7bbf, 0x7bbf, 0x7bbf, 0x7bbf, 0x7bbf, 0x7bbf, 0x7bbf, 0x7bbf, 0x7bbf,
    0x7bbf, 0x7bbf, 0x7bbf, 0x7bbf, 0x7bbf, 0x7bbf, 0x7bbf, 0x7bbf, 0x7bbf, 0x7bbf, 0x7bbf, 0x7bbf,
    0x7bbf, 0x7bbf, 0x7bbf, 0x7bbf, 0x7bbf, 0x7bbf, 0x7bbf, 0x7bbf, 0x7bbf, 0x7bbf, 0x7bbf, 0x7bbf,
    0x7bbf, 0x7bbf, 0x7bbf, 0x7bbf, 0x7bbf, 0x7fff, 0x7fff, 0x7fff, 0x7fff, 0x7fff, 0x7fff, 0x7fff,
    0x1caf, 0x1caf, 0x5116, 0x5116, 0x5116, 0x5116, 0x5116, 0x5116, 0x7fff, 0x7fff, 0x7fff, 0x7fff,
    0x5116, 0x5116, 0x5116, 0x5116, 0x7fff, 0x7fff, 0x7fff, 0x7bbf, 0x7bbf, 0x7bbf, 0x7bbf, 0x7bbf,
    0x7bbf, 0x7bbf, 0x7bbf, 0x7bbf, 0x7bbf, 0x7bbf, 0x7bbf, 0x7bbf, 0x7bbf, 0x7bbf, 0x7bbf, 0x7bbf,
    0x7bbf, 0x7bbf, 0x7bbf, 0x7bbf, 0x7bbf, 0x7bbf, 0x7bbf, 0x7bbf, 0x7bbf, 0x7bbf, 0x7bbf, 0x7bbf,
    0x7bbf, 0x7bbf, 0x7bbf, 0x7bbf, 0x7bbf, 0x7bbf, 0x7bbf, 0x7bbf, 0x7bbf, 0x7bbf, 0x7bbf, 0x7bbf,
    0x7bbf, 0x7bbf, 0x7bbf, 0x7bbf, 0x7bbf, 0x7bbf, 0x7bbf, 0x7bbf, 0x7bbf, 0x7bbf, 0x7bbf, 0x7bbf,
    0x7bbf, 0x7bbf, 0x7bbf, 0x7bbf, 0x7bbf, 0x7bbf, 0x7bbf, 0x7bbf, 0x7bbf, 0x7bbf, 0x7fff, 0x7fff,
    0x7fff, 0x5116, 0x5116, 0x5116, 0x5116, 0x5116, 0x5116, 0x5116, 0x7fff, 0x7bbf, 0x7bbf, 0x7bbf,
    0x7bbf, 0x7bbf, 0x7bbf, 0x7bbf, 0x7bbf, 0x7bbf, 0x7bbf, 0x7bbf, 0x7bbf, 0x7bbf, 0x7bbf, 0x7bbf,
    0x7bbf, 0x7bbf, 0x7bbf, 0x7bbf, 0x7bbf, 0x7bbf, 0x7bbf, 0x7bbf, 0x7bbf, 0x7bbf, 0x7bbf, 0x7bbf,
    0x7bbf, 0x7bbf, 0x7bbf, 0x7bbf, 0x7bbf, 0x7bbf, 0x7bbf, 0x7bbf, 0x7bbf, 0x7bbf, 0x7bbf, 0x7bbf,
    0x7bbf, 0x7bbf, 0x7bbf, 0x7bbf, 0x7bbf, 0x7bbf, 0x7bbf, 0x7bbf, 0x7bbf, 0x7bbf, 0x7bbf, 0x7bbf,
    0x7bbf, 0x7bbf, 0x7bbf, 0x7bbf, 0x7bbf, 0x7bbf, 0x7bbf, 0x7bbf, 0x7bbf, 0x7bbf, 0x7bbf, 0x7bbf,
    0x7bbf, 0x7bbf, 0x7bbf, 0x7bbf, 0x7bbf, 0x7bbf, 0x7bbf, 0x7bbf, 0x7bbf, 0x7bbf, 0x7bbf, 0x7bbf,
    0x7bbf, 0x7bbf, 0x7bbf, 0x7bbf, 0x7bbf, 0x7bbf, 0x7bbf, 0x7bbf, 0x7bbf, 0x7bbf, 0x7bbf, 0x7bbf,
    0x7bbf, 0x7bbf, 0x7bbf, 0x7bbf, 0x7bbf, 0x7bbf, 0x7bbf, 0x7bbf, 0x7bbf, 0x7bbf, 0x7bbf, 0x7bbf,
    0x7bbf, 0x7bbf, 0x7bbf, 0x7bbf, 0x7bbf, 0x7bbf, 0x7bbf, 0x7bbf, 0x7bbf, 0x7bbf, 0x7bbf, 0x7bbf,
    0x7bbf, 0x7bbf, 0x7bbf, 0x7bbf, 0x7bbf, 0x7bbf, 0x7bbf, 0x7bbf, 0x7bbf, 0x7bbf, 0x7bbf, 0x7bbf,
    0x7bbf, 0x7bbf, 0x7bbf, 0x7bbf, 0x7bbf, 0x7bbf, 0x7bbf, 0x7bbf, 0x7bbf, 0x7bbf, 0x7bbf, 0x7bbf,
    0x7bbf, 0x7bbf, 0x7fff, 0x7fff, 0x7fff, 0x7fff, 0x7fff, 0x7fff, 0x5116, 0x5116, 0x5116, 0x5116,
    0x5116, 0x5116, 0x5116, 0x5116, 0x7fff, 0x7fff, 0x7fff, 0x7fff, 0x5116, 0x5116, 0x5116, 0x5116,
    0x7fff, 0x7bbf, 0x7bbf, 0x7bbf, 0x7bbf, 0x7bbf, 0x7fff, 0x7fff, 0x7fff, 0x7fff, 0x7fff, 0x7fff,
    0x7bbf, 0x7bbf, 0x7bbf, 0x7bbf, 0x7bbf, 0x7bbf, 0x7bbf, 0x7bbf, 0x7bbf, 0x7bbf, 0x7bbf, 0x7bbf,
    0x7bbf, 0x7bbf, 0x7bbf, 0x7bbf, 0x7bbf, 0x7bbf, 0x7bbf, 0x7bbf, 0x7bbf, 0x7bbf, 0x7bbf, 0x7bbf,
    0x7bbf, 0x7bbf, 0x7bbf, 0x7bbf, 0x7bbf, 0x7bbf, 0x7bbf, 0x7bbf, 0x7bbf, 0x7bbf, 0x7bbf, 0x7bbf,
    0x7bbf, 0x7bbf, 0x7bbf, 0x7bbf, 0x7bbf, 0x7bbf, 0x7bbf, 0x7bbf, 0x7bbf, 0x7bbf, 0x7bbf, 0x7bbf,
    0x7bbf, 0x7bbf, 0x7bbf, 0x7bbf, 0x7bbf, 0x7bbf, 0x7bbf, 0x7bbf, 0x7fff, 0x5116, 0x5116, 0x5116,
    0x5116, 0x5116, 0x5116, 0x5116, 0x7fff, 0x7bbf, 0x7bbf, 0x7bbf, 0x7bbf, 0x7bbf, 0x7bbf, 0x7bbf,
    0x7bbf, 0x7bbf, 0x7bbf, 0x7bbf, 0x7bbf, 0x7bbf, 0x7bbf, 0x7bbf, 0x7bbf, 0x7bbf, 0x7bbf, 0x7bbf,
    0x7bbf, 0x7bbf, 0x7bbf, 0x7bbf, 0x7bbf, 0x7bbf, 0x7bbf, 0x7bbf, 0x7bbf, 0x7bbf, 0x7bbf, 0x7bbf,
    0x7bbf, 0x7bbf, 0x7bbf, 0x7bbf, 0x7bbf, 0x7bbf, 0x7bbf, 0x7bbf, 0x7bbf, 0x7bbf, 0x7bbf, 0x7bbf,
    0x7bbf, 0x7bbf, 0x7bbf, 0x7bbf, 0x7bbf, 0x7bbf, 0x7bbf, 0x7bbf, 0x7bbf, 0x7bbf, 0x7bbf, 0x7bbf,
    0x7bbf, 0x7bbf, 0x7bbf, 0x7bbf, 0x7bbf, 0x7bbf, 0x7bbf, 0x7bbf, 0x7bbf, 0x7bbf, 0x7bbf, 0x7bbf,
    0x7bbf, 0x7bbf, 0x7bbf, 0x7bbf, 0x7bbf, 0x7bbf, 0x7bbf, 0x7bbf, 0x7bbf, 0x7bbf, 0x7bbf, 0x7bbf,
    0x7bbf, 0x7bbf, 0x7bbf, 0x7bbf, 0x7bbf, 0x7bbf, 0x7bbf, 0x7bbf, 0x7bbf, 0x7bbf, 0x7bbf, 0x7bbf,
    0x7bbf, 0x7bbf, 0x7bbf, 0x7bbf, 0x7bbf, 0x7bbf, 0x7bbf, 0x7bbf, 0x7bbf, 0x7bbf, 0x7bbf, 0x7bbf,
    0x7bbf, 0x7bbf, 0x7bbf, 0x7bbf, 0x7bbf, 0x7bbf, 0x7bbf, 0x7bbf, 0x7bbf, 0x7bbf, 0x7bbf, 0x7bbf,
    0x7bbf, 0x7bbf, 0x7bbf, 0x7bbf, 0x7bbf, 0x7bbf, 0x7bbf, 0x7bbf, 0x7bbf, 0x7bbf, 0x7bbf, 0x7bbf,
    0x7bbf, 0x7bbf, 0x7bbf, 0x7bbf, 0x7bbf, 0x7bbf, 0x7bbf, 0x7bbf, 0x7bbf, 0x7bbf, 0x7bbf, 0x7bbf,
    0x7bbf, 0x7fff, 0x7fff, 0x7fff, 0x7fff, 0x7fff, 0x7fff, 0x7fff, 0x7fff, 0x7fff, 0x7fff, 0x7fff,
    0x7fff, 0x7fff, 0x7bbf, 0x7fff, 0x7fff, 0x7fff, 0x7fff, 0x7fff, 0x7fff, 0x7bbf, 0x7bbf, 0x7bbf,
    0x7bbf, 0x7bbf, 0x7fff, 0x5116, 0x5116, 0x1caf, 0x5116, 0x7fff, 0x7bbf, 0x7bbf, 0x7bbf, 0x7bbf,
    0x7bbf, 0x7bbf, 0x7bbf, 0x7bbf, 0x7bbf, 0x7bbf, 0x7bbf, 0x7bbf, 0x7bbf, 0x7bbf, 0x7bbf, 0x7bbf,
    0x7bbf, 0x7bbf, 0x7bbf, 0x7bbf, 0x7bbf, 0x7bbf, 0x7bbf, 0x7bbf, 0x7bbf, 0x7bbf, 0x7bbf, 0x7bbf,
    0x7bbf, 0x7bbf, 0x7bbf, 0x7bbf, 0x7bbf, 0x7bbf, 0x7bbf, 0x7bbf, 0x7bbf, 0x7bbf, 0x7bbf, 0x7bbf,
    0x7bbf, 0x7bbf, 0x7bbf, 0x7bbf, 0x7bbf, 0x7bbf, 0x7bbf, 0x7bbf, 0x7bbf, 0x7bbf, 0x7bbf, 0x7bbf,
    0x7bbf, 0x7bbf, 0x7bbf, 0x7bbf, 0x7fff, 0x7fff, 0x7fff, 0x7fff, 0x7fff, 0x7fff, 0x7fff, 0x7fff,
    0x7fff, 0x7bbf, 0x7bbf, 0x7bbf, 0x7bbf, 0x7bbf, 0x7bbf, 0x7bbf, 0x7bbf, 0x7bbf, 0x7bbf, 0x7bbf,
    0x7bbf, 0x7bbf, 0x7bbf, 0x7bbf, 0x7bbf, 0x7bbf, 0x7bbf, 0x7bbf, 0x7bbf, 0x7bbf, 0x7bbf, 0x7bbf,
    0x7bbf, 0x7bbf, 0x7bbf, 0x7bbf, 0x7bbf, 0x7bbf, 0x7bbf, 0x7bbf, 0x7bbf, 0x7bbf, 0x7bbf, 0x7bbf,
    0x7bbf, 0x7bbf, 0x7bbf, 0x7bbf, 0x7bbf, 0x7bbf, 0x7bbf, 0x7bbf, 0x7bbf, 0x7bbf, 0x7bbf, 0x7bbf,
    0x7bbf, 0x7bbf, 0x7bbf, 0x7bbf, 0x7bbf, 0x7bbf, 0x7bbf, 0x7bbf, 0x7bbf, 0x7bbf, 0x7bbf, 0x7bbf,
    0x7bbf, 0x7bbf, 0x7bbf, 0x7bbf, 0x7bbf, 0x7bbf, 0x7bbf, 0x7bbf, 0x7bbf, 0x7bbf, 0x7bbf, 0x7bbf,
    0x7bbf, 0x7bbf, 0x7bbf, 0x7bbf, 0x7bbf, 0x7bbf, 0x7bbf, 0x7bbf, 0x7bbf, 0x7bbf, 0x7bbf, 0x7bbf,
    0x7bbf, 0x7bbf, 0x7bbf, 0x7bbf, 0x7bbf, 0x7bbf, 0x7bbf, 0x7bbf, 0x7bbf, 0x7bbf, 0x7bbf, 0x7bbf,
    0x7bbf, 0x7bbf, 0x7bbf, 0x7bbf, 0x7bbf, 0x7bbf, 0x7bbf, 0x7bbf, 0x7bbf, 0x7bbf, 0x7bbf, 0x7bbf,
    0x7bbf, 0x7bbf, 0x7bbf, 0x7bbf, 0x7bbf, 0x7bbf, 0x7bbf, 0x7bbf, 0x7bbf, 0x7bbf, 0x7bbf, 0x7bbf,
    0x7bbf, 0x7bbf, 0x7bbf, 0x7bbf, 0x7bbf, 0x7bbf, 0x7bbf, 0x7bbf, 0x7bbf, 0x7bbf, 0x7bbf, 0x7bbf,
    0x7bbf, 0x7bbf, 0x7bbf, 0x7bbf, 0x7bbf, 0x7bbf, 0x7bbf, 0x7bbf, 0x7bbf, 0x7bbf, 0x7bbf, 0x7bbf,
    0x7bbf, 0x7bbf, 0x7bbf, 0x7bbf, 0x7bbf, 0x7bbf, 0x7bbf, 0x7bbf, 0x7bbf, 0x7bbf, 0x7bbf, 0x7bbf,
    0x7bbf, 0x7bbf, 0x7bbf, 0x7bbf, 0x7bbf, 0x7bbf, 0x7bbf, 0x7bbf, 0x7bbf, 0x7bbf, 0x7fff, 0x5116,
    0x1caf, 0x5116, 0x1caf, 0x7fff, 0x7bbf, 0x7bbf, 0x7bbf, 0x7bbf, 0x7bbf, 0x7bbf, 0x7bbf, 0x7bbf,
    0x7bbf, 0x7bbf, 0x7bbf, 0x7bbf, 0x7bbf, 0x7bbf, 0x7bbf, 0x7bbf, 0x7bbf, 0x7bbf, 0x7bbf, 0x7bbf,
    0x7bbf, 0x7bbf, 0x7bbf, 0x7bbf, 0x7bbf, 0x7bbf, 0x7bbf, 0x7bbf, 0x7bbf, 0x7bbf, 0x7bbf, 0x7bbf,
    0x7bbf, 0x7bbf, 0x7bbf, 0x7bbf, 0x7bbf, 0x7bbf, 0x7bbf, 0x7bbf, 0x7bbf, 0x7bbf, 0x7bbf, 0x7bbf,
    0x7bbf, 0x7bbf, 0x7bbf, 0x7bbf, 0x7bbf, 0x7bbf, 0x7bbf, 0x7bbf, 0x7bbf, 0x7bbf, 0x7bbf, 0x7bbf,
    0x7bbf, 0x7bbf, 0x7bbf, 0x7bbf, 0x7bbf, 0x7bbf, 0x7bbf, 0x7bbf, 0x7bbf, 0x7bbf, 0x7bbf, 0x7bbf,
    0x7bbf, 0x7bbf, 0x7bbf, 0x7bbf, 0x7bbf, 0x7bbf, 0x7bbf, 0x7bbf, 0x7bbf, 0x7bbf, 0x7bbf, 0x7bbf,
    0x7bbf, 0x7bbf, 0x7bbf, 0x7bbf, 0x7bbf, 0x7bbf, 0x7bbf, 0x7bbf, 0x7bbf, 0x7bbf, 0x7bbf, 0x7bbf,
    0x7bbf, 0x7bbf, 0x7bbf, 0x7bbf, 0x7bbf, 0x7bbf, 0x7bbf, 0x7bbf, 0x7bbf, 0x7bbf, 0x7bbf, 0x7bbf,
    0x7bbf, 0x7bbf, 0x7bbf, 0x7bbf, 0x7bbf, 0x7bbf, 0x7bbf, 0x7bbf, 0x7bbf, 0x7bbf, 0x7bbf, 0x7bbf,
    0x7bbf, 0x7bbf, 0x7bbf, 0x7bbf, 0x7bbf, 0x7bbf, 0x7bbf, 0x7bbf, 0x7bbf, 0x7bbf, 0x7bbf, 0x7bbf,
    0x7bbf, 0x7bbf, 0x7bbf, 0x7bbf, 0x7bbf, 0x7bbf, 0x7bbf, 0x7bbf, 0x7bbf, 0x7bbf, 0x7bbf, 0x7bbf,
    0x7bbf, 0x7bbf, 0x7bbf, 0x7bbf, 0x7bbf, 0x7bbf, 0x7bbf, 0x7bbf, 0x7bbf, 0x7bbf, 0x7bbf, 0x7bbf,
    0x7bbf, 0x7bbf, 0x7bbf, 0x7bbf, 0x7bbf, 0x7bbf, 0x7bbf, 0x7bbf, 0x7bbf, 0x7bbf, 0x7bbf, 0x7bbf,
    0x7bbf, 0x7bbf, 0x7bbf, 0x7bbf, 0x7bbf, 0x7bbf, 0x7bbf, 0x7bbf, 0x7bbf, 0x7bbf, 0x7bbf, 0x7bbf,
    0x7bbf, 0x7bbf, 0x7bbf, 0x7bbf, 0x7bbf, 0x7bbf, 0x7bbf, 0x7bbf, 0x7bbf, 0x7bbf, 0x7bbf, 0x7bbf,
    0x7bbf, 0x7bbf, 0x7bbf, 0x7bbf, 0x7bbf, 0x7bbf, 0x7bbf, 0x7bbf, 0x7bbf, 0x7bbf, 0x7bbf, 0x7bbf,
    0x7bbf, 0x7bbf, 0x7bbf, 0x7bbf, 0x7bbf, 0x7bbf, 0x7bbf, 0x7bbf, 0x7bbf, 0x7bbf, 0x7bbf, 0x7bbf,
    0x7bbf, 0x7bbf, 0x7bbf, 0x7bbf, 0x7bbf, 0x7bbf, 0x7bbf, 0x7bbf, 0x7bbf, 0x7bbf, 0x7bbf, 0x7bbf,
    0x7bbf, 0x7bbf, 0x7bbf, 0x7bbf, 0x7bbf, 0x7bbf, 0x7bbf, 0x7fff, 0x5116, 0x5116, 0x5116, 0x5116,
    0x7fff, 0x7bbf, 0x7bbf, 0x7bbf, 0x7bbf, 0x7bbf, 0x7bbf, 0x7bbf, 0x7bbf, 0x7bbf, 0x7bbf, 0x7bbf,
    0x7bbf, 0x7bbf, 0x7bbf, 0x7bbf, 0x7bbf, 0x7bbf, 0x7bbf, 0x7bbf, 0x7bbf, 0x7bbf, 0x7bbf, 0x7bbf,
    0x7bbf, 0x7bbf, 0x7bbf, 0x7bbf, 0x7bbf, 0x7bbf, 0x7bbf, 0x7bbf, 0x7bbf, 0x7bbf, 0x7bbf, 0x7bbf,
    0x7bbf, 0x7bbf, 0x7bbf, 0x7bbf, 0x7bbf, 0x7bbf, 0x7bbf, 0x7bbf, 0x7bbf, 0x7bbf, 0x7bbf, 0x7bbf,
    0x7bbf, 0x7bbf, 0x7bbf, 0x7bbf, 0x7bbf, 0x7bbf, 0x7bbf, 0x7bbf, 0x7bbf, 0x7bbf, 0x7bbf, 0x7bbf,
    0x7bbf, 0x7bbf, 0x7bbf, 0x7bbf, 0x7bbf, 0x7bbf, 0x7bbf, 0x7bbf, 0x7bbf, 0x7bbf, 0x7bbf, 0x7bbf,
    0x7bbf, 0x7bbf, 0x7bbf, 0x7bbf, 0x7bbf, 0x7bbf, 0x7bbf, 0x7bbf, 0x7bbf, 0x7bbf, 0x7bbf, 0x7bbf,
    0x7bbf, 0x7bbf, 0x7bbf, 0x7bbf, 0x7bbf, 0x7bbf, 0x7bbf, 0x7bbf, 0x7bbf, 0x7bbf, 0x7bbf, 0x7bbf,
    0x7bbf, 0x7bbf, 0x7bbf, 0x7bbf, 0x7bbf, 0x7bbf, 0x7bbf, 0x7bbf, 0x7bbf, 0x7bbf, 0x7bbf, 0x7bbf,
    0x7bbf, 0x7bbf, 0x7bbf, 0x7bbf, 0x7bbf, 0x7bbf, 0x7bbf, 0x7bbf, 0x7bbf, 0x7bbf, 0x7bbf, 0x7bbf,
    0x7bbf, 0x7bbf, 0x7bbf, 0x7bbf, 0x7bbf, 0x7bbf, 0x7bbf, 0x7bbf, 0x7bbf, 0x7bbf, 0x7bbf, 0x7bbf,
    0x7bbf, 0x7bbf, 0x7bbf, 0x7bbf, 0x7bbf, 0x7bbf, 0x7bbf, 0x7bbf, 0x7bbf, 0x7bbf, 0x7bbf, 0x7bbf,
    0x7bbf, 0x7bbf, 0x7bbf, 0x7bbf, 0x7bbf, 0x7bbf, 0x7bbf, 0x7bbf, 0x7bbf, 0x7bbf, 0x7bbf, 0x7bbf,
    0x7bbf, 0x7bbf, 0x7bbf, 0x7bbf, 0x7bbf, 0x7bbf, 0x7bbf, 0x7bbf, 0x7bbf, 0x7bbf, 0x7bbf, 0x7bbf,
    0x7bbf, 0x7bbf, 0x7bbf, 0x7bbf, 0x7bbf, 0x7bbf, 0x7bbf, 0x7bbf, 0x7bbf, 0x7bbf, 0x7bbf, 0x7bbf,
    0x7bbf, 0x7bbf, 0x7bbf, 0x7bbf, 0x7bbf, 0x7bbf, 0x7bbf, 0x7bbf, 0x7bbf, 0x7bbf, 0x7bbf, 0x7bbf,
    0x7bbf, 0x7bbf, 0x7bbf, 0x7bbf, 0x7bbf, 0x7bbf, 0x7bbf, 0x7bbf, 0x7bbf, 0x7bbf, 0x7bbf, 0x7bbf,
    0x7bbf, 0x7bbf, 0x7bbf, 0x7bbf, 0x7bbf, 0x7bbf, 0x7bbf, 0x7bbf, 0x7bbf, 0x7bbf, 0x7bbf, 0x7bbf,
    0x7bbf, 0x7bbf, 0x7bbf, 0x7bbf, 0x7bbf, 0x7bbf, 0x7bbf, 0x7bbf, 0x7bbf, 0x7bbf, 0x7bbf, 0x7bbf,
    0x7bbf, 0x7bbf, 0x7bbf, 0x7fff, 0x5116, 0x5116, 0x5116, 0x5116, 0x7fff, 0x7bbf, 0x7bbf, 0x7bbf,
    0x7bbf, 0x7bbf, 0x7bbf, 0x7bbf, 0x7bbf, 0x7bbf, 0x7bbf, 0x7bbf, 0x7bbf, 0x7bbf, 0x7bbf, 0x7bbf,
    0x7bbf, 0x7bbf, 0x7bbf, 0x7bbf, 0x7bbf, 0x7bbf, 0x7bbf, 0x7bbf, 0x7bbf, 0x7bbf, 0x7bbf, 0x7bbf,
    0x7bbf, 0x7bbf, 0x7bbf, 0x7bbf, 0x7bbf, 0x7bbf, 0x7bbf, 0x7bbf, 0x7bbf, 0x7bbf, 0x7bbf, 0x7bbf,
    0x7bbf, 0x7bbf, 0x7bbf, 0x7bbf, 0x7bbf, 0x7bbf, 0x7bbf, 0x7bbf, 0x7bbf, 0x7bbf, 0x7bbf, 0x7bbf,
    0x7bbf, 0x7bbf, 0x7bbf, 0x7bbf, 0x7bbf, 0x7bbf, 0x7bbf, 0x7bbf, 0x7bbf, 0x7bbf, 0x7bbf, 0x7bbf,
    0x7bbf, 0x7bbf, 0x7bbf, 0x7bbf, 0x7bbf, 0x7bbf, 0x7bbf, 0x7bbf, 0x7bbf, 0x7bbf, 0x7bbf, 0x7bbf,
    0x7bbf, 0x7bbf, 0x7bbf, 0x7bbf, 0x7bbf, 0x7bbf, 0x7bbf, 0x7bbf, 0x7bbf, 0x7bbf, 0x7bbf, 0x7bbf,
    0x7bbf, 0x7bbf, 0x7bbf, 0x7bbf, 0x7bbf, 0x7bbf, 0x7bbf, 0x7bbf, 0x7bbf, 0x7bbf, 0x7bbf, 0x7bbf,
    0x7bbf, 0x7bbf, 0x7bbf, 0x7bbf, 0x7bbf, 0x7bbf, 0x7bbf, 0x7bbf, 0x7bbf, 0x7bbf, 0x7bbf, 0x7bbf,
    0x7bbf, 0x7bbf, 0x7bbf, 0x7bbf, 0x7bbf, 0x7bbf, 0x7bbf, 0x7bbf, 0x7bbf, 0x7bbf, 0x7bbf, 0x7bbf,
    0x7bbf, 0x7bbf, 0x7bbf, 0x7bbf, 0x7bbf, 0x7bbf, 0x7bbf, 0x7bbf, 0x7bbf, 0x7bbf, 0x7bbf, 0x7bbf,
    0x7bbf, 0x7bbf, 0x7bbf, 0x7bbf, 0x7bbf, 0x7bbf, 0x7bbf, 0x7bbf, 0x7bbf, 0x7bbf, 0x7bbf, 0x7bbf,
    0x7bbf, 0x7bbf, 0x7bbf, 0x7bbf, 0x7bbf, 0x7bbf, 0x7bbf, 0x7bbf, 0x7bbf, 0x7bbf, 0x7bbf, 0x7bbf,
    0x7bbf, 0x7bbf, 0x7bbf, 0x7bbf, 0x7bbf, 0x7bbf, 0x7bbf, 0x7bbf, 0x7bbf, 0x7bbf, 0x7bbf, 0x7bbf,
    0x7bbf, 0x7bbf, 0x7bbf, 0x7bbf, 0x7bbf, 0x7bbf, 0x7bbf, 0x7bbf, 0x7bbf, 0x7bbf, 0x7bbf, 0x7bbf,
    0x7bbf, 0x7bbf, 0x7bbf, 0x7bbf, 0x7bbf, 0x7bbf, 0x7bbf, 0x7bbf, 0x7bbf, 0x7bbf, 0x7bbf, 0x7bbf,
    0x7bbf, 0x7bbf, 0x7bbf, 0x7bbf, 0x7bbf, 0x7bbf, 0x7bbf, 0x7bbf, 0x7bbf, 0x7bbf, 0x7bbf, 0x7bbf,
    0x7bbf, 0x7bbf, 0x7bbf, 0x7bbf, 0x7bbf, 0x7bbf, 0x7bbf, 0x7bbf, 0x7bbf, 0x7bbf, 0x7bbf, 0x7bbf,
    0x7bbf, 0x7bbf, 0x7bbf, 0x7bbf, 0x7bbf, 0x7bbf, 0x7bbf, 0x7bbf, 0x7bbf, 0x7bbf, 0x7bbf, 0x7bbf,
    0x7bbf, 0x7fff, 0x7fff, 0x7fff, 0x7fff, 0x7fff, 0x7fff, 0x7bbf, 0x7bbf, 0x7bbf, 0x7bbf, 0x7bbf,
    0x7bbf, 0x7bbf, 0x7bbf, 0x7bbf, 0x7bbf, 0x7bbf, 0x7bbf, 0x7bbf, 0x7bbf, 0x7bbf, 0x7bbf, 0x7bbf,
    0x7bbf, 0x7bbf, 0x7bbf, 0x7bbf, 0x7bbf, 0x7bbf, 0x7bbf, 0x7bbf, 0x7bbf, 0x7bbf, 0x7bbf, 0x7bbf,
    0x7bbf, 0x7bbf, 0x7bbf, 0x7bbf, 0x7bbf, 0x7bbf, 0x7bbf, 0x7bbf, 0x7bbf, 0x7bbf, 0x7bbf, 0x7bbf,
    0x7bbf, 0x7bbf, 0x7bbf, 0x7bbf, 0x7bbf, 0x7bbf, 0x7bbf, 0x7bbf, 0x7bbf, 0x7bbf, 0x7bbf, 0x7bbf,
    0x7bbf, 0x7bbf, 0x7bbf, 0x7bbf, 0x7bbf, 0x7bbf, 0x7bbf, 0x7bbf, 0x7bbf, 0x7bbf, 0x7bbf, 0x7bbf,
    0x7bbf, 0x7bbf, 0x7bbf, 0x7bbf, 0x7bbf, 0x7bbf, 0x7bbf, 0x7bbf, 0x7bbf, 0x7bbf, 0x7bbf, 0x7bbf,
    0x7bbf, 0x7bbf, 0x7bbf, 0x7bbf, 0x7bbf, 0x7bbf, 0x7bbf, 0x7bbf, 0x7bbf, 0x7bbf, 0x7bbf, 0x7bbf,
    0x7bbf, 0x7bbf, 0x7bbf, 0x7bbf, 0x7bbf, 0x7bbf, 0x7bbf, 0x7bbf, 0x7bbf, 0x7bbf, 0x7bbf, 0x7bbf,
    0x7bbf, 0x7bbf, 0x7bbf, 0x7bbf, 0x7bbf, 0x7bbf, 0x7bbf, 0x7bbf, 0x7bbf, 0x7bbf, 0x7bbf, 0x7bbf,
    0x7bbf, 0x7bbf, 0x7bbf, 0x7bbf, 0x7bbf, 0x7bbf, 0x7bbf, 0x7bbf, 0x7bbf, 0x7bbf, 0x7bbf, 0x7bbf,
    0x7bbf, 0x7bbf, 0x7bbf, 0x7bbf, 0x7bbf, 0x7bbf, 0x7bbf, 0x7bbf, 0x7bbf, 0x7bbf, 0x7bbf, 0x7bbf,
    0x7bbf, 0x7bbf, 0x7bbf, 0x7bbf, 0x7bbf, 0x7bbf, 0x7bbf, 0x7bbf, 0x7bbf, 0x7bbf, 0x7bbf, 0x7bbf,
    0x7bbf, 0x7bbf, 0x7bbf, 0x7bbf, 0x7bbf, 0x7bbf, 0x7bbf, 0x7bbf, 0x7bbf, 0x7bbf, 0x7bbf, 0x7bbf,
    0x7bbf, 0x7bbf, 0x7bbf, 0x7bbf, 0x7bbf, 0x7bbf, 0x7bbf, 0x7bbf, 0x7bbf, 0x7bbf, 0x7bbf, 0x7bbf,
    0x7bbf, 0x7bbf, 0x7bbf, 0x7bbf, 0x7bbf, 0x7bbf, 0x7bbf, 0x7bbf, 0x7bbf, 0x7bbf, 0x7bbf, 0x7bbf,
    0x7bbf, 0x7bbf, 0x7bbf, 0x7bbf, 0x7bbf, 0x7bbf, 0x7bbf, 0x7bbf, 0x7bbf, 0x7bbf, 0x7bbf, 0x7bbf,
    0x7bbf, 0x7bbf, 0x7bbf, 0x7bbf, 0x7bbf, 0x7bbf, 0x7bbf, 0x7bbf, 0x7bbf, 0x7bbf, 0x7bbf, 0x7bbf,
    0x7bbf, 0x7bbf, 0x7bbf, 0x7bbf, 0x7bbf, 0x7bbf, 0x7bbf, 0x7bbf, 0x7bbf, 0x7bbf, 0x7bbf, 0x7bbf,
    0x7bbf, 0x7bbf, 0x7bbf, 0x7bbf, 0x7bbf, 0x7bbf, 0x7bbf, 0x7bbf, 0x7bbf, 0x7bbf, 0x7bbf, 0x7bbf,
    0x7bbf, 0x7bbf, 0x7bbf, 0x7bbf, 0x7bbf, 0x7bbf, 0x7bbf, 0x7bbf, 0x7bbf, 0x7bbf, 0x7bbf, 0x7bbf,
    0x7bbf, 0x7bbf, 0x7bbf, 0x7bbf, 0x7bbf, 0x7bbf, 0x7bbf, 0x7bbf, 0x7bbf, 0x7bbf, 0x7bbf, 0x7bbf,
    0x7bbf, 0x7bbf, 0x7bbf, 0x7bbf, 0x7bbf, 0x7bbf, 0x7bbf, 0x7bbf, 0x7bbf, 0x7bbf, 0x7bbf, 0x7bbf,
    0x7bbf, 0x7bbf, 0x7bbf, 0x7bbf, 0x7bbf, 0x7bbf, 0x7bbf, 0x7bbf, 0x7bbf, 0x7bbf, 0x7bbf, 0x7bbf,
    0x7bbf, 0x7bbf, 0x7bbf, 0x7bbf, 0x7bbf, 0x7bbf, 0x7bbf, 0x7bbf, 0x7bbf, 0x7bbf, 0x7bbf, 0x7bbf,
    0x7bbf, 0x7bbf, 0x7bbf, 0x7bbf, 0x7bbf, 0x7bbf, 0x7bbf, 0x7bbf, 0x7bbf, 0x7bbf, 0x7bbf, 0x7bbf,
    0x7bbf, 0x7bbf, 0x7bbf, 0x7bbf, 0x7bbf, 0x7bbf, 0x7bbf, 0x7bbf, 0x7bbf, 0x7bbf, 0x7bbf, 0x7bbf,
    0x7bbf, 0x7bbf, 0x7bbf, 0x7bbf, 0x7bbf, 0x7bbf, 0x7bbf, 0x7bbf, 0x7bbf, 0x7bbf, 0x7bbf, 0x7bbf,
    0x7bbf, 0x7bbf, 0x7bbf, 0x7bbf, 0x7bbf, 0x7bbf, 0x7bbf, 0x7bbf, 0x7bbf, 0x7bbf, 0x7bbf, 0x7bbf,
    0x7bbf, 0x7bbf, 0x7bbf, 0x7bbf, 0x7bbf, 0x7bbf, 0x7bbf, 0x7bbf, 0x7bbf, 0x7bbf, 0x7bbf, 0x7bbf,
    0x7bbf, 0x7bbf, 0x7bbf, 0x7bbf, 0x7bbf, 0x7bbf, 0x7bbf, 0x7bbf, 0x7bbf, 0x7bbf, 0x7bbf, 0x7bbf,
    0x7bbf, 0x7bbf, 0x7bbf, 0x7bbf, 0x7bbf, 0x7bbf, 0x7bbf, 0x7bbf, 0x7bbf, 0x7bbf, 0x7bbf, 0x7bbf,
    0x7bbf, 0x7bbf, 0x7bbf, 0x7bbf, 0x7bbf, 0x7bbf, 0x7bbf, 0x7bbf, 0x7bbf, 0x7bbf, 0x7bbf, 0x7bbf,
    0x7bbf, 0x7bbf, 0x7bbf, 0x7bbf, 0x7bbf, 0x7bbf, 0x7bbf, 0x7bbf, 0x7bbf, 0x7bbf, 0x7bbf, 0x7bbf,
    0x7bbf, 0x7bbf, 0x7bbf, 0x7bbf, 0x7bbf, 0x7bbf, 0x7bbf, 0x7bbf, 0x7bbf, 0x7bbf, 0x7bbf, 0x7bbf,
    0x7bbf, 0x7bbf, 0x7bbf, 0x7bbf, 0x7bbf, 0x7bbf, 0x7bbf, 0x7bbf, 0x7bbf, 0x7bbf, 0x7bbf, 0x7bbf,
]);
